match_id,team,player,starter,position,role,formation,confidence,confirmed,source,updated_at
,Czechia,Matěj Kovář,1,GK,Goalkeeper,3-4-3,62,0,market-value/caps positional projection,2026-08-26T10:00:19.549394+00:00
,Czechia,David Zima,1,DF,Centre-Back,3-4-3,62,0,market-value/caps positional projection,2026-08-26T10:00:19.549394+00:00
,Czechia,Tomáš Holeš,0,DF,Centre-Back,3-4-3,48,0,market-value/caps positional projection,2026-08-26T10:00:19.549394+00:00
,Czechia,Robin Hranáč,0,DF,Centre-Back,3-4-3,48,0,market-value/caps positional projection,2026-08-26T10:00:19.549394+00:00
,Czechia,Vladimír Coufal,1,DF,Right-Back,3-4-3,62,0,market-value/caps positional projection,2026-08-26T10:00:19.549394+00:00
,Czechia,Štěpán Chaloupek,0,DF,Centre-Back,3-4-3,48,0,market-value/caps positional projection,2026-08-26T10:00:19.549394+00:00
,Czechia,Ladislav Krejčí,1,DF,Centre-Back,3-4-3,62,0,market-value/caps positional projection,2026-08-26T10:00:19.549394+00:00
,Czechia,Vladimír Darida,1,MF,Central Midfield,3-4-3,62,0,market-value/caps positional projection,2026-08-26T10:00:19.549394+00:00
,Czechia,Adam Hložek,1,FW,Centre-Forward,3-4-3,62,0,market-value/caps positional projection,2026-08-26T10:00:19.549394+00:00
,Czechia,Patrik Schick,1,FW,Centre-Forward,3-4-3,62,0,market-value/caps positional projection,2026-08-26T10:00:19.549394+00:00
,Czechia,Jan Kuchta,0,FW,Centre-Forward,3-4-3,48,0,market-value/caps positional projection,2026-08-26T10:00:19.549394+00:00
,Czechia,Lukáš Červ,0,MF,Central Midfield,3-4-3,48,0,market-value/caps positional projection,2026-08-26T10:00:19.549394+00:00
,Czechia,Mojmír Chytil,0,FW,Centre-Forward,3-4-3,48,0,market-value/caps positional projection,2026-08-26T10:00:19.549394+00:00
,Czechia,David Jurásek,0,DF,Left-Back,3-4-3,48,0,market-value/caps positional projection,2026-08-26T10:00:19.549394+00:00
,Czechia,Pavel Šulc,1,FW,Attacking Midfield,3-4-3,62,0,market-value/caps positional projection,2026-08-26T10:00:19.549394+00:00
,Czechia,Jindřich Staněk,0,GK,Goalkeeper,3-4-3,48,0,market-value/caps positional projection,2026-08-26T10:00:19.549394+00:00
,Czechia,Lukáš Provod,1,MF,Left Winger,3-4-3,62,0,market-value/caps positional projection,2026-08-26T10:00:19.549394+00:00
,Czechia,Michal Sadílek,1,MF,Central Midfield,3-4-3,62,0,market-value/caps positional projection,2026-08-26T10:00:19.549394+00:00
,Czechia,Tomáš Chorý,0,FW,Centre-Forward,3-4-3,48,0,market-value/caps positional projection,2026-08-26T10:00:19.549394+00:00
,Czechia,Jaroslav Zelený,0,DF,Centre-Back,3-4-3,48,0,market-value/caps positional projection,2026-08-26T10:00:19.549394+00:00
,Czechia,David Douděra,0,DF,Right Midfield,3-4-3,48,0,market-value/caps positional projection,2026-08-26T10:00:19.549394+00:00
,Czechia,Tomáš Souček,1,MF,Defensive Midfield,3-4-3,62,0,market-value/caps positional projection,2026-08-26T10:00:19.549394+00:00
,Czechia,Lukáš Horníček,0,GK,Goalkeeper,3-4-3,48,0,market-value/caps positional projection,2026-08-26T10:00:19.549394+00:00
,Czechia,Alexandr Sojka,0,MF,Central Midfield,3-4-3,48,0,market-value/caps positional projection,2026-08-26T10:00:19.549394+00:00
,Czechia,Hugo Sochůrek,0,MF,Central Midfield,3-4-3,48,0,market-value/caps positional projection,2026-08-26T10:00:19.549394+00:00
,Czechia,Denis Višinský,0,FW,Attacking Midfield,3-4-3,48,0,market-value/caps positional projection,2026-08-26T10:00:19.549394+00:00
,Mexico,Raúl Rangel,0,GK,Goalkeeper,4-3-3,48,0,market-value/caps positional projection,2026-08-26T10:00:19.549394+00:00
,Mexico,Jorge Sánchez,0,DF,Right-Back,4-3-3,48,0,market-value/caps positional projection,2026-08-26T10:00:19.549394+00:00
,Mexico,César Montes,1,DF,Centre-Back,4-3-3,62,0,market-value/caps positional projection,2026-08-26T10:00:19.549394+00:00
,Mexico,Edson Álvarez,1,DF,Defensive Midfield,4-3-3,62,0,market-value/caps positional projection,2026-08-26T10:00:19.549394+00:00
,Mexico,Johan Vásquez,1,DF,Centre-Back,4-3-3,62,0,market-value/caps positional projection,2026-08-26T10:00:19.549394+00:00
,Mexico,Érik Lira,0,MF,Defensive Midfield,4-3-3,48,0,market-value/caps positional projection,2026-08-26T10:00:19.549394+00:00
,Mexico,Luis Romo,1,MF,Centre-Back,4-3-3,62,0,market-value/caps positional projection,2026-08-26T10:00:19.549394+00:00
,Mexico,Álvaro Fidalgo,0,MF,Central Midfield,4-3-3,48,0,market-value/caps positional projection,2026-08-26T10:00:19.549394+00:00
,Mexico,Raúl Jiménez,1,FW,Centre-Forward,4-3-3,62,0,market-value/caps positional projection,2026-08-26T10:00:19.549394+00:00
,Mexico,Alexis Vega,0,FW,Left Winger,4-3-3,48,0,market-value/caps positional projection,2026-08-26T10:00:19.549394+00:00
,Mexico,Santiago Giménez,1,FW,Centre-Forward,4-3-3,62,0,market-value/caps positional projection,2026-08-26T10:00:19.549394+00:00
,Mexico,Carlos Acevedo,0,GK,Goalkeeper,4-3-3,48,0,market-value/caps positional projection,2026-08-26T10:00:19.549394+00:00
,Mexico,Guillermo Ochoa,1,GK,Goalkeeper,4-3-3,62,0,market-value/caps positional projection,2026-08-26T10:00:19.549394+00:00
,Mexico,Armando González,0,FW,Centre-Forward,4-3-3,48,0,market-value/caps positional projection,2026-08-26T10:00:19.549394+00:00
,Mexico,Israel Reyes,0,DF,Right-Back,4-3-3,48,0,market-value/caps positional projection,2026-08-26T10:00:19.549394+00:00
,Mexico,Julián Quiñones,0,FW,Centre-Forward,4-3-3,48,0,market-value/caps positional projection,2026-08-26T10:00:19.549394+00:00
,Mexico,Orbelín Pineda,1,MF,Central Midfield,4-3-3,62,0,market-value/caps positional projection,2026-08-26T10:00:19.549394+00:00
,Mexico,Obed Vargas,0,MF,Central Midfield,4-3-3,48,0,market-value/caps positional projection,2026-08-26T10:00:19.549394+00:00
,Mexico,Gilberto Mora,0,MF,Attacking Midfield,4-3-3,48,0,market-value/caps positional projection,2026-08-26T10:00:19.549394+00:00
,Mexico,Mateo Chávez,0,DF,Left-Back,4-3-3,48,0,market-value/caps positional projection,2026-08-26T10:00:19.549394+00:00
,Mexico,César Huerta,0,FW,Left Winger,4-3-3,48,0,market-value/caps positional projection,2026-08-26T10:00:19.549394+00:00
,Mexico,Guillermo Martínez,0,FW,Centre-Forward,4-3-3,48,0,market-value/caps positional projection,2026-08-26T10:00:19.549394+00:00
,Mexico,Jesús Gallardo,1,DF,Left-Back,4-3-3,62,0,market-value/caps positional projection,2026-08-26T10:00:19.549394+00:00
,Mexico,Luis Chávez,1,MF,Defensive Midfield,4-3-3,62,0,market-value/caps positional projection,2026-08-26T10:00:19.549394+00:00
,Mexico,Roberto Alvarado,1,FW,Right Winger,4-3-3,62,0,market-value/caps positional projection,2026-08-26T10:00:19.549394+00:00
,Mexico,Brian Gutiérrez,0,MF,Attacking Midfield,4-3-3,48,0,market-value/caps positional projection,2026-08-26T10:00:19.549394+00:00
,South Africa,Ronwen Williams,1,GK,Goalkeeper,4-3-3,62,0,market-value/caps positional projection,2026-08-26T10:00:19.549394+00:00
,South Africa,Thabang Matuludi,0,DF,Right-Back,4-3-3,48,0,market-value/caps positional projection,2026-08-26T10:00:19.549394+00:00
,South Africa,Khulumani Ndamane,0,DF,Centre-Back,4-3-3,48,0,market-value/caps positional projection,2026-08-26T10:00:19.549394+00:00
,South Africa,Teboho Mokoena,1,MF,Defensive Midfield,4-3-3,62,0,market-value/caps positional projection,2026-08-26T10:00:19.549394+00:00
,South Africa,Thalente Mbatha,1,MF,Central Midfield,4-3-3,62,0,market-value/caps positional projection,2026-08-26T10:00:19.549394+00:00
,South Africa,Aubrey Modiba,1,DF,Left-Back,4-3-3,62,0,market-value/caps positional projection,2026-08-26T10:00:19.549394+00:00
,South Africa,Oswin Appollis,1,FW,Left Winger,4-3-3,62,0,market-value/caps positional projection,2026-08-26T10:00:19.549394+00:00
,South Africa,Tshepang Moremi,0,FW,Left Winger,4-3-3,48,0,market-value/caps positional projection,2026-08-26T10:00:19.549394+00:00
,South Africa,Lyle Foster,1,FW,Centre-Forward,4-3-3,62,0,market-value/caps positional projection,2026-08-26T10:00:19.549394+00:00
,South Africa,Relebohile Mofokeng,0,FW,Left Winger,4-3-3,48,0,market-value/caps positional projection,2026-08-26T10:00:19.549394+00:00
,South Africa,Themba Zwane,1,MF,Attacking Midfield,4-3-3,62,0,market-value/caps positional projection,2026-08-26T10:00:19.549394+00:00
,South Africa,Thapelo Maseko,0,FW,Right Winger,4-3-3,48,0,market-value/caps positional projection,2026-08-26T10:00:19.549394+00:00
,South Africa,Sphephelo Sithole,0,MF,,4-3-3,48,0,market-value/caps positional projection,2026-08-26T10:00:19.549394+00:00
,South Africa,Mbekezeli Mbokazi,1,DF,Centre-Back,4-3-3,62,0,market-value/caps positional projection,2026-08-26T10:00:19.549394+00:00
,South Africa,Iqraam Rayners,0,FW,Centre-Forward,4-3-3,48,0,market-value/caps positional projection,2026-08-26T10:00:19.549394+00:00
,South Africa,Sipho Chaine,0,GK,Goalkeeper,4-3-3,48,0,market-value/caps positional projection,2026-08-26T10:00:19.549394+00:00
,South Africa,Evidence Makgopa,1,FW,Centre-Forward,4-3-3,62,0,market-value/caps positional projection,2026-08-26T10:00:19.549394+00:00
,South Africa,Samukele Kabini,0,DF,Left-Back,4-3-3,48,0,market-value/caps positional projection,2026-08-26T10:00:19.549394+00:00
,South Africa,Nkosinathi Sibisi,1,DF,Centre-Back,4-3-3,62,0,market-value/caps positional projection,2026-08-26T10:00:19.549394+00:00
,South Africa,Khuliso Mudau,1,DF,Right-Back,4-3-3,62,0,market-value/caps positional projection,2026-08-26T10:00:19.549394+00:00
,South Africa,Ime Okon,0,DF,Centre-Back,4-3-3,48,0,market-value/caps positional projection,2026-08-26T10:00:19.549394+00:00
,South Africa,Ricardo Goss,0,GK,Goalkeeper,4-3-3,48,0,market-value/caps positional projection,2026-08-26T10:00:19.549394+00:00
,South Africa,Jayden Adams,0,MF,Central Midfield,4-3-3,48,0,market-value/caps positional projection,2026-08-26T10:00:19.549394+00:00
,South Africa,Olwethu Makhanya,0,DF,Centre-Back,4-3-3,48,0,market-value/caps positional projection,2026-08-26T10:00:19.549394+00:00
,South Africa,Kamogelo Sebelebele,0,FW,Right-Back,4-3-3,48,0,market-value/caps positional projection,2026-08-26T10:00:19.549394+00:00
,South Africa,Bradley Cross,0,DF,Left-Back,4-3-3,48,0,market-value/caps positional projection,2026-08-26T10:00:19.549394+00:00
,Korea Republic,Kim Seung-gyu,1,GK,,4-4-2,62,0,market-value/caps positional projection,2026-08-26T10:00:19.549394+00:00
,Korea Republic,Lee Han-beom,0,DF,,4-4-2,48,0,market-value/caps positional projection,2026-08-26T10:00:19.549394+00:00
,Korea Republic,Lee Gi-hyuk,0,MF,,4-4-2,48,0,market-value/caps positional projection,2026-08-26T10:00:19.549394+00:00
,Korea Republic,Kim Min-jae,1,DF,,4-4-2,62,0,market-value/caps positional projection,2026-08-26T10:00:19.549394+00:00
,Korea Republic,Kim Tae-hyeon,0,DF,,4-4-2,48,0,market-value/caps positional projection,2026-08-26T10:00:19.549394+00:00
,Korea Republic,Hwang In-beom,1,MF,,4-4-2,62,0,market-value/caps positional projection,2026-08-26T10:00:19.549394+00:00
,Korea Republic,Son Heung-min,1,FW,,4-4-2,62,0,market-value/caps positional projection,2026-08-26T10:00:19.549394+00:00
,Korea Republic,Paik Seung-ho,0,MF,,4-4-2,48,0,market-value/caps positional projection,2026-08-26T10:00:19.549394+00:00
,Korea Republic,Cho Gue-sung,1,FW,,4-4-2,62,0,market-value/caps positional projection,2026-08-26T10:00:19.549394+00:00
,Korea Republic,Lee Jae-sung,1,MF,,4-4-2,62,0,market-value/caps positional projection,2026-08-26T10:00:19.549394+00:00
,Korea Republic,Hwang Hee-chan,1,MF,,4-4-2,62,0,market-value/caps positional projection,2026-08-26T10:00:19.549394+00:00
,Korea Republic,Song Bum-keun,0,GK,,4-4-2,48,0,market-value/caps positional projection,2026-08-26T10:00:19.549394+00:00
,Korea Republic,Lee Tae-seok,0,DF,,4-4-2,48,0,market-value/caps positional projection,2026-08-26T10:00:19.549394+00:00
,Korea Republic,Cho Wi-je,0,DF,,4-4-2,48,0,market-value/caps positional projection,2026-08-26T10:00:19.549394+00:00
,Korea Republic,Kim Moon-hwan,1,DF,,4-4-2,62,0,market-value/caps positional projection,2026-08-26T10:00:19.549394+00:00
,Korea Republic,Park Jin-seob,0,DF,,4-4-2,48,0,market-value/caps positional projection,2026-08-26T10:00:19.549394+00:00
,Korea Republic,Bae Jun-ho,0,MF,,4-4-2,48,0,market-value/caps positional projection,2026-08-26T10:00:19.549394+00:00
,Korea Republic,Oh Hyeon-gyu,0,FW,,4-4-2,48,0,market-value/caps positional projection,2026-08-26T10:00:19.549394+00:00
,Korea Republic,Lee Kang-in,1,MF,,4-4-2,62,0,market-value/caps positional projection,2026-08-26T10:00:19.549394+00:00
,Korea Republic,Yang Hyun-jun,0,MF,,4-4-2,48,0,market-value/caps positional projection,2026-08-26T10:00:19.549394+00:00
,Korea Republic,Jo Hyeon-woo,0,GK,,4-4-2,48,0,market-value/caps positional projection,2026-08-26T10:00:19.549394+00:00
,Korea Republic,Seol Young-woo,1,DF,,4-4-2,62,0,market-value/caps positional projection,2026-08-26T10:00:19.549394+00:00
,Korea Republic,Jens Castrop,1,DF,Central Midfield,4-4-2,62,0,market-value/caps positional projection,2026-08-26T10:00:19.549394+00:00
,Korea Republic,Kim Jin-gyu,0,MF,,4-4-2,48,0,market-value/caps positional projection,2026-08-26T10:00:19.549394+00:00
,Korea Republic,Eom Ji-sung,0,MF,,4-4-2,48,0,market-value/caps positional projection,2026-08-26T10:00:19.549394+00:00
,Korea Republic,Lee Dong-gyeong,0,MF,,4-4-2,48,0,market-value/caps positional projection,2026-08-26T10:00:19.549394+00:00
,Bosnia and Herzegovina,Nikola Vasilj,1,GK,Goalkeeper,4-3-3,62,0,market-value/caps positional projection,2026-08-26T10:00:19.549394+00:00
,Bosnia and Herzegovina,Nihad Mujakić,0,DF,Centre-Back,4-3-3,48,0,market-value/caps positional projection,2026-08-26T10:00:19.549394+00:00
,Bosnia and Herzegovina,Dennis Hadžikadunić,1,DF,Centre-Back,4-3-3,62,0,market-value/caps positional projection,2026-08-26T10:00:19.549394+00:00
,Bosnia and Herzegovina,Tarik Muharemović,1,DF,Centre-Back,4-3-3,62,0,market-value/caps positional projection,2026-08-26T10:00:19.549394+00:00
,Bosnia and Herzegovina,Sead Kolašinac,1,DF,Centre-Back,4-3-3,62,0,market-value/caps positional projection,2026-08-26T10:00:19.549394+00:00
,Bosnia and Herzegovina,Benjamin Tahirović,1,MF,Central Midfield,4-3-3,62,0,market-value/caps positional projection,2026-08-26T10:00:19.549394+00:00
,Bosnia and Herzegovina,Amar Dedić,1,DF,Right-Back,4-3-3,62,0,market-value/caps positional projection,2026-08-26T10:00:19.549394+00:00
,Bosnia and Herzegovina,Armin Gigović,0,MF,Central Midfield,4-3-3,48,0,market-value/caps positional projection,2026-08-26T10:00:19.549394+00:00
,Bosnia and Herzegovina,Samed Baždar,0,FW,Centre-Forward,4-3-3,48,0,market-value/caps positional projection,2026-08-26T10:00:19.549394+00:00
,Bosnia and Herzegovina,Ermedin Demirović,1,FW,Centre-Forward,4-3-3,62,0,market-value/caps positional projection,2026-08-26T10:00:19.549394+00:00
,Bosnia and Herzegovina,Edin Džeko,1,FW,Centre-Forward,4-3-3,62,0,market-value/caps positional projection,2026-08-26T10:00:19.549394+00:00
,Bosnia and Herzegovina,Mladen Jurkas,0,GK,Goalkeeper,4-3-3,48,0,market-value/caps positional projection,2026-08-26T10:00:19.549394+00:00
,Bosnia and Herzegovina,Ivan Bašić,0,MF,Central Midfield,4-3-3,48,0,market-value/caps positional projection,2026-08-26T10:00:19.549394+00:00
,Bosnia and Herzegovina,Ivan Šunjić,0,MF,Defensive Midfield,4-3-3,48,0,market-value/caps positional projection,2026-08-26T10:00:19.549394+00:00
,Bosnia and Herzegovina,Amar Memić,1,MF,Right Midfield,4-3-3,62,0,market-value/caps positional projection,2026-08-26T10:00:19.549394+00:00
,Bosnia and Herzegovina,Amir Hadžiahmetović,1,MF,Defensive Midfield,4-3-3,62,0,market-value/caps positional projection,2026-08-26T10:00:19.549394+00:00
,Bosnia and Herzegovina,Dženis Burnić,0,MF,Defensive Midfield,4-3-3,48,0,market-value/caps positional projection,2026-08-26T10:00:19.549394+00:00
,Bosnia and Herzegovina,Nikola Katić,0,DF,Centre-Back,4-3-3,48,0,market-value/caps positional projection,2026-08-26T10:00:19.549394+00:00
,Bosnia and Herzegovina,Kerim Alajbegović,1,FW,Left Winger,4-3-3,62,0,market-value/caps positional projection,2026-08-26T10:00:19.549394+00:00
,Bosnia and Herzegovina,Esmir Bajraktarević,0,FW,Right Winger,4-3-3,48,0,market-value/caps positional projection,2026-08-26T10:00:19.549394+00:00
,Bosnia and Herzegovina,Stjepan Radeljić,0,DF,Centre-Back,4-3-3,48,0,market-value/caps positional projection,2026-08-26T10:00:19.549394+00:00
,Bosnia and Herzegovina,Martin Zlomislić,0,GK,Goalkeeper,4-3-3,48,0,market-value/caps positional projection,2026-08-26T10:00:19.549394+00:00
,Bosnia and Herzegovina,Haris Tabaković,0,FW,Centre-Forward,4-3-3,48,0,market-value/caps positional projection,2026-08-26T10:00:19.549394+00:00
,Bosnia and Herzegovina,Arjan Malić,0,DF,Right-Back,4-3-3,48,0,market-value/caps positional projection,2026-08-26T10:00:19.549394+00:00
,Bosnia and Herzegovina,Jovo Lukić,0,FW,Centre-Forward,4-3-3,48,0,market-value/caps positional projection,2026-08-26T10:00:19.549394+00:00
,Bosnia and Herzegovina,Ermin Mahmić,0,MF,Attacking Midfield,4-3-3,48,0,market-value/caps positional projection,2026-08-26T10:00:19.549394+00:00
,Canada,Dayne St. Clair,0,GK,Goalkeeper,4-3-3,48,0,market-value/caps positional projection,2026-08-26T10:00:19.549394+00:00
,Canada,Alistair Johnston,1,DF,Right-Back,4-3-3,62,0,market-value/caps positional projection,2026-08-26T10:00:19.549394+00:00
,Canada,Alfie Jones,0,DF,Centre-Back,4-3-3,48,0,market-value/caps positional projection,2026-08-26T10:00:19.549394+00:00
,Canada,Luc de Fougerolles,0,DF,Centre-Back,4-3-3,48,0,market-value/caps positional projection,2026-08-26T10:00:19.549394+00:00
,Canada,Joel Waterman,0,DF,Centre-Back,4-3-3,48,0,market-value/caps positional projection,2026-08-26T10:00:19.549394+00:00
,Canada,Mathieu Choinière,0,MF,Central Midfield,4-3-3,48,0,market-value/caps positional projection,2026-08-26T10:00:19.549394+00:00
,Canada,Stephen Eustáquio,1,MF,Central Midfield,4-3-3,62,0,market-value/caps positional projection,2026-08-26T10:00:19.549394+00:00
,Canada,Ismaël Koné,1,MF,Central Midfield,4-3-3,62,0,market-value/caps positional projection,2026-08-26T10:00:19.549394+00:00
,Canada,Cyle Larin,1,FW,Centre-Forward,4-3-3,62,0,market-value/caps positional projection,2026-08-26T10:00:19.549394+00:00
,Canada,Jonathan David,1,FW,Centre-Forward,4-3-3,62,0,market-value/caps positional projection,2026-08-26T10:00:19.549394+00:00
,Canada,Liam Millar,0,MF,Left Winger,4-3-3,48,0,market-value/caps positional projection,2026-08-26T10:00:19.549394+00:00
,Canada,Tani Oluwaseyi,0,FW,Centre-Forward,4-3-3,48,0,market-value/caps positional projection,2026-08-26T10:00:19.549394+00:00
,Canada,Derek Cornelius,1,DF,Centre-Back,4-3-3,62,0,market-value/caps positional projection,2026-08-26T10:00:19.549394+00:00
,Canada,Jacob Shaffelburg,0,MF,Left Winger,4-3-3,48,0,market-value/caps positional projection,2026-08-26T10:00:19.549394+00:00
,Canada,Moïse Bombito,0,DF,Centre-Back,4-3-3,48,0,market-value/caps positional projection,2026-08-26T10:00:19.549394+00:00
,Canada,Maxime Crépeau,1,GK,Goalkeeper,4-3-3,62,0,market-value/caps positional projection,2026-08-26T10:00:19.549394+00:00
,Canada,Tajon Buchanan,1,FW,Right Winger,4-3-3,62,0,market-value/caps positional projection,2026-08-26T10:00:19.549394+00:00
,Canada,Owen Goodman,0,GK,Goalkeeper,4-3-3,48,0,market-value/caps positional projection,2026-08-26T10:00:19.549394+00:00
,Canada,Alphonso Davies,1,DF,Left-Back,4-3-3,62,0,market-value/caps positional projection,2026-08-26T10:00:19.549394+00:00
,Canada,Ali Ahmed,0,FW,Left Midfield,4-3-3,48,0,market-value/caps positional projection,2026-08-26T10:00:19.549394+00:00
,Canada,Jonathan Osorio,1,MF,Central Midfield,4-3-3,62,0,market-value/caps positional projection,2026-08-26T10:00:19.549394+00:00
,Canada,Richie Laryea,1,DF,Right-Back,4-3-3,62,0,market-value/caps positional projection,2026-08-26T10:00:19.549394+00:00
,Canada,Niko Sigur,0,DF,Defensive Midfield,4-3-3,48,0,market-value/caps positional projection,2026-08-26T10:00:19.549394+00:00
,Canada,Promise David,0,FW,Centre-Forward,4-3-3,48,0,market-value/caps positional projection,2026-08-26T10:00:19.549394+00:00
,Canada,Nathan Saliba,0,MF,,4-3-3,48,0,market-value/caps positional projection,2026-08-26T10:00:19.549394+00:00
,Canada,Jayden Nelson,0,FW,Left Winger,4-3-3,48,0,market-value/caps positional projection,2026-08-26T10:00:19.549394+00:00
,Qatar,Mahmud Abunada,0,GK,,4-3-3,48,0,market-value/caps positional projection,2026-08-26T10:00:19.549394+00:00
,Qatar,Pedro Miguel,1,DF,Centre-Back,4-3-3,62,0,market-value/caps positional projection,2026-08-26T10:00:19.549394+00:00
,Qatar,Lucas Mendes,1,DF,Centre-Back,4-3-3,62,0,market-value/caps positional projection,2026-08-26T10:00:19.549394+00:00
,Qatar,Issa Laye,0,DF,Centre-Back,4-3-3,48,0,market-value/caps positional projection,2026-08-26T10:00:19.549394+00:00
,Qatar,Jassem Gaber,1,DF,Defensive Midfield,4-3-3,62,0,market-value/caps positional projection,2026-08-26T10:00:19.549394+00:00
,Qatar,Abdulaziz Hatem,0,MF,,4-3-3,48,0,market-value/caps positional projection,2026-08-26T10:00:19.549394+00:00
,Qatar,Ahmed Alaaeldin,0,FW,Centre-Forward,4-3-3,48,0,market-value/caps positional projection,2026-08-26T10:00:19.549394+00:00
,Qatar,Edmilson Junior,0,FW,Left Winger,4-3-3,48,0,market-value/caps positional projection,2026-08-26T10:00:19.549394+00:00
,Qatar,Mohammed Muntari,0,FW,Centre-Forward,4-3-3,48,0,market-value/caps positional projection,2026-08-26T10:00:19.549394+00:00
,Qatar,Hassan Al-Haydos,1,FW,Attacking Midfield,4-3-3,62,0,market-value/caps positional projection,2026-08-26T10:00:19.549394+00:00
,Qatar,Akram Afif,1,FW,Left Winger,4-3-3,62,0,market-value/caps positional projection,2026-08-26T10:00:19.549394+00:00
,Qatar,Karim Boudiaf,1,MF,Defensive Midfield,4-3-3,62,0,market-value/caps positional projection,2026-08-26T10:00:19.549394+00:00
,Qatar,Ayoub Al-Oui,0,DF,Right-Back,4-3-3,48,0,market-value/caps positional projection,2026-08-26T10:00:19.549394+00:00
,Qatar,Homam Ahmed,0,DF,,4-3-3,48,0,market-value/caps positional projection,2026-08-26T10:00:19.549394+00:00
,Qatar,Yusuf Abdurisag,0,FW,Right Winger,4-3-3,48,0,market-value/caps positional projection,2026-08-26T10:00:19.549394+00:00
,Qatar,Boualem Khoukhi,1,DF,Centre-Back,4-3-3,62,0,market-value/caps positional projection,2026-08-26T10:00:19.549394+00:00
,Qatar,Ahmed Al-Ganehi,1,MF,Right Winger,4-3-3,62,0,market-value/caps positional projection,2026-08-26T10:00:19.549394+00:00
,Qatar,Sultan Al-Brake,0,DF,Left-Back,4-3-3,48,0,market-value/caps positional projection,2026-08-26T10:00:19.549394+00:00
,Qatar,Almoez Ali,1,FW,Centre-Forward,4-3-3,62,0,market-value/caps positional projection,2026-08-26T10:00:19.549394+00:00
,Qatar,Ahmed Fathy,0,MF,,4-3-3,48,0,market-value/caps positional projection,2026-08-26T10:00:19.549394+00:00
,Qatar,Salah Zakaria,0,GK,Goalkeeper,4-3-3,48,0,market-value/caps positional projection,2026-08-26T10:00:19.549394+00:00
,Qatar,Meshaal Barsham,1,GK,Goalkeeper,4-3-3,62,0,market-value/caps positional projection,2026-08-26T10:00:19.549394+00:00
,Qatar,Assim Madibo,1,MF,Defensive Midfield,4-3-3,62,0,market-value/caps positional projection,2026-08-26T10:00:19.549394+00:00
,Qatar,Tahsin Jamshid,0,FW,,4-3-3,48,0,market-value/caps positional projection,2026-08-26T10:00:19.549394+00:00
,Qatar,Al-Hashmi Al-Hussain,0,DF,Centre-Back,4-3-3,48,0,market-value/caps positional projection,2026-08-26T10:00:19.549394+00:00
,Qatar,Mohamed Manai,0,FW,Central Midfield,4-3-3,48,0,market-value/caps positional projection,2026-08-26T10:00:19.549394+00:00
,Switzerland,Gregor Kobel,1,GK,Goalkeeper,3-4-3,62,0,market-value/caps positional projection,2026-08-26T10:00:19.549394+00:00
,Switzerland,Miro Muheim,0,DF,Left-Back,3-4-3,48,0,market-value/caps positional projection,2026-08-26T10:00:19.549394+00:00
,Switzerland,Silvan Widmer,0,DF,Right-Back,3-4-3,48,0,market-value/caps positional projection,2026-08-26T10:00:19.549394+00:00
,Switzerland,Nico Elvedi,1,DF,Centre-Back,3-4-3,62,0,market-value/caps positional projection,2026-08-26T10:00:19.549394+00:00
,Switzerland,Manuel Akanji,1,DF,Centre-Back,3-4-3,62,0,market-value/caps positional projection,2026-08-26T10:00:19.549394+00:00
,Switzerland,Denis Zakaria,1,MF,Defensive Midfield,3-4-3,62,0,market-value/caps positional projection,2026-08-26T10:00:19.549394+00:00
,Switzerland,Breel Embolo,1,FW,Centre-Forward,3-4-3,62,0,market-value/caps positional projection,2026-08-26T10:00:19.549394+00:00
,Switzerland,Remo Freuler,1,MF,Central Midfield,3-4-3,62,0,market-value/caps positional projection,2026-08-26T10:00:19.549394+00:00
,Switzerland,Johan Manzambi,0,MF,Central Midfield,3-4-3,48,0,market-value/caps positional projection,2026-08-26T10:00:19.549394+00:00
,Switzerland,Granit Xhaka,1,MF,Defensive Midfield,3-4-3,62,0,market-value/caps positional projection,2026-08-26T10:00:19.549394+00:00
,Switzerland,Dan Ndoye,1,FW,Right Winger,3-4-3,62,0,market-value/caps positional projection,2026-08-26T10:00:19.549394+00:00
,Switzerland,Yvon Mvogo,0,GK,Goalkeeper,3-4-3,48,0,market-value/caps positional projection,2026-08-26T10:00:19.549394+00:00
,Switzerland,Ricardo Rodriguez,1,DF,Left-Back,3-4-3,62,0,market-value/caps positional projection,2026-08-26T10:00:19.549394+00:00
,Switzerland,Ardon Jashari,0,MF,Defensive Midfield,3-4-3,48,0,market-value/caps positional projection,2026-08-26T10:00:19.549394+00:00
,Switzerland,Djibril Sow,1,MF,Central Midfield,3-4-3,62,0,market-value/caps positional projection,2026-08-26T10:00:19.549394+00:00
,Switzerland,Christian Fassnacht,0,FW,Right Midfield,3-4-3,48,0,market-value/caps positional projection,2026-08-26T10:00:19.549394+00:00
,Switzerland,Rubén Vargas,1,FW,Left Winger,3-4-3,62,0,market-value/caps positional projection,2026-08-26T10:00:19.549394+00:00
,Switzerland,Eray Cömert,0,DF,Centre-Back,3-4-3,48,0,market-value/caps positional projection,2026-08-26T10:00:19.549394+00:00
,Switzerland,Noah Okafor,0,FW,Left Winger,3-4-3,48,0,market-value/caps positional projection,2026-08-26T10:00:19.549394+00:00
,Switzerland,Michel Aebischer,0,MF,Central Midfield,3-4-3,48,0,market-value/caps positional projection,2026-08-26T10:00:19.549394+00:00
,Switzerland,Marvin Keller,0,GK,Goalkeeper,3-4-3,48,0,market-value/caps positional projection,2026-08-26T10:00:19.549394+00:00
,Switzerland,Fabian Rieder,0,MF,Attacking Midfield,3-4-3,48,0,market-value/caps positional projection,2026-08-26T10:00:19.549394+00:00
,Switzerland,Zeki Amdouni,0,FW,Centre-Forward,3-4-3,48,0,market-value/caps positional projection,2026-08-26T10:00:19.549394+00:00
,Switzerland,Aurèle Amenda,0,DF,Centre-Back,3-4-3,48,0,market-value/caps positional projection,2026-08-26T10:00:19.549394+00:00
,Switzerland,Luca Jaquez,0,DF,Centre-Back,3-4-3,48,0,market-value/caps positional projection,2026-08-26T10:00:19.549394+00:00
,Switzerland,Cedric Itten,0,FW,Centre-Forward,3-4-3,48,0,market-value/caps positional projection,2026-08-26T10:00:19.549394+00:00
,Brazil,Alisson,1,GK,Goalkeeper,3-4-3,62,0,market-value/caps positional projection,2026-08-26T10:00:19.549394+00:00
,Brazil,Éderson Silva,0,MF,,3-4-3,48,0,market-value/caps positional projection,2026-08-26T10:00:19.549394+00:00
,Brazil,Gabriel Magalhães,0,DF,,3-4-3,48,0,market-value/caps positional projection,2026-08-26T10:00:19.549394+00:00
,Brazil,Marquinhos,1,DF,Centre-Back,3-4-3,62,0,market-value/caps positional projection,2026-08-26T10:00:19.549394+00:00
,Brazil,Casemiro,1,MF,Defensive Midfield,3-4-3,62,0,market-value/caps positional projection,2026-08-26T10:00:19.549394+00:00
,Brazil,Alex Sandro,1,DF,Left-Back,3-4-3,62,0,market-value/caps positional projection,2026-08-26T10:00:19.549394+00:00
,Brazil,Vinícius Júnior,1,FW,Left Winger,3-4-3,62,0,market-value/caps positional projection,2026-08-26T10:00:19.549394+00:00
,Brazil,Bruno Guimarães,1,MF,Central Midfield,3-4-3,62,0,market-value/caps positional projection,2026-08-26T10:00:19.549394+00:00
,Brazil,Matheus Cunha,0,FW,Centre-Forward,3-4-3,48,0,market-value/caps positional projection,2026-08-26T10:00:19.549394+00:00
,Brazil,Neymar,1,FW,Attacking Midfield,3-4-3,62,0,market-value/caps positional projection,2026-08-26T10:00:19.549394+00:00
,Brazil,Raphinha,1,FW,Left Winger,3-4-3,62,0,market-value/caps positional projection,2026-08-26T10:00:19.549394+00:00
,Brazil,Weverton,0,GK,Goalkeeper,3-4-3,48,0,market-value/caps positional projection,2026-08-26T10:00:19.549394+00:00
,Brazil,Danilo Luiz,0,DF,,3-4-3,48,0,market-value/caps positional projection,2026-08-26T10:00:19.549394+00:00
,Brazil,Bremer,1,DF,Centre-Back,3-4-3,62,0,market-value/caps positional projection,2026-08-26T10:00:19.549394+00:00
,Brazil,Léo Pereira,0,DF,Centre-Back,3-4-3,48,0,market-value/caps positional projection,2026-08-26T10:00:19.549394+00:00
,Brazil,Douglas Santos,0,DF,Left-Back,3-4-3,48,0,market-value/caps positional projection,2026-08-26T10:00:19.549394+00:00
,Brazil,Fabinho,1,MF,Defensive Midfield,3-4-3,62,0,market-value/caps positional projection,2026-08-26T10:00:19.549394+00:00
,Brazil,Danilo Santos,0,MF,,3-4-3,48,0,market-value/caps positional projection,2026-08-26T10:00:19.549394+00:00
,Brazil,Endrick,0,FW,Centre-Forward,3-4-3,48,0,market-value/caps positional projection,2026-08-26T10:00:19.549394+00:00
,Brazil,Lucas Paquetá,1,MF,Attacking Midfield,3-4-3,62,0,market-value/caps positional projection,2026-08-26T10:00:19.549394+00:00
,Brazil,Luiz Henrique,0,FW,Right Winger,3-4-3,48,0,market-value/caps positional projection,2026-08-26T10:00:19.549394+00:00
,Brazil,Gabriel Martinelli,0,FW,Left Winger,3-4-3,48,0,market-value/caps positional projection,2026-08-26T10:00:19.549394+00:00
,Brazil,Ederson Moraes,0,GK,,3-4-3,48,0,market-value/caps positional projection,2026-08-26T10:00:19.549394+00:00
,Brazil,Roger Ibañez,0,DF,Centre-Back,3-4-3,48,0,market-value/caps positional projection,2026-08-26T10:00:19.549394+00:00
,Brazil,Igor Thiago,0,FW,Centre-Forward,3-4-3,48,0,market-value/caps positional projection,2026-08-26T10:00:19.549394+00:00
,Brazil,Rayan,0,FW,Right Winger,3-4-3,48,0,market-value/caps positional projection,2026-08-26T10:00:19.549394+00:00
,Haiti,Johny Placide,1,GK,Goalkeeper,4-3-3,62,0,market-value/caps positional projection,2026-08-26T10:00:19.549394+00:00
,Haiti,Carlens Arcus,1,DF,Right-Back,4-3-3,62,0,market-value/caps positional projection,2026-08-26T10:00:19.549394+00:00
,Haiti,Keeto Thermoncy,0,DF,Centre-Back,4-3-3,48,0,market-value/caps positional projection,2026-08-26T10:00:19.549394+00:00
,Haiti,Ricardo Adé,1,DF,Centre-Back,4-3-3,62,0,market-value/caps positional projection,2026-08-26T10:00:19.549394+00:00
,Haiti,Hannes Delcroix,1,DF,Centre-Back,4-3-3,62,0,market-value/caps positional projection,2026-08-26T10:00:19.549394+00:00
,Haiti,Carl Sainté,1,MF,Defensive Midfield,4-3-3,62,0,market-value/caps positional projection,2026-08-26T10:00:19.549394+00:00
,Haiti,Derrick Etienne Jr.,1,FW,Left Winger,4-3-3,62,0,market-value/caps positional projection,2026-08-26T10:00:19.549394+00:00
,Haiti,Martin Expérience,0,DF,Left-Back,4-3-3,48,0,market-value/caps positional projection,2026-08-26T10:00:19.549394+00:00
,Haiti,Duckens Nazon,1,FW,Centre-Forward,4-3-3,62,0,market-value/caps positional projection,2026-08-26T10:00:19.549394+00:00
,Haiti,Jean-Ricner Bellegarde,1,MF,Central Midfield,4-3-3,62,0,market-value/caps positional projection,2026-08-26T10:00:19.549394+00:00
,Haiti,Louicius Deedson,0,FW,Right Winger,4-3-3,48,0,market-value/caps positional projection,2026-08-26T10:00:19.549394+00:00
,Haiti,Alexandre Pierre,0,GK,Goalkeeper,4-3-3,48,0,market-value/caps positional projection,2026-08-26T10:00:19.549394+00:00
,Haiti,Duke Lacroix,0,DF,Left-Back,4-3-3,48,0,market-value/caps positional projection,2026-08-26T10:00:19.549394+00:00
,Haiti,Garven Metusala,0,DF,Centre-Back,4-3-3,48,0,market-value/caps positional projection,2026-08-26T10:00:19.549394+00:00
,Haiti,Ruben Providence,0,FW,Left Winger,4-3-3,48,0,market-value/caps positional projection,2026-08-26T10:00:19.549394+00:00
,Haiti,Lenny Joseph,0,FW,Centre-Forward,4-3-3,48,0,market-value/caps positional projection,2026-08-26T10:00:19.549394+00:00
,Haiti,Danley Jean Jacques,1,MF,Defensive Midfield,4-3-3,62,0,market-value/caps positional projection,2026-08-26T10:00:19.549394+00:00
,Haiti,Wilson Isidor,0,FW,Centre-Forward,4-3-3,48,0,market-value/caps positional projection,2026-08-26T10:00:19.549394+00:00
,Haiti,Yassin Fortuné,0,FW,Centre-Forward,4-3-3,48,0,market-value/caps positional projection,2026-08-26T10:00:19.549394+00:00
,Haiti,Frantzdy Pierrot,1,FW,Centre-Forward,4-3-3,62,0,market-value/caps positional projection,2026-08-26T10:00:19.549394+00:00
,Haiti,Josué Casimir,0,FW,Right Winger,4-3-3,48,0,market-value/caps positional projection,2026-08-26T10:00:19.549394+00:00
,Haiti,Jean-Kévin Duverne,1,DF,Centre-Back,4-3-3,62,0,market-value/caps positional projection,2026-08-26T10:00:19.549394+00:00
,Haiti,Josué Duverger,0,GK,Goalkeeper,4-3-3,48,0,market-value/caps positional projection,2026-08-26T10:00:19.549394+00:00
,Haiti,Wilguens Paugain,0,DF,Right-Back,4-3-3,48,0,market-value/caps positional projection,2026-08-26T10:00:19.549394+00:00
,Haiti,Dominique Simon,0,MF,Defensive Midfield,4-3-3,48,0,market-value/caps positional projection,2026-08-26T10:00:19.549394+00:00
,Haiti,Woodensky Pierre,0,MF,Defensive Midfield,4-3-3,48,0,market-value/caps positional projection,2026-08-26T10:00:19.549394+00:00
,Morocco,Yassine Bounou,1,GK,Goalkeeper,3-4-3,62,0,market-value/caps positional projection,2026-08-26T10:00:19.549394+00:00
,Morocco,Achraf Hakimi,1,DF,Right-Back,3-4-3,62,0,market-value/caps positional projection,2026-08-26T10:00:19.549394+00:00
,Morocco,Noussair Mazraoui,1,DF,Right-Back,3-4-3,62,0,market-value/caps positional projection,2026-08-26T10:00:19.549394+00:00
,Morocco,Sofyan Amrabat,1,MF,Defensive Midfield,3-4-3,62,0,market-value/caps positional projection,2026-08-26T10:00:19.549394+00:00
,Morocco,Marwane Saâdane,0,DF,Centre-Back,3-4-3,48,0,market-value/caps positional projection,2026-08-26T10:00:19.549394+00:00
,Morocco,Ayyoub Bouaddi,0,MF,Central Midfield,3-4-3,48,0,market-value/caps positional projection,2026-08-26T10:00:19.549394+00:00
,Morocco,Chemsdine Talbi,0,MF,Right Winger,3-4-3,48,0,market-value/caps positional projection,2026-08-26T10:00:19.549394+00:00
,Morocco,Azzedine Ounahi,1,MF,Central Midfield,3-4-3,62,0,market-value/caps positional projection,2026-08-26T10:00:19.549394+00:00
,Morocco,Soufiane Rahimi,1,FW,Centre-Forward,3-4-3,62,0,market-value/caps positional projection,2026-08-26T10:00:19.549394+00:00
,Morocco,Brahim Díaz,1,FW,Right Winger,3-4-3,62,0,market-value/caps positional projection,2026-08-26T10:00:19.549394+00:00
,Morocco,Ismael Saibari,1,MF,Attacking Midfield,3-4-3,62,0,market-value/caps positional projection,2026-08-26T10:00:19.549394+00:00
,Morocco,Munir Mohamedi,0,GK,,3-4-3,48,0,market-value/caps positional projection,2026-08-26T10:00:19.549394+00:00
,Morocco,Zakaria El Ouahdi,0,DF,Right-Back,3-4-3,48,0,market-value/caps positional projection,2026-08-26T10:00:19.549394+00:00
,Morocco,Issa Diop,0,DF,Centre-Back,3-4-3,48,0,market-value/caps positional projection,2026-08-26T10:00:19.549394+00:00
,Morocco,Samir El Mourabet,0,MF,Central Midfield,3-4-3,48,0,market-value/caps positional projection,2026-08-26T10:00:19.549394+00:00
,Morocco,Gessime Yassine,0,MF,Right Winger,3-4-3,48,0,market-value/caps positional projection,2026-08-26T10:00:19.549394+00:00
,Morocco,Amine Sbaï,0,FW,Left Winger,3-4-3,48,0,market-value/caps positional projection,2026-08-26T10:00:19.549394+00:00
,Morocco,Chadi Riad,1,DF,Centre-Back,3-4-3,62,0,market-value/caps positional projection,2026-08-26T10:00:19.549394+00:00
,Morocco,Youssef Belammari,0,DF,Left-Back,3-4-3,48,0,market-value/caps positional projection,2026-08-26T10:00:19.549394+00:00
,Morocco,Ayoub El Kaabi,1,FW,Centre-Forward,3-4-3,62,0,market-value/caps positional projection,2026-08-26T10:00:19.549394+00:00
,Morocco,Ayoube Amaimouni,0,FW,,3-4-3,48,0,market-value/caps positional projection,2026-08-26T10:00:19.549394+00:00
,Morocco,Ahmed Reda Tagnaouti,0,GK,Goalkeeper,3-4-3,48,0,market-value/caps positional projection,2026-08-26T10:00:19.549394+00:00
,Morocco,Bilal El Khannouss,1,MF,Attacking Midfield,3-4-3,62,0,market-value/caps positional projection,2026-08-26T10:00:19.549394+00:00
,Morocco,Neil El Aynaoui,0,MF,Central Midfield,3-4-3,48,0,market-value/caps positional projection,2026-08-26T10:00:19.549394+00:00
,Morocco,Redouane Halhal,0,DF,Centre-Back,3-4-3,48,0,market-value/caps positional projection,2026-08-26T10:00:19.549394+00:00
,Morocco,Anass Salah-Eddine,0,DF,Left-Back,3-4-3,48,0,market-value/caps positional projection,2026-08-26T10:00:19.549394+00:00
,Scotland,Angus Gunn,0,GK,Goalkeeper,4-4-2,48,0,market-value/caps positional projection,2026-08-26T10:00:19.549394+00:00
,Scotland,Aaron Hickey,1,DF,Right-Back,4-4-2,62,0,market-value/caps positional projection,2026-08-26T10:00:19.549394+00:00
,Scotland,Andy Robertson,0,DF,,4-4-2,48,0,market-value/caps positional projection,2026-08-26T10:00:19.549394+00:00
,Scotland,Scott McTominay,1,MF,Central Midfield,4-4-2,62,0,market-value/caps positional projection,2026-08-26T10:00:19.549394+00:00
,Scotland,Grant Hanley,0,DF,Centre-Back,4-4-2,48,0,market-value/caps positional projection,2026-08-26T10:00:19.549394+00:00
,Scotland,Kieran Tierney,1,DF,Left-Back,4-4-2,62,0,market-value/caps positional projection,2026-08-26T10:00:19.549394+00:00
,Scotland,John McGinn,1,MF,Central Midfield,4-4-2,62,0,market-value/caps positional projection,2026-08-26T10:00:19.549394+00:00
,Scotland,Tyler Fletcher,0,MF,Central Midfield,4-4-2,48,0,market-value/caps positional projection,2026-08-26T10:00:19.549394+00:00
,Scotland,Lyndon Dykes,1,FW,Centre-Forward,4-4-2,62,0,market-value/caps positional projection,2026-08-26T10:00:19.549394+00:00
,Scotland,Ché Adams,1,FW,Centre-Forward,4-4-2,62,0,market-value/caps positional projection,2026-08-26T10:00:19.549394+00:00
,Scotland,Ryan Christie,1,MF,Central Midfield,4-4-2,62,0,market-value/caps positional projection,2026-08-26T10:00:19.549394+00:00
,Scotland,Liam Kelly,0,GK,Goalkeeper,4-4-2,48,0,market-value/caps positional projection,2026-08-26T10:00:19.549394+00:00
,Scotland,Jack Hendry,0,DF,Centre-Back,4-4-2,48,0,market-value/caps positional projection,2026-08-26T10:00:19.549394+00:00
,Scotland,Ross Stewart,0,FW,Centre-Forward,4-4-2,48,0,market-value/caps positional projection,2026-08-26T10:00:19.549394+00:00
,Scotland,John Souttar,0,DF,Centre-Back,4-4-2,48,0,market-value/caps positional projection,2026-08-26T10:00:19.549394+00:00
,Scotland,Dominic Hyam,0,DF,Centre-Back,4-4-2,48,0,market-value/caps positional projection,2026-08-26T10:00:19.549394+00:00
,Scotland,Ben Gannon-Doak,0,FW,Right Winger,4-4-2,48,0,market-value/caps positional projection,2026-08-26T10:00:19.549394+00:00
,Scotland,George Hirst,0,FW,Centre-Forward,4-4-2,48,0,market-value/caps positional projection,2026-08-26T10:00:19.549394+00:00
,Scotland,Lewis Ferguson,1,MF,Central Midfield,4-4-2,62,0,market-value/caps positional projection,2026-08-26T10:00:19.549394+00:00
,Scotland,Lawrence Shankland,0,FW,Centre-Forward,4-4-2,48,0,market-value/caps positional projection,2026-08-26T10:00:19.549394+00:00
,Scotland,Craig Gordon,1,GK,Goalkeeper,4-4-2,62,0,market-value/caps positional projection,2026-08-26T10:00:19.549394+00:00
,Scotland,Nathan Patterson,1,DF,Right-Back,4-4-2,62,0,market-value/caps positional projection,2026-08-26T10:00:19.549394+00:00
,Scotland,Kenny McLean,0,MF,Central Midfield,4-4-2,48,0,market-value/caps positional projection,2026-08-26T10:00:19.549394+00:00
,Scotland,Anthony Ralston,0,DF,Right-Back,4-4-2,48,0,market-value/caps positional projection,2026-08-26T10:00:19.549394+00:00
,Scotland,Findlay Curtis,0,FW,Left Winger,4-4-2,48,0,market-value/caps positional projection,2026-08-26T10:00:19.549394+00:00
,Scotland,Scott McKenna,1,DF,Centre-Back,4-4-2,62,0,market-value/caps positional projection,2026-08-26T10:00:19.549394+00:00
,Australia,Mathew Ryan,1,GK,Goalkeeper,4-3-3,62,0,market-value/caps positional projection,2026-08-26T10:00:19.549394+00:00
,Australia,Miloš Degenek,1,DF,Centre-Back,4-3-3,62,0,market-value/caps positional projection,2026-08-26T10:00:19.549394+00:00
,Australia,Alessandro Circati,0,DF,Centre-Back,4-3-3,48,0,market-value/caps positional projection,2026-08-26T10:00:19.549394+00:00
,Australia,Jacob Italiano,0,DF,Right-Back,4-3-3,48,0,market-value/caps positional projection,2026-08-26T10:00:19.549394+00:00
,Australia,Jordan Bos,1,DF,Left-Back,4-3-3,62,0,market-value/caps positional projection,2026-08-26T10:00:19.549394+00:00
,Australia,Jason Geria,0,DF,Right-Back,4-3-3,48,0,market-value/caps positional projection,2026-08-26T10:00:19.549394+00:00
,Australia,Mathew Leckie,1,FW,Left Winger,4-3-3,62,0,market-value/caps positional projection,2026-08-26T10:00:19.549394+00:00
,Australia,Connor Metcalfe,1,MF,Central Midfield,4-3-3,62,0,market-value/caps positional projection,2026-08-26T10:00:19.549394+00:00
,Australia,Mohamed Touré,0,FW,Centre-Forward,4-3-3,48,0,market-value/caps positional projection,2026-08-26T10:00:19.549394+00:00
,Australia,Ajdin Hrustic,0,FW,Central Midfield,4-3-3,48,0,market-value/caps positional projection,2026-08-26T10:00:19.549394+00:00
,Australia,Awer Mabil,1,FW,Left Winger,4-3-3,62,0,market-value/caps positional projection,2026-08-26T10:00:19.549394+00:00
,Australia,Paul Izzo,0,GK,Goalkeeper,4-3-3,48,0,market-value/caps positional projection,2026-08-26T10:00:19.549394+00:00
,Australia,Aiden O'Neill,1,MF,Defensive Midfield,4-3-3,62,0,market-value/caps positional projection,2026-08-26T10:00:19.549394+00:00
,Australia,Cammy Devlin,0,MF,Central Midfield,4-3-3,48,0,market-value/caps positional projection,2026-08-26T10:00:19.549394+00:00
,Australia,Kai Trewin,0,DF,Defensive Midfield,4-3-3,48,0,market-value/caps positional projection,2026-08-26T10:00:19.549394+00:00
,Australia,Aziz Behich,1,DF,Left-Back,4-3-3,62,0,market-value/caps positional projection,2026-08-26T10:00:19.549394+00:00
,Australia,Nestory Irankunda,1,FW,Right Winger,4-3-3,62,0,market-value/caps positional projection,2026-08-26T10:00:19.549394+00:00
,Australia,Patrick Beach,0,GK,Goalkeeper,4-3-3,48,0,market-value/caps positional projection,2026-08-26T10:00:19.549394+00:00
,Australia,Harry Souttar,1,DF,Centre-Back,4-3-3,62,0,market-value/caps positional projection,2026-08-26T10:00:19.549394+00:00
,Australia,Cristian Volpato,0,FW,Attacking Midfield,4-3-3,48,0,market-value/caps positional projection,2026-08-26T10:00:19.549394+00:00
,Australia,Cameron Burgess,0,DF,Centre-Back,4-3-3,48,0,market-value/caps positional projection,2026-08-26T10:00:19.549394+00:00
,Australia,Jackson Irvine,1,MF,Central Midfield,4-3-3,62,0,market-value/caps positional projection,2026-08-26T10:00:19.549394+00:00
,Australia,Nishan Velupillay,0,FW,Left Winger,4-3-3,48,0,market-value/caps positional projection,2026-08-26T10:00:19.549394+00:00
,Australia,Paul Okon-Engstler,0,MF,Defensive Midfield,4-3-3,48,0,market-value/caps positional projection,2026-08-26T10:00:19.549394+00:00
,Australia,Lucas Herrington,0,DF,Centre-Back,4-3-3,48,0,market-value/caps positional projection,2026-08-26T10:00:19.549394+00:00
,Australia,Tete Yengi,0,FW,Centre-Forward,4-3-3,48,0,market-value/caps positional projection,2026-08-26T10:00:19.549394+00:00
,Paraguay,Gatito Fernández,0,GK,,3-4-3,48,0,market-value/caps positional projection,2026-08-26T10:00:19.549394+00:00
,Paraguay,Gustavo Velázquez,0,DF,Centre-Back,3-4-3,48,0,market-value/caps positional projection,2026-08-26T10:00:19.549394+00:00
,Paraguay,Omar Alderete,1,DF,Centre-Back,3-4-3,62,0,market-value/caps positional projection,2026-08-26T10:00:19.549394+00:00
,Paraguay,Juan José Cáceres,0,DF,Right-Back,3-4-3,48,0,market-value/caps positional projection,2026-08-26T10:00:19.549394+00:00
,Paraguay,Fabián Balbuena,0,DF,Centre-Back,3-4-3,48,0,market-value/caps positional projection,2026-08-26T10:00:19.549394+00:00
,Paraguay,Júnior Alonso,1,DF,Centre-Back,3-4-3,62,0,market-value/caps positional projection,2026-08-26T10:00:19.549394+00:00
,Paraguay,Ramón Sosa,1,MF,Second Striker,3-4-3,62,0,market-value/caps positional projection,2026-08-26T10:00:19.549394+00:00
,Paraguay,Diego Gómez,1,MF,Central Midfield,3-4-3,62,0,market-value/caps positional projection,2026-08-26T10:00:19.549394+00:00
,Paraguay,Antonio Sanabria,1,FW,Centre-Forward,3-4-3,62,0,market-value/caps positional projection,2026-08-26T10:00:19.549394+00:00
,Paraguay,Miguel Almirón,1,MF,Right Winger,3-4-3,62,0,market-value/caps positional projection,2026-08-26T10:00:19.549394+00:00
,Paraguay,Maurício,0,MF,Attacking Midfield,3-4-3,48,0,market-value/caps positional projection,2026-08-26T10:00:19.549394+00:00
,Paraguay,Orlando Gill,1,GK,Goalkeeper,3-4-3,62,0,market-value/caps positional projection,2026-08-26T10:00:19.549394+00:00
,Paraguay,José Canale,0,DF,Centre-Back,3-4-3,48,0,market-value/caps positional projection,2026-08-26T10:00:19.549394+00:00
,Paraguay,Andrés Cubas,1,MF,Defensive Midfield,3-4-3,62,0,market-value/caps positional projection,2026-08-26T10:00:19.549394+00:00
,Paraguay,Gustavo Gómez,1,DF,Centre-Back,3-4-3,62,0,market-value/caps positional projection,2026-08-26T10:00:19.549394+00:00
,Paraguay,Damián Bobadilla,0,MF,Central Midfield,3-4-3,48,0,market-value/caps positional projection,2026-08-26T10:00:19.549394+00:00
,Paraguay,Kaku,1,FW,Attacking Midfield,3-4-3,62,0,market-value/caps positional projection,2026-08-26T10:00:19.549394+00:00
,Paraguay,Álex Arce,0,FW,Centre-Forward,3-4-3,48,0,market-value/caps positional projection,2026-08-26T10:00:19.549394+00:00
,Paraguay,Julio Enciso,1,FW,Attacking Midfield,3-4-3,62,0,market-value/caps positional projection,2026-08-26T10:00:19.549394+00:00
,Paraguay,Braian Ojeda,0,MF,Defensive Midfield,3-4-3,48,0,market-value/caps positional projection,2026-08-26T10:00:19.549394+00:00
,Paraguay,Gabriel Ávalos,0,FW,Centre-Forward,3-4-3,48,0,market-value/caps positional projection,2026-08-26T10:00:19.549394+00:00
,Paraguay,Gastón Olveira,0,GK,Goalkeeper,3-4-3,48,0,market-value/caps positional projection,2026-08-26T10:00:19.549394+00:00
,Paraguay,Matías Galarza,0,MF,Central Midfield,3-4-3,48,0,market-value/caps positional projection,2026-08-26T10:00:19.549394+00:00
,Paraguay,Gustavo Caballero,0,MF,Left Winger,3-4-3,48,0,market-value/caps positional projection,2026-08-26T10:00:19.549394+00:00
,Paraguay,Isidro Pitta,0,FW,Centre-Forward,3-4-3,48,0,market-value/caps positional projection,2026-08-26T10:00:19.549394+00:00
,Paraguay,Alexandro Maidana,0,DF,Left-Back,3-4-3,48,0,market-value/caps positional projection,2026-08-26T10:00:19.549394+00:00
,Turkiye,Mert Günok,0,GK,Goalkeeper,4-3-3,48,0,market-value/caps positional projection,2026-08-26T10:00:19.549394+00:00
,Turkiye,Zeki Çelik,1,DF,Right-Back,4-3-3,62,0,market-value/caps positional projection,2026-08-26T10:00:19.549394+00:00
,Turkiye,Merih Demiral,1,DF,Centre-Back,4-3-3,62,0,market-value/caps positional projection,2026-08-26T10:00:19.549394+00:00
,Turkiye,Çağlar Söyüncü,1,DF,Centre-Back,4-3-3,62,0,market-value/caps positional projection,2026-08-26T10:00:19.549394+00:00
,Turkiye,Salih Özcan,0,MF,Defensive Midfield,4-3-3,48,0,market-value/caps positional projection,2026-08-26T10:00:19.549394+00:00
,Turkiye,Orkun Kökçü,1,MF,Central Midfield,4-3-3,62,0,market-value/caps positional projection,2026-08-26T10:00:19.549394+00:00
,Turkiye,Kerem Aktürkoğlu,1,FW,Left Winger,4-3-3,62,0,market-value/caps positional projection,2026-08-26T10:00:19.549394+00:00
,Turkiye,Arda Güler,1,FW,Attacking Midfield,4-3-3,62,0,market-value/caps positional projection,2026-08-26T10:00:19.549394+00:00
,Turkiye,Deniz Gül,0,FW,Centre-Forward,4-3-3,48,0,market-value/caps positional projection,2026-08-26T10:00:19.549394+00:00
,Turkiye,Hakan Çalhanoğlu,1,MF,Defensive Midfield,4-3-3,62,0,market-value/caps positional projection,2026-08-26T10:00:19.549394+00:00
,Turkiye,Kenan Yıldız,1,FW,Left Winger,4-3-3,62,0,market-value/caps positional projection,2026-08-26T10:00:19.549394+00:00
,Turkiye,Altay Bayındır,0,GK,Goalkeeper,4-3-3,48,0,market-value/caps positional projection,2026-08-26T10:00:19.549394+00:00
,Turkiye,Eren Elmalı,0,DF,Left-Back,4-3-3,48,0,market-value/caps positional projection,2026-08-26T10:00:19.549394+00:00
,Turkiye,Abdülkerim Bardakcı,0,DF,Centre-Back,4-3-3,48,0,market-value/caps positional projection,2026-08-26T10:00:19.549394+00:00
,Turkiye,Ozan Kabak,0,DF,Centre-Back,4-3-3,48,0,market-value/caps positional projection,2026-08-26T10:00:19.549394+00:00
,Turkiye,İsmail Yüksek,0,MF,Defensive Midfield,4-3-3,48,0,market-value/caps positional projection,2026-08-26T10:00:19.549394+00:00
,Turkiye,İrfan Can Kahveci,0,FW,Right Winger,4-3-3,48,0,market-value/caps positional projection,2026-08-26T10:00:19.549394+00:00
,Turkiye,Mert Müldür,0,DF,Right-Back,4-3-3,48,0,market-value/caps positional projection,2026-08-26T10:00:19.549394+00:00
,Turkiye,Yunus Akgün,0,FW,Right Winger,4-3-3,48,0,market-value/caps positional projection,2026-08-26T10:00:19.549394+00:00
,Turkiye,Ferdi Kadıoğlu,1,DF,Left-Back,4-3-3,62,0,market-value/caps positional projection,2026-08-26T10:00:19.549394+00:00
,Turkiye,Barış Alper Yılmaz,0,FW,Left Winger,4-3-3,48,0,market-value/caps positional projection,2026-08-26T10:00:19.549394+00:00
,Turkiye,Kaan Ayhan,1,MF,Defensive Midfield,4-3-3,62,0,market-value/caps positional projection,2026-08-26T10:00:19.549394+00:00
,Turkiye,Uğurcan Çakır,1,GK,Goalkeeper,4-3-3,62,0,market-value/caps positional projection,2026-08-26T10:00:19.549394+00:00
,Turkiye,Oğuz Aydın,0,FW,Right Winger,4-3-3,48,0,market-value/caps positional projection,2026-08-26T10:00:19.549394+00:00
,Turkiye,Samet Akaydin,0,DF,Centre-Back,4-3-3,48,0,market-value/caps positional projection,2026-08-26T10:00:19.549394+00:00
,Turkiye,Can Uzun,0,FW,Attacking Midfield,4-3-3,48,0,market-value/caps positional projection,2026-08-26T10:00:19.549394+00:00
,USA,Matt Turner,1,GK,Goalkeeper,3-4-3,62,0,market-value/caps positional projection,2026-08-26T10:00:19.549394+00:00
,USA,Sergiño Dest,1,DF,Right-Back,3-4-3,62,0,market-value/caps positional projection,2026-08-26T10:00:19.549394+00:00
,USA,Chris Richards,1,DF,Centre-Back,3-4-3,62,0,market-value/caps positional projection,2026-08-26T10:00:19.549394+00:00
,USA,Tyler Adams,1,MF,Defensive Midfield,3-4-3,62,0,market-value/caps positional projection,2026-08-26T10:00:19.549394+00:00
,USA,Antonee Robinson,1,DF,Left-Back,3-4-3,62,0,market-value/caps positional projection,2026-08-26T10:00:19.549394+00:00
,USA,Auston Trusty,0,DF,Centre-Back,3-4-3,48,0,market-value/caps positional projection,2026-08-26T10:00:19.549394+00:00
,USA,Giovanni Reyna,1,MF,Attacking Midfield,3-4-3,62,0,market-value/caps positional projection,2026-08-26T10:00:19.549394+00:00
,USA,Weston McKennie,1,MF,Central Midfield,3-4-3,62,0,market-value/caps positional projection,2026-08-26T10:00:19.549394+00:00
,USA,Ricardo Pepi,0,FW,Centre-Forward,3-4-3,48,0,market-value/caps positional projection,2026-08-26T10:00:19.549394+00:00
,USA,Christian Pulisic,1,FW,Right Winger,3-4-3,62,0,market-value/caps positional projection,2026-08-26T10:00:19.549394+00:00
,USA,Brenden Aaronson,1,FW,Attacking Midfield,3-4-3,62,0,market-value/caps positional projection,2026-08-26T10:00:19.549394+00:00
,USA,Miles Robinson,0,DF,Centre-Back,3-4-3,48,0,market-value/caps positional projection,2026-08-26T10:00:19.549394+00:00
,USA,Tim Ream,0,DF,Centre-Back,3-4-3,48,0,market-value/caps positional projection,2026-08-26T10:00:19.549394+00:00
,USA,Sebastian Berhalter,0,MF,Central Midfield,3-4-3,48,0,market-value/caps positional projection,2026-08-26T10:00:19.549394+00:00
,USA,Cristian Roldan,0,MF,Central Midfield,3-4-3,48,0,market-value/caps positional projection,2026-08-26T10:00:19.549394+00:00
,USA,Alex Freeman,0,DF,Right-Back,3-4-3,48,0,market-value/caps positional projection,2026-08-26T10:00:19.549394+00:00
,USA,Malik Tillman,1,MF,Attacking Midfield,3-4-3,62,0,market-value/caps positional projection,2026-08-26T10:00:19.549394+00:00
,USA,Max Arfsten,0,DF,Left Winger,3-4-3,48,0,market-value/caps positional projection,2026-08-26T10:00:19.549394+00:00
,USA,Haji Wright,0,FW,Centre-Forward,3-4-3,48,0,market-value/caps positional projection,2026-08-26T10:00:19.549394+00:00
,USA,Folarin Balogun,0,FW,Centre-Forward,3-4-3,48,0,market-value/caps positional projection,2026-08-26T10:00:19.549394+00:00
,USA,Timothy Weah,1,FW,Right Midfield,3-4-3,62,0,market-value/caps positional projection,2026-08-26T10:00:19.549394+00:00
,USA,Mark McKenzie,0,DF,Centre-Back,3-4-3,48,0,market-value/caps positional projection,2026-08-26T10:00:19.549394+00:00
,USA,Joe Scally,0,DF,Right-Back,3-4-3,48,0,market-value/caps positional projection,2026-08-26T10:00:19.549394+00:00
,USA,Matt Freese,0,GK,Goalkeeper,3-4-3,48,0,market-value/caps positional projection,2026-08-26T10:00:19.549394+00:00
,USA,Chris Brady,0,GK,Goalkeeper,3-4-3,48,0,market-value/caps positional projection,2026-08-26T10:00:19.549394+00:00
,USA,Alejandro Zendejas,0,FW,,3-4-3,48,0,market-value/caps positional projection,2026-08-26T10:00:19.549394+00:00
,Curacao,Eloy Room,1,GK,Goalkeeper,4-3-3,62,0,market-value/caps positional projection,2026-08-26T10:00:19.549394+00:00
,Curacao,Shurandy Sambo,0,DF,Right-Back,4-3-3,48,0,market-value/caps positional projection,2026-08-26T10:00:19.549394+00:00
,Curacao,Juriën Gaari,1,DF,Centre-Back,4-3-3,62,0,market-value/caps positional projection,2026-08-26T10:00:19.549394+00:00
,Curacao,Roshon van Eijma,0,DF,Centre-Back,4-3-3,48,0,market-value/caps positional projection,2026-08-26T10:00:19.549394+00:00
,Curacao,Sherel Floranus,1,DF,Left-Back,4-3-3,62,0,market-value/caps positional projection,2026-08-26T10:00:19.549394+00:00
,Curacao,Godfried Roemeratoe,0,MF,Defensive Midfield,4-3-3,48,0,market-value/caps positional projection,2026-08-26T10:00:19.549394+00:00
,Curacao,Juninho Bacuna,1,MF,Central Midfield,4-3-3,62,0,market-value/caps positional projection,2026-08-26T10:00:19.549394+00:00
,Curacao,Livano Comenencia,0,MF,Right-Back,4-3-3,48,0,market-value/caps positional projection,2026-08-26T10:00:19.549394+00:00
,Curacao,Jürgen Locadia,0,FW,Centre-Forward,4-3-3,48,0,market-value/caps positional projection,2026-08-26T10:00:19.549394+00:00
,Curacao,Leandro Bacuna,1,MF,Central Midfield,4-3-3,62,0,market-value/caps positional projection,2026-08-26T10:00:19.549394+00:00
,Curacao,Jeremy Antonisse,1,FW,Left Winger,4-3-3,62,0,market-value/caps positional projection,2026-08-26T10:00:19.549394+00:00
,Curacao,Sontje Hansen,0,FW,Right Winger,4-3-3,48,0,market-value/caps positional projection,2026-08-26T10:00:19.549394+00:00
,Curacao,Tyrese Noslin,0,FW,Right Midfield,4-3-3,48,0,market-value/caps positional projection,2026-08-26T10:00:19.549394+00:00
,Curacao,Kenji Gorré,1,FW,Left Winger,4-3-3,62,0,market-value/caps positional projection,2026-08-26T10:00:19.549394+00:00
,Curacao,Ar'jany Martha,0,MF,Right Winger,4-3-3,48,0,market-value/caps positional projection,2026-08-26T10:00:19.549394+00:00
,Curacao,Jearl Margaritha,1,FW,Left Winger,4-3-3,62,0,market-value/caps positional projection,2026-08-26T10:00:19.549394+00:00
,Curacao,Brandley Kuwas,0,FW,Right Winger,4-3-3,48,0,market-value/caps positional projection,2026-08-26T10:00:19.549394+00:00
,Curacao,Armando Obispo,1,DF,Centre-Back,4-3-3,62,0,market-value/caps positional projection,2026-08-26T10:00:19.549394+00:00
,Curacao,Gervane Kastaneer,0,FW,Centre-Forward,4-3-3,48,0,market-value/caps positional projection,2026-08-26T10:00:19.549394+00:00
,Curacao,Joshua Brenet,1,DF,Right-Back,4-3-3,62,0,market-value/caps positional projection,2026-08-26T10:00:19.549394+00:00
,Curacao,Tahith Chong,1,MF,Attacking Midfield,4-3-3,62,0,market-value/caps positional projection,2026-08-26T10:00:19.549394+00:00
,Curacao,Kevin Felida,0,MF,Defensive Midfield,4-3-3,48,0,market-value/caps positional projection,2026-08-26T10:00:19.549394+00:00
,Curacao,Riechedly Bazoer,0,DF,Centre-Back,4-3-3,48,0,market-value/caps positional projection,2026-08-26T10:00:19.549394+00:00
,Curacao,Deveron Fonville,0,DF,Centre-Back,4-3-3,48,0,market-value/caps positional projection,2026-08-26T10:00:19.549394+00:00
,Curacao,Tyrick Bodak,0,GK,Goalkeeper,4-3-3,48,0,market-value/caps positional projection,2026-08-26T10:00:19.549394+00:00
,Curacao,Trevor Doornbusch,0,GK,Goalkeeper,4-3-3,48,0,market-value/caps positional projection,2026-08-26T10:00:19.549394+00:00
,Ecuador,Hernán Galíndez,1,GK,Goalkeeper,4-3-3,62,0,market-value/caps positional projection,2026-08-26T10:00:19.549394+00:00
,Ecuador,Félix Torres,0,DF,Centre-Back,4-3-3,48,0,market-value/caps positional projection,2026-08-26T10:00:19.549394+00:00
,Ecuador,Piero Hincapié,1,DF,Centre-Back,4-3-3,62,0,market-value/caps positional projection,2026-08-26T10:00:19.549394+00:00
,Ecuador,Joel Ordóñez,0,DF,Centre-Back,4-3-3,48,0,market-value/caps positional projection,2026-08-26T10:00:19.549394+00:00
,Ecuador,Jordy Alcívar,0,MF,Defensive Midfield,4-3-3,48,0,market-value/caps positional projection,2026-08-26T10:00:19.549394+00:00
,Ecuador,Willian Pacho,1,DF,Centre-Back,4-3-3,62,0,market-value/caps positional projection,2026-08-26T10:00:19.549394+00:00
,Ecuador,Pervis Estupiñán,1,DF,Left-Back,4-3-3,62,0,market-value/caps positional projection,2026-08-26T10:00:19.549394+00:00
,Ecuador,Anthony Valencia,0,MF,Right Winger,4-3-3,48,0,market-value/caps positional projection,2026-08-26T10:00:19.549394+00:00
,Ecuador,John Yeboah,0,FW,Second Striker,4-3-3,48,0,market-value/caps positional projection,2026-08-26T10:00:19.549394+00:00
,Ecuador,Kendry Páez,1,MF,Attacking Midfield,4-3-3,62,0,market-value/caps positional projection,2026-08-26T10:00:19.549394+00:00
,Ecuador,Kevin Rodríguez,1,FW,Centre-Forward,4-3-3,62,0,market-value/caps positional projection,2026-08-26T10:00:19.549394+00:00
,Ecuador,Moisés Ramírez,0,GK,Goalkeeper,4-3-3,48,0,market-value/caps positional projection,2026-08-26T10:00:19.549394+00:00
,Ecuador,Enner Valencia,1,FW,Centre-Forward,4-3-3,62,0,market-value/caps positional projection,2026-08-26T10:00:19.549394+00:00
,Ecuador,Alan Minda,0,MF,Right Winger,4-3-3,48,0,market-value/caps positional projection,2026-08-26T10:00:19.549394+00:00
,Ecuador,Pedro Vite,0,MF,Central Midfield,4-3-3,48,0,market-value/caps positional projection,2026-08-26T10:00:19.549394+00:00
,Ecuador,Jordy Caicedo,0,FW,Centre-Forward,4-3-3,48,0,market-value/caps positional projection,2026-08-26T10:00:19.549394+00:00
,Ecuador,Ángelo Preciado,1,DF,Right-Back,4-3-3,62,0,market-value/caps positional projection,2026-08-26T10:00:19.549394+00:00
,Ecuador,Denil Castillo,0,MF,Central Midfield,4-3-3,48,0,market-value/caps positional projection,2026-08-26T10:00:19.549394+00:00
,Ecuador,Gonzalo Plata,1,FW,Right Winger,4-3-3,62,0,market-value/caps positional projection,2026-08-26T10:00:19.549394+00:00
,Ecuador,Nilson Angulo,0,FW,Left Winger,4-3-3,48,0,market-value/caps positional projection,2026-08-26T10:00:19.549394+00:00
,Ecuador,Alan Franco,1,MF,Central Midfield,4-3-3,62,0,market-value/caps positional projection,2026-08-26T10:00:19.549394+00:00
,Ecuador,Gonzalo Valle,0,GK,Goalkeeper,4-3-3,48,0,market-value/caps positional projection,2026-08-26T10:00:19.549394+00:00
,Ecuador,Moisés Caicedo,1,MF,Defensive Midfield,4-3-3,62,0,market-value/caps positional projection,2026-08-26T10:00:19.549394+00:00
,Ecuador,Jeremy Arévalo,0,FW,Centre-Forward,4-3-3,48,0,market-value/caps positional projection,2026-08-26T10:00:19.549394+00:00
,Ecuador,Jackson Porozo,0,DF,Centre-Back,4-3-3,48,0,market-value/caps positional projection,2026-08-26T10:00:19.549394+00:00
,Ecuador,Yaimar Medina,0,DF,Left-Back,4-3-3,48,0,market-value/caps positional projection,2026-08-26T10:00:19.549394+00:00
,Germany,Manuel Neuer,1,GK,Goalkeeper,4-2-3-1,62,0,market-value/caps positional projection,2026-08-26T10:00:19.549394+00:00
,Germany,Antonio Rüdiger,1,DF,Centre-Back,4-2-3-1,62,0,market-value/caps positional projection,2026-08-26T10:00:19.549394+00:00
,Germany,Waldemar Anton,0,DF,Centre-Back,4-2-3-1,48,0,market-value/caps positional projection,2026-08-26T10:00:19.549394+00:00
,Germany,Jonathan Tah,1,DF,Centre-Back,4-2-3-1,62,0,market-value/caps positional projection,2026-08-26T10:00:19.549394+00:00
,Germany,Aleksandar Pavlović,1,MF,Defensive Midfield,4-2-3-1,62,0,market-value/caps positional projection,2026-08-26T10:00:19.549394+00:00
,Germany,Joshua Kimmich,1,DF,Defensive Midfield,4-2-3-1,62,0,market-value/caps positional projection,2026-08-26T10:00:19.549394+00:00
,Germany,Kai Havertz,1,FW,Centre-Forward,4-2-3-1,62,0,market-value/caps positional projection,2026-08-26T10:00:19.549394+00:00
,Germany,Leon Goretzka,1,MF,Central Midfield,4-2-3-1,62,0,market-value/caps positional projection,2026-08-26T10:00:19.549394+00:00
,Germany,Jamie Leweling,0,MF,Right Winger,4-2-3-1,48,0,market-value/caps positional projection,2026-08-26T10:00:19.549394+00:00
,Germany,Jamal Musiala,1,MF,Attacking Midfield,4-2-3-1,62,0,market-value/caps positional projection,2026-08-26T10:00:19.549394+00:00
,Germany,Nick Woltemade,0,FW,Centre-Forward,4-2-3-1,48,0,market-value/caps positional projection,2026-08-26T10:00:19.549394+00:00
,Germany,Oliver Baumann,0,GK,Goalkeeper,4-2-3-1,48,0,market-value/caps positional projection,2026-08-26T10:00:19.549394+00:00
,Germany,Pascal Groß,0,MF,Central Midfield,4-2-3-1,48,0,market-value/caps positional projection,2026-08-26T10:00:19.549394+00:00
,Germany,Maximilian Beier,0,FW,Centre-Forward,4-2-3-1,48,0,market-value/caps positional projection,2026-08-26T10:00:19.549394+00:00
,Germany,Nico Schlotterbeck,0,DF,Centre-Back,4-2-3-1,48,0,market-value/caps positional projection,2026-08-26T10:00:19.549394+00:00
,Germany,Angelo Stiller,0,MF,Defensive Midfield,4-2-3-1,48,0,market-value/caps positional projection,2026-08-26T10:00:19.549394+00:00
,Germany,Florian Wirtz,1,MF,Attacking Midfield,4-2-3-1,62,0,market-value/caps positional projection,2026-08-26T10:00:19.549394+00:00
,Germany,Nathaniel Brown,0,DF,Left-Back,4-2-3-1,48,0,market-value/caps positional projection,2026-08-26T10:00:19.549394+00:00
,Germany,Leroy Sané,1,MF,Right Winger,4-2-3-1,62,0,market-value/caps positional projection,2026-08-26T10:00:19.549394+00:00
,Germany,Nadiem Amiri,0,MF,Central Midfield,4-2-3-1,48,0,market-value/caps positional projection,2026-08-26T10:00:19.549394+00:00
,Germany,Alexander Nübel,0,GK,Goalkeeper,4-2-3-1,48,0,market-value/caps positional projection,2026-08-26T10:00:19.549394+00:00
,Germany,David Raum,1,DF,Left-Back,4-2-3-1,62,0,market-value/caps positional projection,2026-08-26T10:00:19.549394+00:00
,Germany,Felix Nmecha,0,MF,Central Midfield,4-2-3-1,48,0,market-value/caps positional projection,2026-08-26T10:00:19.549394+00:00
,Germany,Malick Thiaw,0,DF,Centre-Back,4-2-3-1,48,0,market-value/caps positional projection,2026-08-26T10:00:19.549394+00:00
,Germany,Assan Ouédraogo,0,MF,Central Midfield,4-2-3-1,48,0,market-value/caps positional projection,2026-08-26T10:00:19.549394+00:00
,Germany,Deniz Undav,0,FW,Centre-Forward,4-2-3-1,48,0,market-value/caps positional projection,2026-08-26T10:00:19.549394+00:00
,Cote d'Ivoire,Yahia Fofana,1,GK,Goalkeeper,4-3-3,62,0,market-value/caps positional projection,2026-08-26T10:00:19.549394+00:00
,Cote d'Ivoire,Ousmane Diomande,0,DF,Centre-Back,4-3-3,48,0,market-value/caps positional projection,2026-08-26T10:00:19.549394+00:00
,Cote d'Ivoire,Ghislain Konan,1,DF,Left-Back,4-3-3,62,0,market-value/caps positional projection,2026-08-26T10:00:19.549394+00:00
,Cote d'Ivoire,Jean Michaël Seri,0,MF,Defensive Midfield,4-3-3,48,0,market-value/caps positional projection,2026-08-26T10:00:19.549394+00:00
,Cote d'Ivoire,Wilfried Singo,1,DF,Right-Back,4-3-3,62,0,market-value/caps positional projection,2026-08-26T10:00:19.549394+00:00
,Cote d'Ivoire,Seko Fofana,1,MF,Central Midfield,4-3-3,62,0,market-value/caps positional projection,2026-08-26T10:00:19.549394+00:00
,Cote d'Ivoire,Odilon Kossounou,1,DF,Centre-Back,4-3-3,62,0,market-value/caps positional projection,2026-08-26T10:00:19.549394+00:00
,Cote d'Ivoire,Franck Kessié,1,MF,Central Midfield,4-3-3,62,0,market-value/caps positional projection,2026-08-26T10:00:19.549394+00:00
,Cote d'Ivoire,Ange-Yoan Bonny,0,FW,Centre-Forward,4-3-3,48,0,market-value/caps positional projection,2026-08-26T10:00:19.549394+00:00
,Cote d'Ivoire,Simon Adingra,1,FW,Left Winger,4-3-3,62,0,market-value/caps positional projection,2026-08-26T10:00:19.549394+00:00
,Cote d'Ivoire,Yan Diomande,0,FW,Left Winger,4-3-3,48,0,market-value/caps positional projection,2026-08-26T10:00:19.549394+00:00
,Cote d'Ivoire,Elye Wahi,0,FW,Centre-Forward,4-3-3,48,0,market-value/caps positional projection,2026-08-26T10:00:19.549394+00:00
,Cote d'Ivoire,Christopher Opéri,0,DF,Left-Back,4-3-3,48,0,market-value/caps positional projection,2026-08-26T10:00:19.549394+00:00
,Cote d'Ivoire,Oumar Diakité,0,FW,Centre-Forward,4-3-3,48,0,market-value/caps positional projection,2026-08-26T10:00:19.549394+00:00
,Cote d'Ivoire,Amad Diallo,1,FW,Right Winger,4-3-3,62,0,market-value/caps positional projection,2026-08-26T10:00:19.549394+00:00
,Cote d'Ivoire,Mohamed Koné,0,GK,Goalkeeper,4-3-3,48,0,market-value/caps positional projection,2026-08-26T10:00:19.549394+00:00
,Cote d'Ivoire,Guéla Doué,0,DF,Right-Back,4-3-3,48,0,market-value/caps positional projection,2026-08-26T10:00:19.549394+00:00
,Cote d'Ivoire,Ibrahim Sangaré,1,MF,Defensive Midfield,4-3-3,62,0,market-value/caps positional projection,2026-08-26T10:00:19.549394+00:00
,Cote d'Ivoire,Nicolas Pépé,1,FW,Right Winger,4-3-3,62,0,market-value/caps positional projection,2026-08-26T10:00:19.549394+00:00
,Cote d'Ivoire,Emmanuel Agbadou,0,DF,Centre-Back,4-3-3,48,0,market-value/caps positional projection,2026-08-26T10:00:19.549394+00:00
,Cote d'Ivoire,Evan Ndicka,1,DF,Centre-Back,4-3-3,62,0,market-value/caps positional projection,2026-08-26T10:00:19.549394+00:00
,Cote d'Ivoire,Evann Guessand,0,FW,Right Winger,4-3-3,48,0,market-value/caps positional projection,2026-08-26T10:00:19.549394+00:00
,Cote d'Ivoire,Alban Lafont,0,GK,Goalkeeper,4-3-3,48,0,market-value/caps positional projection,2026-08-26T10:00:19.549394+00:00
,Cote d'Ivoire,Bazoumana Touré,0,FW,Left Winger,4-3-3,48,0,market-value/caps positional projection,2026-08-26T10:00:19.549394+00:00
,Cote d'Ivoire,Parfait Guiagon,0,MF,Left Winger,4-3-3,48,0,market-value/caps positional projection,2026-08-26T10:00:19.549394+00:00
,Cote d'Ivoire,Christ Inao Oulaï,0,MF,Central Midfield,4-3-3,48,0,market-value/caps positional projection,2026-08-26T10:00:19.549394+00:00
,Japan,Zion Suzuki,1,GK,Goalkeeper,4-2-3-1,62,0,market-value/caps positional projection,2026-08-26T10:00:19.549394+00:00
,Japan,Yukinari Sugawara,0,DF,Right-Back,4-2-3-1,48,0,market-value/caps positional projection,2026-08-26T10:00:19.549394+00:00
,Japan,Shōgo Taniguchi,0,DF,Centre-Back,4-2-3-1,48,0,market-value/caps positional projection,2026-08-26T10:00:19.549394+00:00
,Japan,Kō Itakura,1,DF,Centre-Back,4-2-3-1,62,0,market-value/caps positional projection,2026-08-26T10:00:19.549394+00:00
,Japan,Yūto Nagatomo,1,DF,Left-Back,4-2-3-1,62,0,market-value/caps positional projection,2026-08-26T10:00:19.549394+00:00
,Japan,Shūto Machino,0,FW,Centre-Forward,4-2-3-1,48,0,market-value/caps positional projection,2026-08-26T10:00:19.549394+00:00
,Japan,Ao Tanaka,1,MF,Central Midfield,4-2-3-1,62,0,market-value/caps positional projection,2026-08-26T10:00:19.549394+00:00
,Japan,Takefusa Kubo,1,MF,Right Winger,4-2-3-1,62,0,market-value/caps positional projection,2026-08-26T10:00:19.549394+00:00
,Japan,Keisuke Gotō,0,FW,Centre-Forward,4-2-3-1,48,0,market-value/caps positional projection,2026-08-26T10:00:19.549394+00:00
,Japan,Ritsu Dōan,1,MF,Right Winger,4-2-3-1,62,0,market-value/caps positional projection,2026-08-26T10:00:19.549394+00:00
,Japan,Daizen Maeda,0,MF,Left Winger,4-2-3-1,48,0,market-value/caps positional projection,2026-08-26T10:00:19.549394+00:00
,Japan,Keisuke Ōsako,0,GK,Goalkeeper,4-2-3-1,48,0,market-value/caps positional projection,2026-08-26T10:00:19.549394+00:00
,Japan,Keito Nakamura,0,MF,Left Winger,4-2-3-1,48,0,market-value/caps positional projection,2026-08-26T10:00:19.549394+00:00
,Japan,Junya Itō,1,MF,Right Winger,4-2-3-1,62,0,market-value/caps positional projection,2026-08-26T10:00:19.549394+00:00
,Japan,Daichi Kamada,1,MF,Attacking Midfield,4-2-3-1,62,0,market-value/caps positional projection,2026-08-26T10:00:19.549394+00:00
,Japan,Tsuyoshi Watanabe,0,DF,Centre-Back,4-2-3-1,48,0,market-value/caps positional projection,2026-08-26T10:00:19.549394+00:00
,Japan,Yuito Suzuki,0,MF,Second Striker,4-2-3-1,48,0,market-value/caps positional projection,2026-08-26T10:00:19.549394+00:00
,Japan,Ayase Ueda,1,FW,Centre-Forward,4-2-3-1,62,0,market-value/caps positional projection,2026-08-26T10:00:19.549394+00:00
,Japan,Kōki Ogawa,0,FW,Centre-Forward,4-2-3-1,48,0,market-value/caps positional projection,2026-08-26T10:00:19.549394+00:00
,Japan,Ayumu Seko,0,DF,Centre-Back,4-2-3-1,48,0,market-value/caps positional projection,2026-08-26T10:00:19.549394+00:00
,Japan,Hiroki Itō,1,DF,Centre-Back,4-2-3-1,62,0,market-value/caps positional projection,2026-08-26T10:00:19.549394+00:00
,Japan,Takehiro Tomiyasu,1,DF,Centre-Back,4-2-3-1,62,0,market-value/caps positional projection,2026-08-26T10:00:19.549394+00:00
,Japan,Tomoki Hayakawa,0,GK,Goalkeeper,4-2-3-1,48,0,market-value/caps positional projection,2026-08-26T10:00:19.549394+00:00
,Japan,Kaishū Sano,0,MF,Defensive Midfield,4-2-3-1,48,0,market-value/caps positional projection,2026-08-26T10:00:19.549394+00:00
,Japan,Junnosuke Suzuki,0,DF,Centre-Back,4-2-3-1,48,0,market-value/caps positional projection,2026-08-26T10:00:19.549394+00:00
,Japan,Kento Shiogai,0,FW,Centre-Forward,4-2-3-1,48,0,market-value/caps positional projection,2026-08-26T10:00:19.549394+00:00
,Netherlands,Bart Verbruggen,1,GK,Goalkeeper,4-3-3,62,0,market-value/caps positional projection,2026-08-26T10:00:19.549394+00:00
,Netherlands,Lutsharel Geertruida,0,DF,Right-Back,4-3-3,48,0,market-value/caps positional projection,2026-08-26T10:00:19.549394+00:00
,Netherlands,Marten de Roon,0,MF,Defensive Midfield,4-3-3,48,0,market-value/caps positional projection,2026-08-26T10:00:19.549394+00:00
,Netherlands,Virgil van Dijk,1,DF,Centre-Back,4-3-3,62,0,market-value/caps positional projection,2026-08-26T10:00:19.549394+00:00
,Netherlands,Nathan Aké,1,DF,Centre-Back,4-3-3,62,0,market-value/caps positional projection,2026-08-26T10:00:19.549394+00:00
,Netherlands,Jan Paul van Hecke,0,DF,Centre-Back,4-3-3,48,0,market-value/caps positional projection,2026-08-26T10:00:19.549394+00:00
,Netherlands,Justin Kluivert,0,MF,Attacking Midfield,4-3-3,48,0,market-value/caps positional projection,2026-08-26T10:00:19.549394+00:00
,Netherlands,Ryan Gravenberch,1,MF,Defensive Midfield,4-3-3,62,0,market-value/caps positional projection,2026-08-26T10:00:19.549394+00:00
,Netherlands,Wout Weghorst,0,FW,Centre-Forward,4-3-3,48,0,market-value/caps positional projection,2026-08-26T10:00:19.549394+00:00
,Netherlands,Memphis Depay,1,FW,Centre-Forward,4-3-3,62,0,market-value/caps positional projection,2026-08-26T10:00:19.549394+00:00
,Netherlands,Cody Gakpo,1,FW,Left Winger,4-3-3,62,0,market-value/caps positional projection,2026-08-26T10:00:19.549394+00:00
,Netherlands,Mats Wieffer,0,DF,Right-Back,4-3-3,48,0,market-value/caps positional projection,2026-08-26T10:00:19.549394+00:00
,Netherlands,Robin Roefs,0,GK,Goalkeeper,4-3-3,48,0,market-value/caps positional projection,2026-08-26T10:00:19.549394+00:00
,Netherlands,Tijjani Reijnders,1,MF,Central Midfield,4-3-3,62,0,market-value/caps positional projection,2026-08-26T10:00:19.549394+00:00
,Netherlands,Micky van de Ven,1,DF,Centre-Back,4-3-3,62,0,market-value/caps positional projection,2026-08-26T10:00:19.549394+00:00
,Netherlands,Guus Til,0,MF,Attacking Midfield,4-3-3,48,0,market-value/caps positional projection,2026-08-26T10:00:19.549394+00:00
,Netherlands,Noa Lang,0,FW,Left Winger,4-3-3,48,0,market-value/caps positional projection,2026-08-26T10:00:19.549394+00:00
,Netherlands,Donyell Malen,1,FW,Centre-Forward,4-3-3,62,0,market-value/caps positional projection,2026-08-26T10:00:19.549394+00:00
,Netherlands,Brian Brobbey,0,FW,Centre-Forward,4-3-3,48,0,market-value/caps positional projection,2026-08-26T10:00:19.549394+00:00
,Netherlands,Teun Koopmeiners,0,MF,Defensive Midfield,4-3-3,48,0,market-value/caps positional projection,2026-08-26T10:00:19.549394+00:00
,Netherlands,Frenkie de Jong,1,MF,Central Midfield,4-3-3,62,0,market-value/caps positional projection,2026-08-26T10:00:19.549394+00:00
,Netherlands,Denzel Dumfries,1,DF,Right-Back,4-3-3,62,0,market-value/caps positional projection,2026-08-26T10:00:19.549394+00:00
,Netherlands,Mark Flekken,0,GK,Goalkeeper,4-3-3,48,0,market-value/caps positional projection,2026-08-26T10:00:19.549394+00:00
,Netherlands,Crysencio Summerville,0,FW,Left Winger,4-3-3,48,0,market-value/caps positional projection,2026-08-26T10:00:19.549394+00:00
,Netherlands,Jorrel Hato,0,DF,Left-Back,4-3-3,48,0,market-value/caps positional projection,2026-08-26T10:00:19.549394+00:00
,Netherlands,Quinten Timber,0,MF,Central Midfield,4-3-3,48,0,market-value/caps positional projection,2026-08-26T10:00:19.549394+00:00
,Sweden,Jacob Widell Zetterström,0,GK,Goalkeeper,4-3-3,48,0,market-value/caps positional projection,2026-08-26T10:00:19.549394+00:00
,Sweden,Gustaf Lagerbielke,0,DF,Centre-Back,4-3-3,48,0,market-value/caps positional projection,2026-08-26T10:00:19.549394+00:00
,Sweden,Victor Lindelöf,1,DF,Centre-Back,4-3-3,62,0,market-value/caps positional projection,2026-08-26T10:00:19.549394+00:00
,Sweden,Isak Hien,1,DF,Centre-Back,4-3-3,62,0,market-value/caps positional projection,2026-08-26T10:00:19.549394+00:00
,Sweden,Gabriel Gudmundsson,1,DF,Left-Back,4-3-3,62,0,market-value/caps positional projection,2026-08-26T10:00:19.549394+00:00
,Sweden,Herman Johansson,0,DF,Right Midfield,4-3-3,48,0,market-value/caps positional projection,2026-08-26T10:00:19.549394+00:00
,Sweden,Lucas Bergvall,1,MF,Central Midfield,4-3-3,62,0,market-value/caps positional projection,2026-08-26T10:00:19.549394+00:00
,Sweden,Daniel Svensson,1,DF,Left-Back,4-3-3,62,0,market-value/caps positional projection,2026-08-26T10:00:19.549394+00:00
,Sweden,Alexander Isak,1,FW,Centre-Forward,4-3-3,62,0,market-value/caps positional projection,2026-08-26T10:00:19.549394+00:00
,Sweden,Benjamin Nygren,0,MF,Attacking Midfield,4-3-3,48,0,market-value/caps positional projection,2026-08-26T10:00:19.549394+00:00
,Sweden,Anthony Elanga,1,FW,Right Winger,4-3-3,62,0,market-value/caps positional projection,2026-08-26T10:00:19.549394+00:00
,Sweden,Viktor Johansson,1,GK,Goalkeeper,4-3-3,62,0,market-value/caps positional projection,2026-08-26T10:00:19.549394+00:00
,Sweden,Ken Sema,0,MF,Left-Back,4-3-3,48,0,market-value/caps positional projection,2026-08-26T10:00:19.549394+00:00
,Sweden,Hjalmar Ekdal,0,DF,Centre-Back,4-3-3,48,0,market-value/caps positional projection,2026-08-26T10:00:19.549394+00:00
,Sweden,Carl Starfelt,0,DF,Centre-Back,4-3-3,48,0,market-value/caps positional projection,2026-08-26T10:00:19.549394+00:00
,Sweden,Jesper Karlström,0,MF,Defensive Midfield,4-3-3,48,0,market-value/caps positional projection,2026-08-26T10:00:19.549394+00:00
,Sweden,Viktor Gyökeres,1,FW,Centre-Forward,4-3-3,62,0,market-value/caps positional projection,2026-08-26T10:00:19.549394+00:00
,Sweden,Yasin Ayari,1,MF,Central Midfield,4-3-3,62,0,market-value/caps positional projection,2026-08-26T10:00:19.549394+00:00
,Sweden,Mattias Svanberg,1,MF,Central Midfield,4-3-3,62,0,market-value/caps positional projection,2026-08-26T10:00:19.549394+00:00
,Sweden,Eric Smith,0,DF,Centre-Back,4-3-3,48,0,market-value/caps positional projection,2026-08-26T10:00:19.549394+00:00
,Sweden,Alexander Bernhardsson,0,DF,Right Winger,4-3-3,48,0,market-value/caps positional projection,2026-08-26T10:00:19.549394+00:00
,Sweden,Besfort Zeneli,0,MF,Central Midfield,4-3-3,48,0,market-value/caps positional projection,2026-08-26T10:00:19.549394+00:00
,Sweden,Kristoffer Nordfeldt,0,GK,Goalkeeper,4-3-3,48,0,market-value/caps positional projection,2026-08-26T10:00:19.549394+00:00
,Sweden,Elliot Stroud,0,DF,Left Midfield,4-3-3,48,0,market-value/caps positional projection,2026-08-26T10:00:19.549394+00:00
,Sweden,Gustaf Nilsson,0,FW,Centre-Forward,4-3-3,48,0,market-value/caps positional projection,2026-08-26T10:00:19.549394+00:00
,Sweden,Taha Ali,0,FW,Left Winger,4-3-3,48,0,market-value/caps positional projection,2026-08-26T10:00:19.549394+00:00
,Tunisia,Mouhib Chamakh,0,GK,,3-4-3,48,0,market-value/caps positional projection,2026-08-26T10:00:19.549394+00:00
,Tunisia,Ali Abdi,1,DF,Left-Back,3-4-3,62,0,market-value/caps positional projection,2026-08-26T10:00:19.549394+00:00
,Tunisia,Montassar Talbi,1,DF,Centre-Back,3-4-3,62,0,market-value/caps positional projection,2026-08-26T10:00:19.549394+00:00
,Tunisia,Omar Rekik,0,DF,Centre-Back,3-4-3,48,0,market-value/caps positional projection,2026-08-26T10:00:19.549394+00:00
,Tunisia,Adem Arous,0,DF,Centre-Back,3-4-3,48,0,market-value/caps positional projection,2026-08-26T10:00:19.549394+00:00
,Tunisia,Dylan Bronn,1,DF,Centre-Back,3-4-3,62,0,market-value/caps positional projection,2026-08-26T10:00:19.549394+00:00
,Tunisia,Elias Achouri,1,FW,Left Winger,3-4-3,62,0,market-value/caps positional projection,2026-08-26T10:00:19.549394+00:00
,Tunisia,Elias Saad,1,FW,Left Winger,3-4-3,62,0,market-value/caps positional projection,2026-08-26T10:00:19.549394+00:00
,Tunisia,Hazem Mastouri,0,FW,Centre-Forward,3-4-3,48,0,market-value/caps positional projection,2026-08-26T10:00:19.549394+00:00
,Tunisia,Hannibal Mejbri,0,MF,,3-4-3,48,0,market-value/caps positional projection,2026-08-26T10:00:19.549394+00:00
,Tunisia,Ismaël Gharbi,1,MF,Left Winger,3-4-3,62,0,market-value/caps positional projection,2026-08-26T10:00:19.549394+00:00
,Tunisia,Mortadha Ben Ouanes,0,DF,Left Winger,3-4-3,48,0,market-value/caps positional projection,2026-08-26T10:00:19.549394+00:00
,Tunisia,Rani Khedira,0,MF,Defensive Midfield,3-4-3,48,0,market-value/caps positional projection,2026-08-26T10:00:19.549394+00:00
,Tunisia,Khalil Ayari,0,MF,Right Winger,3-4-3,48,0,market-value/caps positional projection,2026-08-26T10:00:19.549394+00:00
,Tunisia,Mohamed Belhadj Mahmoud,0,MF,,3-4-3,48,0,market-value/caps positional projection,2026-08-26T10:00:19.549394+00:00
,Tunisia,Aymen Dahmen,1,GK,Goalkeeper,3-4-3,62,0,market-value/caps positional projection,2026-08-26T10:00:19.549394+00:00
,Tunisia,Ellyes Skhiri,1,MF,Defensive Midfield,3-4-3,62,0,market-value/caps positional projection,2026-08-26T10:00:19.549394+00:00
,Tunisia,Rayan Elloumi,0,FW,Centre-Forward,3-4-3,48,0,market-value/caps positional projection,2026-08-26T10:00:19.549394+00:00
,Tunisia,Firas Chaouat,1,FW,Centre-Forward,3-4-3,62,0,market-value/caps positional projection,2026-08-26T10:00:19.549394+00:00
,Tunisia,Yan Valery,0,DF,Right-Back,3-4-3,48,0,market-value/caps positional projection,2026-08-26T10:00:19.549394+00:00
,Tunisia,Mohamed Amine Ben Hamida,0,DF,Left-Back,3-4-3,48,0,market-value/caps positional projection,2026-08-26T10:00:19.549394+00:00
,Tunisia,Sabri Ben Hessen,0,GK,Goalkeeper,3-4-3,48,0,market-value/caps positional projection,2026-08-26T10:00:19.549394+00:00
,Tunisia,Moutaz Neffati,0,DF,Right-Back,3-4-3,48,0,market-value/caps positional projection,2026-08-26T10:00:19.549394+00:00
,Tunisia,Raed Chikhaoui,0,DF,Centre-Back,3-4-3,48,0,market-value/caps positional projection,2026-08-26T10:00:19.549394+00:00
,Tunisia,Anis Ben Slimane,1,MF,Attacking Midfield,3-4-3,62,0,market-value/caps positional projection,2026-08-26T10:00:19.549394+00:00
,Tunisia,Sebastian Tounekti,1,MF,Left Winger,3-4-3,62,0,market-value/caps positional projection,2026-08-26T10:00:19.549394+00:00
,Belgium,Thibaut Courtois,1,GK,Goalkeeper,3-4-3,62,0,market-value/caps positional projection,2026-08-26T10:00:19.549394+00:00
,Belgium,Zeno Debast,0,DF,Centre-Back,3-4-3,48,0,market-value/caps positional projection,2026-08-26T10:00:19.549394+00:00
,Belgium,Arthur Theate,1,DF,Centre-Back,3-4-3,62,0,market-value/caps positional projection,2026-08-26T10:00:19.549394+00:00
,Belgium,Brandon Mechele,0,DF,Centre-Back,3-4-3,48,0,market-value/caps positional projection,2026-08-26T10:00:19.549394+00:00
,Belgium,Maxim De Cuyper,0,DF,Left-Back,3-4-3,48,0,market-value/caps positional projection,2026-08-26T10:00:19.549394+00:00
,Belgium,Axel Witsel,1,MF,Defensive Midfield,3-4-3,62,0,market-value/caps positional projection,2026-08-26T10:00:19.549394+00:00
,Belgium,Kevin De Bruyne,1,MF,Attacking Midfield,3-4-3,62,0,market-value/caps positional projection,2026-08-26T10:00:19.549394+00:00
,Belgium,Youri Tielemans,1,MF,Central Midfield,3-4-3,62,0,market-value/caps positional projection,2026-08-26T10:00:19.549394+00:00
,Belgium,Romelu Lukaku,1,FW,Centre-Forward,3-4-3,62,0,market-value/caps positional projection,2026-08-26T10:00:19.549394+00:00
,Belgium,Leandro Trossard,1,FW,Left Winger,3-4-3,62,0,market-value/caps positional projection,2026-08-26T10:00:19.549394+00:00
,Belgium,Jérémy Doku,1,FW,Left Winger,3-4-3,62,0,market-value/caps positional projection,2026-08-26T10:00:19.549394+00:00
,Belgium,Senne Lammens,0,GK,Goalkeeper,3-4-3,48,0,market-value/caps positional projection,2026-08-26T10:00:19.549394+00:00
,Belgium,Mike Penders,0,GK,Goalkeeper,3-4-3,48,0,market-value/caps positional projection,2026-08-26T10:00:19.549394+00:00
,Belgium,Dodi Lukébakio,0,FW,Right Winger,3-4-3,48,0,market-value/caps positional projection,2026-08-26T10:00:19.549394+00:00
,Belgium,Thomas Meunier,1,DF,Right-Back,3-4-3,62,0,market-value/caps positional projection,2026-08-26T10:00:19.549394+00:00
,Belgium,Koni De Winter,0,DF,Centre-Back,3-4-3,48,0,market-value/caps positional projection,2026-08-26T10:00:19.549394+00:00
,Belgium,Charles De Ketelaere,0,FW,Attacking Midfield,3-4-3,48,0,market-value/caps positional projection,2026-08-26T10:00:19.549394+00:00
,Belgium,Joaquin Seys,0,DF,Left-Back,3-4-3,48,0,market-value/caps positional projection,2026-08-26T10:00:19.549394+00:00
,Belgium,Diego Moreira,0,MF,Left Midfield,3-4-3,48,0,market-value/caps positional projection,2026-08-26T10:00:19.549394+00:00
,Belgium,Hans Vanaken,0,MF,Attacking Midfield,3-4-3,48,0,market-value/caps positional projection,2026-08-26T10:00:19.549394+00:00
,Belgium,Timothy Castagne,1,DF,Right-Back,3-4-3,62,0,market-value/caps positional projection,2026-08-26T10:00:19.549394+00:00
,Belgium,Alexis Saelemaekers,0,MF,Right Midfield,3-4-3,48,0,market-value/caps positional projection,2026-08-26T10:00:19.549394+00:00
,Belgium,Nicolas Raskin,0,MF,Defensive Midfield,3-4-3,48,0,market-value/caps positional projection,2026-08-26T10:00:19.549394+00:00
,Belgium,Amadou Onana,1,MF,Defensive Midfield,3-4-3,62,0,market-value/caps positional projection,2026-08-26T10:00:19.549394+00:00
,Belgium,Nathan Ngoy,0,DF,Centre-Back,3-4-3,48,0,market-value/caps positional projection,2026-08-26T10:00:19.549394+00:00
,Belgium,Matias Fernandez-Pardo,0,FW,Centre-Forward,3-4-3,48,0,market-value/caps positional projection,2026-08-26T10:00:19.549394+00:00
,Egypt,Mohamed El Shenawy,1,GK,Goalkeeper,4-3-3,62,0,market-value/caps positional projection,2026-08-26T10:00:19.549394+00:00
,Egypt,Yasser Ibrahim,0,DF,Centre-Back,4-3-3,48,0,market-value/caps positional projection,2026-08-26T10:00:19.549394+00:00
,Egypt,Mohamed Hany,1,DF,Right-Back,4-3-3,62,0,market-value/caps positional projection,2026-08-26T10:00:19.549394+00:00
,Egypt,Hossam Abdelmaguid,0,DF,Centre-Back,4-3-3,48,0,market-value/caps positional projection,2026-08-26T10:00:19.549394+00:00
,Egypt,Ramy Rabia,1,DF,Centre-Back,4-3-3,62,0,market-value/caps positional projection,2026-08-26T10:00:19.549394+00:00
,Egypt,Mohamed Abdelmonem,1,DF,Centre-Back,4-3-3,62,0,market-value/caps positional projection,2026-08-26T10:00:19.549394+00:00
,Egypt,Trézéguet,1,FW,Left Winger,4-3-3,62,0,market-value/caps positional projection,2026-08-26T10:00:19.549394+00:00
,Egypt,Emam Ashour,1,MF,Central Midfield,4-3-3,62,0,market-value/caps positional projection,2026-08-26T10:00:19.549394+00:00
,Egypt,Hamza Abdelkarim,0,FW,Centre-Forward,4-3-3,48,0,market-value/caps positional projection,2026-08-26T10:00:19.549394+00:00
,Egypt,Mohamed Salah,1,FW,Right Winger,4-3-3,62,0,market-value/caps positional projection,2026-08-26T10:00:19.549394+00:00
,Egypt,Mostafa Ziko,0,MF,Left Winger,4-3-3,48,0,market-value/caps positional projection,2026-08-26T10:00:19.549394+00:00
,Egypt,Haissem Hassan,0,FW,Right Winger,4-3-3,48,0,market-value/caps positional projection,2026-08-26T10:00:19.549394+00:00
,Egypt,Ahmed Fatouh,1,DF,Left-Back,4-3-3,62,0,market-value/caps positional projection,2026-08-26T10:00:19.549394+00:00
,Egypt,Hamdy Fathy,1,MF,Defensive Midfield,4-3-3,62,0,market-value/caps positional projection,2026-08-26T10:00:19.549394+00:00
,Egypt,Karim Hafez,0,DF,Left-Back,4-3-3,48,0,market-value/caps positional projection,2026-08-26T10:00:19.549394+00:00
,Egypt,El Mahdy Soliman,0,GK,,4-3-3,48,0,market-value/caps positional projection,2026-08-26T10:00:19.549394+00:00
,Egypt,Mohanad Lasheen,1,MF,Defensive Midfield,4-3-3,62,0,market-value/caps positional projection,2026-08-26T10:00:19.549394+00:00
,Egypt,Nabil Emad,0,MF,,4-3-3,48,0,market-value/caps positional projection,2026-08-26T10:00:19.549394+00:00
,Egypt,Marwan Attia,0,MF,,4-3-3,48,0,market-value/caps positional projection,2026-08-26T10:00:19.549394+00:00
,Egypt,Ibrahim Adel,0,FW,Left Winger,4-3-3,48,0,market-value/caps positional projection,2026-08-26T10:00:19.549394+00:00
,Egypt,Mahmoud Saber,0,MF,Central Midfield,4-3-3,48,0,market-value/caps positional projection,2026-08-26T10:00:19.549394+00:00
,Egypt,Omar Marmoush,1,FW,Centre-Forward,4-3-3,62,0,market-value/caps positional projection,2026-08-26T10:00:19.549394+00:00
,Egypt,Mostafa Shobeir,0,GK,,4-3-3,48,0,market-value/caps positional projection,2026-08-26T10:00:19.549394+00:00
,Egypt,Tarek Alaa,0,DF,Right-Back,4-3-3,48,0,market-value/caps positional projection,2026-08-26T10:00:19.549394+00:00
,Egypt,Zizo,0,FW,Right Winger,4-3-3,48,0,market-value/caps positional projection,2026-08-26T10:00:19.549394+00:00
,Egypt,Mohamed Alaa,0,GK,Goalkeeper,4-3-3,48,0,market-value/caps positional projection,2026-08-26T10:00:19.549394+00:00
,IR Iran,Alireza Beiranvand,1,GK,Goalkeeper,4-3-3,62,0,market-value/caps positional projection,2026-08-26T10:00:19.549394+00:00
,IR Iran,Saleh Hardani,0,DF,Right-Back,4-3-3,48,0,market-value/caps positional projection,2026-08-26T10:00:19.549394+00:00
,IR Iran,Ehsan Hajsafi,1,DF,Left-Back,4-3-3,62,0,market-value/caps positional projection,2026-08-26T10:00:19.549394+00:00
,IR Iran,Shojae Khalilzadeh,0,DF,,4-3-3,48,0,market-value/caps positional projection,2026-08-26T10:00:19.549394+00:00
,IR Iran,Milad Mohammadi,1,DF,Left-Back,4-3-3,62,0,market-value/caps positional projection,2026-08-26T10:00:19.549394+00:00
,IR Iran,Saeid Ezatolahi,0,MF,,4-3-3,48,0,market-value/caps positional projection,2026-08-26T10:00:19.549394+00:00
,IR Iran,Alireza Jahanbakhsh,1,MF,Right Winger,4-3-3,62,0,market-value/caps positional projection,2026-08-26T10:00:19.549394+00:00
,IR Iran,Mohammad Mohebi,1,MF,Left Winger,4-3-3,62,0,market-value/caps positional projection,2026-08-26T10:00:19.549394+00:00
,IR Iran,Mehdi Taremi,1,FW,Centre-Forward,4-3-3,62,0,market-value/caps positional projection,2026-08-26T10:00:19.549394+00:00
,IR Iran,Mehdi Ghayedi,1,FW,Left Winger,4-3-3,62,0,market-value/caps positional projection,2026-08-26T10:00:19.549394+00:00
,IR Iran,Ali Alipour,0,FW,Centre-Forward,4-3-3,48,0,market-value/caps positional projection,2026-08-26T10:00:19.549394+00:00
,IR Iran,Payam Niazmand,0,GK,Goalkeeper,4-3-3,48,0,market-value/caps positional projection,2026-08-26T10:00:19.549394+00:00
,IR Iran,Hossein Kanaanizadegan,0,DF,,4-3-3,48,0,market-value/caps positional projection,2026-08-26T10:00:19.549394+00:00
,IR Iran,Saman Ghoddos,1,MF,Attacking Midfield,4-3-3,62,0,market-value/caps positional projection,2026-08-26T10:00:19.549394+00:00
,IR Iran,Rouzbeh Cheshmi,0,MF,,4-3-3,48,0,market-value/caps positional projection,2026-08-26T10:00:19.549394+00:00
,IR Iran,Mahdi Torabi,0,MF,,4-3-3,48,0,market-value/caps positional projection,2026-08-26T10:00:19.549394+00:00
,IR Iran,Arya Yousefi,1,DF,Right-Back,4-3-3,62,0,market-value/caps positional projection,2026-08-26T10:00:19.549394+00:00
,IR Iran,Amirhossein Hosseinzadeh,1,FW,Centre-Forward,4-3-3,62,0,market-value/caps positional projection,2026-08-26T10:00:19.549394+00:00
,IR Iran,Ali Nemati,0,DF,Centre-Back,4-3-3,48,0,market-value/caps positional projection,2026-08-26T10:00:19.549394+00:00
,IR Iran,Shahriyar Moghanlou,0,FW,,4-3-3,48,0,market-value/caps positional projection,2026-08-26T10:00:19.549394+00:00
,IR Iran,Mohammad Ghorbani,0,MF,Defensive Midfield,4-3-3,48,0,market-value/caps positional projection,2026-08-26T10:00:19.549394+00:00
,IR Iran,Hossein Hosseini,0,GK,,4-3-3,48,0,market-value/caps positional projection,2026-08-26T10:00:19.549394+00:00
,IR Iran,Ramin Rezaeian,1,DF,Right-Back,4-3-3,62,0,market-value/caps positional projection,2026-08-26T10:00:19.549394+00:00
,IR Iran,Dennis Eckert,0,FW,,4-3-3,48,0,market-value/caps positional projection,2026-08-26T10:00:19.549394+00:00
,IR Iran,Danial Eiri,0,DF,Centre-Back,4-3-3,48,0,market-value/caps positional projection,2026-08-26T10:00:19.549394+00:00
,IR Iran,Amirmohammad Razzaghinia,0,MF,Central Midfield,4-3-3,48,0,market-value/caps positional projection,2026-08-26T10:00:19.549394+00:00
,New Zealand,Max Crocombe,1,GK,Goalkeeper,4-4-2,62,0,market-value/caps positional projection,2026-08-26T10:00:19.549394+00:00
,New Zealand,Tim Payne,1,DF,Right-Back,4-4-2,62,0,market-value/caps positional projection,2026-08-26T10:00:19.549394+00:00
,New Zealand,Francis de Vries,0,DF,Left-Back,4-4-2,48,0,market-value/caps positional projection,2026-08-26T10:00:19.549394+00:00
,New Zealand,Tyler Bindon,1,DF,Centre-Back,4-4-2,62,0,market-value/caps positional projection,2026-08-26T10:00:19.549394+00:00
,New Zealand,Michael Boxall,1,DF,Centre-Back,4-4-2,62,0,market-value/caps positional projection,2026-08-26T10:00:19.549394+00:00
,New Zealand,Joe Bell,1,MF,Defensive Midfield,4-4-2,62,0,market-value/caps positional projection,2026-08-26T10:00:19.549394+00:00
,New Zealand,Logan Rogerson,0,FW,Right Winger,4-4-2,48,0,market-value/caps positional projection,2026-08-26T10:00:19.549394+00:00
,New Zealand,Marko Stamenić,1,MF,Central Midfield,4-4-2,62,0,market-value/caps positional projection,2026-08-26T10:00:19.549394+00:00
,New Zealand,Chris Wood,1,FW,Centre-Forward,4-4-2,62,0,market-value/caps positional projection,2026-08-26T10:00:19.549394+00:00
,New Zealand,Sarpreet Singh,0,MF,Attacking Midfield,4-4-2,48,0,market-value/caps positional projection,2026-08-26T10:00:19.549394+00:00
,New Zealand,Elijah Just,1,MF,Attacking Midfield,4-4-2,62,0,market-value/caps positional projection,2026-08-26T10:00:19.549394+00:00
,New Zealand,Alex Paulsen,0,GK,Goalkeeper,4-4-2,48,0,market-value/caps positional projection,2026-08-26T10:00:19.549394+00:00
,New Zealand,Liberato Cacace,1,DF,Left-Back,4-4-2,62,0,market-value/caps positional projection,2026-08-26T10:00:19.549394+00:00
,New Zealand,Alex Rufer,0,MF,Defensive Midfield,4-4-2,48,0,market-value/caps positional projection,2026-08-26T10:00:19.549394+00:00
,New Zealand,Nando Pijnaker,0,DF,Centre-Back,4-4-2,48,0,market-value/caps positional projection,2026-08-26T10:00:19.549394+00:00
,New Zealand,Finn Surman,0,DF,Centre-Back,4-4-2,48,0,market-value/caps positional projection,2026-08-26T10:00:19.549394+00:00
,New Zealand,Kosta Barbarouses,1,FW,Centre-Forward,4-4-2,62,0,market-value/caps positional projection,2026-08-26T10:00:19.549394+00:00
,New Zealand,Ben Waine,0,FW,Centre-Forward,4-4-2,48,0,market-value/caps positional projection,2026-08-26T10:00:19.549394+00:00
,New Zealand,Ben Old,0,MF,Left-Back,4-4-2,48,0,market-value/caps positional projection,2026-08-26T10:00:19.549394+00:00
,New Zealand,Callum McCowatt,1,MF,Attacking Midfield,4-4-2,62,0,market-value/caps positional projection,2026-08-26T10:00:19.549394+00:00
,New Zealand,Jesse Randall,0,FW,Left Winger,4-4-2,48,0,market-value/caps positional projection,2026-08-26T10:00:19.549394+00:00
,New Zealand,Michael Woud,0,GK,Goalkeeper,4-4-2,48,0,market-value/caps positional projection,2026-08-26T10:00:19.549394+00:00
,New Zealand,Ryan Thomas,0,MF,Defensive Midfield,4-4-2,48,0,market-value/caps positional projection,2026-08-26T10:00:19.549394+00:00
,New Zealand,Callan Elliot,0,DF,Right-Back,4-4-2,48,0,market-value/caps positional projection,2026-08-26T10:00:19.549394+00:00
,New Zealand,Lachlan Bayliss,0,MF,Central Midfield,4-4-2,48,0,market-value/caps positional projection,2026-08-26T10:00:19.549394+00:00
,New Zealand,Tommy Smith,0,DF,Centre-Back,4-4-2,48,0,market-value/caps positional projection,2026-08-26T10:00:19.549394+00:00
,Cabo Verde,Vozinha,1,GK,Goalkeeper,3-5-2,62,0,market-value/caps positional projection,2026-08-26T10:00:19.549394+00:00
,Cabo Verde,Stopira,0,DF,Centre-Back,3-5-2,48,0,market-value/caps positional projection,2026-08-26T10:00:19.549394+00:00
,Cabo Verde,Diney,0,DF,,3-5-2,48,0,market-value/caps positional projection,2026-08-26T10:00:19.549394+00:00
,Cabo Verde,Pico,0,DF,,3-5-2,48,0,market-value/caps positional projection,2026-08-26T10:00:19.549394+00:00
,Cabo Verde,Logan Costa,1,DF,Centre-Back,3-5-2,62,0,market-value/caps positional projection,2026-08-26T10:00:19.549394+00:00
,Cabo Verde,Kevin Pina,1,MF,Defensive Midfield,3-5-2,62,0,market-value/caps positional projection,2026-08-26T10:00:19.549394+00:00
,Cabo Verde,Jovane Cabral,0,MF,Left Winger,3-5-2,48,0,market-value/caps positional projection,2026-08-26T10:00:19.549394+00:00
,Cabo Verde,João Paulo,1,MF,Defensive Midfield,3-5-2,62,0,market-value/caps positional projection,2026-08-26T10:00:19.549394+00:00
,Cabo Verde,Gilson Benchimol,1,FW,Centre-Forward,3-5-2,62,0,market-value/caps positional projection,2026-08-26T10:00:19.549394+00:00
,Cabo Verde,Jamiro Monteiro,1,MF,Central Midfield,3-5-2,62,0,market-value/caps positional projection,2026-08-26T10:00:19.549394+00:00
,Cabo Verde,Garry Rodrigues,1,MF,Right Winger,3-5-2,62,0,market-value/caps positional projection,2026-08-26T10:00:19.549394+00:00
,Cabo Verde,Márcio Rosa,0,GK,Goalkeeper,3-5-2,48,0,market-value/caps positional projection,2026-08-26T10:00:19.549394+00:00
,Cabo Verde,Sidny Lopes Cabral,1,DF,Left-Back,3-5-2,62,0,market-value/caps positional projection,2026-08-26T10:00:19.549394+00:00
,Cabo Verde,Deroy Duarte,0,MF,Central Midfield,3-5-2,48,0,market-value/caps positional projection,2026-08-26T10:00:19.549394+00:00
,Cabo Verde,Laros Duarte,0,MF,Defensive Midfield,3-5-2,48,0,market-value/caps positional projection,2026-08-26T10:00:19.549394+00:00
,Cabo Verde,Yannick Semedo,0,MF,Central Midfield,3-5-2,48,0,market-value/caps positional projection,2026-08-26T10:00:19.549394+00:00
,Cabo Verde,Willy Semedo,1,MF,Left Winger,3-5-2,62,0,market-value/caps positional projection,2026-08-26T10:00:19.549394+00:00
,Cabo Verde,Telmo Arcanjo,0,MF,Right Winger,3-5-2,48,0,market-value/caps positional projection,2026-08-26T10:00:19.549394+00:00
,Cabo Verde,Dailon Livramento,0,FW,Centre-Forward,3-5-2,48,0,market-value/caps positional projection,2026-08-26T10:00:19.549394+00:00
,Cabo Verde,Ryan Mendes,1,FW,Left Winger,3-5-2,62,0,market-value/caps positional projection,2026-08-26T10:00:19.549394+00:00
,Cabo Verde,Nuno da Costa,0,MF,Centre-Forward,3-5-2,48,0,market-value/caps positional projection,2026-08-26T10:00:19.549394+00:00
,Cabo Verde,Steven Moreira,0,DF,Right-Back,3-5-2,48,0,market-value/caps positional projection,2026-08-26T10:00:19.549394+00:00
,Cabo Verde,CJ dos Santos,0,GK,Goalkeeper,3-5-2,48,0,market-value/caps positional projection,2026-08-26T10:00:19.549394+00:00
,Cabo Verde,Wagner Pina,1,DF,Right-Back,3-5-2,62,0,market-value/caps positional projection,2026-08-26T10:00:19.549394+00:00
,Cabo Verde,Kelvin Pires,0,DF,Centre-Back,3-5-2,48,0,market-value/caps positional projection,2026-08-26T10:00:19.549394+00:00
,Cabo Verde,Hélio Varela,0,MF,Left Winger,3-5-2,48,0,market-value/caps positional projection,2026-08-26T10:00:19.549394+00:00
,Saudi Arabia,Nawaf Al-Aqidi,0,GK,Goalkeeper,3-4-3,48,0,market-value/caps positional projection,2026-08-26T10:00:19.549394+00:00
,Saudi Arabia,Ali Majrashi,0,DF,Right-Back,3-4-3,48,0,market-value/caps positional projection,2026-08-26T10:00:19.549394+00:00
,Saudi Arabia,Ali Lajami,0,DF,Centre-Back,3-4-3,48,0,market-value/caps positional projection,2026-08-26T10:00:19.549394+00:00
,Saudi Arabia,Abdulelah Al-Amri,1,DF,Centre-Back,3-4-3,62,0,market-value/caps positional projection,2026-08-26T10:00:19.549394+00:00
,Saudi Arabia,Hassan Al-Tambakti,0,DF,,3-4-3,48,0,market-value/caps positional projection,2026-08-26T10:00:19.549394+00:00
,Saudi Arabia,Nasser Al-Dawsari,1,MF,Central Midfield,3-4-3,62,0,market-value/caps positional projection,2026-08-26T10:00:19.549394+00:00
,Saudi Arabia,Musab Al-Juwayr,1,MF,Central Midfield,3-4-3,62,0,market-value/caps positional projection,2026-08-26T10:00:19.549394+00:00
,Saudi Arabia,Ayman Yahya,0,FW,Left-Back,3-4-3,48,0,market-value/caps positional projection,2026-08-26T10:00:19.549394+00:00
,Saudi Arabia,Firas Al-Buraikan,1,FW,Centre-Forward,3-4-3,62,0,market-value/caps positional projection,2026-08-26T10:00:19.549394+00:00
,Saudi Arabia,Salem Al-Dawsari,1,FW,Left Winger,3-4-3,62,0,market-value/caps positional projection,2026-08-26T10:00:19.549394+00:00
,Saudi Arabia,Saleh Al-Shehri,1,FW,Centre-Forward,3-4-3,62,0,market-value/caps positional projection,2026-08-26T10:00:19.549394+00:00
,Saudi Arabia,Saud Abdulhamid,1,DF,Right-Back,3-4-3,62,0,market-value/caps positional projection,2026-08-26T10:00:19.549394+00:00
,Saudi Arabia,Nawaf Boushal,1,DF,Right-Back,3-4-3,62,0,market-value/caps positional projection,2026-08-26T10:00:19.549394+00:00
,Saudi Arabia,Hassan Kadesh,0,DF,Left-Back,3-4-3,48,0,market-value/caps positional projection,2026-08-26T10:00:19.549394+00:00
,Saudi Arabia,Abdullah Al-Khaibari,1,MF,Defensive Midfield,3-4-3,62,0,market-value/caps positional projection,2026-08-26T10:00:19.549394+00:00
,Saudi Arabia,Ziyad Al-Johani,0,MF,Defensive Midfield,3-4-3,48,0,market-value/caps positional projection,2026-08-26T10:00:19.549394+00:00
,Saudi Arabia,Khalid Al-Ghannam,0,FW,Left Winger,3-4-3,48,0,market-value/caps positional projection,2026-08-26T10:00:19.549394+00:00
,Saudi Arabia,Alaa Al-Hejji,0,MF,,3-4-3,48,0,market-value/caps positional projection,2026-08-26T10:00:19.549394+00:00
,Saudi Arabia,Abdullah Al-Hamdan,0,FW,Centre-Forward,3-4-3,48,0,market-value/caps positional projection,2026-08-26T10:00:19.549394+00:00
,Saudi Arabia,Sultan Mandash,0,FW,Right Winger,3-4-3,48,0,market-value/caps positional projection,2026-08-26T10:00:19.549394+00:00
,Saudi Arabia,Mohammed Al-Owais,1,GK,Goalkeeper,3-4-3,62,0,market-value/caps positional projection,2026-08-26T10:00:19.549394+00:00
,Saudi Arabia,Ahmed Al-Kassar,0,GK,Goalkeeper,3-4-3,48,0,market-value/caps positional projection,2026-08-26T10:00:19.549394+00:00
,Saudi Arabia,Mohamed Kanno,1,MF,Central Midfield,3-4-3,62,0,market-value/caps positional projection,2026-08-26T10:00:19.549394+00:00
,Saudi Arabia,Moteb Al-Harbi,0,DF,Left-Back,3-4-3,48,0,market-value/caps positional projection,2026-08-26T10:00:19.549394+00:00
,Saudi Arabia,Jehad Thakri,0,DF,Centre-Back,3-4-3,48,0,market-value/caps positional projection,2026-08-26T10:00:19.549394+00:00
,Saudi Arabia,Mohammed Abu Al-Shamat,0,DF,Right-Back,3-4-3,48,0,market-value/caps positional projection,2026-08-26T10:00:19.549394+00:00
,Spain,David Raya,0,GK,Goalkeeper,3-4-3,48,0,market-value/caps positional projection,2026-08-26T10:00:19.549394+00:00
,Spain,Marc Pubill,0,DF,Centre-Back,3-4-3,48,0,market-value/caps positional projection,2026-08-26T10:00:19.549394+00:00
,Spain,Álex Grimaldo,0,DF,,3-4-3,48,0,market-value/caps positional projection,2026-08-26T10:00:19.549394+00:00
,Spain,Eric García,1,DF,Centre-Back,3-4-3,62,0,market-value/caps positional projection,2026-08-26T10:00:19.549394+00:00
,Spain,Marcos Llorente,0,DF,Right-Back,3-4-3,48,0,market-value/caps positional projection,2026-08-26T10:00:19.549394+00:00
,Spain,Mikel Merino,1,MF,Central Midfield,3-4-3,62,0,market-value/caps positional projection,2026-08-26T10:00:19.549394+00:00
,Spain,Ferran Torres,1,FW,Centre-Forward,3-4-3,62,0,market-value/caps positional projection,2026-08-26T10:00:19.549394+00:00
,Spain,Fabián Ruiz,1,MF,Central Midfield,3-4-3,62,0,market-value/caps positional projection,2026-08-26T10:00:19.549394+00:00
,Spain,Gavi,0,MF,Central Midfield,3-4-3,48,0,market-value/caps positional projection,2026-08-26T10:00:19.549394+00:00
,Spain,Dani Olmo,1,FW,Attacking Midfield,3-4-3,62,0,market-value/caps positional projection,2026-08-26T10:00:19.549394+00:00
,Spain,Yéremy Pino,0,FW,Right Winger,3-4-3,48,0,market-value/caps positional projection,2026-08-26T10:00:19.549394+00:00
,Spain,Pedro Porro,0,DF,Right-Back,3-4-3,48,0,market-value/caps positional projection,2026-08-26T10:00:19.549394+00:00
,Spain,Joan Garcia,0,GK,Goalkeeper,3-4-3,48,0,market-value/caps positional projection,2026-08-26T10:00:19.549394+00:00
,Spain,Aymeric Laporte,1,DF,Centre-Back,3-4-3,62,0,market-value/caps positional projection,2026-08-26T10:00:19.549394+00:00
,Spain,Álex Baena,0,MF,Left Winger,3-4-3,48,0,market-value/caps positional projection,2026-08-26T10:00:19.549394+00:00
,Spain,Rodri,1,MF,Defensive Midfield,3-4-3,62,0,market-value/caps positional projection,2026-08-26T10:00:19.549394+00:00
,Spain,Nico Williams,0,FW,Left Winger,3-4-3,48,0,market-value/caps positional projection,2026-08-26T10:00:19.549394+00:00
,Spain,Martín Zubimendi,0,MF,Defensive Midfield,3-4-3,48,0,market-value/caps positional projection,2026-08-26T10:00:19.549394+00:00
,Spain,Lamine Yamal,0,FW,Right Winger,3-4-3,48,0,market-value/caps positional projection,2026-08-26T10:00:19.549394+00:00
,Spain,Pedri,1,MF,Central Midfield,3-4-3,62,0,market-value/caps positional projection,2026-08-26T10:00:19.549394+00:00
,Spain,Mikel Oyarzabal,1,FW,Centre-Forward,3-4-3,62,0,market-value/caps positional projection,2026-08-26T10:00:19.549394+00:00
,Spain,Pau Cubarsí,0,DF,Centre-Back,3-4-3,48,0,market-value/caps positional projection,2026-08-26T10:00:19.549394+00:00
,Spain,Unai Simón,1,GK,Goalkeeper,3-4-3,62,0,market-value/caps positional projection,2026-08-26T10:00:19.549394+00:00
,Spain,Marc Cucurella,1,DF,Left-Back,3-4-3,62,0,market-value/caps positional projection,2026-08-26T10:00:19.549394+00:00
,Spain,Víctor Muñoz,0,FW,Left Winger,3-4-3,48,0,market-value/caps positional projection,2026-08-26T10:00:19.549394+00:00
,Spain,Borja Iglesias,0,FW,Centre-Forward,3-4-3,48,0,market-value/caps positional projection,2026-08-26T10:00:19.549394+00:00
,Uruguay,Sergio Rochet,0,GK,Goalkeeper,3-5-2,48,0,market-value/caps positional projection,2026-08-26T10:00:19.549394+00:00
,Uruguay,José María Giménez,1,DF,Centre-Back,3-5-2,62,0,market-value/caps positional projection,2026-08-26T10:00:19.549394+00:00
,Uruguay,Sebastián Cáceres,0,DF,Centre-Back,3-5-2,48,0,market-value/caps positional projection,2026-08-26T10:00:19.549394+00:00
,Uruguay,Ronald Araújo,1,DF,Centre-Back,3-5-2,62,0,market-value/caps positional projection,2026-08-26T10:00:19.549394+00:00
,Uruguay,Manuel Ugarte,1,MF,Defensive Midfield,3-5-2,62,0,market-value/caps positional projection,2026-08-26T10:00:19.549394+00:00
,Uruguay,Rodrigo Bentancur,1,MF,Defensive Midfield,3-5-2,62,0,market-value/caps positional projection,2026-08-26T10:00:19.549394+00:00
,Uruguay,Nicolás de la Cruz,1,MF,Central Midfield,3-5-2,62,0,market-value/caps positional projection,2026-08-26T10:00:19.549394+00:00
,Uruguay,Federico Valverde,1,MF,Central Midfield,3-5-2,62,0,market-value/caps positional projection,2026-08-26T10:00:19.549394+00:00
,Uruguay,Darwin Núñez,1,FW,Centre-Forward,3-5-2,62,0,market-value/caps positional projection,2026-08-26T10:00:19.549394+00:00
,Uruguay,Giorgian de Arrascaeta,1,MF,Attacking Midfield,3-5-2,62,0,market-value/caps positional projection,2026-08-26T10:00:19.549394+00:00
,Uruguay,Facundo Pellistri,0,FW,Right Winger,3-5-2,48,0,market-value/caps positional projection,2026-08-26T10:00:19.549394+00:00
,Uruguay,Santiago Mele,0,GK,Goalkeeper,3-5-2,48,0,market-value/caps positional projection,2026-08-26T10:00:19.549394+00:00
,Uruguay,Guillermo Varela,0,DF,Right-Back,3-5-2,48,0,market-value/caps positional projection,2026-08-26T10:00:19.549394+00:00
,Uruguay,Agustín Canobbio,0,MF,Right Winger,3-5-2,48,0,market-value/caps positional projection,2026-08-26T10:00:19.549394+00:00
,Uruguay,Emiliano Martínez,0,MF,Defensive Midfield,3-5-2,48,0,market-value/caps positional projection,2026-08-26T10:00:19.549394+00:00
,Uruguay,Mathías Olivera,1,DF,Left-Back,3-5-2,62,0,market-value/caps positional projection,2026-08-26T10:00:19.549394+00:00
,Uruguay,Matías Viña,0,DF,Left-Back,3-5-2,48,0,market-value/caps positional projection,2026-08-26T10:00:19.549394+00:00
,Uruguay,Brian Rodríguez,1,FW,Left Winger,3-5-2,62,0,market-value/caps positional projection,2026-08-26T10:00:19.549394+00:00
,Uruguay,Rodrigo Aguirre,0,FW,Centre-Forward,3-5-2,48,0,market-value/caps positional projection,2026-08-26T10:00:19.549394+00:00
,Uruguay,Maximiliano Araújo,0,MF,,3-5-2,48,0,market-value/caps positional projection,2026-08-26T10:00:19.549394+00:00
,Uruguay,Federico Viñas,0,FW,Centre-Forward,3-5-2,48,0,market-value/caps positional projection,2026-08-26T10:00:19.549394+00:00
,Uruguay,Joaquín Piquerez,0,MF,Left-Back,3-5-2,48,0,market-value/caps positional projection,2026-08-26T10:00:19.549394+00:00
,Uruguay,Fernando Muslera,1,GK,Goalkeeper,3-5-2,62,0,market-value/caps positional projection,2026-08-26T10:00:19.549394+00:00
,Uruguay,Santiago Bueno,0,DF,Centre-Back,3-5-2,48,0,market-value/caps positional projection,2026-08-26T10:00:19.549394+00:00
,Uruguay,Juan Manuel Sanabria,0,MF,Left-Back,3-5-2,48,0,market-value/caps positional projection,2026-08-26T10:00:19.549394+00:00
,Uruguay,Rodrigo Zalazar,0,MF,Attacking Midfield,3-5-2,48,0,market-value/caps positional projection,2026-08-26T10:00:19.549394+00:00
,France,Brice Samba,0,GK,Goalkeeper,4-3-3,48,0,market-value/caps positional projection,2026-08-26T10:00:19.549394+00:00
,France,Malo Gusto,0,DF,Right-Back,4-3-3,48,0,market-value/caps positional projection,2026-08-26T10:00:19.549394+00:00
,France,Lucas Digne,0,DF,Left-Back,4-3-3,48,0,market-value/caps positional projection,2026-08-26T10:00:19.549394+00:00
,France,Dayot Upamecano,1,DF,Centre-Back,4-3-3,62,0,market-value/caps positional projection,2026-08-26T10:00:19.549394+00:00
,France,Jules Koundé,1,DF,Right-Back,4-3-3,62,0,market-value/caps positional projection,2026-08-26T10:00:19.549394+00:00
,France,Manu Koné,0,MF,Central Midfield,4-3-3,48,0,market-value/caps positional projection,2026-08-26T10:00:19.549394+00:00
,France,Ousmane Dembélé,1,FW,Centre-Forward,4-3-3,62,0,market-value/caps positional projection,2026-08-26T10:00:19.549394+00:00
,France,Aurélien Tchouaméni,1,MF,Defensive Midfield,4-3-3,62,0,market-value/caps positional projection,2026-08-26T10:00:19.549394+00:00
,France,Marcus Thuram,0,FW,Centre-Forward,4-3-3,48,0,market-value/caps positional projection,2026-08-26T10:00:19.549394+00:00
,France,Kylian Mbappé,1,FW,Centre-Forward,4-3-3,62,0,market-value/caps positional projection,2026-08-26T10:00:19.549394+00:00
,France,Michael Olise,1,FW,Right Winger,4-3-3,62,0,market-value/caps positional projection,2026-08-26T10:00:19.549394+00:00
,France,Bradley Barcola,0,FW,Left Winger,4-3-3,48,0,market-value/caps positional projection,2026-08-26T10:00:19.549394+00:00
,France,N'Golo Kanté,1,MF,Defensive Midfield,4-3-3,62,0,market-value/caps positional projection,2026-08-26T10:00:19.549394+00:00
,France,Adrien Rabiot,1,MF,Central Midfield,4-3-3,62,0,market-value/caps positional projection,2026-08-26T10:00:19.549394+00:00
,France,Ibrahima Konaté,0,DF,Centre-Back,4-3-3,48,0,market-value/caps positional projection,2026-08-26T10:00:19.549394+00:00
,France,Mike Maignan,1,GK,Goalkeeper,4-3-3,62,0,market-value/caps positional projection,2026-08-26T10:00:19.549394+00:00
,France,William Saliba,1,DF,Centre-Back,4-3-3,62,0,market-value/caps positional projection,2026-08-26T10:00:19.549394+00:00
,France,Warren Zaïre-Emery,0,MF,Central Midfield,4-3-3,48,0,market-value/caps positional projection,2026-08-26T10:00:19.549394+00:00
,France,Théo Hernandez,1,DF,Left-Back,4-3-3,62,0,market-value/caps positional projection,2026-08-26T10:00:19.549394+00:00
,France,Désiré Doué,0,FW,Right Winger,4-3-3,48,0,market-value/caps positional projection,2026-08-26T10:00:19.549394+00:00
,France,Lucas Hernandez,0,DF,Left-Back,4-3-3,48,0,market-value/caps positional projection,2026-08-26T10:00:19.549394+00:00
,France,Jean-Philippe Mateta,0,FW,Centre-Forward,4-3-3,48,0,market-value/caps positional projection,2026-08-26T10:00:19.549394+00:00
,France,Robin Risser,0,GK,Goalkeeper,4-3-3,48,0,market-value/caps positional projection,2026-08-26T10:00:19.549394+00:00
,France,Rayan Cherki,0,MF,Attacking Midfield,4-3-3,48,0,market-value/caps positional projection,2026-08-26T10:00:19.549394+00:00
,France,Maghnes Akliouche,0,MF,Right Winger,4-3-3,48,0,market-value/caps positional projection,2026-08-26T10:00:19.549394+00:00
,France,Maxence Lacroix,0,DF,Centre-Back,4-3-3,48,0,market-value/caps positional projection,2026-08-26T10:00:19.549394+00:00
,Iraq,Fahad Talib,0,GK,Goalkeeper,3-4-3,48,0,market-value/caps positional projection,2026-08-26T10:00:19.549394+00:00
,Iraq,Rebin Sulaka,1,DF,Centre-Back,3-4-3,62,0,market-value/caps positional projection,2026-08-26T10:00:19.549394+00:00
,Iraq,Hussein Ali,0,DF,Right-Back,3-4-3,48,0,market-value/caps positional projection,2026-08-26T10:00:19.549394+00:00
,Iraq,Zaid Tahseen,1,DF,Centre-Back,3-4-3,62,0,market-value/caps positional projection,2026-08-26T10:00:19.549394+00:00
,Iraq,Akam Hashim,0,DF,,3-4-3,48,0,market-value/caps positional projection,2026-08-26T10:00:19.549394+00:00
,Iraq,Manaf Younis,0,DF,Centre-Back,3-4-3,48,0,market-value/caps positional projection,2026-08-26T10:00:19.549394+00:00
,Iraq,Youssef Amyn,1,MF,Left Winger,3-4-3,62,0,market-value/caps positional projection,2026-08-26T10:00:19.549394+00:00
,Iraq,Ibrahim Bayesh,1,MF,Right Winger,3-4-3,62,0,market-value/caps positional projection,2026-08-26T10:00:19.549394+00:00
,Iraq,Ali Al-Hamadi,1,FW,Centre-Forward,3-4-3,62,0,market-value/caps positional projection,2026-08-26T10:00:19.549394+00:00
,Iraq,Mohanad Ali,1,FW,Centre-Forward,3-4-3,62,0,market-value/caps positional projection,2026-08-26T10:00:19.549394+00:00
,Iraq,Ahmed Qasem,0,FW,Right Winger,3-4-3,48,0,market-value/caps positional projection,2026-08-26T10:00:19.549394+00:00
,Iraq,Jalal Hassan,1,GK,Goalkeeper,3-4-3,62,0,market-value/caps positional projection,2026-08-26T10:00:19.549394+00:00
,Iraq,Ali Yousif,0,FW,Centre-Forward,3-4-3,48,0,market-value/caps positional projection,2026-08-26T10:00:19.549394+00:00
,Iraq,Zidane Iqbal,1,MF,Central Midfield,3-4-3,62,0,market-value/caps positional projection,2026-08-26T10:00:19.549394+00:00
,Iraq,Ahmed Maknzi,0,DF,Left-Back,3-4-3,48,0,market-value/caps positional projection,2026-08-26T10:00:19.549394+00:00
,Iraq,Amir Al-Ammari,1,MF,Defensive Midfield,3-4-3,62,0,market-value/caps positional projection,2026-08-26T10:00:19.549394+00:00
,Iraq,Ali Jasim,0,FW,Left Winger,3-4-3,48,0,market-value/caps positional projection,2026-08-26T10:00:19.549394+00:00
,Iraq,Aymen Hussein,1,FW,Centre-Forward,3-4-3,62,0,market-value/caps positional projection,2026-08-26T10:00:19.549394+00:00
,Iraq,Kevin Yakob,0,MF,Central Midfield,3-4-3,48,0,market-value/caps positional projection,2026-08-26T10:00:19.549394+00:00
,Iraq,Aimar Sher,0,MF,Central Midfield,3-4-3,48,0,market-value/caps positional projection,2026-08-26T10:00:19.549394+00:00
,Iraq,Marko Farji,0,FW,Left Winger,3-4-3,48,0,market-value/caps positional projection,2026-08-26T10:00:19.549394+00:00
,Iraq,Ahmed Basil,0,GK,,3-4-3,48,0,market-value/caps positional projection,2026-08-26T10:00:19.549394+00:00
,Iraq,Merchas Doski,1,DF,Left-Back,3-4-3,62,0,market-value/caps positional projection,2026-08-26T10:00:19.549394+00:00
,Iraq,Zaid Ismail,0,MF,Defensive Midfield,3-4-3,48,0,market-value/caps positional projection,2026-08-26T10:00:19.549394+00:00
,Iraq,Mustafa Saadoon,0,DF,Right-Back,3-4-3,48,0,market-value/caps positional projection,2026-08-26T10:00:19.549394+00:00
,Iraq,Frans Putros,0,DF,Centre-Back,3-4-3,48,0,market-value/caps positional projection,2026-08-26T10:00:19.549394+00:00
,Norway,Ørjan Nyland,1,GK,Goalkeeper,3-4-3,62,0,market-value/caps positional projection,2026-08-26T10:00:19.549394+00:00
,Norway,Morten Thorsby,0,MF,Central Midfield,3-4-3,48,0,market-value/caps positional projection,2026-08-26T10:00:19.549394+00:00
,Norway,Kristoffer Ajer,1,DF,Centre-Back,3-4-3,62,0,market-value/caps positional projection,2026-08-26T10:00:19.549394+00:00
,Norway,Leo Østigård,1,DF,Centre-Back,3-4-3,62,0,market-value/caps positional projection,2026-08-26T10:00:19.549394+00:00
,Norway,David Møller Wolfe,0,DF,Left-Back,3-4-3,48,0,market-value/caps positional projection,2026-08-26T10:00:19.549394+00:00
,Norway,Patrick Berg,0,MF,Defensive Midfield,3-4-3,48,0,market-value/caps positional projection,2026-08-26T10:00:19.549394+00:00
,Norway,Alexander Sørloth,1,FW,Centre-Forward,3-4-3,62,0,market-value/caps positional projection,2026-08-26T10:00:19.549394+00:00
,Norway,Sander Berge,1,MF,Defensive Midfield,3-4-3,62,0,market-value/caps positional projection,2026-08-26T10:00:19.549394+00:00
,Norway,Erling Haaland,1,FW,Centre-Forward,3-4-3,62,0,market-value/caps positional projection,2026-08-26T10:00:19.549394+00:00
,Norway,Martin Ødegaard,1,MF,Attacking Midfield,3-4-3,62,0,market-value/caps positional projection,2026-08-26T10:00:19.549394+00:00
,Norway,Jørgen Strand Larsen,1,FW,Centre-Forward,3-4-3,62,0,market-value/caps positional projection,2026-08-26T10:00:19.549394+00:00
,Norway,Sander Tangvik,0,GK,Goalkeeper,3-4-3,48,0,market-value/caps positional projection,2026-08-26T10:00:19.549394+00:00
,Norway,Egil Selvik,0,GK,Goalkeeper,3-4-3,48,0,market-value/caps positional projection,2026-08-26T10:00:19.549394+00:00
,Norway,Fredrik Aursnes,0,MF,Central Midfield,3-4-3,48,0,market-value/caps positional projection,2026-08-26T10:00:19.549394+00:00
,Norway,Fredrik André Bjørkan,0,DF,,3-4-3,48,0,market-value/caps positional projection,2026-08-26T10:00:19.549394+00:00
,Norway,Marcus Holmgren Pedersen,0,DF,,3-4-3,48,0,market-value/caps positional projection,2026-08-26T10:00:19.549394+00:00
,Norway,Torbjørn Heggem,0,DF,Centre-Back,3-4-3,48,0,market-value/caps positional projection,2026-08-26T10:00:19.549394+00:00
,Norway,Kristian Thorstvedt,1,MF,Central Midfield,3-4-3,62,0,market-value/caps positional projection,2026-08-26T10:00:19.549394+00:00
,Norway,Thelo Aasgaard,0,MF,Attacking Midfield,3-4-3,48,0,market-value/caps positional projection,2026-08-26T10:00:19.549394+00:00
,Norway,Antonio Nusa,1,MF,Left Winger,3-4-3,62,0,market-value/caps positional projection,2026-08-26T10:00:19.549394+00:00
,Norway,Andreas Schjelderup,0,MF,Left Winger,3-4-3,48,0,market-value/caps positional projection,2026-08-26T10:00:19.549394+00:00
,Norway,Oscar Bobb,0,MF,Right Winger,3-4-3,48,0,market-value/caps positional projection,2026-08-26T10:00:19.549394+00:00
,Norway,Jens Petter Hauge,0,MF,Left Winger,3-4-3,48,0,market-value/caps positional projection,2026-08-26T10:00:19.549394+00:00
,Norway,Sondre Langås,0,DF,Centre-Back,3-4-3,48,0,market-value/caps positional projection,2026-08-26T10:00:19.549394+00:00
,Norway,Henrik Falchener,0,DF,Centre-Back,3-4-3,48,0,market-value/caps positional projection,2026-08-26T10:00:19.549394+00:00
,Norway,Julian Ryerson,1,DF,Right-Back,3-4-3,62,0,market-value/caps positional projection,2026-08-26T10:00:19.549394+00:00
,Senegal,Yehvann Diouf,0,GK,Goalkeeper,3-4-3,48,0,market-value/caps positional projection,2026-08-26T10:00:19.549394+00:00
,Senegal,Mamadou Sarr,0,DF,Centre-Back,3-4-3,48,0,market-value/caps positional projection,2026-08-26T10:00:19.549394+00:00
,Senegal,Kalidou Koulibaly,1,DF,Centre-Back,3-4-3,62,0,market-value/caps positional projection,2026-08-26T10:00:19.549394+00:00
,Senegal,Abdoulaye Seck,0,DF,Centre-Back,3-4-3,48,0,market-value/caps positional projection,2026-08-26T10:00:19.549394+00:00
,Senegal,Idrissa Gueye,1,MF,Defensive Midfield,3-4-3,62,0,market-value/caps positional projection,2026-08-26T10:00:19.549394+00:00
,Senegal,Pathé Ciss,0,MF,Central Midfield,3-4-3,48,0,market-value/caps positional projection,2026-08-26T10:00:19.549394+00:00
,Senegal,Assane Diao,0,FW,Left Winger,3-4-3,48,0,market-value/caps positional projection,2026-08-26T10:00:19.549394+00:00
,Senegal,Lamine Camara,1,MF,Central Midfield,3-4-3,62,0,market-value/caps positional projection,2026-08-26T10:00:19.549394+00:00
,Senegal,Bamba Dieng,0,FW,Centre-Forward,3-4-3,48,0,market-value/caps positional projection,2026-08-26T10:00:19.549394+00:00
,Senegal,Sadio Mané,1,FW,Left Winger,3-4-3,62,0,market-value/caps positional projection,2026-08-26T10:00:19.549394+00:00
,Senegal,Nicolas Jackson,0,FW,Centre-Forward,3-4-3,48,0,market-value/caps positional projection,2026-08-26T10:00:19.549394+00:00
,Senegal,Cherif Ndiaye,0,FW,Centre-Forward,3-4-3,48,0,market-value/caps positional projection,2026-08-26T10:00:19.549394+00:00
,Senegal,Iliman Ndiaye,1,FW,Right Winger,3-4-3,62,0,market-value/caps positional projection,2026-08-26T10:00:19.549394+00:00
,Senegal,Ismail Jakobs,0,DF,Left-Back,3-4-3,48,0,market-value/caps positional projection,2026-08-26T10:00:19.549394+00:00
,Senegal,Krépin Diatta,1,DF,Right Midfield,3-4-3,62,0,market-value/caps positional projection,2026-08-26T10:00:19.549394+00:00
,Senegal,Édouard Mendy,1,GK,Goalkeeper,3-4-3,62,0,market-value/caps positional projection,2026-08-26T10:00:19.549394+00:00
,Senegal,Pape Matar Sarr,1,MF,Central Midfield,3-4-3,62,0,market-value/caps positional projection,2026-08-26T10:00:19.549394+00:00
,Senegal,Ismaïla Sarr,1,FW,Right Winger,3-4-3,62,0,market-value/caps positional projection,2026-08-26T10:00:19.549394+00:00
,Senegal,Moussa Niakhaté,1,DF,Centre-Back,3-4-3,62,0,market-value/caps positional projection,2026-08-26T10:00:19.549394+00:00
,Senegal,Ibrahim Mbaye,0,FW,Right Winger,3-4-3,48,0,market-value/caps positional projection,2026-08-26T10:00:19.549394+00:00
,Senegal,Habib Diarra,0,MF,Central Midfield,3-4-3,48,0,market-value/caps positional projection,2026-08-26T10:00:19.549394+00:00
,Senegal,Bara Sapoko Ndiaye,0,MF,Central Midfield,3-4-3,48,0,market-value/caps positional projection,2026-08-26T10:00:19.549394+00:00
,Senegal,Mory Diaw,0,GK,Goalkeeper,3-4-3,48,0,market-value/caps positional projection,2026-08-26T10:00:19.549394+00:00
,Senegal,Antoine Mendy,0,DF,Centre-Back,3-4-3,48,0,market-value/caps positional projection,2026-08-26T10:00:19.549394+00:00
,Senegal,El Hadji Malick Diouf,0,DF,Left-Back,3-4-3,48,0,market-value/caps positional projection,2026-08-26T10:00:19.549394+00:00
,Senegal,Pape Gueye,1,MF,Central Midfield,3-4-3,62,0,market-value/caps positional projection,2026-08-26T10:00:19.549394+00:00
,Algeria,Melvin Mastil,0,GK,Goalkeeper,3-4-3,48,0,market-value/caps positional projection,2026-08-26T10:00:19.549394+00:00
,Algeria,Aïssa Mandi,1,DF,Centre-Back,3-4-3,62,0,market-value/caps positional projection,2026-08-26T10:00:19.549394+00:00
,Algeria,Achref Abada,0,DF,Centre-Back,3-4-3,48,0,market-value/caps positional projection,2026-08-26T10:00:19.549394+00:00
,Algeria,Mohamed Amine Tougai,0,DF,Centre-Back,3-4-3,48,0,market-value/caps positional projection,2026-08-26T10:00:19.549394+00:00
,Algeria,Zineddine Belaïd,0,DF,Centre-Back,3-4-3,48,0,market-value/caps positional projection,2026-08-26T10:00:19.549394+00:00
,Algeria,Ramiz Zerrouki,1,MF,Defensive Midfield,3-4-3,62,0,market-value/caps positional projection,2026-08-26T10:00:19.549394+00:00
,Algeria,Riyad Mahrez,1,FW,Right Winger,3-4-3,62,0,market-value/caps positional projection,2026-08-26T10:00:19.549394+00:00
,Algeria,Houssem Aouar,0,MF,Attacking Midfield,3-4-3,48,0,market-value/caps positional projection,2026-08-26T10:00:19.549394+00:00
,Algeria,Amine Gouiri,1,FW,Centre-Forward,3-4-3,62,0,market-value/caps positional projection,2026-08-26T10:00:19.549394+00:00
,Algeria,Farès Chaïbi,1,MF,Attacking Midfield,3-4-3,62,0,market-value/caps positional projection,2026-08-26T10:00:19.549394+00:00
,Algeria,Anis Hadj Moussa,0,FW,Right Winger,3-4-3,48,0,market-value/caps positional projection,2026-08-26T10:00:19.549394+00:00
,Algeria,Nadhir Benbouali,0,FW,Centre-Forward,3-4-3,48,0,market-value/caps positional projection,2026-08-26T10:00:19.549394+00:00
,Algeria,Jaouen Hadjam,0,DF,Left-Back,3-4-3,48,0,market-value/caps positional projection,2026-08-26T10:00:19.549394+00:00
,Algeria,Hicham Boudaoui,0,MF,Central Midfield,3-4-3,48,0,market-value/caps positional projection,2026-08-26T10:00:19.549394+00:00
,Algeria,Rayan Aït-Nouri,1,DF,Left-Back,3-4-3,62,0,market-value/caps positional projection,2026-08-26T10:00:19.549394+00:00
,Algeria,Oussama Benbot,0,GK,,3-4-3,48,0,market-value/caps positional projection,2026-08-26T10:00:19.549394+00:00
,Algeria,Rafik Belghali,0,DF,Right-Back,3-4-3,48,0,market-value/caps positional projection,2026-08-26T10:00:19.549394+00:00
,Algeria,Mohamed Amoura,1,FW,Centre-Forward,3-4-3,62,0,market-value/caps positional projection,2026-08-26T10:00:19.549394+00:00
,Algeria,Nabil Bentaleb,1,MF,Defensive Midfield,3-4-3,62,0,market-value/caps positional projection,2026-08-26T10:00:19.549394+00:00
,Algeria,Adil Boulbina,0,FW,Left Winger,3-4-3,48,0,market-value/caps positional projection,2026-08-26T10:00:19.549394+00:00
,Algeria,Ramy Bensebaini,1,DF,Centre-Back,3-4-3,62,0,market-value/caps positional projection,2026-08-26T10:00:19.549394+00:00
,Algeria,Ibrahim Maza,1,MF,Attacking Midfield,3-4-3,62,0,market-value/caps positional projection,2026-08-26T10:00:19.549394+00:00
,Algeria,Luca Zidane,1,GK,Goalkeeper,3-4-3,62,0,market-value/caps positional projection,2026-08-26T10:00:19.549394+00:00
,Algeria,Yacine Titraoui,0,MF,,3-4-3,48,0,market-value/caps positional projection,2026-08-26T10:00:19.549394+00:00
,Algeria,Farès Ghedjemis,0,FW,Right Winger,3-4-3,48,0,market-value/caps positional projection,2026-08-26T10:00:19.549394+00:00
,Algeria,Samir Chergui,0,DF,Centre-Back,3-4-3,48,0,market-value/caps positional projection,2026-08-26T10:00:19.549394+00:00
,Argentina,Juan Musso,0,GK,Goalkeeper,3-4-3,48,0,market-value/caps positional projection,2026-08-26T10:00:19.549394+00:00
,Argentina,Marcos Senesi,0,DF,Centre-Back,3-4-3,48,0,market-value/caps positional projection,2026-08-26T10:00:19.549394+00:00
,Argentina,Nicolás Tagliafico,1,DF,Left-Back,3-4-3,62,0,market-value/caps positional projection,2026-08-26T10:00:19.549394+00:00
,Argentina,Gonzalo Montiel,0,DF,Right-Back,3-4-3,48,0,market-value/caps positional projection,2026-08-26T10:00:19.549394+00:00
,Argentina,Leandro Paredes,1,MF,Defensive Midfield,3-4-3,62,0,market-value/caps positional projection,2026-08-26T10:00:19.549394+00:00
,Argentina,Lisandro Martínez,0,DF,Centre-Back,3-4-3,48,0,market-value/caps positional projection,2026-08-26T10:00:19.549394+00:00
,Argentina,Rodrigo De Paul,1,MF,Central Midfield,3-4-3,62,0,market-value/caps positional projection,2026-08-26T10:00:19.549394+00:00
,Argentina,Valentín Barco,0,MF,Central Midfield,3-4-3,48,0,market-value/caps positional projection,2026-08-26T10:00:19.549394+00:00
,Argentina,Julián Alvarez,1,FW,Centre-Forward,3-4-3,62,0,market-value/caps positional projection,2026-08-26T10:00:19.549394+00:00
,Argentina,Lionel Messi,1,FW,Right Winger,3-4-3,62,0,market-value/caps positional projection,2026-08-26T10:00:19.549394+00:00
,Argentina,Giovani Lo Celso,0,MF,Attacking Midfield,3-4-3,48,0,market-value/caps positional projection,2026-08-26T10:00:19.549394+00:00
,Argentina,Gerónimo Rulli,0,GK,Goalkeeper,3-4-3,48,0,market-value/caps positional projection,2026-08-26T10:00:19.549394+00:00
,Argentina,Cristian Romero,1,DF,Centre-Back,3-4-3,62,0,market-value/caps positional projection,2026-08-26T10:00:19.549394+00:00
,Argentina,Exequiel Palacios,0,MF,Central Midfield,3-4-3,48,0,market-value/caps positional projection,2026-08-26T10:00:19.549394+00:00
,Argentina,Nicolás González,0,MF,,3-4-3,48,0,market-value/caps positional projection,2026-08-26T10:00:19.549394+00:00
,Argentina,Thiago Almada,0,FW,Left Winger,3-4-3,48,0,market-value/caps positional projection,2026-08-26T10:00:19.549394+00:00
,Argentina,Giuliano Simeone,0,FW,Right Winger,3-4-3,48,0,market-value/caps positional projection,2026-08-26T10:00:19.549394+00:00
,Argentina,Nico Paz,0,FW,Attacking Midfield,3-4-3,48,0,market-value/caps positional projection,2026-08-26T10:00:19.549394+00:00
,Argentina,Nicolás Otamendi,0,DF,Centre-Back,3-4-3,48,0,market-value/caps positional projection,2026-08-26T10:00:19.549394+00:00
,Argentina,Alexis Mac Allister,1,MF,Central Midfield,3-4-3,62,0,market-value/caps positional projection,2026-08-26T10:00:19.549394+00:00
,Argentina,José Manuel López,0,FW,Centre-Forward,3-4-3,48,0,market-value/caps positional projection,2026-08-26T10:00:19.549394+00:00
,Argentina,Lautaro Martínez,1,FW,Centre-Forward,3-4-3,62,0,market-value/caps positional projection,2026-08-26T10:00:19.549394+00:00
,Argentina,Emiliano Martínez,1,GK,Defensive Midfield,3-4-3,62,0,market-value/caps positional projection,2026-08-26T10:00:19.549394+00:00
,Argentina,Enzo Fernández,1,MF,Central Midfield,3-4-3,62,0,market-value/caps positional projection,2026-08-26T10:00:19.549394+00:00
,Argentina,Facundo Medina,0,DF,Centre-Back,3-4-3,48,0,market-value/caps positional projection,2026-08-26T10:00:19.549394+00:00
,Argentina,Nahuel Molina,1,DF,Right-Back,3-4-3,62,0,market-value/caps positional projection,2026-08-26T10:00:19.549394+00:00
,Austria,Alexander Schlager,1,GK,Goalkeeper,3-5-2,62,0,market-value/caps positional projection,2026-08-26T10:00:19.549394+00:00
,Austria,David Affengruber,0,DF,Centre-Back,3-5-2,48,0,market-value/caps positional projection,2026-08-26T10:00:19.549394+00:00
,Austria,Kevin Danso,0,DF,Centre-Back,3-5-2,48,0,market-value/caps positional projection,2026-08-26T10:00:19.549394+00:00
,Austria,Xaver Schlager,1,MF,Central Midfield,3-5-2,62,0,market-value/caps positional projection,2026-08-26T10:00:19.549394+00:00
,Austria,Stefan Posch,1,DF,Centre-Back,3-5-2,62,0,market-value/caps positional projection,2026-08-26T10:00:19.549394+00:00
,Austria,Nicolas Seiwald,1,MF,Defensive Midfield,3-5-2,62,0,market-value/caps positional projection,2026-08-26T10:00:19.549394+00:00
,Austria,Marko Arnautović,1,FW,Centre-Forward,3-5-2,62,0,market-value/caps positional projection,2026-08-26T10:00:19.549394+00:00
,Austria,David Alaba,1,DF,Centre-Back,3-5-2,62,0,market-value/caps positional projection,2026-08-26T10:00:19.549394+00:00
,Austria,Marcel Sabitzer,1,MF,Central Midfield,3-5-2,62,0,market-value/caps positional projection,2026-08-26T10:00:19.549394+00:00
,Austria,Florian Grillitsch,0,MF,Defensive Midfield,3-5-2,48,0,market-value/caps positional projection,2026-08-26T10:00:19.549394+00:00
,Austria,Michael Gregoritsch,1,FW,Centre-Forward,3-5-2,62,0,market-value/caps positional projection,2026-08-26T10:00:19.549394+00:00
,Austria,Florian Wiegele,0,GK,Goalkeeper,3-5-2,48,0,market-value/caps positional projection,2026-08-26T10:00:19.549394+00:00
,Austria,Patrick Pentz,0,GK,Goalkeeper,3-5-2,48,0,market-value/caps positional projection,2026-08-26T10:00:19.549394+00:00
,Austria,Saša Kalajdžić,0,FW,Centre-Forward,3-5-2,48,0,market-value/caps positional projection,2026-08-26T10:00:19.549394+00:00
,Austria,Philipp Lienhart,1,DF,Centre-Back,3-5-2,62,0,market-value/caps positional projection,2026-08-26T10:00:19.549394+00:00
,Austria,Phillipp Mwene,0,DF,Left-Back,3-5-2,48,0,market-value/caps positional projection,2026-08-26T10:00:19.549394+00:00
,Austria,Carney Chukwuemeka,0,MF,Central Midfield,3-5-2,48,0,market-value/caps positional projection,2026-08-26T10:00:19.549394+00:00
,Austria,Romano Schmid,1,MF,Attacking Midfield,3-5-2,62,0,market-value/caps positional projection,2026-08-26T10:00:19.549394+00:00
,Austria,Dejan Ljubičić,0,MF,Defensive Midfield,3-5-2,48,0,market-value/caps positional projection,2026-08-26T10:00:19.549394+00:00
,Austria,Konrad Laimer,1,MF,Right-Back,3-5-2,62,0,market-value/caps positional projection,2026-08-26T10:00:19.549394+00:00
,Austria,Patrick Wimmer,0,FW,Right Winger,3-5-2,48,0,market-value/caps positional projection,2026-08-26T10:00:19.549394+00:00
,Austria,Alexander Prass,0,MF,Left Midfield,3-5-2,48,0,market-value/caps positional projection,2026-08-26T10:00:19.549394+00:00
,Austria,Marco Friedl,0,DF,Centre-Back,3-5-2,48,0,market-value/caps positional projection,2026-08-26T10:00:19.549394+00:00
,Austria,Paul Wanner,0,MF,Central Midfield,3-5-2,48,0,market-value/caps positional projection,2026-08-26T10:00:19.549394+00:00
,Austria,Michael Svoboda,0,DF,Centre-Back,3-5-2,48,0,market-value/caps positional projection,2026-08-26T10:00:19.549394+00:00
,Austria,Alessandro Schöpf,0,MF,Central Midfield,3-5-2,48,0,market-value/caps positional projection,2026-08-26T10:00:19.549394+00:00
,Jordan,Yazeed Abulaila,1,GK,Goalkeeper,3-4-3,62,0,market-value/caps positional projection,2026-08-26T10:00:19.549394+00:00
,Jordan,Mohammad Abu Hashish,0,DF,,3-4-3,48,0,market-value/caps positional projection,2026-08-26T10:00:19.549394+00:00
,Jordan,Abdallah Nasib,1,DF,Centre-Back,3-4-3,62,0,market-value/caps positional projection,2026-08-26T10:00:19.549394+00:00
,Jordan,Husam Abu Dahab,1,DF,Centre-Back,3-4-3,62,0,market-value/caps positional projection,2026-08-26T10:00:19.549394+00:00
,Jordan,Yazan Al-Arab,1,DF,Centre-Back,3-4-3,62,0,market-value/caps positional projection,2026-08-26T10:00:19.549394+00:00
,Jordan,Amer Jamous,0,MF,Central Midfield,3-4-3,48,0,market-value/caps positional projection,2026-08-26T10:00:19.549394+00:00
,Jordan,Mohammad Abu Zrayq,1,FW,Right Winger,3-4-3,62,0,market-value/caps positional projection,2026-08-26T10:00:19.549394+00:00
,Jordan,Noor Al-Rawabdeh,1,MF,Central Midfield,3-4-3,62,0,market-value/caps positional projection,2026-08-26T10:00:19.549394+00:00
,Jordan,Ali Olwan,1,FW,Centre-Forward,3-4-3,62,0,market-value/caps positional projection,2026-08-26T10:00:19.549394+00:00
,Jordan,Musa Al-Taamari,0,FW,,3-4-3,48,0,market-value/caps positional projection,2026-08-26T10:00:19.549394+00:00
,Jordan,Odeh Al-Fakhouri,0,FW,,3-4-3,48,0,market-value/caps positional projection,2026-08-26T10:00:19.549394+00:00
,Jordan,Nour Bani Attiah,0,GK,,3-4-3,48,0,market-value/caps positional projection,2026-08-26T10:00:19.549394+00:00
,Jordan,Mahmoud Al-Mardi,1,FW,Left Winger,3-4-3,62,0,market-value/caps positional projection,2026-08-26T10:00:19.549394+00:00
,Jordan,Rajaei Ayed,1,MF,Central Midfield,3-4-3,62,0,market-value/caps positional projection,2026-08-26T10:00:19.549394+00:00
,Jordan,Ibrahim Sadeh,0,MF,,3-4-3,48,0,market-value/caps positional projection,2026-08-26T10:00:19.549394+00:00
,Jordan,Mo Abualnadi,0,DF,,3-4-3,48,0,market-value/caps positional projection,2026-08-26T10:00:19.549394+00:00
,Jordan,Salim Obaid,0,DF,,3-4-3,48,0,market-value/caps positional projection,2026-08-26T10:00:19.549394+00:00
,Jordan,Mohammad Taha,0,MF,,3-4-3,48,0,market-value/caps positional projection,2026-08-26T10:00:19.549394+00:00
,Jordan,Saed Al-Rosan,0,DF,,3-4-3,48,0,market-value/caps positional projection,2026-08-26T10:00:19.549394+00:00
,Jordan,Mohannad Abu Taha,1,MF,Left-Back,3-4-3,62,0,market-value/caps positional projection,2026-08-26T10:00:19.549394+00:00
,Jordan,Nizar Al-Rashdan,1,MF,Defensive Midfield,3-4-3,62,0,market-value/caps positional projection,2026-08-26T10:00:19.549394+00:00
,Jordan,Abdallah Al-Fakhouri,0,GK,Goalkeeper,3-4-3,48,0,market-value/caps positional projection,2026-08-26T10:00:19.549394+00:00
,Jordan,Ihsan Haddad,0,DF,,3-4-3,48,0,market-value/caps positional projection,2026-08-26T10:00:19.549394+00:00
,Jordan,Ali Azaizeh,0,FW,Right Winger,3-4-3,48,0,market-value/caps positional projection,2026-08-26T10:00:19.549394+00:00
,Jordan,Mohammad Al-Dawoud,0,MF,Central Midfield,3-4-3,48,0,market-value/caps positional projection,2026-08-26T10:00:19.549394+00:00
,Jordan,Anas Badawi,0,DF,Right-Back,3-4-3,48,0,market-value/caps positional projection,2026-08-26T10:00:19.549394+00:00
,Colombia,David Ospina,1,GK,Goalkeeper,4-2-3-1,62,0,market-value/caps positional projection,2026-08-26T10:00:19.549394+00:00
,Colombia,Daniel Muñoz,1,DF,Right-Back,4-2-3-1,62,0,market-value/caps positional projection,2026-08-26T10:00:19.549394+00:00
,Colombia,Jhon Lucumí,1,DF,Centre-Back,4-2-3-1,62,0,market-value/caps positional projection,2026-08-26T10:00:19.549394+00:00
,Colombia,Santiago Arias,0,DF,Right-Back,4-2-3-1,48,0,market-value/caps positional projection,2026-08-26T10:00:19.549394+00:00
,Colombia,Kevin Castaño,0,MF,Defensive Midfield,4-2-3-1,48,0,market-value/caps positional projection,2026-08-26T10:00:19.549394+00:00
,Colombia,Richard Ríos,1,MF,Defensive Midfield,4-2-3-1,62,0,market-value/caps positional projection,2026-08-26T10:00:19.549394+00:00
,Colombia,Luis Díaz,1,FW,Left Winger,4-2-3-1,62,0,market-value/caps positional projection,2026-08-26T10:00:19.549394+00:00
,Colombia,Jorge Carrascal,0,MF,Attacking Midfield,4-2-3-1,48,0,market-value/caps positional projection,2026-08-26T10:00:19.549394+00:00
,Colombia,Jhon Córdoba,0,FW,Centre-Forward,4-2-3-1,48,0,market-value/caps positional projection,2026-08-26T10:00:19.549394+00:00
,Colombia,James Rodríguez,1,MF,Attacking Midfield,4-2-3-1,62,0,market-value/caps positional projection,2026-08-26T10:00:19.549394+00:00
,Colombia,Jhon Arias,1,MF,Right Winger,4-2-3-1,62,0,market-value/caps positional projection,2026-08-26T10:00:19.549394+00:00
,Colombia,Camilo Vargas,0,GK,Goalkeeper,4-2-3-1,48,0,market-value/caps positional projection,2026-08-26T10:00:19.549394+00:00
,Colombia,Yerry Mina,1,DF,Centre-Back,4-2-3-1,62,0,market-value/caps positional projection,2026-08-26T10:00:19.549394+00:00
,Colombia,Gustavo Puerta,0,DF,Central Midfield,4-2-3-1,48,0,market-value/caps positional projection,2026-08-26T10:00:19.549394+00:00
,Colombia,Juan Portilla,0,MF,Central Midfield,4-2-3-1,48,0,market-value/caps positional projection,2026-08-26T10:00:19.549394+00:00
,Colombia,Jefferson Lerma,1,MF,Defensive Midfield,4-2-3-1,62,0,market-value/caps positional projection,2026-08-26T10:00:19.549394+00:00
,Colombia,Johan Mojica,0,DF,Left-Back,4-2-3-1,48,0,market-value/caps positional projection,2026-08-26T10:00:19.549394+00:00
,Colombia,Willer Ditta,0,DF,Centre-Back,4-2-3-1,48,0,market-value/caps positional projection,2026-08-26T10:00:19.549394+00:00
,Colombia,Cucho Hernández,0,FW,Centre-Forward,4-2-3-1,48,0,market-value/caps positional projection,2026-08-26T10:00:19.549394+00:00
,Colombia,Juan Fernando Quintero,1,MF,Attacking Midfield,4-2-3-1,62,0,market-value/caps positional projection,2026-08-26T10:00:19.549394+00:00
,Colombia,Jaminton Campaz,0,FW,Left Winger,4-2-3-1,48,0,market-value/caps positional projection,2026-08-26T10:00:19.549394+00:00
,Colombia,Deiver Machado,0,DF,Left-Back,4-2-3-1,48,0,market-value/caps positional projection,2026-08-26T10:00:19.549394+00:00
,Colombia,Davinson Sánchez,1,DF,Centre-Back,4-2-3-1,62,0,market-value/caps positional projection,2026-08-26T10:00:19.549394+00:00
,Colombia,Álvaro Montero,0,GK,Goalkeeper,4-2-3-1,48,0,market-value/caps positional projection,2026-08-26T10:00:19.549394+00:00
,Colombia,Luis Suárez,0,FW,Centre-Forward,4-2-3-1,48,0,market-value/caps positional projection,2026-08-26T10:00:19.549394+00:00
,Colombia,Andrés Gómez,0,FW,Left Winger,4-2-3-1,48,0,market-value/caps positional projection,2026-08-26T10:00:19.549394+00:00
,Congo DR,Lionel Mpasi,0,GK,,3-4-3,48,0,market-value/caps positional projection,2026-08-26T10:00:19.549394+00:00
,Congo DR,Aaron Wan-Bissaka,1,DF,Right-Back,3-4-3,62,0,market-value/caps positional projection,2026-08-26T10:00:19.549394+00:00
,Congo DR,Steve Kapuadi,0,DF,Centre-Back,3-4-3,48,0,market-value/caps positional projection,2026-08-26T10:00:19.549394+00:00
,Congo DR,Axel Tuanzebe,0,DF,Centre-Back,3-4-3,48,0,market-value/caps positional projection,2026-08-26T10:00:19.549394+00:00
,Congo DR,Dylan Batubinsika,0,DF,Centre-Back,3-4-3,48,0,market-value/caps positional projection,2026-08-26T10:00:19.549394+00:00
,Congo DR,Ngal'ayel Mukau,0,MF,Defensive Midfield,3-4-3,48,0,market-value/caps positional projection,2026-08-26T10:00:19.549394+00:00
,Congo DR,Nathanaël Mbuku,0,MF,Left Winger,3-4-3,48,0,market-value/caps positional projection,2026-08-26T10:00:19.549394+00:00
,Congo DR,Samuel Moutoussamy,1,MF,Central Midfield,3-4-3,62,0,market-value/caps positional projection,2026-08-26T10:00:19.549394+00:00
,Congo DR,Brian Cipenga,0,FW,Left Winger,3-4-3,48,0,market-value/caps positional projection,2026-08-26T10:00:19.549394+00:00
,Congo DR,Théo Bongonda,1,MF,Right Winger,3-4-3,62,0,market-value/caps positional projection,2026-08-26T10:00:19.549394+00:00
,Congo DR,Gaël Kakuta,0,FW,Attacking Midfield,3-4-3,48,0,market-value/caps positional projection,2026-08-26T10:00:19.549394+00:00
,Congo DR,Joris Kayembe,0,DF,Left-Back,3-4-3,48,0,market-value/caps positional projection,2026-08-26T10:00:19.549394+00:00
,Congo DR,Meschak Elia,0,FW,,3-4-3,48,0,market-value/caps positional projection,2026-08-26T10:00:19.549394+00:00
,Congo DR,Noah Sadiki,1,MF,Central Midfield,3-4-3,62,0,market-value/caps positional projection,2026-08-26T10:00:19.549394+00:00
,Congo DR,Aaron Tshibola,0,MF,Central Midfield,3-4-3,48,0,market-value/caps positional projection,2026-08-26T10:00:19.549394+00:00
,Congo DR,Timothy Fayulu,0,GK,Goalkeeper,3-4-3,48,0,market-value/caps positional projection,2026-08-26T10:00:19.549394+00:00
,Congo DR,Cédric Bakambu,1,FW,Centre-Forward,3-4-3,62,0,market-value/caps positional projection,2026-08-26T10:00:19.549394+00:00
,Congo DR,Charles Pickel,0,MF,Defensive Midfield,3-4-3,48,0,market-value/caps positional projection,2026-08-26T10:00:19.549394+00:00
,Congo DR,Fiston Mayele,1,FW,Centre-Forward,3-4-3,62,0,market-value/caps positional projection,2026-08-26T10:00:19.549394+00:00
,Congo DR,Yoane Wissa,1,FW,Centre-Forward,3-4-3,62,0,market-value/caps positional projection,2026-08-26T10:00:19.549394+00:00
,Congo DR,Matthieu Epolo,1,GK,Goalkeeper,3-4-3,62,0,market-value/caps positional projection,2026-08-26T10:00:19.549394+00:00
,Congo DR,Chancel Mbemba,1,DF,Centre-Back,3-4-3,62,0,market-value/caps positional projection,2026-08-26T10:00:19.549394+00:00
,Congo DR,Simon Banza,0,FW,Centre-Forward,3-4-3,48,0,market-value/caps positional projection,2026-08-26T10:00:19.549394+00:00
,Congo DR,Gédéon Kalulu,0,DF,Right-Back,3-4-3,48,0,market-value/caps positional projection,2026-08-26T10:00:19.549394+00:00
,Congo DR,Edo Kayembe,1,MF,Central Midfield,3-4-3,62,0,market-value/caps positional projection,2026-08-26T10:00:19.549394+00:00
,Congo DR,Arthur Masuaku,1,DF,Left-Back,3-4-3,62,0,market-value/caps positional projection,2026-08-26T10:00:19.549394+00:00
,Portugal,Diogo Costa,1,GK,Goalkeeper,3-4-3,62,0,market-value/caps positional projection,2026-08-26T10:00:19.549394+00:00
,Portugal,Nélson Semedo,0,DF,Right-Back,3-4-3,48,0,market-value/caps positional projection,2026-08-26T10:00:19.549394+00:00
,Portugal,Rúben Dias,1,DF,Centre-Back,3-4-3,62,0,market-value/caps positional projection,2026-08-26T10:00:19.549394+00:00
,Portugal,Tomás Araújo,0,DF,Centre-Back,3-4-3,48,0,market-value/caps positional projection,2026-08-26T10:00:19.549394+00:00
,Portugal,Diogo Dalot,0,DF,Right-Back,3-4-3,48,0,market-value/caps positional projection,2026-08-26T10:00:19.549394+00:00
,Portugal,Matheus Nunes,0,MF,Right-Back,3-4-3,48,0,market-value/caps positional projection,2026-08-26T10:00:19.549394+00:00
,Portugal,Cristiano Ronaldo,1,FW,Centre-Forward,3-4-3,62,0,market-value/caps positional projection,2026-08-26T10:00:19.549394+00:00
,Portugal,Bruno Fernandes,1,MF,Attacking Midfield,3-4-3,62,0,market-value/caps positional projection,2026-08-26T10:00:19.549394+00:00
,Portugal,Gonçalo Ramos,0,FW,Centre-Forward,3-4-3,48,0,market-value/caps positional projection,2026-08-26T10:00:19.549394+00:00
,Portugal,Bernardo Silva,1,MF,Attacking Midfield,3-4-3,62,0,market-value/caps positional projection,2026-08-26T10:00:19.549394+00:00
,Portugal,João Félix,1,FW,Second Striker,3-4-3,62,0,market-value/caps positional projection,2026-08-26T10:00:19.549394+00:00
,Portugal,José Sá,0,GK,Goalkeeper,3-4-3,48,0,market-value/caps positional projection,2026-08-26T10:00:19.549394+00:00
,Portugal,Renato Veiga,0,DF,Centre-Back,3-4-3,48,0,market-value/caps positional projection,2026-08-26T10:00:19.549394+00:00
,Portugal,Gonçalo Inácio,0,DF,Centre-Back,3-4-3,48,0,market-value/caps positional projection,2026-08-26T10:00:19.549394+00:00
,Portugal,João Neves,0,MF,Central Midfield,3-4-3,48,0,market-value/caps positional projection,2026-08-26T10:00:19.549394+00:00
,Portugal,Francisco Trincão,0,FW,Attacking Midfield,3-4-3,48,0,market-value/caps positional projection,2026-08-26T10:00:19.549394+00:00
,Portugal,Rafael Leão,1,FW,Left Winger,3-4-3,62,0,market-value/caps positional projection,2026-08-26T10:00:19.549394+00:00
,Portugal,Pedro Neto,0,FW,Right Winger,3-4-3,48,0,market-value/caps positional projection,2026-08-26T10:00:19.549394+00:00
,Portugal,Gonçalo Guedes,0,FW,Left Winger,3-4-3,48,0,market-value/caps positional projection,2026-08-26T10:00:19.549394+00:00
,Portugal,João Cancelo,1,DF,Right-Back,3-4-3,62,0,market-value/caps positional projection,2026-08-26T10:00:19.549394+00:00
,Portugal,Rúben Neves,1,MF,Defensive Midfield,3-4-3,62,0,market-value/caps positional projection,2026-08-26T10:00:19.549394+00:00
,Portugal,Rui Silva,0,GK,Goalkeeper,3-4-3,48,0,market-value/caps positional projection,2026-08-26T10:00:19.549394+00:00
,Portugal,Vitinha,1,MF,Defensive Midfield,3-4-3,62,0,market-value/caps positional projection,2026-08-26T10:00:19.549394+00:00
,Portugal,Samú Costa,0,DF,Defensive Midfield,3-4-3,48,0,market-value/caps positional projection,2026-08-26T10:00:19.549394+00:00
,Portugal,Nuno Mendes,1,DF,Left-Back,3-4-3,62,0,market-value/caps positional projection,2026-08-26T10:00:19.549394+00:00
,Portugal,Francisco Conceição,0,FW,Right Winger,3-4-3,48,0,market-value/caps positional projection,2026-08-26T10:00:19.549394+00:00
,Uzbekistan,Utkir Yusupov,1,GK,Goalkeeper,3-5-2,62,0,market-value/caps positional projection,2026-08-26T10:00:19.549394+00:00
,Uzbekistan,Abdukodir Khusanov,1,DF,Centre-Back,3-5-2,62,0,market-value/caps positional projection,2026-08-26T10:00:19.549394+00:00
,Uzbekistan,Khojiakbar Alijonov,0,DF,,3-5-2,48,0,market-value/caps positional projection,2026-08-26T10:00:19.549394+00:00
,Uzbekistan,Farrukh Sayfiev,0,DF,Left-Back,3-5-2,48,0,market-value/caps positional projection,2026-08-26T10:00:19.549394+00:00
,Uzbekistan,Rustam Ashurmatov,1,DF,Centre-Back,3-5-2,62,0,market-value/caps positional projection,2026-08-26T10:00:19.549394+00:00
,Uzbekistan,Akmal Mozgovoy,0,MF,Central Midfield,3-5-2,48,0,market-value/caps positional projection,2026-08-26T10:00:19.549394+00:00
,Uzbekistan,Otabek Shukurov,1,MF,Central Midfield,3-5-2,62,0,market-value/caps positional projection,2026-08-26T10:00:19.549394+00:00
,Uzbekistan,Jamshid Iskanderov,1,MF,Attacking Midfield,3-5-2,62,0,market-value/caps positional projection,2026-08-26T10:00:19.549394+00:00
,Uzbekistan,Odiljon Hamrobekov,0,MF,,3-5-2,48,0,market-value/caps positional projection,2026-08-26T10:00:19.549394+00:00
,Uzbekistan,Ruslanbek Jiyanov,0,MF,Left Winger,3-5-2,48,0,market-value/caps positional projection,2026-08-26T10:00:19.549394+00:00
,Uzbekistan,Oston Urunov,1,MF,Left Winger,3-5-2,62,0,market-value/caps positional projection,2026-08-26T10:00:19.549394+00:00
,Uzbekistan,Abduvohid Nematov,0,GK,,3-5-2,48,0,market-value/caps positional projection,2026-08-26T10:00:19.549394+00:00
,Uzbekistan,Sherzod Nasrullaev,1,DF,Left-Back,3-5-2,62,0,market-value/caps positional projection,2026-08-26T10:00:19.549394+00:00
,Uzbekistan,Eldor Shomurodov,1,FW,Centre-Forward,3-5-2,62,0,market-value/caps positional projection,2026-08-26T10:00:19.549394+00:00
,Uzbekistan,Umar Eshmurodov,0,DF,Centre-Back,3-5-2,48,0,market-value/caps positional projection,2026-08-26T10:00:19.549394+00:00
,Uzbekistan,Botirali Ergashev,0,GK,Goalkeeper,3-5-2,48,0,market-value/caps positional projection,2026-08-26T10:00:19.549394+00:00
,Uzbekistan,Dostonbek Khamdamov,1,MF,Right Winger,3-5-2,62,0,market-value/caps positional projection,2026-08-26T10:00:19.549394+00:00
,Uzbekistan,Abdulla Abdullaev,0,DF,Defensive Midfield,3-5-2,48,0,market-value/caps positional projection,2026-08-26T10:00:19.549394+00:00
,Uzbekistan,Azizjon Ganiev,0,MF,,3-5-2,48,0,market-value/caps positional projection,2026-08-26T10:00:19.549394+00:00
,Uzbekistan,Azizbek Amonov,0,FW,,3-5-2,48,0,market-value/caps positional projection,2026-08-26T10:00:19.549394+00:00
,Uzbekistan,Igor Sergeev,1,FW,Centre-Forward,3-5-2,62,0,market-value/caps positional projection,2026-08-26T10:00:19.549394+00:00
,Uzbekistan,Abbosbek Fayzullaev,1,MF,Right Winger,3-5-2,62,0,market-value/caps positional projection,2026-08-26T10:00:19.549394+00:00
,Uzbekistan,Sherzod Esanov,0,MF,Central Midfield,3-5-2,48,0,market-value/caps positional projection,2026-08-26T10:00:19.549394+00:00
,Uzbekistan,Bekhruz Karimov,0,DF,Right-Back,3-5-2,48,0,market-value/caps positional projection,2026-08-26T10:00:19.549394+00:00
,Uzbekistan,Avazbek Ulmasaliev,0,DF,Centre-Back,3-5-2,48,0,market-value/caps positional projection,2026-08-26T10:00:19.549394+00:00
,Uzbekistan,Jakhongir Urozov,0,DF,Centre-Back,3-5-2,48,0,market-value/caps positional projection,2026-08-26T10:00:19.549394+00:00
,Croatia,Dominik Livaković,1,GK,Goalkeeper,3-5-2,62,0,market-value/caps positional projection,2026-08-26T10:00:19.549394+00:00
,Croatia,Josip Stanišić,1,DF,Right-Back,3-5-2,62,0,market-value/caps positional projection,2026-08-26T10:00:19.549394+00:00
,Croatia,Marin Pongračić,0,DF,Centre-Back,3-5-2,48,0,market-value/caps positional projection,2026-08-26T10:00:19.549394+00:00
,Croatia,Joško Gvardiol,1,DF,Centre-Back,3-5-2,62,0,market-value/caps positional projection,2026-08-26T10:00:19.549394+00:00
,Croatia,Duje Ćaleta-Car,0,DF,Centre-Back,3-5-2,48,0,market-value/caps positional projection,2026-08-26T10:00:19.549394+00:00
,Croatia,Josip Šutalo,1,DF,Centre-Back,3-5-2,62,0,market-value/caps positional projection,2026-08-26T10:00:19.549394+00:00
,Croatia,Nikola Moro,0,MF,Defensive Midfield,3-5-2,48,0,market-value/caps positional projection,2026-08-26T10:00:19.549394+00:00
,Croatia,Mateo Kovačić,1,MF,Central Midfield,3-5-2,62,0,market-value/caps positional projection,2026-08-26T10:00:19.549394+00:00
,Croatia,Andrej Kramarić,1,FW,Second Striker,3-5-2,62,0,market-value/caps positional projection,2026-08-26T10:00:19.549394+00:00
,Croatia,Luka Modrić,1,MF,Central Midfield,3-5-2,62,0,market-value/caps positional projection,2026-08-26T10:00:19.549394+00:00
,Croatia,Ante Budimir,0,FW,Centre-Forward,3-5-2,48,0,market-value/caps positional projection,2026-08-26T10:00:19.549394+00:00
,Croatia,Ivor Pandur,0,GK,Goalkeeper,3-5-2,48,0,market-value/caps positional projection,2026-08-26T10:00:19.549394+00:00
,Croatia,Nikola Vlašić,1,MF,Attacking Midfield,3-5-2,62,0,market-value/caps positional projection,2026-08-26T10:00:19.549394+00:00
,Croatia,Ivan Perišić,1,FW,Left Winger,3-5-2,62,0,market-value/caps positional projection,2026-08-26T10:00:19.549394+00:00
,Croatia,Mario Pašalić,1,MF,Central Midfield,3-5-2,62,0,market-value/caps positional projection,2026-08-26T10:00:19.549394+00:00
,Croatia,Martin Baturina,0,MF,Attacking Midfield,3-5-2,48,0,market-value/caps positional projection,2026-08-26T10:00:19.549394+00:00
,Croatia,Petar Sučić,1,MF,Central Midfield,3-5-2,62,0,market-value/caps positional projection,2026-08-26T10:00:19.549394+00:00
,Croatia,Kristijan Jakić,0,DF,Defensive Midfield,3-5-2,48,0,market-value/caps positional projection,2026-08-26T10:00:19.549394+00:00
,Croatia,Toni Fruk,0,MF,Attacking Midfield,3-5-2,48,0,market-value/caps positional projection,2026-08-26T10:00:19.549394+00:00
,Croatia,Igor Matanović,0,FW,Centre-Forward,3-5-2,48,0,market-value/caps positional projection,2026-08-26T10:00:19.549394+00:00
,Croatia,Luka Sučić,0,MF,Central Midfield,3-5-2,48,0,market-value/caps positional projection,2026-08-26T10:00:19.549394+00:00
,Croatia,Luka Vušković,0,DF,Centre-Back,3-5-2,48,0,market-value/caps positional projection,2026-08-26T10:00:19.549394+00:00
,Croatia,Dominik Kotarski,0,GK,Goalkeeper,3-5-2,48,0,market-value/caps positional projection,2026-08-26T10:00:19.549394+00:00
,Croatia,Marco Pašalić,0,FW,Right Winger,3-5-2,48,0,market-value/caps positional projection,2026-08-26T10:00:19.549394+00:00
,Croatia,Martin Erlić,0,DF,Centre-Back,3-5-2,48,0,market-value/caps positional projection,2026-08-26T10:00:19.549394+00:00
,Croatia,Petar Musa,0,FW,Centre-Forward,3-5-2,48,0,market-value/caps positional projection,2026-08-26T10:00:19.549394+00:00
,England,Jordan Pickford,1,GK,Goalkeeper,3-4-3,62,0,market-value/caps positional projection,2026-08-26T10:00:19.549394+00:00
,England,Ezri Konsa,0,DF,Centre-Back,3-4-3,48,0,market-value/caps positional projection,2026-08-26T10:00:19.549394+00:00
,England,Nico O'Reilly,0,DF,Left-Back,3-4-3,48,0,market-value/caps positional projection,2026-08-26T10:00:19.549394+00:00
,England,Declan Rice,1,MF,Central Midfield,3-4-3,62,0,market-value/caps positional projection,2026-08-26T10:00:19.549394+00:00
,England,John Stones,1,DF,Centre-Back,3-4-3,62,0,market-value/caps positional projection,2026-08-26T10:00:19.549394+00:00
,England,Marc Guéhi,1,DF,Centre-Back,3-4-3,62,0,market-value/caps positional projection,2026-08-26T10:00:19.549394+00:00
,England,Bukayo Saka,1,FW,Right Winger,3-4-3,62,0,market-value/caps positional projection,2026-08-26T10:00:19.549394+00:00
,England,Elliot Anderson,0,MF,Central Midfield,3-4-3,48,0,market-value/caps positional projection,2026-08-26T10:00:19.549394+00:00
,England,Harry Kane,1,FW,Centre-Forward,3-4-3,62,0,market-value/caps positional projection,2026-08-26T10:00:19.549394+00:00
,England,Jude Bellingham,1,MF,Attacking Midfield,3-4-3,62,0,market-value/caps positional projection,2026-08-26T10:00:19.549394+00:00
,England,Marcus Rashford,1,FW,Left Winger,3-4-3,62,0,market-value/caps positional projection,2026-08-26T10:00:19.549394+00:00
,England,Trevoh Chalobah,0,DF,Centre-Back,3-4-3,48,0,market-value/caps positional projection,2026-08-26T10:00:19.549394+00:00
,England,Dean Henderson,0,GK,Goalkeeper,3-4-3,48,0,market-value/caps positional projection,2026-08-26T10:00:19.549394+00:00
,England,Jordan Henderson,1,MF,Defensive Midfield,3-4-3,62,0,market-value/caps positional projection,2026-08-26T10:00:19.549394+00:00
,England,Dan Burn,0,DF,Centre-Back,3-4-3,48,0,market-value/caps positional projection,2026-08-26T10:00:19.549394+00:00
,England,Kobbie Mainoo,0,MF,Central Midfield,3-4-3,48,0,market-value/caps positional projection,2026-08-26T10:00:19.549394+00:00
,England,Morgan Rogers,0,MF,Attacking Midfield,3-4-3,48,0,market-value/caps positional projection,2026-08-26T10:00:19.549394+00:00
,England,Anthony Gordon,0,FW,Left Winger,3-4-3,48,0,market-value/caps positional projection,2026-08-26T10:00:19.549394+00:00
,England,Ollie Watkins,0,FW,Centre-Forward,3-4-3,48,0,market-value/caps positional projection,2026-08-26T10:00:19.549394+00:00
,England,Noni Madueke,0,FW,Right Winger,3-4-3,48,0,market-value/caps positional projection,2026-08-26T10:00:19.549394+00:00
,England,Eberechi Eze,1,MF,Attacking Midfield,3-4-3,62,0,market-value/caps positional projection,2026-08-26T10:00:19.549394+00:00
,England,Ivan Toney,0,FW,Centre-Forward,3-4-3,48,0,market-value/caps positional projection,2026-08-26T10:00:19.549394+00:00
,England,James Trafford,0,GK,Goalkeeper,3-4-3,48,0,market-value/caps positional projection,2026-08-26T10:00:19.549394+00:00
,England,Reece James,1,DF,Right-Back,3-4-3,62,0,market-value/caps positional projection,2026-08-26T10:00:19.549394+00:00
,England,Djed Spence,0,DF,Left-Back,3-4-3,48,0,market-value/caps positional projection,2026-08-26T10:00:19.549394+00:00
,England,Jarell Quansah,0,DF,Centre-Back,3-4-3,48,0,market-value/caps positional projection,2026-08-26T10:00:19.549394+00:00
,Ghana,Lawrence Ati-Zigi,1,GK,Goalkeeper,3-4-3,62,0,market-value/caps positional projection,2026-08-26T10:00:19.549394+00:00
,Ghana,Alidu Seidu,1,DF,Centre-Back,3-4-3,62,0,market-value/caps positional projection,2026-08-26T10:00:19.549394+00:00
,Ghana,Caleb Yirenkyi,1,MF,Central Midfield,3-4-3,62,0,market-value/caps positional projection,2026-08-26T10:00:19.549394+00:00
,Ghana,Jonas Adjetey,0,DF,Centre-Back,3-4-3,48,0,market-value/caps positional projection,2026-08-26T10:00:19.549394+00:00
,Ghana,Thomas Partey,1,MF,Defensive Midfield,3-4-3,62,0,market-value/caps positional projection,2026-08-26T10:00:19.549394+00:00
,Ghana,Abdul Mumin,0,DF,Centre-Back,3-4-3,48,0,market-value/caps positional projection,2026-08-26T10:00:19.549394+00:00
,Ghana,Abdul Fatawu,1,FW,Right Winger,3-4-3,62,0,market-value/caps positional projection,2026-08-26T10:00:19.549394+00:00
,Ghana,Kwasi Sibo,0,MF,Central Midfield,3-4-3,48,0,market-value/caps positional projection,2026-08-26T10:00:19.549394+00:00
,Ghana,Jordan Ayew,1,FW,Centre-Forward,3-4-3,62,0,market-value/caps positional projection,2026-08-26T10:00:19.549394+00:00
,Ghana,Brandon Thomas-Asante,0,FW,Centre-Forward,3-4-3,48,0,market-value/caps positional projection,2026-08-26T10:00:19.549394+00:00
,Ghana,Antoine Semenyo,1,MF,Right Winger,3-4-3,62,0,market-value/caps positional projection,2026-08-26T10:00:19.549394+00:00
,Ghana,Joseph Anang,0,GK,Goalkeeper,3-4-3,48,0,market-value/caps positional projection,2026-08-26T10:00:19.549394+00:00
,Ghana,Christopher Bonsu Baah,0,FW,Left Winger,3-4-3,48,0,market-value/caps positional projection,2026-08-26T10:00:19.549394+00:00
,Ghana,Gideon Mensah,1,DF,Left-Back,3-4-3,62,0,market-value/caps positional projection,2026-08-26T10:00:19.549394+00:00
,Ghana,Elisha Owusu,1,MF,Defensive Midfield,3-4-3,62,0,market-value/caps positional projection,2026-08-26T10:00:19.549394+00:00
,Ghana,Benjamin Asare,0,GK,Goalkeeper,3-4-3,48,0,market-value/caps positional projection,2026-08-26T10:00:19.549394+00:00
,Ghana,Abdul Rahman Baba,1,DF,Left-Back,3-4-3,62,0,market-value/caps positional projection,2026-08-26T10:00:19.549394+00:00
,Ghana,Jerome Opoku,0,DF,Centre-Back,3-4-3,48,0,market-value/caps positional projection,2026-08-26T10:00:19.549394+00:00
,Ghana,Iñaki Williams,0,FW,Right Winger,3-4-3,48,0,market-value/caps positional projection,2026-08-26T10:00:19.549394+00:00
,Ghana,Augustine Boakye,0,MF,Attacking Midfield,3-4-3,48,0,market-value/caps positional projection,2026-08-26T10:00:19.549394+00:00
,Ghana,Kojo Peprah Oppong,0,DF,Centre-Back,3-4-3,48,0,market-value/caps positional projection,2026-08-26T10:00:19.549394+00:00
,Ghana,Kamaldeen Sulemana,1,FW,Left Winger,3-4-3,62,0,market-value/caps positional projection,2026-08-26T10:00:19.549394+00:00
,Ghana,Derrick Luckassen,0,DF,Centre-Back,3-4-3,48,0,market-value/caps positional projection,2026-08-26T10:00:19.549394+00:00
,Ghana,Ernest Nuamah,0,FW,Right Winger,3-4-3,48,0,market-value/caps positional projection,2026-08-26T10:00:19.549394+00:00
,Ghana,Prince Kwabena Adu,0,FW,,3-4-3,48,0,market-value/caps positional projection,2026-08-26T10:00:19.549394+00:00
,Ghana,Marvin Senaya,0,DF,Right-Back,3-4-3,48,0,market-value/caps positional projection,2026-08-26T10:00:19.549394+00:00
,Panama,Luis Mejía,0,GK,Goalkeeper,4-2-3-1,48,0,market-value/caps positional projection,2026-08-26T10:00:19.549394+00:00
,Panama,César Blackman,1,DF,Right-Back,4-2-3-1,62,0,market-value/caps positional projection,2026-08-26T10:00:19.549394+00:00
,Panama,José Córdoba,0,DF,Centre-Back,4-2-3-1,48,0,market-value/caps positional projection,2026-08-26T10:00:19.549394+00:00
,Panama,Fidel Escobar,1,DF,Centre-Back,4-2-3-1,62,0,market-value/caps positional projection,2026-08-26T10:00:19.549394+00:00
,Panama,Edgardo Fariña,0,DF,Centre-Back,4-2-3-1,48,0,market-value/caps positional projection,2026-08-26T10:00:19.549394+00:00
,Panama,Cristian Martínez,1,MF,Defensive Midfield,4-2-3-1,62,0,market-value/caps positional projection,2026-08-26T10:00:19.549394+00:00
,Panama,José Luis Rodríguez,1,MF,Left Winger,4-2-3-1,62,0,market-value/caps positional projection,2026-08-26T10:00:19.549394+00:00
,Panama,Adalberto Carrasquilla,1,MF,Central Midfield,4-2-3-1,62,0,market-value/caps positional projection,2026-08-26T10:00:19.549394+00:00
,Panama,Tomás Rodríguez,0,FW,Centre-Forward,4-2-3-1,48,0,market-value/caps positional projection,2026-08-26T10:00:19.549394+00:00
,Panama,Ismael Díaz,1,MF,Left Winger,4-2-3-1,62,0,market-value/caps positional projection,2026-08-26T10:00:19.549394+00:00
,Panama,Yoel Bárcenas,1,MF,Right Winger,4-2-3-1,62,0,market-value/caps positional projection,2026-08-26T10:00:19.549394+00:00
,Panama,César Samudio,0,GK,Goalkeeper,4-2-3-1,48,0,market-value/caps positional projection,2026-08-26T10:00:19.549394+00:00
,Panama,Jiovany Ramos,0,DF,Centre-Back,4-2-3-1,48,0,market-value/caps positional projection,2026-08-26T10:00:19.549394+00:00
,Panama,Carlos Harvey,0,DF,Defensive Midfield,4-2-3-1,48,0,market-value/caps positional projection,2026-08-26T10:00:19.549394+00:00
,Panama,Eric Davis,1,DF,Left-Back,4-2-3-1,62,0,market-value/caps positional projection,2026-08-26T10:00:19.549394+00:00
,Panama,Andrés Andrade,1,DF,Centre-Back,4-2-3-1,62,0,market-value/caps positional projection,2026-08-26T10:00:19.549394+00:00
,Panama,José Fajardo,1,FW,Centre-Forward,4-2-3-1,62,0,market-value/caps positional projection,2026-08-26T10:00:19.549394+00:00
,Panama,Cecilio Waterman,0,FW,Centre-Forward,4-2-3-1,48,0,market-value/caps positional projection,2026-08-26T10:00:19.549394+00:00
,Panama,Alberto Quintero,0,MF,Right Winger,4-2-3-1,48,0,market-value/caps positional projection,2026-08-26T10:00:19.549394+00:00
,Panama,Aníbal Godoy,0,MF,Defensive Midfield,4-2-3-1,48,0,market-value/caps positional projection,2026-08-26T10:00:19.549394+00:00
,Panama,César Yanis,0,MF,Right Winger,4-2-3-1,48,0,market-value/caps positional projection,2026-08-26T10:00:19.549394+00:00
,Panama,Orlando Mosquera,1,GK,Goalkeeper,4-2-3-1,62,0,market-value/caps positional projection,2026-08-26T10:00:19.549394+00:00
,Panama,Michael Amir Murillo,0,DF,,4-2-3-1,48,0,market-value/caps positional projection,2026-08-26T10:00:19.549394+00:00
,Panama,Azarias Londoño,0,FW,Centre-Forward,4-2-3-1,48,0,market-value/caps positional projection,2026-08-26T10:00:19.549394+00:00
,Panama,Roderick Miller,0,DF,Centre-Back,4-2-3-1,48,0,market-value/caps positional projection,2026-08-26T10:00:19.549394+00:00
,Panama,Jorge Gutiérrez,0,DF,Left-Back,4-2-3-1,48,0,market-value/caps positional projection,2026-08-26T10:00:19.549394+00:00
