match_id,team,player,player_id,status,category,start_date,end_date,availability,minutes_limit,impact_score,source,updated_at
,Czechia,Matěj Kovář,,available,squad-status,,,1.0,90,91.54,squad-projection,2026-06-05T19:40:23.502261+00:00
,Czechia,David Zima,,available,squad-status,,,1.0,90,92.41,squad-projection,2026-06-05T19:40:23.502261+00:00
,Czechia,Tomáš Holeš,,available,squad-status,,,1.0,90,56.72,squad-projection,2026-06-05T19:40:23.502261+00:00
,Czechia,Robin Hranáč,,available,squad-status,,,1.0,90,56.75,squad-projection,2026-06-05T19:40:23.502261+00:00
,Czechia,Vladimír Coufal,,available,squad-status,,,1.0,90,98.07,squad-projection,2026-06-05T19:40:23.502261+00:00
,Czechia,Štěpán Chaloupek,,available,squad-status,,,1.0,90,55.34,squad-projection,2026-06-05T19:40:23.502261+00:00
,Czechia,Ladislav Krejčí,,available,squad-status,,,1.0,90,96.98,squad-projection,2026-06-05T19:40:23.502261+00:00
,Czechia,Vladimír Darida,,available,squad-status,,,1.0,90,98.16,squad-projection,2026-06-05T19:40:23.502261+00:00
,Czechia,Adam Hložek,,available,squad-status,,,1.0,90,98.39,squad-projection,2026-06-05T19:40:23.502261+00:00
,Czechia,Patrik Schick,,available,squad-status,,,1.0,90,107.21,squad-projection,2026-06-05T19:40:23.502261+00:00
,Czechia,Jan Kuchta,,available,squad-status,,,1.0,90,57.32,squad-projection,2026-06-05T19:40:23.502261+00:00
,Czechia,Lukáš Červ,,available,squad-status,,,1.0,90,56.45,squad-projection,2026-06-05T19:40:23.502261+00:00
,Czechia,Mojmír Chytil,,available,squad-status,,,1.0,90,57.21,squad-projection,2026-06-05T19:40:23.502261+00:00
,Czechia,David Jurásek,,available,squad-status,,,1.0,90,56.12,squad-projection,2026-06-05T19:40:23.502261+00:00
,Czechia,Pavel Šulc,,available,squad-status,,,1.0,90,95.39,squad-projection,2026-06-05T19:40:23.502261+00:00
,Czechia,Jindřich Staněk,,available,squad-status,,,1.0,90,53.98,squad-projection,2026-06-05T19:40:23.502261+00:00
,Czechia,Lukáš Provod,,available,squad-status,,,1.0,90,96.16,squad-projection,2026-06-05T19:40:23.502261+00:00
,Czechia,Michal Sadílek,,available,squad-status,,,1.0,90,95.0,squad-projection,2026-06-05T19:40:23.502261+00:00
,Czechia,Tomáš Chorý,,available,squad-status,,,1.0,90,56.4,squad-projection,2026-06-05T19:40:23.502261+00:00
,Czechia,Jaroslav Zelený,,available,squad-status,,,1.0,90,53.04,squad-projection,2026-06-05T19:40:23.502261+00:00
,Czechia,David Douděra,,available,squad-status,,,1.0,90,55.53,squad-projection,2026-06-05T19:40:23.502261+00:00
,Czechia,Tomáš Souček,,available,squad-status,,,1.0,90,111.83,squad-projection,2026-06-05T19:40:23.502261+00:00
,Czechia,Lukáš Horníček,,available,squad-status,,,1.0,90,55.93,squad-projection,2026-06-05T19:40:23.502261+00:00
,Czechia,Alexandr Sojka,,available,squad-status,,,1.0,90,52.42,squad-projection,2026-06-05T19:40:23.502261+00:00
,Czechia,Hugo Sochůrek,,available,squad-status,,,1.0,90,53.14,squad-projection,2026-06-05T19:40:23.502261+00:00
,Czechia,Denis Višinský,,available,squad-status,,,1.0,90,52.87,squad-projection,2026-06-05T19:40:23.502261+00:00
,Mexico,Raúl Rangel,,available,squad-status,,,1.0,90,55.86,squad-projection,2026-06-05T19:40:23.502261+00:00
,Mexico,Jorge Sánchez,,available,squad-status,,,1.0,90,60.72,squad-projection,2026-06-05T19:40:23.502261+00:00
,Mexico,César Montes,,available,squad-status,,,1.0,90,102.68,squad-projection,2026-06-05T19:40:23.502261+00:00
,Mexico,Edson Álvarez,,available,squad-status,,,1.0,90,110.66,squad-projection,2026-06-05T19:40:23.502261+00:00
,Mexico,Johan Vásquez,,available,squad-status,,,1.0,90,98.8,squad-projection,2026-06-05T19:40:23.502261+00:00
,Mexico,Érik Lira,,available,squad-status,,,1.0,90,58.43,squad-projection,2026-06-05T19:40:23.502261+00:00
,Mexico,Luis Romo,,available,squad-status,,,1.0,90,99.29,squad-projection,2026-06-05T19:40:23.502261+00:00
,Mexico,Álvaro Fidalgo,,available,squad-status,,,1.0,90,55.2,squad-projection,2026-06-05T19:40:23.502261+00:00
,Mexico,Raúl Jiménez,,available,squad-status,,,1.0,90,113.26,squad-projection,2026-06-05T19:40:23.502261+00:00
,Mexico,Alexis Vega,,available,squad-status,,,1.0,90,62.57,squad-projection,2026-06-05T19:40:23.502261+00:00
,Mexico,Santiago Giménez,,available,squad-status,,,1.0,90,101.35,squad-projection,2026-06-05T19:40:23.502261+00:00
,Mexico,Carlos Acevedo,,available,squad-status,,,1.0,90,53.59,squad-projection,2026-06-05T19:40:23.502261+00:00
,Mexico,Guillermo Ochoa,,available,squad-status,,,1.0,90,97.84,squad-projection,2026-06-05T19:40:23.502261+00:00
,Mexico,Armando González,,available,squad-status,,,1.0,90,56.61,squad-projection,2026-06-05T19:40:23.502261+00:00
,Mexico,Israel Reyes,,available,squad-status,,,1.0,90,58.94,squad-projection,2026-06-05T19:40:23.502261+00:00
,Mexico,Julián Quiñones,,available,squad-status,,,1.0,90,58.32,squad-projection,2026-06-05T19:40:23.502261+00:00
,Mexico,Orbelín Pineda,,available,squad-status,,,1.0,90,109.83,squad-projection,2026-06-05T19:40:23.502261+00:00
,Mexico,Obed Vargas,,available,squad-status,,,1.0,90,55.24,squad-projection,2026-06-05T19:40:23.502261+00:00
,Mexico,Gilberto Mora,,available,squad-status,,,1.0,90,55.76,squad-projection,2026-06-05T19:40:23.502261+00:00
,Mexico,Mateo Chávez,,available,squad-status,,,1.0,90,54.47,squad-projection,2026-06-05T19:40:23.502261+00:00
,Mexico,César Huerta,,available,squad-status,,,1.0,90,57.68,squad-projection,2026-06-05T19:40:23.502261+00:00
,Mexico,Guillermo Martínez,,available,squad-status,,,1.0,90,53.55,squad-projection,2026-06-05T19:40:23.502261+00:00
,Mexico,Jesús Gallardo,,available,squad-status,,,1.0,90,105.07,squad-projection,2026-06-05T19:40:23.502261+00:00
,Mexico,Luis Chávez,,available,squad-status,,,1.0,90,97.18,squad-projection,2026-06-05T19:40:23.502261+00:00
,Mexico,Roberto Alvarado,,available,squad-status,,,1.0,90,102.93,squad-projection,2026-06-05T19:40:23.502261+00:00
,Mexico,Brian Gutiérrez,,available,squad-status,,,1.0,90,55.55,squad-projection,2026-06-05T19:40:23.502261+00:00
,South Africa,Ronwen Williams,,available,squad-status,,,1.0,90,95.12,squad-projection,2026-06-05T19:40:23.502261+00:00
,South Africa,Thabang Matuludi,,available,squad-status,,,1.0,90,50.96,squad-projection,2026-06-05T19:40:23.502261+00:00
,South Africa,Khulumani Ndamane,,available,squad-status,,,1.0,90,51.17,squad-projection,2026-06-05T19:40:23.502261+00:00
,South Africa,Teboho Mokoena,,available,squad-status,,,1.0,90,97.6,squad-projection,2026-06-05T19:40:23.502261+00:00
,South Africa,Thalente Mbatha,,available,squad-status,,,1.0,90,86.65,squad-projection,2026-06-05T19:40:23.502261+00:00
,South Africa,Aubrey Modiba,,available,squad-status,,,1.0,90,93.64,squad-projection,2026-06-05T19:40:23.502261+00:00
,South Africa,Oswin Appollis,,available,squad-status,,,1.0,90,90.96,squad-projection,2026-06-05T19:40:23.502261+00:00
,South Africa,Tshepang Moremi,,available,squad-status,,,1.0,90,52.27,squad-projection,2026-06-05T19:40:23.502261+00:00
,South Africa,Lyle Foster,,available,squad-status,,,1.0,90,95.47,squad-projection,2026-06-05T19:40:23.502261+00:00
,South Africa,Relebohile Mofokeng,,available,squad-status,,,1.0,90,53.71,squad-projection,2026-06-05T19:40:23.502261+00:00
,South Africa,Themba Zwane,,available,squad-status,,,1.0,90,93.0,squad-projection,2026-06-05T19:40:23.502261+00:00
,South Africa,Thapelo Maseko,,available,squad-status,,,1.0,90,51.77,squad-projection,2026-06-05T19:40:23.502261+00:00
,South Africa,Sphephelo Sithole,,available,squad-status,,,1.0,90,31.2,squad-projection,2026-06-05T19:40:23.502261+00:00
,South Africa,Mbekezeli Mbokazi,,available,squad-status,,,1.0,90,87.4,squad-projection,2026-06-05T19:40:23.502261+00:00
,South Africa,Iqraam Rayners,,available,squad-status,,,1.0,90,55.16,squad-projection,2026-06-05T19:40:23.502261+00:00
,South Africa,Sipho Chaine,,available,squad-status,,,1.0,90,51.85,squad-projection,2026-06-05T19:40:23.502261+00:00
,South Africa,Evidence Makgopa,,available,squad-status,,,1.0,90,89.28,squad-projection,2026-06-05T19:40:23.502261+00:00
,South Africa,Samukele Kabini,,available,squad-status,,,1.0,90,53.12,squad-projection,2026-06-05T19:40:23.502261+00:00
,South Africa,Nkosinathi Sibisi,,available,squad-status,,,1.0,90,87.02,squad-projection,2026-06-05T19:40:23.502261+00:00
,South Africa,Khuliso Mudau,,available,squad-status,,,1.0,90,89.37,squad-projection,2026-06-05T19:40:23.502261+00:00
,South Africa,Ime Okon,,available,squad-status,,,1.0,90,53.17,squad-projection,2026-06-05T19:40:23.502261+00:00
,South Africa,Ricardo Goss,,available,squad-status,,,1.0,90,49.63,squad-projection,2026-06-05T19:40:23.502261+00:00
,South Africa,Jayden Adams,,available,squad-status,,,1.0,90,51.99,squad-projection,2026-06-05T19:40:23.502261+00:00
,South Africa,Olwethu Makhanya,,available,squad-status,,,1.0,90,52.04,squad-projection,2026-06-05T19:40:23.502261+00:00
,South Africa,Kamogelo Sebelebele,,available,squad-status,,,1.0,90,50.86,squad-projection,2026-06-05T19:40:23.502261+00:00
,South Africa,Bradley Cross,,available,squad-status,,,1.0,90,50.13,squad-projection,2026-06-05T19:40:23.502261+00:00
,Korea Republic,Kim Seung-gyu,,available,squad-status,,,1.0,90,63.21,squad-projection,2026-06-05T19:40:23.502261+00:00
,Korea Republic,Lee Han-beom,,available,squad-status,,,1.0,90,28.41,squad-projection,2026-06-05T19:40:23.502261+00:00
,Korea Republic,Lee Gi-hyuk,,available,squad-status,,,1.0,90,27.72,squad-projection,2026-06-05T19:40:23.502261+00:00
,Korea Republic,Kim Min-jae,,available,squad-status,,,1.0,90,62.31,squad-projection,2026-06-05T19:40:23.502261+00:00
,Korea Republic,Kim Tae-hyeon,,available,squad-status,,,1.0,90,28.27,squad-projection,2026-06-05T19:40:23.502261+00:00
,Korea Republic,Hwang In-beom,,available,squad-status,,,1.0,90,61.47,squad-projection,2026-06-05T19:40:23.502261+00:00
,Korea Republic,Son Heung-min,,available,squad-status,,,1.0,90,72.5,squad-projection,2026-06-05T19:40:23.502261+00:00
,Korea Republic,Paik Seung-ho,,available,squad-status,,,1.0,90,31.51,squad-projection,2026-06-05T19:40:23.502261+00:00
,Korea Republic,Cho Gue-sung,,available,squad-status,,,1.0,90,56.53,squad-projection,2026-06-05T19:40:23.502261+00:00
,Korea Republic,Lee Jae-sung,,available,squad-status,,,1.0,90,67.5,squad-projection,2026-06-05T19:40:23.502261+00:00
,Korea Republic,Hwang Hee-chan,,available,squad-status,,,1.0,90,65.56,squad-projection,2026-06-05T19:40:23.502261+00:00
,Korea Republic,Song Bum-keun,,available,squad-status,,,1.0,90,27.72,squad-projection,2026-06-05T19:40:23.502261+00:00
,Korea Republic,Lee Tae-seok,,available,squad-status,,,1.0,90,29.54,squad-projection,2026-06-05T19:40:23.502261+00:00
,Korea Republic,Cho Wi-je,,available,squad-status,,,1.0,90,27.44,squad-projection,2026-06-05T19:40:23.502261+00:00
,Korea Republic,Kim Moon-hwan,,available,squad-status,,,1.0,90,51.53,squad-projection,2026-06-05T19:40:23.502261+00:00
,Korea Republic,Park Jin-seob,,available,squad-status,,,1.0,90,29.4,squad-projection,2026-06-05T19:40:23.502261+00:00
,Korea Republic,Bae Jun-ho,,available,squad-status,,,1.0,90,29.41,squad-projection,2026-06-05T19:40:23.502261+00:00
,Korea Republic,Oh Hyeon-gyu,,available,squad-status,,,1.0,90,31.98,squad-projection,2026-06-05T19:40:23.502261+00:00
,Korea Republic,Lee Kang-in,,available,squad-status,,,1.0,90,56.94,squad-projection,2026-06-05T19:40:23.502261+00:00
,Korea Republic,Yang Hyun-jun,,available,squad-status,,,1.0,90,28.55,squad-projection,2026-06-05T19:40:23.502261+00:00
,Korea Republic,Jo Hyeon-woo,,available,squad-status,,,1.0,90,33.96,squad-projection,2026-06-05T19:40:23.502261+00:00
,Korea Republic,Seol Young-woo,,available,squad-status,,,1.0,90,51.31,squad-projection,2026-06-05T19:40:23.502261+00:00
,Korea Republic,Jens Castrop,,available,squad-status,,,1.0,90,89.36,squad-projection,2026-06-05T19:40:23.502261+00:00
,Korea Republic,Kim Jin-gyu,,available,squad-status,,,1.0,90,30.82,squad-projection,2026-06-05T19:40:23.502261+00:00
,Korea Republic,Eom Ji-sung,,available,squad-status,,,1.0,90,28.86,squad-projection,2026-06-05T19:40:23.502261+00:00
,Korea Republic,Lee Dong-gyeong,,available,squad-status,,,1.0,90,30.42,squad-projection,2026-06-05T19:40:23.502261+00:00
,Bosnia and Herzegovina,Nikola Vasilj,,available,squad-status,,,1.0,90,91.3,squad-projection,2026-06-05T19:40:23.502261+00:00
,Bosnia and Herzegovina,Nihad Mujakić,,available,squad-status,,,1.0,90,52.85,squad-projection,2026-06-05T19:40:23.502261+00:00
,Bosnia and Herzegovina,Dennis Hadžikadunić,,available,squad-status,,,1.0,90,89.11,squad-projection,2026-06-05T19:40:23.502261+00:00
,Bosnia and Herzegovina,Tarik Muharemović,,available,squad-status,,,1.0,90,93.45,squad-projection,2026-06-05T19:40:23.502261+00:00
,Bosnia and Herzegovina,Sead Kolašinac,,available,squad-status,,,1.0,90,99.52,squad-projection,2026-06-05T19:40:23.502261+00:00
,Bosnia and Herzegovina,Benjamin Tahirović,,available,squad-status,,,1.0,90,92.12,squad-projection,2026-06-05T19:40:23.502261+00:00
,Bosnia and Herzegovina,Amar Dedić,,available,squad-status,,,1.0,90,95.34,squad-projection,2026-06-05T19:40:23.502261+00:00
,Bosnia and Herzegovina,Armin Gigović,,available,squad-status,,,1.0,90,55.21,squad-projection,2026-06-05T19:40:23.502261+00:00
,Bosnia and Herzegovina,Samed Baždar,,available,squad-status,,,1.0,90,53.37,squad-projection,2026-06-05T19:40:23.502261+00:00
,Bosnia and Herzegovina,Ermedin Demirović,,available,squad-status,,,1.0,90,99.62,squad-projection,2026-06-05T19:40:23.502261+00:00
,Bosnia and Herzegovina,Edin Džeko,,available,squad-status,,,1.0,90,110.26,squad-projection,2026-06-05T19:40:23.502261+00:00
,Bosnia and Herzegovina,Mladen Jurkas,,available,squad-status,,,1.0,90,50.25,squad-projection,2026-06-05T19:40:23.502261+00:00
,Bosnia and Herzegovina,Ivan Bašić,,available,squad-status,,,1.0,90,53.39,squad-projection,2026-06-05T19:40:23.502261+00:00
,Bosnia and Herzegovina,Ivan Šunjić,,available,squad-status,,,1.0,90,53.57,squad-projection,2026-06-05T19:40:23.502261+00:00
,Bosnia and Herzegovina,Amar Memić,,available,squad-status,,,1.0,90,88.54,squad-projection,2026-06-05T19:40:23.502261+00:00
,Bosnia and Herzegovina,Amir Hadžiahmetović,,available,squad-status,,,1.0,90,93.08,squad-projection,2026-06-05T19:40:23.502261+00:00
,Bosnia and Herzegovina,Dženis Burnić,,available,squad-status,,,1.0,90,53.81,squad-projection,2026-06-05T19:40:23.502261+00:00
,Bosnia and Herzegovina,Nikola Katić,,available,squad-status,,,1.0,90,54.24,squad-projection,2026-06-05T19:40:23.502261+00:00
,Bosnia and Herzegovina,Kerim Alajbegović,,available,squad-status,,,1.0,90,92.21,squad-projection,2026-06-05T19:40:23.502261+00:00
,Bosnia and Herzegovina,Esmir Bajraktarević,,available,squad-status,,,1.0,90,56.64,squad-projection,2026-06-05T19:40:23.502261+00:00
,Bosnia and Herzegovina,Stjepan Radeljić,,available,squad-status,,,1.0,90,53.31,squad-projection,2026-06-05T19:40:23.502261+00:00
,Bosnia and Herzegovina,Martin Zlomislić,,available,squad-status,,,1.0,90,52.46,squad-projection,2026-06-05T19:40:23.502261+00:00
,Bosnia and Herzegovina,Haris Tabaković,,available,squad-status,,,1.0,90,55.01,squad-projection,2026-06-05T19:40:23.502261+00:00
,Bosnia and Herzegovina,Nidal Čelik,,available,squad-status,,,1.0,90,54.32,squad-projection,2026-06-05T19:40:23.502261+00:00
,Bosnia and Herzegovina,Jovo Lukić,,available,squad-status,,,1.0,90,51.83,squad-projection,2026-06-05T19:40:23.502261+00:00
,Bosnia and Herzegovina,Ermin Mahmić,,available,squad-status,,,1.0,90,53.74,squad-projection,2026-06-05T19:40:23.502261+00:00
,Canada,Dayne St. Clair,,available,squad-status,,,1.0,90,55.77,squad-projection,2026-06-05T19:40:23.502261+00:00
,Canada,Alistair Johnston,,available,squad-status,,,1.0,90,100.11,squad-projection,2026-06-05T19:40:23.502261+00:00
,Canada,Alfie Jones,,available,squad-status,,,1.0,90,54.19,squad-projection,2026-06-05T19:40:23.502261+00:00
,Canada,Luc de Fougerolles,,available,squad-status,,,1.0,90,52.53,squad-projection,2026-06-05T19:40:23.502261+00:00
,Canada,Joel Waterman,,available,squad-status,,,1.0,90,54.4,squad-projection,2026-06-05T19:40:23.502261+00:00
,Canada,Mathieu Choinière,,available,squad-status,,,1.0,90,53.67,squad-projection,2026-06-05T19:40:23.502261+00:00
,Canada,Stephen Eustáquio,,available,squad-status,,,1.0,90,99.63,squad-projection,2026-06-05T19:40:23.502261+00:00
,Canada,Ismaël Koné,,available,squad-status,,,1.0,90,99.97,squad-projection,2026-06-05T19:40:23.502261+00:00
,Canada,Cyle Larin,,available,squad-status,,,1.0,90,111.29,squad-projection,2026-06-05T19:40:23.502261+00:00
,Canada,Jonathan David,,available,squad-status,,,1.0,90,116.44,squad-projection,2026-06-05T19:40:23.502261+00:00
,Canada,Liam Millar,,available,squad-status,,,1.0,90,58.44,squad-projection,2026-06-05T19:40:23.502261+00:00
,Canada,Tani Oluwaseyi,,available,squad-status,,,1.0,90,57.91,squad-projection,2026-06-05T19:40:23.502261+00:00
,Canada,Derek Cornelius,,available,squad-status,,,1.0,90,93.82,squad-projection,2026-06-05T19:40:23.502261+00:00
,Canada,Jacob Shaffelburg,,available,squad-status,,,1.0,90,57.66,squad-projection,2026-06-05T19:40:23.502261+00:00
,Canada,Moïse Bombito,,available,squad-status,,,1.0,90,56.95,squad-projection,2026-06-05T19:40:23.502261+00:00
,Canada,Maxime Crépeau,,available,squad-status,,,1.0,90,90.13,squad-projection,2026-06-05T19:40:23.502261+00:00
,Canada,Tajon Buchanan,,available,squad-status,,,1.0,90,103.41,squad-projection,2026-06-05T19:40:23.502261+00:00
,Canada,Owen Goodman,,available,squad-status,,,1.0,90,49.84,squad-projection,2026-06-05T19:40:23.502261+00:00
,Canada,Alphonso Davies,,available,squad-status,,,1.0,90,108.23,squad-projection,2026-06-05T19:40:23.502261+00:00
,Canada,Ali Ahmed,,available,squad-status,,,1.0,90,57.09,squad-projection,2026-06-05T19:40:23.502261+00:00
,Canada,Jonathan Osorio,,available,squad-status,,,1.0,90,104.01,squad-projection,2026-06-05T19:40:23.502261+00:00
,Canada,Richie Laryea,,available,squad-status,,,1.0,90,98.2,squad-projection,2026-06-05T19:40:23.502261+00:00
,Canada,Niko Sigur,,available,squad-status,,,1.0,90,56.03,squad-projection,2026-06-05T19:40:23.502261+00:00
,Canada,Promise David,,available,squad-status,,,1.0,90,57.41,squad-projection,2026-06-05T19:40:23.502261+00:00
,Canada,Nathan Saliba,,available,squad-status,,,1.0,90,29.55,squad-projection,2026-06-05T19:40:23.502261+00:00
,Qatar,Mahmud Abunada,,available,squad-status,,,1.0,90,27.85,squad-projection,2026-06-05T19:40:23.502261+00:00
,Qatar,Pedro Miguel,,available,squad-status,,,1.0,90,97.07,squad-projection,2026-06-05T19:40:23.502261+00:00
,Qatar,Lucas Mendes,,available,squad-status,,,1.0,90,84.45,squad-projection,2026-06-05T19:40:23.502261+00:00
,Qatar,Issa Laye,,available,squad-status,,,1.0,90,48.53,squad-projection,2026-06-05T19:40:23.502261+00:00
,Qatar,Jassem Gaber,,available,squad-status,,,1.0,90,86.75,squad-projection,2026-06-05T19:40:23.502261+00:00
,Qatar,Abdulaziz Hatem,,available,squad-status,,,1.0,90,41.5,squad-projection,2026-06-05T19:40:23.502261+00:00
,Qatar,Ahmed Alaaeldin,,available,squad-status,,,1.0,90,59.5,squad-projection,2026-06-05T19:40:23.502261+00:00
,Qatar,Edmilson Junior,,available,squad-status,,,1.0,90,53.94,squad-projection,2026-06-05T19:40:23.502261+00:00
,Qatar,Mohammed Muntari,,available,squad-status,,,1.0,90,96.0,squad-projection,2026-06-05T19:40:23.502261+00:00
,Qatar,Hassan Al-Haydos,,available,squad-status,,,1.0,90,45.24,squad-projection,2026-06-05T19:40:23.502261+00:00
,Qatar,Akram Afif,,available,squad-status,,,1.0,90,115.94,squad-projection,2026-06-05T19:40:23.502261+00:00
,Qatar,Karim Boudiaf,,available,squad-status,,,1.0,90,98.0,squad-projection,2026-06-05T19:40:23.502261+00:00
,Qatar,Ayoub Al-Oui,,available,squad-status,,,1.0,90,49.88,squad-projection,2026-06-05T19:40:23.502261+00:00
,Qatar,Homam Ahmed,,available,squad-status,,,1.0,90,37.06,squad-projection,2026-06-05T19:40:23.502261+00:00
,Qatar,Yusuf Abdurisag,,available,squad-status,,,1.0,90,54.4,squad-projection,2026-06-05T19:40:23.502261+00:00
,Qatar,Boualem Khoukhi,,available,squad-status,,,1.0,90,102.11,squad-projection,2026-06-05T19:40:23.502261+00:00
,Qatar,Ahmed Al-Ganehi,,available,squad-status,,,1.0,90,82.75,squad-projection,2026-06-05T19:40:23.502261+00:00
,Qatar,Sultan Al-Brake,,available,squad-status,,,1.0,90,51.03,squad-projection,2026-06-05T19:40:23.502261+00:00
,Qatar,Almoez Ali,,available,squad-status,,,1.0,90,112.76,squad-projection,2026-06-05T19:40:23.502261+00:00
,Qatar,Ahmed Fathy,,available,squad-status,,,1.0,90,33.82,squad-projection,2026-06-05T19:40:23.502261+00:00
,Qatar,Salah Zakaria,,available,squad-status,,,1.0,90,50.41,squad-projection,2026-06-05T19:40:23.502261+00:00
,Qatar,Meshaal Barsham,,available,squad-status,,,1.0,90,92.21,squad-projection,2026-06-05T19:40:23.502261+00:00
,Qatar,Assim Madibo,,available,squad-status,,,1.0,90,89.75,squad-projection,2026-06-05T19:40:23.502261+00:00
,Qatar,Tahsin Jamshid,,available,squad-status,,,1.0,90,27.58,squad-projection,2026-06-05T19:40:23.502261+00:00
,Qatar,Al-Hashmi Al-Hussain,,available,squad-status,,,1.0,90,49.47,squad-projection,2026-06-05T19:40:23.502261+00:00
,Qatar,Mohamed Manai,,available,squad-status,,,1.0,90,28.55,squad-projection,2026-06-05T19:40:23.502261+00:00
,Switzerland,Gregor Kobel,,available,squad-status,,,1.0,90,96.16,squad-projection,2026-06-05T19:40:23.502261+00:00
,Switzerland,Miro Muheim,,available,squad-status,,,1.0,90,54.85,squad-projection,2026-06-05T19:40:23.502261+00:00
,Switzerland,Silvan Widmer,,available,squad-status,,,1.0,90,59.44,squad-projection,2026-06-05T19:40:23.502261+00:00
,Switzerland,Nico Elvedi,,available,squad-status,,,1.0,90,102.61,squad-projection,2026-06-05T19:40:23.502261+00:00
,Switzerland,Manuel Akanji,,available,squad-status,,,1.0,90,108.03,squad-projection,2026-06-05T19:40:23.502261+00:00
,Switzerland,Denis Zakaria,,available,squad-status,,,1.0,90,105.28,squad-projection,2026-06-05T19:40:23.502261+00:00
,Switzerland,Breel Embolo,,available,squad-status,,,1.0,90,114.02,squad-projection,2026-06-05T19:40:23.502261+00:00
,Switzerland,Remo Freuler,,available,squad-status,,,1.0,90,106.59,squad-projection,2026-06-05T19:40:23.502261+00:00
,Switzerland,Johan Manzambi,,available,squad-status,,,1.0,90,59.53,squad-projection,2026-06-05T19:40:23.502261+00:00
,Switzerland,Granit Xhaka,,available,squad-status,,,1.0,90,111.44,squad-projection,2026-06-05T19:40:23.502261+00:00
,Switzerland,Dan Ndoye,,available,squad-status,,,1.0,90,99.4,squad-projection,2026-06-05T19:40:23.502261+00:00
,Switzerland,Yvon Mvogo,,available,squad-status,,,1.0,90,54.23,squad-projection,2026-06-05T19:40:23.502261+00:00
,Switzerland,Ricardo Rodriguez,,available,squad-status,,,1.0,90,104.87,squad-projection,2026-06-05T19:40:23.502261+00:00
,Switzerland,Ardon Jashari,,available,squad-status,,,1.0,90,57.32,squad-projection,2026-06-05T19:40:23.502261+00:00
,Switzerland,Djibril Sow,,available,squad-status,,,1.0,90,98.35,squad-projection,2026-06-05T19:40:23.502261+00:00
,Switzerland,Christian Fassnacht,,available,squad-status,,,1.0,90,55.87,squad-projection,2026-06-05T19:40:23.502261+00:00
,Switzerland,Rubén Vargas,,available,squad-status,,,1.0,90,104.61,squad-projection,2026-06-05T19:40:23.502261+00:00
,Switzerland,Eray Cömert,,available,squad-status,,,1.0,90,55.34,squad-projection,2026-06-05T19:40:23.502261+00:00
,Switzerland,Noah Okafor,,available,squad-status,,,1.0,90,59.99,squad-projection,2026-06-05T19:40:23.502261+00:00
,Switzerland,Michel Aebischer,,available,squad-status,,,1.0,90,58.95,squad-projection,2026-06-05T19:40:23.502261+00:00
,Switzerland,Marvin Keller,,available,squad-status,,,1.0,90,54.06,squad-projection,2026-06-05T19:40:23.502261+00:00
,Switzerland,Fabian Rieder,,available,squad-status,,,1.0,90,59.0,squad-projection,2026-06-05T19:40:23.502261+00:00
,Switzerland,Zeki Amdouni,,available,squad-status,,,1.0,90,59.78,squad-projection,2026-06-05T19:40:23.502261+00:00
,Switzerland,Aurèle Amenda,,available,squad-status,,,1.0,90,55.62,squad-projection,2026-06-05T19:40:23.502261+00:00
,Switzerland,Luca Jaquez,,available,squad-status,,,1.0,90,55.2,squad-projection,2026-06-05T19:40:23.502261+00:00
,Switzerland,Cedric Itten,,available,squad-status,,,1.0,90,54.59,squad-projection,2026-06-05T19:40:23.502261+00:00
,Brazil,Alisson,,available,squad-status,,,1.0,90,106.15,squad-projection,2026-06-05T19:40:23.502261+00:00
,Brazil,Wesley,,available,squad-status,,,1.0,90,93.15,squad-projection,2026-06-05T19:40:23.502261+00:00
,Brazil,Gabriel Magalhães,,available,squad-status,,,1.0,90,29.81,squad-projection,2026-06-05T19:40:23.502261+00:00
,Brazil,Marquinhos,,available,squad-status,,,1.0,90,112.37,squad-projection,2026-06-05T19:40:23.502261+00:00
,Brazil,Casemiro,,available,squad-status,,,1.0,90,107.54,squad-projection,2026-06-05T19:40:23.502261+00:00
,Brazil,Alex Sandro,,available,squad-status,,,1.0,90,57.27,squad-projection,2026-06-05T19:40:23.502261+00:00
,Brazil,Vinícius Júnior,,available,squad-status,,,1.0,90,108.12,squad-projection,2026-06-05T19:40:23.502261+00:00
,Brazil,Bruno Guimarães,,available,squad-status,,,1.0,90,102.95,squad-projection,2026-06-05T19:40:23.502261+00:00
,Brazil,Matheus Cunha,,available,squad-status,,,1.0,90,61.43,squad-projection,2026-06-05T19:40:23.502261+00:00
,Brazil,Neymar,,available,squad-status,,,1.0,90,115.94,squad-projection,2026-06-05T19:40:23.502261+00:00
,Brazil,Raphinha,,available,squad-status,,,1.0,90,104.68,squad-projection,2026-06-05T19:40:23.502261+00:00
,Brazil,Weverton,,available,squad-status,,,1.0,90,51.64,squad-projection,2026-06-05T19:40:23.502261+00:00
,Brazil,Danilo Luiz,,available,squad-status,,,1.0,90,37.02,squad-projection,2026-06-05T19:40:23.502261+00:00
,Brazil,Bremer,,available,squad-status,,,1.0,90,93.03,squad-projection,2026-06-05T19:40:23.502261+00:00
,Brazil,Léo Pereira,,available,squad-status,,,1.0,90,55.52,squad-projection,2026-06-05T19:40:23.502261+00:00
,Brazil,Douglas Santos,,available,squad-status,,,1.0,90,55.13,squad-projection,2026-06-05T19:40:23.502261+00:00
,Brazil,Fabinho,,available,squad-status,,,1.0,90,95.63,squad-projection,2026-06-05T19:40:23.502261+00:00
,Brazil,Danilo Santos,,available,squad-status,,,1.0,90,28.03,squad-projection,2026-06-05T19:40:23.502261+00:00
,Brazil,Endrick,,available,squad-status,,,1.0,90,59.84,squad-projection,2026-06-05T19:40:23.502261+00:00
,Brazil,Lucas Paquetá,,available,squad-status,,,1.0,90,108.01,squad-projection,2026-06-05T19:40:23.502261+00:00
,Brazil,Luiz Henrique,,available,squad-status,,,1.0,90,58.53,squad-projection,2026-06-05T19:40:23.502261+00:00
,Brazil,Gabriel Martinelli,,available,squad-status,,,1.0,90,61.03,squad-projection,2026-06-05T19:40:23.502261+00:00
,Brazil,Ederson,,available,squad-status,,,1.0,90,59.23,squad-projection,2026-06-05T19:40:23.502261+00:00
,Brazil,Roger Ibañez,,available,squad-status,,,1.0,90,56.53,squad-projection,2026-06-05T19:40:23.502261+00:00
,Brazil,Igor Thiago,,available,squad-status,,,1.0,90,58.71,squad-projection,2026-06-05T19:40:23.502261+00:00
,Brazil,Rayan,,available,squad-status,,,1.0,90,58.28,squad-projection,2026-06-05T19:40:23.502261+00:00
,Haiti,Johny Placide,,available,squad-status,,,1.0,90,94.23,squad-projection,2026-06-05T19:40:23.502261+00:00
,Haiti,Carlens Arcus,,available,squad-status,,,1.0,90,94.92,squad-projection,2026-06-05T19:40:23.502261+00:00
,Haiti,Keeto Thermoncy,,available,squad-status,,,1.0,90,47.07,squad-projection,2026-06-05T19:40:23.502261+00:00
,Haiti,Ricardo Adé,,available,squad-status,,,1.0,90,91.61,squad-projection,2026-06-05T19:40:23.502261+00:00
,Haiti,Hannes Delcroix,,available,squad-status,,,1.0,90,84.74,squad-projection,2026-06-05T19:40:23.502261+00:00
,Haiti,Carl Sainté,,available,squad-status,,,1.0,90,50.92,squad-projection,2026-06-05T19:40:23.502261+00:00
,Haiti,Derrick Etienne Jr.,,available,squad-status,,,1.0,90,93.34,squad-projection,2026-06-05T19:40:23.502261+00:00
,Haiti,Martin Expérience,,available,squad-status,,,1.0,90,51.84,squad-projection,2026-06-05T19:40:23.502261+00:00
,Haiti,Duckens Nazon,,available,squad-status,,,1.0,90,106.76,squad-projection,2026-06-05T19:40:23.502261+00:00
,Haiti,Jean-Ricner Bellegarde,,available,squad-status,,,1.0,90,91.09,squad-projection,2026-06-05T19:40:23.502261+00:00
,Haiti,Louicius Deedson,,available,squad-status,,,1.0,90,57.03,squad-projection,2026-06-05T19:40:23.502261+00:00
,Haiti,Alexandre Pierre,,available,squad-status,,,1.0,90,52.33,squad-projection,2026-06-05T19:40:23.502261+00:00
,Haiti,Duke Lacroix,,available,squad-status,,,1.0,90,49.86,squad-projection,2026-06-05T19:40:23.502261+00:00
,Haiti,Leverton Pierre,,available,squad-status,,,1.0,90,84.44,squad-projection,2026-06-05T19:40:23.502261+00:00
,Haiti,Ruben Providence,,available,squad-status,,,1.0,90,51.22,squad-projection,2026-06-05T19:40:23.502261+00:00
,Haiti,Lenny Joseph,,available,squad-status,,,1.0,90,52.34,squad-projection,2026-06-05T19:40:23.502261+00:00
,Haiti,Danley Jean Jacques,,available,squad-status,,,1.0,90,92.46,squad-projection,2026-06-05T19:40:23.502261+00:00
,Haiti,Wilson Isidor,,available,squad-status,,,1.0,90,56.36,squad-projection,2026-06-05T19:40:23.502261+00:00
,Haiti,Yassin Fortuné,,available,squad-status,,,1.0,90,48.67,squad-projection,2026-06-05T19:40:23.502261+00:00
,Haiti,Frantzdy Pierrot,,available,squad-status,,,1.0,90,102.23,squad-projection,2026-06-05T19:40:23.502261+00:00
,Haiti,Josué Casimir,,available,squad-status,,,1.0,90,53.57,squad-projection,2026-06-05T19:40:23.502261+00:00
,Haiti,Jean-Kévin Duverne,,available,squad-status,,,1.0,90,87.21,squad-projection,2026-06-05T19:40:23.502261+00:00
,Haiti,Josué Duverger,,available,squad-status,,,1.0,90,46.58,squad-projection,2026-06-05T19:40:23.502261+00:00
,Haiti,Wilguens Paugain,,available,squad-status,,,1.0,90,50.96,squad-projection,2026-06-05T19:40:23.502261+00:00
,Haiti,Dominique Simon,,available,squad-status,,,1.0,90,48.26,squad-projection,2026-06-05T19:40:23.502261+00:00
,Haiti,Woodensky Pierre,,available,squad-status,,,1.0,90,47.07,squad-projection,2026-06-05T19:40:23.502261+00:00
,Morocco,Yassine Bounou,,available,squad-status,,,1.0,90,104.84,squad-projection,2026-06-05T19:40:23.502261+00:00
,Morocco,Achraf Hakimi,,available,squad-status,,,1.0,90,116.24,squad-projection,2026-06-05T19:40:23.502261+00:00
,Morocco,Noussair Mazraoui,,available,squad-status,,,1.0,90,99.69,squad-projection,2026-06-05T19:40:23.502261+00:00
,Morocco,Sofyan Amrabat,,available,squad-status,,,1.0,90,104.74,squad-projection,2026-06-05T19:40:23.502261+00:00
,Morocco,Nayef Aguerd,,available,squad-status,,,1.0,90,103.63,squad-projection,2026-06-05T19:40:23.502261+00:00
,Morocco,Ayyoub Bouaddi,,available,squad-status,,,1.0,90,57.95,squad-projection,2026-06-05T19:40:23.502261+00:00
,Morocco,Chemsdine Talbi,,available,squad-status,,,1.0,90,57.04,squad-projection,2026-06-05T19:40:23.502261+00:00
,Morocco,Azzedine Ounahi,,available,squad-status,,,1.0,90,100.72,squad-projection,2026-06-05T19:40:23.502261+00:00
,Morocco,Soufiane Rahimi,,available,squad-status,,,1.0,90,60.78,squad-projection,2026-06-05T19:40:23.502261+00:00
,Morocco,Brahim Díaz,,available,squad-status,,,1.0,90,100.03,squad-projection,2026-06-05T19:40:23.502261+00:00
,Morocco,Ismael Saibari,,available,squad-status,,,1.0,90,100.51,squad-projection,2026-06-05T19:40:23.502261+00:00
,Morocco,Munir Mohamedi,,available,squad-status,,,1.0,90,34.65,squad-projection,2026-06-05T19:40:23.502261+00:00
,Morocco,Zakaria El Ouahdi,,available,squad-status,,,1.0,90,55.76,squad-projection,2026-06-05T19:40:23.502261+00:00
,Morocco,Issa Diop,,available,squad-status,,,1.0,90,54.82,squad-projection,2026-06-05T19:40:23.502261+00:00
,Morocco,Samir El Mourabet,,available,squad-status,,,1.0,90,56.55,squad-projection,2026-06-05T19:40:23.502261+00:00
,Morocco,Gessime Yassine,,available,squad-status,,,1.0,90,55.79,squad-projection,2026-06-05T19:40:23.502261+00:00
,Morocco,Abde Ezzalzouli,,available,squad-status,,,1.0,90,99.3,squad-projection,2026-06-05T19:40:23.502261+00:00
,Morocco,Chadi Riad,,available,squad-status,,,1.0,90,56.33,squad-projection,2026-06-05T19:40:23.502261+00:00
,Morocco,Youssef Belammari,,available,squad-status,,,1.0,90,53.67,squad-projection,2026-06-05T19:40:23.502261+00:00
,Morocco,Ayoub El Kaabi,,available,squad-status,,,1.0,90,110.44,squad-projection,2026-06-05T19:40:23.502261+00:00
,Morocco,Ayoube Amaimouni,,available,squad-status,,,1.0,90,27.44,squad-projection,2026-06-05T19:40:23.502261+00:00
,Morocco,Ahmed Reda Tagnaouti,,available,squad-status,,,1.0,90,50.9,squad-projection,2026-06-05T19:40:23.502261+00:00
,Morocco,Bilal El Khannouss,,available,squad-status,,,1.0,90,99.98,squad-projection,2026-06-05T19:40:23.502261+00:00
,Morocco,Neil El Aynaoui,,available,squad-status,,,1.0,90,58.6,squad-projection,2026-06-05T19:40:23.502261+00:00
,Morocco,Redouane Halhal,,available,squad-status,,,1.0,90,53.01,squad-projection,2026-06-05T19:40:23.502261+00:00
,Morocco,Anass Salah-Eddine,,available,squad-status,,,1.0,90,56.35,squad-projection,2026-06-05T19:40:23.502261+00:00
,Scotland,Angus Gunn,,available,squad-status,,,1.0,90,53.77,squad-projection,2026-06-05T19:40:23.502261+00:00
,Scotland,Aaron Hickey,,available,squad-status,,,1.0,90,93.53,squad-projection,2026-06-05T19:40:23.502261+00:00
,Scotland,Andy Robertson,,available,squad-status,,,1.0,90,40.4,squad-projection,2026-06-05T19:40:23.502261+00:00
,Scotland,Scott McTominay,,available,squad-status,,,1.0,90,110.42,squad-projection,2026-06-05T19:40:23.502261+00:00
,Scotland,Grant Hanley,,available,squad-status,,,1.0,90,57.72,squad-projection,2026-06-05T19:40:23.502261+00:00
,Scotland,Kieran Tierney,,available,squad-status,,,1.0,90,99.91,squad-projection,2026-06-05T19:40:23.502261+00:00
,Scotland,John McGinn,,available,squad-status,,,1.0,90,112.41,squad-projection,2026-06-05T19:40:23.502261+00:00
,Scotland,Tyler Fletcher,,available,squad-status,,,1.0,90,51.69,squad-projection,2026-06-05T19:40:23.502261+00:00
,Scotland,Lyndon Dykes,,available,squad-status,,,1.0,90,94.73,squad-projection,2026-06-05T19:40:23.502261+00:00
,Scotland,Ché Adams,,available,squad-status,,,1.0,90,98.88,squad-projection,2026-06-05T19:40:23.502261+00:00
,Scotland,Ryan Christie,,available,squad-status,,,1.0,90,104.58,squad-projection,2026-06-05T19:40:23.502261+00:00
,Scotland,Liam Kelly,,available,squad-status,,,1.0,90,50.9,squad-projection,2026-06-05T19:40:23.502261+00:00
,Scotland,Jack Hendry,,available,squad-status,,,1.0,90,58.02,squad-projection,2026-06-05T19:40:23.502261+00:00
,Scotland,Ross Stewart,,available,squad-status,,,1.0,90,52.7,squad-projection,2026-06-05T19:40:23.502261+00:00
,Scotland,John Souttar,,available,squad-status,,,1.0,90,55.54,squad-projection,2026-06-05T19:40:23.502261+00:00
,Scotland,Dominic Hyam,,available,squad-status,,,1.0,90,52.46,squad-projection,2026-06-05T19:40:23.502261+00:00
,Scotland,Ben Gannon-Doak,,available,squad-status,,,1.0,90,57.44,squad-projection,2026-06-05T19:40:23.502261+00:00
,Scotland,George Hirst,,available,squad-status,,,1.0,90,56.19,squad-projection,2026-06-05T19:40:23.502261+00:00
,Scotland,Lewis Ferguson,,available,squad-status,,,1.0,90,94.08,squad-projection,2026-06-05T19:40:23.502261+00:00
,Scotland,Lawrence Shankland,,available,squad-status,,,1.0,90,56.31,squad-projection,2026-06-05T19:40:23.502261+00:00
,Scotland,Craig Gordon,,available,squad-status,,,1.0,90,90.22,squad-projection,2026-06-05T19:40:23.502261+00:00
,Scotland,Nathan Patterson,,available,squad-status,,,1.0,90,93.83,squad-projection,2026-06-05T19:40:23.502261+00:00
,Scotland,Kenny McLean,,available,squad-status,,,1.0,90,57.67,squad-projection,2026-06-05T19:40:23.502261+00:00
,Scotland,Anthony Ralston,,available,squad-status,,,1.0,90,55.31,squad-projection,2026-06-05T19:40:23.502261+00:00
,Scotland,Findlay Curtis,,available,squad-status,,,1.0,90,52.48,squad-projection,2026-06-05T19:40:23.502261+00:00
,Scotland,Scott McKenna,,available,squad-status,,,1.0,90,96.66,squad-projection,2026-06-05T19:40:23.502261+00:00
,Australia,Mathew Ryan,,available,squad-status,,,1.0,90,103.53,squad-projection,2026-06-05T19:40:23.502261+00:00
,Australia,Miloš Degenek,,available,squad-status,,,1.0,90,92.02,squad-projection,2026-06-05T19:40:23.502261+00:00
,Australia,Alessandro Circati,,available,squad-status,,,1.0,90,56.92,squad-projection,2026-06-05T19:40:23.502261+00:00
,Australia,Jacob Italiano,,available,squad-status,,,1.0,90,50.54,squad-projection,2026-06-05T19:40:23.502261+00:00
,Australia,Jordan Bos,,available,squad-status,,,1.0,90,95.08,squad-projection,2026-06-05T19:40:23.502261+00:00
,Australia,Jason Geria,,available,squad-status,,,1.0,90,51.1,squad-projection,2026-06-05T19:40:23.502261+00:00
,Australia,Mathew Leckie,,available,squad-status,,,1.0,90,99.27,squad-projection,2026-06-05T19:40:23.502261+00:00
,Australia,Connor Metcalfe,,available,squad-status,,,1.0,90,90.64,squad-projection,2026-06-05T19:40:23.502261+00:00
,Australia,Mohamed Touré,,available,squad-status,,,1.0,90,53.6,squad-projection,2026-06-05T19:40:23.502261+00:00
,Australia,Ajdin Hrustic,,available,squad-status,,,1.0,90,55.74,squad-projection,2026-06-05T19:40:23.502261+00:00
,Australia,Awer Mabil,,available,squad-status,,,1.0,90,89.95,squad-projection,2026-06-05T19:40:23.502261+00:00
,Australia,Paul Izzo,,available,squad-status,,,1.0,90,50.23,squad-projection,2026-06-05T19:40:23.502261+00:00
,Australia,Aiden O'Neill,,available,squad-status,,,1.0,90,91.18,squad-projection,2026-06-05T19:40:23.502261+00:00
,Australia,Cammy Devlin,,available,squad-status,,,1.0,90,52.6,squad-projection,2026-06-05T19:40:23.502261+00:00
,Australia,Kai Trewin,,available,squad-status,,,1.0,90,52.56,squad-projection,2026-06-05T19:40:23.502261+00:00
,Australia,Aziz Behich,,available,squad-status,,,1.0,90,96.91,squad-projection,2026-06-05T19:40:23.502261+00:00
,Australia,Nestory Irankunda,,available,squad-status,,,1.0,90,91.55,squad-projection,2026-06-05T19:40:23.502261+00:00
,Australia,Patrick Beach,,available,squad-status,,,1.0,90,51.0,squad-projection,2026-06-05T19:40:23.502261+00:00
,Australia,Harry Souttar,,available,squad-status,,,1.0,90,95.9,squad-projection,2026-06-05T19:40:23.502261+00:00
,Australia,Cristian Volpato,,available,squad-status,,,1.0,90,54.79,squad-projection,2026-06-05T19:40:23.502261+00:00
,Australia,Cameron Burgess,,available,squad-status,,,1.0,90,55.16,squad-projection,2026-06-05T19:40:23.502261+00:00
,Australia,Jackson Irvine,,available,squad-status,,,1.0,90,103.01,squad-projection,2026-06-05T19:40:23.502261+00:00
,Australia,Nishan Velupillay,,available,squad-status,,,1.0,90,51.57,squad-projection,2026-06-05T19:40:23.502261+00:00
,Australia,Paul Okon-Engstler,,available,squad-status,,,1.0,90,51.87,squad-projection,2026-06-05T19:40:23.502261+00:00
,Australia,Lucas Herrington,,available,squad-status,,,1.0,90,53.84,squad-projection,2026-06-05T19:40:23.502261+00:00
,Australia,Tete Yengi,,available,squad-status,,,1.0,90,49.5,squad-projection,2026-06-05T19:40:23.502261+00:00
,Paraguay,Gatito Fernández,,available,squad-status,,,1.0,90,31.46,squad-projection,2026-06-05T19:40:23.502261+00:00
,Paraguay,Gustavo Velázquez,,available,squad-status,,,1.0,90,51.12,squad-projection,2026-06-05T19:40:23.502261+00:00
,Paraguay,Omar Alderete,,available,squad-status,,,1.0,90,97.05,squad-projection,2026-06-05T19:40:23.502261+00:00
,Paraguay,Juan José Cáceres,,available,squad-status,,,1.0,90,55.82,squad-projection,2026-06-05T19:40:23.502261+00:00
,Paraguay,Fabián Balbuena,,available,squad-status,,,1.0,90,57.51,squad-projection,2026-06-05T19:40:23.502261+00:00
,Paraguay,Júnior Alonso,,available,squad-status,,,1.0,90,98.92,squad-projection,2026-06-05T19:40:23.502261+00:00
,Paraguay,Ramón Sosa,,available,squad-status,,,1.0,90,94.27,squad-projection,2026-06-05T19:40:23.502261+00:00
,Paraguay,Diego Gómez,,available,squad-status,,,1.0,90,96.17,squad-projection,2026-06-05T19:40:23.502261+00:00
,Paraguay,Antonio Sanabria,,available,squad-status,,,1.0,90,95.31,squad-projection,2026-06-05T19:40:23.502261+00:00
,Paraguay,Miguel Almirón,,available,squad-status,,,1.0,90,105.74,squad-projection,2026-06-05T19:40:23.502261+00:00
,Paraguay,Maurício,,available,squad-status,,,1.0,90,55.76,squad-projection,2026-06-05T19:40:23.502261+00:00
,Paraguay,Orlando Gill,,available,squad-status,,,1.0,90,87.64,squad-projection,2026-06-05T19:40:23.502261+00:00
,Paraguay,José Canale,,available,squad-status,,,1.0,90,52.34,squad-projection,2026-06-05T19:40:23.502261+00:00
,Paraguay,Andrés Cubas,,available,squad-status,,,1.0,90,92.73,squad-projection,2026-06-05T19:40:23.502261+00:00
,Paraguay,Gustavo Gómez,,available,squad-status,,,1.0,90,105.49,squad-projection,2026-06-05T19:40:23.502261+00:00
,Paraguay,Damián Bobadilla,,available,squad-status,,,1.0,90,56.71,squad-projection,2026-06-05T19:40:23.502261+00:00
,Paraguay,Kaku,,available,squad-status,,,1.0,90,93.98,squad-projection,2026-06-05T19:40:23.502261+00:00
,Paraguay,Álex Arce,,available,squad-status,,,1.0,90,55.1,squad-projection,2026-06-05T19:40:23.502261+00:00
,Paraguay,Julio Enciso,,available,squad-status,,,1.0,90,98.2,squad-projection,2026-06-05T19:40:23.502261+00:00
,Paraguay,Braian Ojeda,,available,squad-status,,,1.0,90,55.22,squad-projection,2026-06-05T19:40:23.502261+00:00
,Paraguay,Gabriel Ávalos,,available,squad-status,,,1.0,90,53.73,squad-projection,2026-06-05T19:40:23.502261+00:00
,Paraguay,Gastón Olveira,,available,squad-status,,,1.0,90,49.82,squad-projection,2026-06-05T19:40:23.502261+00:00
,Paraguay,Matías Galarza,,available,squad-status,,,1.0,90,54.99,squad-projection,2026-06-05T19:40:23.502261+00:00
,Paraguay,Gustavo Caballero,,available,squad-status,,,1.0,90,51.29,squad-projection,2026-06-05T19:40:23.502261+00:00
,Paraguay,Isidro Pitta,,available,squad-status,,,1.0,90,54.99,squad-projection,2026-06-05T19:40:23.502261+00:00
,Paraguay,Alexandro Maidana,,available,squad-status,,,1.0,90,52.56,squad-projection,2026-06-05T19:40:23.502261+00:00
,Turkiye,Mert Günok,,available,squad-status,,,1.0,90,54.81,squad-projection,2026-06-05T19:40:23.502261+00:00
,Turkiye,Zeki Çelik,,available,squad-status,,,1.0,90,102.8,squad-projection,2026-06-05T19:40:23.502261+00:00
,Turkiye,Merih Demiral,,available,squad-status,,,1.0,90,103.78,squad-projection,2026-06-05T19:40:23.502261+00:00
,Turkiye,Çağlar Söyüncü,,available,squad-status,,,1.0,90,98.77,squad-projection,2026-06-05T19:40:23.502261+00:00
,Turkiye,Salih Özcan,,available,squad-status,,,1.0,90,57.18,squad-projection,2026-06-05T19:40:23.502261+00:00
,Turkiye,Orkun Kökçü,,available,squad-status,,,1.0,90,102.2,squad-projection,2026-06-05T19:40:23.502261+00:00
,Turkiye,Kerem Aktürkoğlu,,available,squad-status,,,1.0,90,104.78,squad-projection,2026-06-05T19:40:23.502261+00:00
,Turkiye,Arda Güler,,available,squad-status,,,1.0,90,101.53,squad-projection,2026-06-05T19:40:23.502261+00:00
,Turkiye,Deniz Gül,,available,squad-status,,,1.0,90,54.89,squad-projection,2026-06-05T19:40:23.502261+00:00
,Turkiye,Hakan Çalhanoğlu,,available,squad-status,,,1.0,90,114.59,squad-projection,2026-06-05T19:40:23.502261+00:00
,Turkiye,Kenan Yıldız,,available,squad-status,,,1.0,90,100.78,squad-projection,2026-06-05T19:40:23.502261+00:00
,Turkiye,Altay Bayındır,,available,squad-status,,,1.0,90,55.27,squad-projection,2026-06-05T19:40:23.502261+00:00
,Turkiye,Eren Elmalı,,available,squad-status,,,1.0,90,56.66,squad-projection,2026-06-05T19:40:23.502261+00:00
,Turkiye,Abdülkerim Bardakcı,,available,squad-status,,,1.0,90,57.97,squad-projection,2026-06-05T19:40:23.502261+00:00
,Turkiye,Ozan Kabak,,available,squad-status,,,1.0,90,59.81,squad-projection,2026-06-05T19:40:23.502261+00:00
,Turkiye,İsmail Yüksek,,available,squad-status,,,1.0,90,59.93,squad-projection,2026-06-05T19:40:23.502261+00:00
,Turkiye,İrfan Can Kahveci,,available,squad-status,,,1.0,90,60.05,squad-projection,2026-06-05T19:40:23.502261+00:00
,Turkiye,Mert Müldür,,available,squad-status,,,1.0,90,60.75,squad-projection,2026-06-05T19:40:23.502261+00:00
,Turkiye,Yunus Akgün,,available,squad-status,,,1.0,90,58.75,squad-projection,2026-06-05T19:40:23.502261+00:00
,Turkiye,Ferdi Kadıoğlu,,available,squad-status,,,1.0,90,98.39,squad-projection,2026-06-05T19:40:23.502261+00:00
,Turkiye,Barış Alper Yılmaz,,available,squad-status,,,1.0,90,61.84,squad-projection,2026-06-05T19:40:23.502261+00:00
,Turkiye,Kaan Ayhan,,available,squad-status,,,1.0,90,100.09,squad-projection,2026-06-05T19:40:23.502261+00:00
,Turkiye,Uğurcan Çakır,,available,squad-status,,,1.0,90,97.48,squad-projection,2026-06-05T19:40:23.502261+00:00
,Turkiye,Oğuz Aydın,,available,squad-status,,,1.0,90,55.57,squad-projection,2026-06-05T19:40:23.502261+00:00
,Turkiye,Samet Akaydin,,available,squad-status,,,1.0,90,53.96,squad-projection,2026-06-05T19:40:23.502261+00:00
,Turkiye,Can Uzun,,available,squad-status,,,1.0,90,58.2,squad-projection,2026-06-05T19:40:23.502261+00:00
,USA,Matt Turner,,available,squad-status,,,1.0,90,96.14,squad-projection,2026-06-05T19:40:23.502261+00:00
,USA,Sergiño Dest,,available,squad-status,,,1.0,90,98.6,squad-projection,2026-06-05T19:40:23.502261+00:00
,USA,Chris Richards,,available,squad-status,,,1.0,90,99.37,squad-projection,2026-06-05T19:40:23.502261+00:00
,USA,Tyler Adams,,available,squad-status,,,1.0,90,102.58,squad-projection,2026-06-05T19:40:23.502261+00:00
,USA,Antonee Robinson,,available,squad-status,,,1.0,90,102.73,squad-projection,2026-06-05T19:40:23.502261+00:00
,USA,Auston Trusty,,available,squad-status,,,1.0,90,54.89,squad-projection,2026-06-05T19:40:23.502261+00:00
,USA,Giovanni Reyna,,available,squad-status,,,1.0,90,95.77,squad-projection,2026-06-05T19:40:23.502261+00:00
,USA,Weston McKennie,,available,squad-status,,,1.0,90,108.25,squad-projection,2026-06-05T19:40:23.502261+00:00
,USA,Ricardo Pepi,,available,squad-status,,,1.0,90,63.68,squad-projection,2026-06-05T19:40:23.502261+00:00
,USA,Christian Pulisic,,available,squad-status,,,1.0,90,118.73,squad-projection,2026-06-05T19:40:23.502261+00:00
,USA,Brenden Aaronson,,available,squad-status,,,1.0,90,104.87,squad-projection,2026-06-05T19:40:23.502261+00:00
,USA,Miles Robinson,,available,squad-status,,,1.0,90,58.87,squad-projection,2026-06-05T19:40:23.502261+00:00
,USA,Tim Ream,,available,squad-status,,,1.0,90,59.01,squad-projection,2026-06-05T19:40:23.502261+00:00
,USA,Sebastian Berhalter,,available,squad-status,,,1.0,90,56.23,squad-projection,2026-06-05T19:40:23.502261+00:00
,USA,Cristian Roldan,,available,squad-status,,,1.0,90,59.38,squad-projection,2026-06-05T19:40:23.502261+00:00
,USA,Alex Freeman,,available,squad-status,,,1.0,90,55.53,squad-projection,2026-06-05T19:40:23.502261+00:00
,USA,Malik Tillman,,available,squad-status,,,1.0,90,98.0,squad-projection,2026-06-05T19:40:23.502261+00:00
,USA,Maximilian Arfsten,,available,squad-status,,,1.0,90,30.09,squad-projection,2026-06-05T19:40:23.502261+00:00
,USA,Haji Wright,,available,squad-status,,,1.0,90,59.46,squad-projection,2026-06-05T19:40:23.502261+00:00
,USA,Folarin Balogun,,available,squad-status,,,1.0,90,62.16,squad-projection,2026-06-05T19:40:23.502261+00:00
,USA,Timothy Weah,,available,squad-status,,,1.0,90,102.56,squad-projection,2026-06-05T19:40:23.502261+00:00
,USA,Mark McKenzie,,available,squad-status,,,1.0,90,58.06,squad-projection,2026-06-05T19:40:23.502261+00:00
,USA,Joe Scally,,available,squad-status,,,1.0,90,57.65,squad-projection,2026-06-05T19:40:23.502261+00:00
,USA,Matt Freese,,available,squad-status,,,1.0,90,53.98,squad-projection,2026-06-05T19:40:23.502261+00:00
,USA,Chris Brady,,available,squad-status,,,1.0,90,52.56,squad-projection,2026-06-05T19:40:23.502261+00:00
,USA,Alejandro Zendejas,,available,squad-status,,,1.0,90,29.55,squad-projection,2026-06-05T19:40:23.502261+00:00
,Curacao,Eloy Room,,available,squad-status,,,1.0,90,92.23,squad-projection,2026-06-05T19:40:23.502261+00:00
,Curacao,Shurandy Sambo,,available,squad-status,,,1.0,90,52.28,squad-projection,2026-06-05T19:40:23.502261+00:00
,Curacao,Juriën Gaari,,available,squad-status,,,1.0,90,92.37,squad-projection,2026-06-05T19:40:23.502261+00:00
,Curacao,Roshon van Eijma,,available,squad-status,,,1.0,90,53.09,squad-projection,2026-06-05T19:40:23.502261+00:00
,Curacao,Sherel Floranus,,available,squad-status,,,1.0,90,86.9,squad-projection,2026-06-05T19:40:23.502261+00:00
,Curacao,Godfried Roemeratoe,,available,squad-status,,,1.0,90,52.97,squad-projection,2026-06-05T19:40:23.502261+00:00
,Curacao,Juninho Bacuna,,available,squad-status,,,1.0,90,97.13,squad-projection,2026-06-05T19:40:23.502261+00:00
,Curacao,Livano Comenencia,,available,squad-status,,,1.0,90,52.47,squad-projection,2026-06-05T19:40:23.502261+00:00
,Curacao,Jürgen Locadia,,available,squad-status,,,1.0,90,50.08,squad-projection,2026-06-05T19:40:23.502261+00:00
,Curacao,Leandro Bacuna,,available,squad-status,,,1.0,90,97.5,squad-projection,2026-06-05T19:40:23.502261+00:00
,Curacao,Jeremy Antonisse,,available,squad-status,,,1.0,90,87.43,squad-projection,2026-06-05T19:40:23.502261+00:00
,Curacao,Sontje Hansen,,available,squad-status,,,1.0,90,53.85,squad-projection,2026-06-05T19:40:23.502261+00:00
,Curacao,Tyrese Noslin,,available,squad-status,,,1.0,90,51.36,squad-projection,2026-06-05T19:40:23.502261+00:00
,Curacao,Kenji Gorré,,available,squad-status,,,1.0,90,90.05,squad-projection,2026-06-05T19:40:23.502261+00:00
,Curacao,Ar'jany Martha,,available,squad-status,,,1.0,90,51.67,squad-projection,2026-06-05T19:40:23.502261+00:00
,Curacao,Jearl Margaritha,,available,squad-status,,,1.0,90,87.43,squad-projection,2026-06-05T19:40:23.502261+00:00
,Curacao,Brandley Kuwas,,available,squad-status,,,1.0,90,53.52,squad-projection,2026-06-05T19:40:23.502261+00:00
,Curacao,Armando Obispo,,available,squad-status,,,1.0,90,86.41,squad-projection,2026-06-05T19:40:23.502261+00:00
,Curacao,Gervane Kastaneer,,available,squad-status,,,1.0,90,53.18,squad-projection,2026-06-05T19:40:23.502261+00:00
,Curacao,Joshua Brenet,,available,squad-status,,,1.0,90,85.54,squad-projection,2026-06-05T19:40:23.502261+00:00
,Curacao,Tahith Chong,,available,squad-status,,,1.0,90,86.79,squad-projection,2026-06-05T19:40:23.502261+00:00
,Curacao,Kevin Felida,,available,squad-status,,,1.0,90,52.09,squad-projection,2026-06-05T19:40:23.502261+00:00
,Curacao,Riechedly Bazoer,,available,squad-status,,,1.0,90,52.11,squad-projection,2026-06-05T19:40:23.502261+00:00
,Curacao,Deveron Fonville,,available,squad-status,,,1.0,90,51.69,squad-projection,2026-06-05T19:40:23.502261+00:00
,Curacao,Tyrick Bodak,,available,squad-status,,,1.0,90,45.13,squad-projection,2026-06-05T19:40:23.502261+00:00
,Curacao,Trevor Doornbusch,,available,squad-status,,,1.0,90,46.72,squad-projection,2026-06-05T19:40:23.502261+00:00
,Ecuador,Hernán Galíndez,,available,squad-status,,,1.0,90,85.9,squad-projection,2026-06-05T19:40:23.502261+00:00
,Ecuador,Félix Torres,,available,squad-status,,,1.0,90,58.3,squad-projection,2026-06-05T19:40:23.502261+00:00
,Ecuador,Piero Hincapié,,available,squad-status,,,1.0,90,104.28,squad-projection,2026-06-05T19:40:23.502261+00:00
,Ecuador,Joel Ordóñez,,available,squad-status,,,1.0,90,59.04,squad-projection,2026-06-05T19:40:23.502261+00:00
,Ecuador,Jordy Alcívar,,available,squad-status,,,1.0,90,53.59,squad-projection,2026-06-05T19:40:23.502261+00:00
,Ecuador,Willian Pacho,,available,squad-status,,,1.0,90,101.54,squad-projection,2026-06-05T19:40:23.502261+00:00
,Ecuador,Pervis Estupiñán,,available,squad-status,,,1.0,90,101.08,squad-projection,2026-06-05T19:40:23.502261+00:00
,Ecuador,Anthony Valencia,,available,squad-status,,,1.0,90,51.29,squad-projection,2026-06-05T19:40:23.502261+00:00
,Ecuador,John Yeboah,,available,squad-status,,,1.0,90,57.12,squad-projection,2026-06-05T19:40:23.502261+00:00
,Ecuador,Kendry Páez,,available,squad-status,,,1.0,90,93.25,squad-projection,2026-06-05T19:40:23.502261+00:00
,Ecuador,Kevin Rodríguez,,available,squad-status,,,1.0,90,93.3,squad-projection,2026-06-05T19:40:23.502261+00:00
,Ecuador,Moisés Ramírez,,available,squad-status,,,1.0,90,51.45,squad-projection,2026-06-05T19:40:23.502261+00:00
,Ecuador,Enner Valencia,,available,squad-status,,,1.0,90,110.26,squad-projection,2026-06-05T19:40:23.502261+00:00
,Ecuador,Alan Minda,,available,squad-status,,,1.0,90,55.68,squad-projection,2026-06-05T19:40:23.502261+00:00
,Ecuador,Pedro Vite,,available,squad-status,,,1.0,90,56.29,squad-projection,2026-06-05T19:40:23.502261+00:00
,Ecuador,Jordy Caicedo,,available,squad-status,,,1.0,90,55.15,squad-projection,2026-06-05T19:40:23.502261+00:00
,Ecuador,Ángelo Preciado,,available,squad-status,,,1.0,90,96.93,squad-projection,2026-06-05T19:40:23.502261+00:00
,Ecuador,Denil Castillo,,available,squad-status,,,1.0,90,54.87,squad-projection,2026-06-05T19:40:23.502261+00:00
,Ecuador,Gonzalo Plata,,available,squad-status,,,1.0,90,100.4,squad-projection,2026-06-05T19:40:23.502261+00:00
,Ecuador,Nilson Angulo,,available,squad-status,,,1.0,90,57.65,squad-projection,2026-06-05T19:40:23.502261+00:00
,Ecuador,Alan Franco,,available,squad-status,,,1.0,90,98.54,squad-projection,2026-06-05T19:40:23.502261+00:00
,Ecuador,Gonzalo Valle,,available,squad-status,,,1.0,90,52.28,squad-projection,2026-06-05T19:40:23.502261+00:00
,Ecuador,Moisés Caicedo,,available,squad-status,,,1.0,90,108.18,squad-projection,2026-06-05T19:40:23.502261+00:00
,Ecuador,Jeremy Arévalo,,available,squad-status,,,1.0,90,54.6,squad-projection,2026-06-05T19:40:23.502261+00:00
,Ecuador,Jackson Porozo,,available,squad-status,,,1.0,90,53.83,squad-projection,2026-06-05T19:40:23.502261+00:00
,Ecuador,Yaimar Medina,,available,squad-status,,,1.0,90,53.92,squad-projection,2026-06-05T19:40:23.502261+00:00
,Germany,Manuel Neuer,,available,squad-status,,,1.0,90,105.42,squad-projection,2026-06-05T19:40:23.502261+00:00
,Germany,Antonio Rüdiger,,available,squad-status,,,1.0,90,106.49,squad-projection,2026-06-05T19:40:23.502261+00:00
,Germany,Waldemar Anton,,available,squad-status,,,1.0,90,57.45,squad-projection,2026-06-05T19:40:23.502261+00:00
,Germany,Jonathan Tah,,available,squad-status,,,1.0,90,101.09,squad-projection,2026-06-05T19:40:23.502261+00:00
,Germany,Aleksandar Pavlović,,available,squad-status,,,1.0,90,96.28,squad-projection,2026-06-05T19:40:23.502261+00:00
,Germany,Joshua Kimmich,,available,squad-status,,,1.0,90,113.73,squad-projection,2026-06-05T19:40:23.502261+00:00
,Germany,Kai Havertz,,available,squad-status,,,1.0,90,110.38,squad-projection,2026-06-05T19:40:23.502261+00:00
,Germany,Leon Goretzka,,available,squad-status,,,1.0,90,107.38,squad-projection,2026-06-05T19:40:23.502261+00:00
,Germany,Jamie Leweling,,available,squad-status,,,1.0,90,57.86,squad-projection,2026-06-05T19:40:23.502261+00:00
,Germany,Jamal Musiala,,available,squad-status,,,1.0,90,105.46,squad-projection,2026-06-05T19:40:23.502261+00:00
,Germany,Nick Woltemade,,available,squad-status,,,1.0,90,59.85,squad-projection,2026-06-05T19:40:23.502261+00:00
,Germany,Oliver Baumann,,available,squad-status,,,1.0,90,54.09,squad-projection,2026-06-05T19:40:23.502261+00:00
,Germany,Pascal Groß,,available,squad-status,,,1.0,90,55.08,squad-projection,2026-06-05T19:40:23.502261+00:00
,Germany,Maximilian Beier,,available,squad-status,,,1.0,90,58.26,squad-projection,2026-06-05T19:40:23.502261+00:00
,Germany,Nico Schlotterbeck,,available,squad-status,,,1.0,90,61.3,squad-projection,2026-06-05T19:40:23.502261+00:00
,Germany,Angelo Stiller,,available,squad-status,,,1.0,90,58.32,squad-projection,2026-06-05T19:40:23.502261+00:00
,Germany,Florian Wirtz,,available,squad-status,,,1.0,90,105.73,squad-projection,2026-06-05T19:40:23.502261+00:00
,Germany,Nathaniel Brown,,available,squad-status,,,1.0,90,57.71,squad-projection,2026-06-05T19:40:23.502261+00:00
,Germany,Leroy Sané,,available,squad-status,,,1.0,90,110.36,squad-projection,2026-06-05T19:40:23.502261+00:00
,Germany,Nadiem Amiri,,available,squad-status,,,1.0,90,57.24,squad-projection,2026-06-05T19:40:23.502261+00:00
,Germany,Alexander Nübel,,available,squad-status,,,1.0,90,55.52,squad-projection,2026-06-05T19:40:23.502261+00:00
,Germany,David Raum,,available,squad-status,,,1.0,90,98.56,squad-projection,2026-06-05T19:40:23.502261+00:00
,Germany,Felix Nmecha,,available,squad-status,,,1.0,90,58.66,squad-projection,2026-06-05T19:40:23.502261+00:00
,Germany,Malick Thiaw,,available,squad-status,,,1.0,90,58.05,squad-projection,2026-06-05T19:40:23.502261+00:00
,Germany,Lennart Karl,,available,squad-status,,,1.0,90,58.26,squad-projection,2026-06-05T19:40:23.502261+00:00
,Germany,Deniz Undav,,available,squad-status,,,1.0,90,58.18,squad-projection,2026-06-05T19:40:23.502261+00:00
,Cote d'Ivoire,Yahia Fofana,,available,squad-status,,,1.0,90,93.59,squad-projection,2026-06-05T19:40:23.502261+00:00
,Cote d'Ivoire,Ousmane Diomande,,available,squad-status,,,1.0,90,59.33,squad-projection,2026-06-05T19:40:23.502261+00:00
,Cote d'Ivoire,Ghislain Konan,,available,squad-status,,,1.0,90,96.29,squad-projection,2026-06-05T19:40:23.502261+00:00
,Cote d'Ivoire,Jean Michaël Seri,,available,squad-status,,,1.0,90,56.57,squad-projection,2026-06-05T19:40:23.502261+00:00
,Cote d'Ivoire,Wilfried Singo,,available,squad-status,,,1.0,90,97.66,squad-projection,2026-06-05T19:40:23.502261+00:00
,Cote d'Ivoire,Seko Fofana,,available,squad-status,,,1.0,90,95.83,squad-projection,2026-06-05T19:40:23.502261+00:00
,Cote d'Ivoire,Odilon Kossounou,,available,squad-status,,,1.0,90,96.69,squad-projection,2026-06-05T19:40:23.502261+00:00
,Cote d'Ivoire,Franck Kessié,,available,squad-status,,,1.0,90,112.05,squad-projection,2026-06-05T19:40:23.502261+00:00
,Cote d'Ivoire,Ange-Yoan Bonny,,available,squad-status,,,1.0,90,56.92,squad-projection,2026-06-05T19:40:23.502261+00:00
,Cote d'Ivoire,Simon Adingra,,available,squad-status,,,1.0,90,97.43,squad-projection,2026-06-05T19:40:23.502261+00:00
,Cote d'Ivoire,Yan Diomande,,available,squad-status,,,1.0,90,60.25,squad-projection,2026-06-05T19:40:23.502261+00:00
,Cote d'Ivoire,Elye Wahi,,available,squad-status,,,1.0,90,55.93,squad-projection,2026-06-05T19:40:23.502261+00:00
,Cote d'Ivoire,Christopher Opéri,,available,squad-status,,,1.0,90,54.75,squad-projection,2026-06-05T19:40:23.502261+00:00
,Cote d'Ivoire,Oumar Diakité,,available,squad-status,,,1.0,90,58.42,squad-projection,2026-06-05T19:40:23.502261+00:00
,Cote d'Ivoire,Amad Diallo,,available,squad-status,,,1.0,90,97.16,squad-projection,2026-06-05T19:40:23.502261+00:00
,Cote d'Ivoire,Mohamed Koné,,available,squad-status,,,1.0,90,50.48,squad-projection,2026-06-05T19:40:23.502261+00:00
,Cote d'Ivoire,Guéla Doué,,available,squad-status,,,1.0,90,58.92,squad-projection,2026-06-05T19:40:23.502261+00:00
,Cote d'Ivoire,Ibrahim Sangaré,,available,squad-status,,,1.0,90,105.36,squad-projection,2026-06-05T19:40:23.502261+00:00
,Cote d'Ivoire,Nicolas Pépé,,available,squad-status,,,1.0,90,101.41,squad-projection,2026-06-05T19:40:23.502261+00:00
,Cote d'Ivoire,Emmanuel Agbadou,,available,squad-status,,,1.0,90,58.54,squad-projection,2026-06-05T19:40:23.502261+00:00
,Cote d'Ivoire,Evan Ndicka,,available,squad-status,,,1.0,90,97.45,squad-projection,2026-06-05T19:40:23.502261+00:00
,Cote d'Ivoire,Evann Guessand,,available,squad-status,,,1.0,90,59.89,squad-projection,2026-06-05T19:40:23.502261+00:00
,Cote d'Ivoire,Alban Lafont,,available,squad-status,,,1.0,90,53.29,squad-projection,2026-06-05T19:40:23.502261+00:00
,Cote d'Ivoire,Bazoumana Touré,,available,squad-status,,,1.0,90,58.16,squad-projection,2026-06-05T19:40:23.502261+00:00
,Cote d'Ivoire,Parfait Guiagon,,available,squad-status,,,1.0,90,54.3,squad-projection,2026-06-05T19:40:23.502261+00:00
,Cote d'Ivoire,Christ Inao Oulaï,,available,squad-status,,,1.0,90,57.32,squad-projection,2026-06-05T19:40:23.502261+00:00
,Japan,Zion Suzuki,,available,squad-status,,,1.0,90,95.15,squad-projection,2026-06-05T19:40:23.502261+00:00
,Japan,Yukinari Sugawara,,available,squad-status,,,1.0,90,56.99,squad-projection,2026-06-05T19:40:23.502261+00:00
,Japan,Shōgo Taniguchi,,available,squad-status,,,1.0,90,55.91,squad-projection,2026-06-05T19:40:23.502261+00:00
,Japan,Kō Itakura,,available,squad-status,,,1.0,90,96.58,squad-projection,2026-06-05T19:40:23.502261+00:00
,Japan,Yūto Nagatomo,,available,squad-status,,,1.0,90,96.22,squad-projection,2026-06-05T19:40:23.502261+00:00
,Japan,Wataru Endo,,available,squad-status,,,1.0,90,102.52,squad-projection,2026-06-05T19:40:23.502261+00:00
,Japan,Ao Tanaka,,available,squad-status,,,1.0,90,61.75,squad-projection,2026-06-05T19:40:23.502261+00:00
,Japan,Takefusa Kubo,,available,squad-status,,,1.0,90,103.44,squad-projection,2026-06-05T19:40:23.502261+00:00
,Japan,Keisuke Gotō,,available,squad-status,,,1.0,90,54.96,squad-projection,2026-06-05T19:40:23.502261+00:00
,Japan,Ritsu Dōan,,available,squad-status,,,1.0,90,106.45,squad-projection,2026-06-05T19:40:23.502261+00:00
,Japan,Daizen Maeda,,available,squad-status,,,1.0,90,59.6,squad-projection,2026-06-05T19:40:23.502261+00:00
,Japan,Keisuke Ōsako,,available,squad-status,,,1.0,90,53.57,squad-projection,2026-06-05T19:40:23.502261+00:00
,Japan,Keito Nakamura,,available,squad-status,,,1.0,90,59.82,squad-projection,2026-06-05T19:40:23.502261+00:00
,Japan,Junya Itō,,available,squad-status,,,1.0,90,104.02,squad-projection,2026-06-05T19:40:23.502261+00:00
,Japan,Daichi Kamada,,available,squad-status,,,1.0,90,101.69,squad-projection,2026-06-05T19:40:23.502261+00:00
,Japan,Tsuyoshi Watanabe,,available,squad-status,,,1.0,90,56.31,squad-projection,2026-06-05T19:40:23.502261+00:00
,Japan,Yuito Suzuki,,available,squad-status,,,1.0,90,57.11,squad-projection,2026-06-05T19:40:23.502261+00:00
,Japan,Ayase Ueda,,available,squad-status,,,1.0,90,101.92,squad-projection,2026-06-05T19:40:23.502261+00:00
,Japan,Kōki Ogawa,,available,squad-status,,,1.0,90,55.84,squad-projection,2026-06-05T19:40:23.502261+00:00
,Japan,Ayumu Seko,,available,squad-status,,,1.0,90,55.55,squad-projection,2026-06-05T19:40:23.502261+00:00
,Japan,Hiroki Itō,,available,squad-status,,,1.0,90,94.99,squad-projection,2026-06-05T19:40:23.502261+00:00
,Japan,Takehiro Tomiyasu,,available,squad-status,,,1.0,90,95.71,squad-projection,2026-06-05T19:40:23.502261+00:00
,Japan,Tomoki Hayakawa,,available,squad-status,,,1.0,90,52.6,squad-projection,2026-06-05T19:40:23.502261+00:00
,Japan,Kaishū Sano,,available,squad-status,,,1.0,90,58.96,squad-projection,2026-06-05T19:40:23.502261+00:00
,Japan,Junnosuke Suzuki,,available,squad-status,,,1.0,90,53.83,squad-projection,2026-06-05T19:40:23.502261+00:00
,Japan,Kento Shiogai,,available,squad-status,,,1.0,90,54.69,squad-projection,2026-06-05T19:40:23.502261+00:00
,Netherlands,Bart Verbruggen,,available,squad-status,,,1.0,90,97.94,squad-projection,2026-06-05T19:40:23.502261+00:00
,Netherlands,Jurriën Timber,,available,squad-status,,,1.0,90,98.45,squad-projection,2026-06-05T19:40:23.502261+00:00
,Netherlands,Marten de Roon,,available,squad-status,,,1.0,90,58.96,squad-projection,2026-06-05T19:40:23.502261+00:00
,Netherlands,Virgil van Dijk,,available,squad-status,,,1.0,90,111.91,squad-projection,2026-06-05T19:40:23.502261+00:00
,Netherlands,Nathan Aké,,available,squad-status,,,1.0,90,102.66,squad-projection,2026-06-05T19:40:23.502261+00:00
,Netherlands,Jan Paul van Hecke,,available,squad-status,,,1.0,90,58.88,squad-projection,2026-06-05T19:40:23.502261+00:00
,Netherlands,Justin Kluivert,,available,squad-status,,,1.0,90,58.02,squad-projection,2026-06-05T19:40:23.502261+00:00
,Netherlands,Ryan Gravenberch,,available,squad-status,,,1.0,90,99.51,squad-projection,2026-06-05T19:40:23.502261+00:00
,Netherlands,Wout Weghorst,,available,squad-status,,,1.0,90,61.44,squad-projection,2026-06-05T19:40:23.502261+00:00
,Netherlands,Memphis Depay,,available,squad-status,,,1.0,90,115.58,squad-projection,2026-06-05T19:40:23.502261+00:00
,Netherlands,Cody Gakpo,,available,squad-status,,,1.0,90,108.34,squad-projection,2026-06-05T19:40:23.502261+00:00
,Netherlands,Mats Wieffer,,available,squad-status,,,1.0,90,58.59,squad-projection,2026-06-05T19:40:23.502261+00:00
,Netherlands,Robin Roefs,,available,squad-status,,,1.0,90,56.68,squad-projection,2026-06-05T19:40:23.502261+00:00
,Netherlands,Tijjani Reijnders,,available,squad-status,,,1.0,90,100.84,squad-projection,2026-06-05T19:40:23.502261+00:00
,Netherlands,Micky van de Ven,,available,squad-status,,,1.0,90,60.46,squad-projection,2026-06-05T19:40:23.502261+00:00
,Netherlands,Guus Til,,available,squad-status,,,1.0,90,56.47,squad-projection,2026-06-05T19:40:23.502261+00:00
,Netherlands,Noa Lang,,available,squad-status,,,1.0,90,58.68,squad-projection,2026-06-05T19:40:23.502261+00:00
,Netherlands,Donyell Malen,,available,squad-status,,,1.0,90,106.72,squad-projection,2026-06-05T19:40:23.502261+00:00
,Netherlands,Brian Brobbey,,available,squad-status,,,1.0,90,58.34,squad-projection,2026-06-05T19:40:23.502261+00:00
,Netherlands,Teun Koopmeiners,,available,squad-status,,,1.0,90,59.71,squad-projection,2026-06-05T19:40:23.502261+00:00
,Netherlands,Frenkie de Jong,,available,squad-status,,,1.0,90,106.86,squad-projection,2026-06-05T19:40:23.502261+00:00
,Netherlands,Denzel Dumfries,,available,squad-status,,,1.0,90,108.83,squad-projection,2026-06-05T19:40:23.502261+00:00
,Netherlands,Mark Flekken,,available,squad-status,,,1.0,90,55.44,squad-projection,2026-06-05T19:40:23.502261+00:00
,Netherlands,Crysencio Summerville,,available,squad-status,,,1.0,90,57.06,squad-projection,2026-06-05T19:40:23.502261+00:00
,Netherlands,Jorrel Hato,,available,squad-status,,,1.0,90,58.26,squad-projection,2026-06-05T19:40:23.502261+00:00
,Netherlands,Quinten Timber,,available,squad-status,,,1.0,90,58.03,squad-projection,2026-06-05T19:40:23.502261+00:00
,Sweden,Jacob Widell Zetterström,,available,squad-status,,,1.0,90,52.84,squad-projection,2026-06-05T19:40:23.502261+00:00
,Sweden,Gustaf Lagerbielke,,available,squad-status,,,1.0,90,56.49,squad-projection,2026-06-05T19:40:23.502261+00:00
,Sweden,Victor Lindelöf,,available,squad-status,,,1.0,90,103.55,squad-projection,2026-06-05T19:40:23.502261+00:00
,Sweden,Isak Hien,,available,squad-status,,,1.0,90,96.18,squad-projection,2026-06-05T19:40:23.502261+00:00
,Sweden,Gabriel Gudmundsson,,available,squad-status,,,1.0,90,94.81,squad-projection,2026-06-05T19:40:23.502261+00:00
,Sweden,Herman Johansson,,available,squad-status,,,1.0,90,52.28,squad-projection,2026-06-05T19:40:23.502261+00:00
,Sweden,Lucas Bergvall,,available,squad-status,,,1.0,90,93.23,squad-projection,2026-06-05T19:40:23.502261+00:00
,Sweden,Daniel Svensson,,available,squad-status,,,1.0,90,92.62,squad-projection,2026-06-05T19:40:23.502261+00:00
,Sweden,Alexander Isak,,available,squad-status,,,1.0,90,110.57,squad-projection,2026-06-05T19:40:23.502261+00:00
,Sweden,Benjamin Nygren,,available,squad-status,,,1.0,90,57.22,squad-projection,2026-06-05T19:40:23.502261+00:00
,Sweden,Anthony Elanga,,available,squad-status,,,1.0,90,98.93,squad-projection,2026-06-05T19:40:23.502261+00:00
,Sweden,Viktor Johansson,,available,squad-status,,,1.0,90,91.09,squad-projection,2026-06-05T19:40:23.502261+00:00
,Sweden,Ken Sema,,available,squad-status,,,1.0,90,55.84,squad-projection,2026-06-05T19:40:23.502261+00:00
,Sweden,Hjalmar Ekdal,,available,squad-status,,,1.0,90,55.27,squad-projection,2026-06-05T19:40:23.502261+00:00
,Sweden,Carl Starfelt,,available,squad-status,,,1.0,90,55.96,squad-projection,2026-06-05T19:40:23.502261+00:00
,Sweden,Jesper Karlström,,available,squad-status,,,1.0,90,56.55,squad-projection,2026-06-05T19:40:23.502261+00:00
,Sweden,Viktor Gyökeres,,available,squad-status,,,1.0,90,104.78,squad-projection,2026-06-05T19:40:23.502261+00:00
,Sweden,Yasin Ayari,,available,squad-status,,,1.0,90,96.42,squad-projection,2026-06-05T19:40:23.502261+00:00
,Sweden,Mattias Svanberg,,available,squad-status,,,1.0,90,96.58,squad-projection,2026-06-05T19:40:23.502261+00:00
,Sweden,Eric Smith,,available,squad-status,,,1.0,90,53.74,squad-projection,2026-06-05T19:40:23.502261+00:00
,Sweden,Alexander Bernhardsson,,available,squad-status,,,1.0,90,54.12,squad-projection,2026-06-05T19:40:23.502261+00:00
,Sweden,Besfort Zeneli,,available,squad-status,,,1.0,90,54.4,squad-projection,2026-06-05T19:40:23.502261+00:00
,Sweden,Kristoffer Nordfeldt,,available,squad-status,,,1.0,90,50.66,squad-projection,2026-06-05T19:40:23.502261+00:00
,Sweden,Elliot Stroud,,available,squad-status,,,1.0,90,52.74,squad-projection,2026-06-05T19:40:23.502261+00:00
,Sweden,Gustaf Nilsson,,available,squad-status,,,1.0,90,53.76,squad-projection,2026-06-05T19:40:23.502261+00:00
,Sweden,Taha Ali,,available,squad-status,,,1.0,90,51.31,squad-projection,2026-06-05T19:40:23.502261+00:00
,Tunisia,Mouhib Chamakh,,available,squad-status,,,1.0,90,27.58,squad-projection,2026-06-05T19:40:23.502261+00:00
,Tunisia,Ali Abdi,,available,squad-status,,,1.0,90,95.38,squad-projection,2026-06-05T19:40:23.502261+00:00
,Tunisia,Montassar Talbi,,available,squad-status,,,1.0,90,102.19,squad-projection,2026-06-05T19:40:23.502261+00:00
,Tunisia,Omar Rekik,,available,squad-status,,,1.0,90,50.37,squad-projection,2026-06-05T19:40:23.502261+00:00
,Tunisia,Adem Arous,,available,squad-status,,,1.0,90,53.36,squad-projection,2026-06-05T19:40:23.502261+00:00
,Tunisia,Dylan Bronn,,available,squad-status,,,1.0,90,92.17,squad-projection,2026-06-05T19:40:23.502261+00:00
,Tunisia,Elias Achouri,,available,squad-status,,,1.0,90,91.96,squad-projection,2026-06-05T19:40:23.502261+00:00
,Tunisia,Elias Saad,,available,squad-status,,,1.0,90,87.74,squad-projection,2026-06-05T19:40:23.502261+00:00
,Tunisia,Hazem Mastouri,,available,squad-status,,,1.0,90,53.8,squad-projection,2026-06-05T19:40:23.502261+00:00
,Tunisia,Hannibal Mejbri,,available,squad-status,,,1.0,90,33.7,squad-projection,2026-06-05T19:40:23.502261+00:00
,Tunisia,Ismaël Gharbi,,available,squad-status,,,1.0,90,89.96,squad-projection,2026-06-05T19:40:23.502261+00:00
,Tunisia,Mortadha Ben Ouanes,,available,squad-status,,,1.0,90,53.91,squad-projection,2026-06-05T19:40:23.502261+00:00
,Tunisia,Rani Khedira,,available,squad-status,,,1.0,90,52.46,squad-projection,2026-06-05T19:40:23.502261+00:00
,Tunisia,Khalil Ayari,,available,squad-status,,,1.0,90,51.28,squad-projection,2026-06-05T19:40:23.502261+00:00
,Tunisia,Hadj Mahmoud,,available,squad-status,,,1.0,90,28.41,squad-projection,2026-06-05T19:40:23.502261+00:00
,Tunisia,Aymen Dahmen,,available,squad-status,,,1.0,90,89.25,squad-projection,2026-06-05T19:40:23.502261+00:00
,Tunisia,Ellyes Skhiri,,available,squad-status,,,1.0,90,105.13,squad-projection,2026-06-05T19:40:23.502261+00:00
,Tunisia,Rayan Elloumi,,available,squad-status,,,1.0,90,50.9,squad-projection,2026-06-05T19:40:23.502261+00:00
,Tunisia,Firas Chaouat,,available,squad-status,,,1.0,90,89.95,squad-projection,2026-06-05T19:40:23.502261+00:00
,Tunisia,Yan Valery,,available,squad-status,,,1.0,90,54.6,squad-projection,2026-06-05T19:40:23.502261+00:00
,Tunisia,Mohamed Amine Ben Hamida,,available,squad-status,,,1.0,90,52.53,squad-projection,2026-06-05T19:40:23.502261+00:00
,Tunisia,Sabri Ben Hessen,,available,squad-status,,,1.0,90,50.12,squad-projection,2026-06-05T19:40:23.502261+00:00
,Tunisia,Moutaz Neffati,,available,squad-status,,,1.0,90,51.38,squad-projection,2026-06-05T19:40:23.502261+00:00
,Tunisia,Raed Chikhaoui,,available,squad-status,,,1.0,90,49.99,squad-projection,2026-06-05T19:40:23.502261+00:00
,Tunisia,Anis Ben Slimane,,available,squad-status,,,1.0,90,95.19,squad-projection,2026-06-05T19:40:23.502261+00:00
,Tunisia,Sebastian Tounekti,,available,squad-status,,,1.0,90,88.6,squad-projection,2026-06-05T19:40:23.502261+00:00
,Belgium,Thibaut Courtois,,available,squad-status,,,1.0,90,109.53,squad-projection,2026-06-05T19:40:23.502261+00:00
,Belgium,Zeno Debast,,available,squad-status,,,1.0,90,60.31,squad-projection,2026-06-05T19:40:23.502261+00:00
,Belgium,Arthur Theate,,available,squad-status,,,1.0,90,96.84,squad-projection,2026-06-05T19:40:23.502261+00:00
,Belgium,Brandon Mechele,,available,squad-status,,,1.0,90,54.0,squad-projection,2026-06-05T19:40:23.502261+00:00
,Belgium,Maxim De Cuyper,,available,squad-status,,,1.0,90,59.25,squad-projection,2026-06-05T19:40:23.502261+00:00
,Belgium,Axel Witsel,,available,squad-status,,,1.0,90,105.43,squad-projection,2026-06-05T19:40:23.502261+00:00
,Belgium,Kevin De Bruyne,,available,squad-status,,,1.0,90,115.94,squad-projection,2026-06-05T19:40:23.502261+00:00
,Belgium,Youri Tielemans,,available,squad-status,,,1.0,90,112.72,squad-projection,2026-06-05T19:40:23.502261+00:00
,Belgium,Romelu Lukaku,,available,squad-status,,,1.0,90,115.16,squad-projection,2026-06-05T19:40:23.502261+00:00
,Belgium,Leandro Trossard,,available,squad-status,,,1.0,90,103.27,squad-projection,2026-06-05T19:40:23.502261+00:00
,Belgium,Jérémy Doku,,available,squad-status,,,1.0,90,104.39,squad-projection,2026-06-05T19:40:23.502261+00:00
,Belgium,Senne Lammens,,available,squad-status,,,1.0,90,57.2,squad-projection,2026-06-05T19:40:23.502261+00:00
,Belgium,Mike Penders,,available,squad-status,,,1.0,90,56.35,squad-projection,2026-06-05T19:40:23.502261+00:00
,Belgium,Dodi Lukébakio,,available,squad-status,,,1.0,90,60.28,squad-projection,2026-06-05T19:40:23.502261+00:00
,Belgium,Thomas Meunier,,available,squad-status,,,1.0,90,102.67,squad-projection,2026-06-05T19:40:23.502261+00:00
,Belgium,Koni De Winter,,available,squad-status,,,1.0,90,57.32,squad-projection,2026-06-05T19:40:23.502261+00:00
,Belgium,Charles De Ketelaere,,available,squad-status,,,1.0,90,61.46,squad-projection,2026-06-05T19:40:23.502261+00:00
,Belgium,Joaquin Seys,,available,squad-status,,,1.0,90,56.39,squad-projection,2026-06-05T19:40:23.502261+00:00
,Belgium,Diego Moreira,,available,squad-status,,,1.0,90,56.63,squad-projection,2026-06-05T19:40:23.502261+00:00
,Belgium,Hans Vanaken,,available,squad-status,,,1.0,90,59.59,squad-projection,2026-06-05T19:40:23.502261+00:00
,Belgium,Timothy Castagne,,available,squad-status,,,1.0,90,101.47,squad-projection,2026-06-05T19:40:23.502261+00:00
,Belgium,Alexis Saelemaekers,,available,squad-status,,,1.0,90,59.61,squad-projection,2026-06-05T19:40:23.502261+00:00
,Belgium,Nicolas Raskin,,available,squad-status,,,1.0,90,56.92,squad-projection,2026-06-05T19:40:23.502261+00:00
,Belgium,Amadou Onana,,available,squad-status,,,1.0,90,98.38,squad-projection,2026-06-05T19:40:23.502261+00:00
,Belgium,Nathan Ngoy,,available,squad-status,,,1.0,90,56.77,squad-projection,2026-06-05T19:40:23.502261+00:00
,Belgium,Matias Fernandez-Pardo,,available,squad-status,,,1.0,90,57.06,squad-projection,2026-06-05T19:40:23.502261+00:00
,Egypt,Mohamed El Shenawy,,available,squad-status,,,1.0,90,96.63,squad-projection,2026-06-05T19:40:23.502261+00:00
,Egypt,Yasser Ibrahim,,available,squad-status,,,1.0,90,51.03,squad-projection,2026-06-05T19:40:23.502261+00:00
,Egypt,Mohamed Hany,,available,squad-status,,,1.0,90,91.73,squad-projection,2026-06-05T19:40:23.502261+00:00
,Egypt,Hossam Abdelmaguid,,available,squad-status,,,1.0,90,53.85,squad-projection,2026-06-05T19:40:23.502261+00:00
,Egypt,Ramy Rabia,,available,squad-status,,,1.0,90,91.14,squad-projection,2026-06-05T19:40:23.502261+00:00
,Egypt,Mohamed Abdelmonem,,available,squad-status,,,1.0,90,92.54,squad-projection,2026-06-05T19:40:23.502261+00:00
,Egypt,Trézéguet,,available,squad-status,,,1.0,90,111.37,squad-projection,2026-06-05T19:40:23.502261+00:00
,Egypt,Emam Ashour,,available,squad-status,,,1.0,90,91.52,squad-projection,2026-06-05T19:40:23.502261+00:00
,Egypt,Hamza Abdelkarim,,available,squad-status,,,1.0,90,51.0,squad-projection,2026-06-05T19:40:23.502261+00:00
,Egypt,Mohamed Salah,,available,squad-status,,,1.0,90,118.71,squad-projection,2026-06-05T19:40:23.502261+00:00
,Egypt,Mostafa Ziko,,available,squad-status,,,1.0,90,52.16,squad-projection,2026-06-05T19:40:23.502261+00:00
,Egypt,Haissem Hassan,,available,squad-status,,,1.0,90,53.64,squad-projection,2026-06-05T19:40:23.502261+00:00
,Egypt,Ahmed Fatouh,,available,squad-status,,,1.0,90,90.2,squad-projection,2026-06-05T19:40:23.502261+00:00
,Egypt,Hamdy Fathy,,available,squad-status,,,1.0,90,97.64,squad-projection,2026-06-05T19:40:23.502261+00:00
,Egypt,Karim Hafez,,available,squad-status,,,1.0,90,51.36,squad-projection,2026-06-05T19:40:23.502261+00:00
,Egypt,El Mahdy Soliman,,available,squad-status,,,1.0,90,27.3,squad-projection,2026-06-05T19:40:23.502261+00:00
,Egypt,Mohanad Lasheen,,available,squad-status,,,1.0,90,89.4,squad-projection,2026-06-05T19:40:23.502261+00:00
,Egypt,Nabil Emad,,available,squad-status,,,1.0,90,28.96,squad-projection,2026-06-05T19:40:23.502261+00:00
,Egypt,Marwan Attia,,available,squad-status,,,1.0,90,32.03,squad-projection,2026-06-05T19:40:23.502261+00:00
,Egypt,Ibrahim Adel,,available,squad-status,,,1.0,90,56.08,squad-projection,2026-06-05T19:40:23.502261+00:00
,Egypt,Mahmoud Saber,,available,squad-status,,,1.0,90,53.79,squad-projection,2026-06-05T19:40:23.502261+00:00
,Egypt,Omar Marmoush,,available,squad-status,,,1.0,90,105.62,squad-projection,2026-06-05T19:40:23.502261+00:00
,Egypt,Mostafa Shobeir,,available,squad-status,,,1.0,90,28.41,squad-projection,2026-06-05T19:40:23.502261+00:00
,Egypt,Tarek Alaa,,available,squad-status,,,1.0,90,48.77,squad-projection,2026-06-05T19:40:23.502261+00:00
,Egypt,Zizo,,available,squad-status,,,1.0,90,62.38,squad-projection,2026-06-05T19:40:23.502261+00:00
,Egypt,Mohamed Alaa,,available,squad-status,,,1.0,90,51.17,squad-projection,2026-06-05T19:40:23.502261+00:00
,IR Iran,Alireza Beiranvand,,available,squad-status,,,1.0,90,99.35,squad-projection,2026-06-05T19:40:23.502261+00:00
,IR Iran,Saleh Hardani,,available,squad-status,,,1.0,90,52.99,squad-projection,2026-06-05T19:40:23.502261+00:00
,IR Iran,Ehsan Hajsafi,,available,squad-status,,,1.0,90,99.47,squad-projection,2026-06-05T19:40:23.502261+00:00
,IR Iran,Shojae Khalilzadeh,,available,squad-status,,,1.0,90,35.52,squad-projection,2026-06-05T19:40:23.502261+00:00
,IR Iran,Milad Mohammadi,,available,squad-status,,,1.0,90,98.14,squad-projection,2026-06-05T19:40:23.502261+00:00
,IR Iran,Saeid Ezatolahi,,available,squad-status,,,1.0,90,38.83,squad-projection,2026-06-05T19:40:23.502261+00:00
,IR Iran,Alireza Jahanbakhsh,,available,squad-status,,,1.0,90,104.36,squad-projection,2026-06-05T19:40:23.502261+00:00
,IR Iran,Mohammad Mohebi,,available,squad-status,,,1.0,90,95.51,squad-projection,2026-06-05T19:40:23.502261+00:00
,IR Iran,Mehdi Taremi,,available,squad-status,,,1.0,90,112.76,squad-projection,2026-06-05T19:40:23.502261+00:00
,IR Iran,Mehdi Ghayedi,,available,squad-status,,,1.0,90,94.56,squad-projection,2026-06-05T19:40:23.502261+00:00
,IR Iran,Ali Alipour,,available,squad-status,,,1.0,90,53.73,squad-projection,2026-06-05T19:40:23.502261+00:00
,IR Iran,Payam Niazmand,,available,squad-status,,,1.0,90,52.33,squad-projection,2026-06-05T19:40:23.502261+00:00
,IR Iran,Hossein Kanaanizadegan,,available,squad-status,,,1.0,90,37.11,squad-projection,2026-06-05T19:40:23.502261+00:00
,IR Iran,Saman Ghoddos,,available,squad-status,,,1.0,90,97.65,squad-projection,2026-06-05T19:40:23.502261+00:00
,IR Iran,Rouzbeh Cheshmi,,available,squad-status,,,1.0,90,33.31,squad-projection,2026-06-05T19:40:23.502261+00:00
,IR Iran,Mehdi Torabi,,available,squad-status,,,1.0,90,95.31,squad-projection,2026-06-05T19:40:23.502261+00:00
,IR Iran,Aria Yousefi,,available,squad-status,,,1.0,90,29.26,squad-projection,2026-06-05T19:40:23.502261+00:00
,IR Iran,Amirhossein Hosseinzadeh,,available,squad-status,,,1.0,90,88.69,squad-projection,2026-06-05T19:40:23.502261+00:00
,IR Iran,Ali Nemati,,available,squad-status,,,1.0,90,52.06,squad-projection,2026-06-05T19:40:23.502261+00:00
,IR Iran,Shahriyar Moghanlou,,available,squad-status,,,1.0,90,30.39,squad-projection,2026-06-05T19:40:23.502261+00:00
,IR Iran,Mohammad Ghorbani,,available,squad-status,,,1.0,90,53.25,squad-projection,2026-06-05T19:40:23.502261+00:00
,IR Iran,Hossein Hosseini,,available,squad-status,,,1.0,90,29.1,squad-projection,2026-06-05T19:40:23.502261+00:00
,IR Iran,Ramin Rezaeian,,available,squad-status,,,1.0,90,95.69,squad-projection,2026-06-05T19:40:23.502261+00:00
,IR Iran,Dennis Eckert,,available,squad-status,,,1.0,90,27.3,squad-projection,2026-06-05T19:40:23.502261+00:00
,IR Iran,Danial Eiri,,available,squad-status,,,1.0,90,50.86,squad-projection,2026-06-05T19:40:23.502261+00:00
,IR Iran,Amirmohammad Razzaghinia,,available,squad-status,,,1.0,90,51.59,squad-projection,2026-06-05T19:40:23.502261+00:00
,New Zealand,Max Crocombe,,available,squad-status,,,1.0,90,86.74,squad-projection,2026-06-05T19:40:23.502261+00:00
,New Zealand,Tim Payne,,available,squad-status,,,1.0,90,90.5,squad-projection,2026-06-05T19:40:23.502261+00:00
,New Zealand,Francis de Vries,,available,squad-status,,,1.0,90,52.78,squad-projection,2026-06-05T19:40:23.502261+00:00
,New Zealand,Tyler Bindon,,available,squad-status,,,1.0,90,91.02,squad-projection,2026-06-05T19:40:23.502261+00:00
,New Zealand,Michael Boxall,,available,squad-status,,,1.0,90,90.35,squad-projection,2026-06-05T19:40:23.502261+00:00
,New Zealand,Joe Bell,,available,squad-status,,,1.0,90,92.07,squad-projection,2026-06-05T19:40:23.502261+00:00
,New Zealand,Matthew Garbett,,available,squad-status,,,1.0,90,55.27,squad-projection,2026-06-05T19:40:23.502261+00:00
,New Zealand,Marko Stamenić,,available,squad-status,,,1.0,90,93.71,squad-projection,2026-06-05T19:40:23.502261+00:00
,New Zealand,Chris Wood,,available,squad-status,,,1.0,90,114.44,squad-projection,2026-06-05T19:40:23.502261+00:00
,New Zealand,Sarpreet Singh,,available,squad-status,,,1.0,90,53.89,squad-projection,2026-06-05T19:40:23.502261+00:00
,New Zealand,Elijah Just,,available,squad-status,,,1.0,90,95.82,squad-projection,2026-06-05T19:40:23.502261+00:00
,New Zealand,Alex Paulsen,,available,squad-status,,,1.0,90,51.34,squad-projection,2026-06-05T19:40:23.502261+00:00
,New Zealand,Liberato Cacace,,available,squad-status,,,1.0,90,92.26,squad-projection,2026-06-05T19:40:23.502261+00:00
,New Zealand,Alex Rufer,,available,squad-status,,,1.0,90,53.46,squad-projection,2026-06-05T19:40:23.502261+00:00
,New Zealand,Nando Pijnaker,,available,squad-status,,,1.0,90,52.63,squad-projection,2026-06-05T19:40:23.502261+00:00
,New Zealand,Finn Surman,,available,squad-status,,,1.0,90,54.67,squad-projection,2026-06-05T19:40:23.502261+00:00
,New Zealand,Kosta Barbarouses,,available,squad-status,,,1.0,90,97.38,squad-projection,2026-06-05T19:40:23.502261+00:00
,New Zealand,Ben Waine,,available,squad-status,,,1.0,90,55.0,squad-projection,2026-06-05T19:40:23.502261+00:00
,New Zealand,Ben Old,,available,squad-status,,,1.0,90,55.37,squad-projection,2026-06-05T19:40:23.502261+00:00
,New Zealand,Callum McCowatt,,available,squad-status,,,1.0,90,91.9,squad-projection,2026-06-05T19:40:23.502261+00:00
,New Zealand,Jesse Randall,,available,squad-status,,,1.0,90,52.38,squad-projection,2026-06-05T19:40:23.502261+00:00
,New Zealand,Michael Woud,,available,squad-status,,,1.0,90,50.13,squad-projection,2026-06-05T19:40:23.502261+00:00
,New Zealand,Ryan Thomas,,available,squad-status,,,1.0,90,54.06,squad-projection,2026-06-05T19:40:23.502261+00:00
,New Zealand,Callan Elliot,,available,squad-status,,,1.0,90,50.89,squad-projection,2026-06-05T19:40:23.502261+00:00
,New Zealand,Lachlan Bayliss,,available,squad-status,,,1.0,90,50.26,squad-projection,2026-06-05T19:40:23.502261+00:00
,New Zealand,Tommy Smith,,available,squad-status,,,1.0,90,53.83,squad-projection,2026-06-05T19:40:23.502261+00:00
,Cabo Verde,Vozinha,,available,squad-status,,,1.0,90,92.56,squad-projection,2026-06-05T19:40:23.502261+00:00
,Cabo Verde,Stopira,,available,squad-status,,,1.0,90,87.88,squad-projection,2026-06-05T19:40:23.502261+00:00
,Cabo Verde,Diney,,available,squad-status,,,1.0,90,31.77,squad-projection,2026-06-05T19:40:23.502261+00:00
,Cabo Verde,Roberto Lopes,,available,squad-status,,,1.0,90,54.74,squad-projection,2026-06-05T19:40:23.502261+00:00
,Cabo Verde,Logan Costa,,available,squad-status,,,1.0,90,95.41,squad-projection,2026-06-05T19:40:23.502261+00:00
,Cabo Verde,Kevin Pina,,available,squad-status,,,1.0,90,32.07,squad-projection,2026-06-05T19:40:23.502261+00:00
,Cabo Verde,Jovane Cabral,,available,squad-status,,,1.0,90,54.78,squad-projection,2026-06-05T19:40:23.502261+00:00
,Cabo Verde,João Paulo,,available,squad-status,,,1.0,90,89.9,squad-projection,2026-06-05T19:40:23.502261+00:00
,Cabo Verde,Gilson Benchimol,,available,squad-status,,,1.0,90,31.29,squad-projection,2026-06-05T19:40:23.502261+00:00
,Cabo Verde,Jamiro Monteiro,,available,squad-status,,,1.0,90,93.58,squad-projection,2026-06-05T19:40:23.502261+00:00
,Cabo Verde,Garry Rodrigues,,available,squad-status,,,1.0,90,93.58,squad-projection,2026-06-05T19:40:23.502261+00:00
,Cabo Verde,Márcio Rosa,,available,squad-status,,,1.0,90,50.46,squad-projection,2026-06-05T19:40:23.502261+00:00
,Cabo Verde,Sidny Lopes Cabral,,available,squad-status,,,1.0,90,88.05,squad-projection,2026-06-05T19:40:23.502261+00:00
,Cabo Verde,Deroy Duarte,,available,squad-status,,,1.0,90,89.78,squad-projection,2026-06-05T19:40:23.502261+00:00
,Cabo Verde,Laros Duarte,,available,squad-status,,,1.0,90,52.82,squad-projection,2026-06-05T19:40:23.502261+00:00
,Cabo Verde,Yannick Semedo,,available,squad-status,,,1.0,90,50.35,squad-projection,2026-06-05T19:40:23.502261+00:00
,Cabo Verde,Willy Semedo,,available,squad-status,,,1.0,90,90.23,squad-projection,2026-06-05T19:40:23.502261+00:00
,Cabo Verde,Telmo Arcanjo,,available,squad-status,,,1.0,90,54.97,squad-projection,2026-06-05T19:40:23.502261+00:00
,Cabo Verde,Dailon Livramento,,available,squad-status,,,1.0,90,54.48,squad-projection,2026-06-05T19:40:23.502261+00:00
,Cabo Verde,Ryan Mendes,,available,squad-status,,,1.0,90,102.61,squad-projection,2026-06-05T19:40:23.502261+00:00
,Cabo Verde,Nuno da Costa,,available,squad-status,,,1.0,90,50.56,squad-projection,2026-06-05T19:40:23.502261+00:00
,Cabo Verde,Steven Moreira,,available,squad-status,,,1.0,90,54.19,squad-projection,2026-06-05T19:40:23.502261+00:00
,Cabo Verde,CJ dos Santos,,available,squad-status,,,1.0,90,51.0,squad-projection,2026-06-05T19:40:23.502261+00:00
,Cabo Verde,Wagner Pina,,available,squad-status,,,1.0,90,90.95,squad-projection,2026-06-05T19:40:23.502261+00:00
,Cabo Verde,Kelvin Pires,,available,squad-status,,,1.0,90,49.66,squad-projection,2026-06-05T19:40:23.502261+00:00
,Cabo Verde,Hélio Varela,,available,squad-status,,,1.0,90,53.95,squad-projection,2026-06-05T19:40:23.502261+00:00
,Saudi Arabia,Nawaf Al-Aqidi,,available,squad-status,,,1.0,90,53.3,squad-projection,2026-06-05T19:40:23.502261+00:00
,Saudi Arabia,Ali Majrashi,,available,squad-status,,,1.0,90,53.95,squad-projection,2026-06-05T19:40:23.502261+00:00
,Saudi Arabia,Ali Lajami,,available,squad-status,,,1.0,90,53.41,squad-projection,2026-06-05T19:40:23.502261+00:00
,Saudi Arabia,Abdulelah Al-Amri,,available,squad-status,,,1.0,90,90.87,squad-projection,2026-06-05T19:40:23.502261+00:00
,Saudi Arabia,Hassan Al-Tambakti,,available,squad-status,,,1.0,90,34.37,squad-projection,2026-06-05T19:40:23.502261+00:00
,Saudi Arabia,Nasser Al-Dawsari,,available,squad-status,,,1.0,90,90.23,squad-projection,2026-06-05T19:40:23.502261+00:00
,Saudi Arabia,Musab Al-Juwayr,,available,squad-status,,,1.0,90,94.45,squad-projection,2026-06-05T19:40:23.502261+00:00
,Saudi Arabia,Ayman Yahya,,available,squad-status,,,1.0,90,54.9,squad-projection,2026-06-05T19:40:23.502261+00:00
,Saudi Arabia,Firas Al-Buraikan,,available,squad-status,,,1.0,90,104.38,squad-projection,2026-06-05T19:40:23.502261+00:00
,Saudi Arabia,Salem Al-Dawsari,,available,squad-status,,,1.0,90,108.73,squad-projection,2026-06-05T19:40:23.502261+00:00
,Saudi Arabia,Saleh Al-Shehri,,available,squad-status,,,1.0,90,96.6,squad-projection,2026-06-05T19:40:23.502261+00:00
,Saudi Arabia,Saud Abdulhamid,,available,squad-status,,,1.0,90,99.54,squad-projection,2026-06-05T19:40:23.502261+00:00
,Saudi Arabia,Nawaf Boushal,,available,squad-status,,,1.0,90,87.76,squad-projection,2026-06-05T19:40:23.502261+00:00
,Saudi Arabia,Hassan Kadesh,,available,squad-status,,,1.0,90,51.75,squad-projection,2026-06-05T19:40:23.502261+00:00
,Saudi Arabia,Abdullah Al-Khaibari,,available,squad-status,,,1.0,90,89.34,squad-projection,2026-06-05T19:40:23.502261+00:00
,Saudi Arabia,Ziyad Al-Johani,,available,squad-status,,,1.0,90,52.01,squad-projection,2026-06-05T19:40:23.502261+00:00
,Saudi Arabia,Khalid Al-Ghannam,,available,squad-status,,,1.0,90,51.38,squad-projection,2026-06-05T19:40:23.502261+00:00
,Saudi Arabia,Alaa Al-Hejji,,available,squad-status,,,1.0,90,27.44,squad-projection,2026-06-05T19:40:23.502261+00:00
,Saudi Arabia,Abdullah Al-Hamdan,,available,squad-status,,,1.0,90,57.32,squad-projection,2026-06-05T19:40:23.502261+00:00
,Saudi Arabia,Sultan Mandash,,available,squad-status,,,1.0,90,50.15,squad-projection,2026-06-05T19:40:23.502261+00:00
,Saudi Arabia,Mohammed Al-Owais,,available,squad-status,,,1.0,90,92.34,squad-projection,2026-06-05T19:40:23.502261+00:00
,Saudi Arabia,Ahmed Al-Kassar,,available,squad-status,,,1.0,90,49.0,squad-projection,2026-06-05T19:40:23.502261+00:00
,Saudi Arabia,Mohamed Kanno,,available,squad-status,,,1.0,90,99.89,squad-projection,2026-06-05T19:40:23.502261+00:00
,Saudi Arabia,Moteb Al-Harbi,,available,squad-status,,,1.0,90,52.7,squad-projection,2026-06-05T19:40:23.502261+00:00
,Saudi Arabia,Jehad Thakri,,available,squad-status,,,1.0,90,51.51,squad-projection,2026-06-05T19:40:23.502261+00:00
,Saudi Arabia,Mohammed Abu Al-Shamat,,available,squad-status,,,1.0,90,52.13,squad-projection,2026-06-05T19:40:23.502261+00:00
,Spain,David Raya,,available,squad-status,,,1.0,90,58.33,squad-projection,2026-06-05T19:40:23.502261+00:00
,Spain,Marc Pubill,,available,squad-status,,,1.0,90,56.54,squad-projection,2026-06-05T19:40:23.502261+00:00
,Spain,Álex Grimaldo,,available,squad-status,,,1.0,90,28.96,squad-projection,2026-06-05T19:40:23.502261+00:00
,Spain,Eric García,,available,squad-status,,,1.0,90,59.56,squad-projection,2026-06-05T19:40:23.502261+00:00
,Spain,Marcos Llorente,,available,squad-status,,,1.0,90,59.32,squad-projection,2026-06-05T19:40:23.502261+00:00
,Spain,Mikel Merino,,available,squad-status,,,1.0,90,101.92,squad-projection,2026-06-05T19:40:23.502261+00:00
,Spain,Ferran Torres,,available,squad-status,,,1.0,90,110.17,squad-projection,2026-06-05T19:40:23.502261+00:00
,Spain,Fabián Ruiz,,available,squad-status,,,1.0,90,101.42,squad-projection,2026-06-05T19:40:23.502261+00:00
,Spain,Gavi,,available,squad-status,,,1.0,90,61.32,squad-projection,2026-06-05T19:40:23.502261+00:00
,Spain,Dani Olmo,,available,squad-status,,,1.0,90,106.37,squad-projection,2026-06-05T19:40:23.502261+00:00
,Spain,Yéremy Pino,,available,squad-status,,,1.0,90,60.2,squad-projection,2026-06-05T19:40:23.502261+00:00
,Spain,Pedro Porro,,available,squad-status,,,1.0,90,59.14,squad-projection,2026-06-05T19:40:23.502261+00:00
,Spain,Joan Garcia,,available,squad-status,,,1.0,90,57.29,squad-projection,2026-06-05T19:40:23.502261+00:00
,Spain,Aymeric Laporte,,available,squad-status,,,1.0,90,97.79,squad-projection,2026-06-05T19:40:23.502261+00:00
,Spain,Álex Baena,,available,squad-status,,,1.0,90,59.75,squad-projection,2026-06-05T19:40:23.502261+00:00
,Spain,Rodri,,available,squad-status,,,1.0,90,106.76,squad-projection,2026-06-05T19:40:23.502261+00:00
,Spain,Nico Williams,,available,squad-status,,,1.0,90,62.63,squad-projection,2026-06-05T19:40:23.502261+00:00
,Spain,Martín Zubimendi,,available,squad-status,,,1.0,90,62.16,squad-projection,2026-06-05T19:40:23.502261+00:00
,Spain,Lamine Yamal,,available,squad-status,,,1.0,90,64.3,squad-projection,2026-06-05T19:40:23.502261+00:00
,Spain,Pedri,,available,squad-status,,,1.0,90,105.34,squad-projection,2026-06-05T19:40:23.502261+00:00
,Spain,Mikel Oyarzabal,,available,squad-status,,,1.0,90,107.86,squad-projection,2026-06-05T19:40:23.502261+00:00
,Spain,Pau Cubarsí,,available,squad-status,,,1.0,90,95.93,squad-projection,2026-06-05T19:40:23.502261+00:00
,Spain,Unai Simón,,available,squad-status,,,1.0,90,103.1,squad-projection,2026-06-05T19:40:23.502261+00:00
,Spain,Marc Cucurella,,available,squad-status,,,1.0,90,97.56,squad-projection,2026-06-05T19:40:23.502261+00:00
,Spain,Víctor Muñoz,,available,squad-status,,,1.0,90,56.4,squad-projection,2026-06-05T19:40:23.502261+00:00
,Spain,Borja Iglesias,,available,squad-status,,,1.0,90,53.57,squad-projection,2026-06-05T19:40:23.502261+00:00
,Uruguay,Sergio Rochet,,available,squad-status,,,1.0,90,56.72,squad-projection,2026-06-05T19:40:23.502261+00:00
,Uruguay,José María Giménez,,available,squad-status,,,1.0,90,110.3,squad-projection,2026-06-05T19:40:23.502261+00:00
,Uruguay,Sebastián Cáceres,,available,squad-status,,,1.0,90,56.75,squad-projection,2026-06-05T19:40:23.502261+00:00
,Uruguay,Ronald Araújo,,available,squad-status,,,1.0,90,95.95,squad-projection,2026-06-05T19:40:23.502261+00:00
,Uruguay,Manuel Ugarte,,available,squad-status,,,1.0,90,98.56,squad-projection,2026-06-05T19:40:23.502261+00:00
,Uruguay,Rodrigo Bentancur,,available,squad-status,,,1.0,90,106.89,squad-projection,2026-06-05T19:40:23.502261+00:00
,Uruguay,Nicolás de la Cruz,,available,squad-status,,,1.0,90,96.0,squad-projection,2026-06-05T19:40:23.502261+00:00
,Uruguay,Federico Valverde,,available,squad-status,,,1.0,90,113.07,squad-projection,2026-06-05T19:40:23.502261+00:00
,Uruguay,Darwin Núñez,,available,squad-status,,,1.0,90,102.0,squad-projection,2026-06-05T19:40:23.502261+00:00
,Uruguay,Giorgian de Arrascaeta,,available,squad-status,,,1.0,90,105.3,squad-projection,2026-06-05T19:40:23.502261+00:00
,Uruguay,Facundo Pellistri,,available,squad-status,,,1.0,90,95.57,squad-projection,2026-06-05T19:40:23.502261+00:00
,Uruguay,Santiago Mele,,available,squad-status,,,1.0,90,53.15,squad-projection,2026-06-05T19:40:23.502261+00:00
,Uruguay,Guillermo Varela,,available,squad-status,,,1.0,90,54.74,squad-projection,2026-06-05T19:40:23.502261+00:00
,Uruguay,Agustín Canobbio,,available,squad-status,,,1.0,90,56.64,squad-projection,2026-06-05T19:40:23.502261+00:00
,Uruguay,Emiliano Martínez,,available,squad-status,,,1.0,90,55.44,squad-projection,2026-06-05T19:40:23.502261+00:00
,Uruguay,Mathías Olivera,,available,squad-status,,,1.0,90,97.19,squad-projection,2026-06-05T19:40:23.502261+00:00
,Uruguay,Matías Viña,,available,squad-status,,,1.0,90,59.12,squad-projection,2026-06-05T19:40:23.502261+00:00
,Uruguay,Brian Rodríguez,,available,squad-status,,,1.0,90,59.47,squad-projection,2026-06-05T19:40:23.502261+00:00
,Uruguay,Rodrigo Aguirre,,available,squad-status,,,1.0,90,54.14,squad-projection,2026-06-05T19:40:23.502261+00:00
,Uruguay,Maximiliano Araújo,,available,squad-status,,,1.0,90,31.65,squad-projection,2026-06-05T19:40:23.502261+00:00
,Uruguay,Federico Viñas,,available,squad-status,,,1.0,90,55.06,squad-projection,2026-06-05T19:40:23.502261+00:00
,Uruguay,Joaquín Piquerez,,available,squad-status,,,1.0,90,57.73,squad-projection,2026-06-05T19:40:23.502261+00:00
,Uruguay,Fernando Muslera,,available,squad-status,,,1.0,90,100.66,squad-projection,2026-06-05T19:40:23.502261+00:00
,Uruguay,Santiago Bueno,,available,squad-status,,,1.0,90,55.9,squad-projection,2026-06-05T19:40:23.502261+00:00
,Uruguay,Juan Manuel Sanabria,,available,squad-status,,,1.0,90,54.08,squad-projection,2026-06-05T19:40:23.502261+00:00
,Uruguay,Rodrigo Zalazar,,available,squad-status,,,1.0,90,58.08,squad-projection,2026-06-05T19:40:23.502261+00:00
,France,Brice Samba,,available,squad-status,,,1.0,90,54.73,squad-projection,2026-06-05T19:40:23.502261+00:00
,France,Malo Gusto,,available,squad-status,,,1.0,90,58.17,squad-projection,2026-06-05T19:40:23.502261+00:00
,France,Lucas Digne,,available,squad-status,,,1.0,90,61.68,squad-projection,2026-06-05T19:40:23.502261+00:00
,France,Dayot Upamecano,,available,squad-status,,,1.0,90,101.62,squad-projection,2026-06-05T19:40:23.502261+00:00
,France,Jules Koundé,,available,squad-status,,,1.0,90,103.14,squad-projection,2026-06-05T19:40:23.502261+00:00
,France,Manu Koné,,available,squad-status,,,1.0,90,59.2,squad-projection,2026-06-05T19:40:23.502261+00:00
,France,Ousmane Dembélé,,available,squad-status,,,1.0,90,108.73,squad-projection,2026-06-05T19:40:23.502261+00:00
,France,Aurélien Tchouaméni,,available,squad-status,,,1.0,90,103.84,squad-projection,2026-06-05T19:40:23.502261+00:00
,France,Marcus Thuram,,available,squad-status,,,1.0,90,100.28,squad-projection,2026-06-05T19:40:23.502261+00:00
,France,Kylian Mbappé,,available,squad-status,,,1.0,90,124.74,squad-projection,2026-06-05T19:40:23.502261+00:00
,France,Michael Olise,,available,squad-status,,,1.0,90,62.11,squad-projection,2026-06-05T19:40:23.502261+00:00
,France,Bradley Barcola,,available,squad-status,,,1.0,90,61.07,squad-projection,2026-06-05T19:40:23.502261+00:00
,France,N'Golo Kanté,,available,squad-status,,,1.0,90,100.69,squad-projection,2026-06-05T19:40:23.502261+00:00
,France,Adrien Rabiot,,available,squad-status,,,1.0,90,103.83,squad-projection,2026-06-05T19:40:23.502261+00:00
,France,Ibrahima Konaté,,available,squad-status,,,1.0,90,61.1,squad-projection,2026-06-05T19:40:23.502261+00:00
,France,Mike Maignan,,available,squad-status,,,1.0,90,98.27,squad-projection,2026-06-05T19:40:23.502261+00:00
,France,William Saliba,,available,squad-status,,,1.0,90,100.98,squad-projection,2026-06-05T19:40:23.502261+00:00
,France,Warren Zaïre-Emery,,available,squad-status,,,1.0,90,59.88,squad-projection,2026-06-05T19:40:23.502261+00:00
,France,Théo Hernandez,,available,squad-status,,,1.0,90,100.45,squad-projection,2026-06-05T19:40:23.502261+00:00
,France,Désiré Doué,,available,squad-status,,,1.0,90,60.17,squad-projection,2026-06-05T19:40:23.502261+00:00
,France,Lucas Hernandez,,available,squad-status,,,1.0,90,61.48,squad-projection,2026-06-05T19:40:23.502261+00:00
,France,Jean-Philippe Mateta,,available,squad-status,,,1.0,90,57.39,squad-projection,2026-06-05T19:40:23.502261+00:00
,France,Robin Risser,,available,squad-status,,,1.0,90,56.66,squad-projection,2026-06-05T19:40:23.502261+00:00
,France,Rayan Cherki,,available,squad-status,,,1.0,90,59.38,squad-projection,2026-06-05T19:40:23.502261+00:00
,France,Maghnes Akliouche,,available,squad-status,,,1.0,90,58.66,squad-projection,2026-06-05T19:40:23.502261+00:00
,France,Maxence Lacroix,,available,squad-status,,,1.0,90,57.81,squad-projection,2026-06-05T19:40:23.502261+00:00
,Iraq,Fahad Talib,,available,squad-status,,,1.0,90,52.1,squad-projection,2026-06-05T19:40:23.502261+00:00
,Iraq,Rebin Sulaka,,available,squad-status,,,1.0,90,87.47,squad-projection,2026-06-05T19:40:23.502261+00:00
,Iraq,Hussein Ali,,available,squad-status,,,1.0,90,52.43,squad-projection,2026-06-05T19:40:23.502261+00:00
,Iraq,Zaid Tahseen,,available,squad-status,,,1.0,90,86.14,squad-projection,2026-06-05T19:40:23.502261+00:00
,Iraq,Akam Hashim,,available,squad-status,,,1.0,90,29.12,squad-projection,2026-06-05T19:40:23.502261+00:00
,Iraq,Manaf Younis,,available,squad-status,,,1.0,90,53.4,squad-projection,2026-06-05T19:40:23.502261+00:00
,Iraq,Youssef Amyn,,available,squad-status,,,1.0,90,85.93,squad-projection,2026-06-05T19:40:23.502261+00:00
,Iraq,Ibrahim Bayesh,,available,squad-status,,,1.0,90,99.34,squad-projection,2026-06-05T19:40:23.502261+00:00
,Iraq,Ali Al-Hamadi,,available,squad-status,,,1.0,90,54.83,squad-projection,2026-06-05T19:40:23.502261+00:00
,Iraq,Mohanad Ali,,available,squad-status,,,1.0,90,104.53,squad-projection,2026-06-05T19:40:23.502261+00:00
,Iraq,Ahmed Qasem,,available,squad-status,,,1.0,90,53.14,squad-projection,2026-06-05T19:40:23.502261+00:00
,Iraq,Jalal Hassan,,available,squad-status,,,1.0,90,97.84,squad-projection,2026-06-05T19:40:23.502261+00:00
,Iraq,Ali Yousif,,available,squad-status,,,1.0,90,49.1,squad-projection,2026-06-05T19:40:23.502261+00:00
,Iraq,Zidane Iqbal,,available,squad-status,,,1.0,90,87.12,squad-projection,2026-06-05T19:40:23.502261+00:00
,Iraq,Ahmed Yahya,,available,squad-status,,,1.0,90,52.13,squad-projection,2026-06-05T19:40:23.502261+00:00
,Iraq,Amir Al-Ammari,,available,squad-status,,,1.0,90,92.7,squad-projection,2026-06-05T19:40:23.502261+00:00
,Iraq,Ali Jasim,,available,squad-status,,,1.0,90,88.15,squad-projection,2026-06-05T19:40:23.502261+00:00
,Iraq,Aymen Hussein,,available,squad-status,,,1.0,90,107.25,squad-projection,2026-06-05T19:40:23.502261+00:00
,Iraq,Kevin Yakob,,available,squad-status,,,1.0,90,51.56,squad-projection,2026-06-05T19:40:23.502261+00:00
,Iraq,Aimar Sher,,available,squad-status,,,1.0,90,52.38,squad-projection,2026-06-05T19:40:23.502261+00:00
,Iraq,Marko Farji,,available,squad-status,,,1.0,90,53.25,squad-projection,2026-06-05T19:40:23.502261+00:00
,Iraq,Ahmed Basil,,available,squad-status,,,1.0,90,29.24,squad-projection,2026-06-05T19:40:23.502261+00:00
,Iraq,Merchas Doski,,available,squad-status,,,1.0,90,89.63,squad-projection,2026-06-05T19:40:23.502261+00:00
,Iraq,Zaid Ismail,,available,squad-status,,,1.0,90,50.37,squad-projection,2026-06-05T19:40:23.502261+00:00
,Iraq,Mustafa Saadoon,,available,squad-status,,,1.0,90,51.15,squad-projection,2026-06-05T19:40:23.502261+00:00
,Iraq,Frans Putros,,available,squad-status,,,1.0,90,30.91,squad-projection,2026-06-05T19:40:23.502261+00:00
,Norway,Ørjan Nyland,,available,squad-status,,,1.0,90,96.9,squad-projection,2026-06-05T19:40:23.502261+00:00
,Norway,Morten Thorsby,,available,squad-status,,,1.0,90,56.92,squad-projection,2026-06-05T19:40:23.502261+00:00
,Norway,Kristoffer Ajer,,available,squad-status,,,1.0,90,101.24,squad-projection,2026-06-05T19:40:23.502261+00:00
,Norway,Leo Østigård,,available,squad-status,,,1.0,90,96.99,squad-projection,2026-06-05T19:40:23.502261+00:00
,Norway,David Møller Wolfe,,available,squad-status,,,1.0,90,92.11,squad-projection,2026-06-05T19:40:23.502261+00:00
,Norway,Patrick Berg,,available,squad-status,,,1.0,90,96.53,squad-projection,2026-06-05T19:40:23.502261+00:00
,Norway,Alexander Sørloth,,available,squad-status,,,1.0,90,111.97,squad-projection,2026-06-05T19:40:23.502261+00:00
,Norway,Sander Berge,,available,squad-status,,,1.0,90,105.0,squad-projection,2026-06-05T19:40:23.502261+00:00
,Norway,Erling Haaland,,available,squad-status,,,1.0,90,115.63,squad-projection,2026-06-05T19:40:23.502261+00:00
,Norway,Martin Ødegaard,,available,squad-status,,,1.0,90,108.81,squad-projection,2026-06-05T19:40:23.502261+00:00
,Norway,Jørgen Strand Larsen,,available,squad-status,,,1.0,90,61.83,squad-projection,2026-06-05T19:40:23.502261+00:00
,Norway,Sander Tangvik,,available,squad-status,,,1.0,90,52.74,squad-projection,2026-06-05T19:40:23.502261+00:00
,Norway,Egil Selvik,,available,squad-status,,,1.0,90,52.38,squad-projection,2026-06-05T19:40:23.502261+00:00
,Norway,Fredrik Aursnes,,available,squad-status,,,1.0,90,58.55,squad-projection,2026-06-05T19:40:23.502261+00:00
,Norway,Fredrik André Bjørkan,,available,squad-status,,,1.0,90,30.23,squad-projection,2026-06-05T19:40:23.502261+00:00
,Norway,Marcus Holmgren Pedersen,,available,squad-status,,,1.0,90,31.74,squad-projection,2026-06-05T19:40:23.502261+00:00
,Norway,Torbjørn Heggem,,available,squad-status,,,1.0,90,57.18,squad-projection,2026-06-05T19:40:23.502261+00:00
,Norway,Kristian Thorstvedt,,available,squad-status,,,1.0,90,97.3,squad-projection,2026-06-05T19:40:23.502261+00:00
,Norway,Thelo Aasgaard,,available,squad-status,,,1.0,90,54.37,squad-projection,2026-06-05T19:40:23.502261+00:00
,Norway,Antonio Nusa,,available,squad-status,,,1.0,90,61.21,squad-projection,2026-06-05T19:40:23.502261+00:00
,Norway,Andreas Schjelderup,,available,squad-status,,,1.0,90,58.34,squad-projection,2026-06-05T19:40:23.502261+00:00
,Norway,Oscar Bobb,,available,squad-status,,,1.0,90,59.49,squad-projection,2026-06-05T19:40:23.502261+00:00
,Norway,Jens Petter Hauge,,available,squad-status,,,1.0,90,57.34,squad-projection,2026-06-05T19:40:23.502261+00:00
,Norway,Sondre Langås,,available,squad-status,,,1.0,90,53.64,squad-projection,2026-06-05T19:40:23.502261+00:00
,Norway,Henrik Falchener,,available,squad-status,,,1.0,90,54.06,squad-projection,2026-06-05T19:40:23.502261+00:00
,Norway,Julian Ryerson,,available,squad-status,,,1.0,90,99.89,squad-projection,2026-06-05T19:40:23.502261+00:00
,Senegal,Yehvann Diouf,,available,squad-status,,,1.0,90,54.46,squad-projection,2026-06-05T19:40:23.502261+00:00
,Senegal,Mamadou Sarr,,available,squad-status,,,1.0,90,57.1,squad-projection,2026-06-05T19:40:23.502261+00:00
,Senegal,Kalidou Koulibaly,,available,squad-status,,,1.0,90,106.41,squad-projection,2026-06-05T19:40:23.502261+00:00
,Senegal,Abdoulaye Seck,,available,squad-status,,,1.0,90,53.35,squad-projection,2026-06-05T19:40:23.502261+00:00
,Senegal,Idrissa Gueye,,available,squad-status,,,1.0,90,101.36,squad-projection,2026-06-05T19:40:23.502261+00:00
,Senegal,Pathé Ciss,,available,squad-status,,,1.0,90,56.06,squad-projection,2026-06-05T19:40:23.502261+00:00
,Senegal,Assane Diao,,available,squad-status,,,1.0,90,57.36,squad-projection,2026-06-05T19:40:23.502261+00:00
,Senegal,Lamine Camara,,available,squad-status,,,1.0,90,100.45,squad-projection,2026-06-05T19:40:23.502261+00:00
,Senegal,Bamba Dieng,,available,squad-status,,,1.0,90,58.84,squad-projection,2026-06-05T19:40:23.502261+00:00
,Senegal,Sadio Mané,,available,squad-status,,,1.0,90,115.58,squad-projection,2026-06-05T19:40:23.502261+00:00
,Senegal,Nicolas Jackson,,available,squad-status,,,1.0,90,62.84,squad-projection,2026-06-05T19:40:23.502261+00:00
,Senegal,Cherif Ndiaye,,available,squad-status,,,1.0,90,56.73,squad-projection,2026-06-05T19:40:23.502261+00:00
,Senegal,Iliman Ndiaye,,available,squad-status,,,1.0,90,102.13,squad-projection,2026-06-05T19:40:23.502261+00:00
,Senegal,Ismail Jakobs,,available,squad-status,,,1.0,90,58.43,squad-projection,2026-06-05T19:40:23.502261+00:00
,Senegal,Krépin Diatta,,available,squad-status,,,1.0,90,100.24,squad-projection,2026-06-05T19:40:23.502261+00:00
,Senegal,Édouard Mendy,,available,squad-status,,,1.0,90,98.19,squad-projection,2026-06-05T19:40:23.502261+00:00
,Senegal,Pape Matar Sarr,,available,squad-status,,,1.0,90,100.47,squad-projection,2026-06-05T19:40:23.502261+00:00
,Senegal,Ismaïla Sarr,,available,squad-status,,,1.0,90,114.56,squad-projection,2026-06-05T19:40:23.502261+00:00
,Senegal,Moussa Niakhaté,,available,squad-status,,,1.0,90,95.58,squad-projection,2026-06-05T19:40:23.502261+00:00
,Senegal,Ibrahim Mbaye,,available,squad-status,,,1.0,90,58.52,squad-projection,2026-06-05T19:40:23.502261+00:00
,Senegal,Habib Diarra,,available,squad-status,,,1.0,90,60.32,squad-projection,2026-06-05T19:40:23.502261+00:00
,Senegal,Bara Sapoko Ndiaye,,available,squad-status,,,1.0,90,53.36,squad-projection,2026-06-05T19:40:23.502261+00:00
,Senegal,Mory Diaw,,available,squad-status,,,1.0,90,51.38,squad-projection,2026-06-05T19:40:23.502261+00:00
,Senegal,Antoine Mendy,,available,squad-status,,,1.0,90,55.62,squad-projection,2026-06-05T19:40:23.502261+00:00
,Senegal,El Hadji Malick Diouf,,available,squad-status,,,1.0,90,59.34,squad-projection,2026-06-05T19:40:23.502261+00:00
,Senegal,Pape Gueye,,available,squad-status,,,1.0,90,101.95,squad-projection,2026-06-05T19:40:23.502261+00:00
,Algeria,Melvin Mastil,,available,squad-status,,,1.0,90,48.64,squad-projection,2026-06-05T19:40:23.502261+00:00
,Algeria,Aïssa Mandi,,available,squad-status,,,1.0,90,103.26,squad-projection,2026-06-05T19:40:23.502261+00:00
,Algeria,Achref Abada,,available,squad-status,,,1.0,90,51.99,squad-projection,2026-06-05T19:40:23.502261+00:00
,Algeria,Mohamed Amine Tougai,,available,squad-status,,,1.0,90,55.64,squad-projection,2026-06-05T19:40:23.502261+00:00
,Algeria,Zineddine Belaïd,,available,squad-status,,,1.0,90,53.1,squad-projection,2026-06-05T19:40:23.502261+00:00
,Algeria,Ramiz Zerrouki,,available,squad-status,,,1.0,90,98.93,squad-projection,2026-06-05T19:40:23.502261+00:00
,Algeria,Riyad Mahrez,,available,squad-status,,,1.0,90,115.58,squad-projection,2026-06-05T19:40:23.502261+00:00
,Algeria,Houssem Aouar,,available,squad-status,,,1.0,90,58.12,squad-projection,2026-06-05T19:40:23.502261+00:00
,Algeria,Amine Gouiri,,available,squad-status,,,1.0,90,97.5,squad-projection,2026-06-05T19:40:23.502261+00:00
,Algeria,Farès Chaïbi,,available,squad-status,,,1.0,90,96.1,squad-projection,2026-06-05T19:40:23.502261+00:00
,Algeria,Anis Hadj Moussa,,available,squad-status,,,1.0,90,58.31,squad-projection,2026-06-05T19:40:23.502261+00:00
,Algeria,Nadhir Benbouali,,available,squad-status,,,1.0,90,51.74,squad-projection,2026-06-05T19:40:23.502261+00:00
,Algeria,Jaouen Hadjam,,available,squad-status,,,1.0,90,57.01,squad-projection,2026-06-05T19:40:23.502261+00:00
,Algeria,Hicham Boudaoui,,available,squad-status,,,1.0,90,59.54,squad-projection,2026-06-05T19:40:23.502261+00:00
,Algeria,Rayan Aït-Nouri,,available,squad-status,,,1.0,90,97.81,squad-projection,2026-06-05T19:40:23.502261+00:00
,Algeria,Oussama Benbot,,available,squad-status,,,1.0,90,27.58,squad-projection,2026-06-05T19:40:23.502261+00:00
,Algeria,Rafik Belghali,,available,squad-status,,,1.0,90,56.0,squad-projection,2026-06-05T19:40:23.502261+00:00
,Algeria,Mohamed Amoura,,available,squad-status,,,1.0,90,104.45,squad-projection,2026-06-05T19:40:23.502261+00:00
,Algeria,Nabil Bentaleb,,available,squad-status,,,1.0,90,100.23,squad-projection,2026-06-05T19:40:23.502261+00:00
,Algeria,Adil Boulbina,,available,squad-status,,,1.0,90,55.2,squad-projection,2026-06-05T19:40:23.502261+00:00
,Algeria,Ramy Bensebaini,,available,squad-status,,,1.0,90,106.58,squad-projection,2026-06-05T19:40:23.502261+00:00
,Algeria,Ibrahim Maza,,available,squad-status,,,1.0,90,95.97,squad-projection,2026-06-05T19:40:23.502261+00:00
,Algeria,Luca Zidane,,available,squad-status,,,1.0,90,83.19,squad-projection,2026-06-05T19:40:23.502261+00:00
,Algeria,Yacine Titraoui,,available,squad-status,,,1.0,90,27.99,squad-projection,2026-06-05T19:40:23.502261+00:00
,Algeria,Farès Ghedjemis,,available,squad-status,,,1.0,90,54.06,squad-projection,2026-06-05T19:40:23.502261+00:00
,Algeria,Samir Chergui,,available,squad-status,,,1.0,90,53.29,squad-projection,2026-06-05T19:40:23.502261+00:00
,Argentina,Juan Musso,,available,squad-status,,,1.0,90,53.15,squad-projection,2026-06-05T19:40:23.502261+00:00
,Argentina,Leonardo Balerdi,,available,squad-status,,,1.0,90,57.32,squad-projection,2026-06-05T19:40:23.502261+00:00
,Argentina,Nicolás Tagliafico,,available,squad-status,,,1.0,90,102.21,squad-projection,2026-06-05T19:40:23.502261+00:00
,Argentina,Gonzalo Montiel,,available,squad-status,,,1.0,90,59.01,squad-projection,2026-06-05T19:40:23.502261+00:00
,Argentina,Leandro Paredes,,available,squad-status,,,1.0,90,104.27,squad-projection,2026-06-05T19:40:23.502261+00:00
,Argentina,Lisandro Martínez,,available,squad-status,,,1.0,90,60.91,squad-projection,2026-06-05T19:40:23.502261+00:00
,Argentina,Rodrigo De Paul,,available,squad-status,,,1.0,90,108.11,squad-projection,2026-06-05T19:40:23.502261+00:00
,Argentina,Valentín Barco,,available,squad-status,,,1.0,90,57.59,squad-projection,2026-06-05T19:40:23.502261+00:00
,Argentina,Julián Alvarez,,available,squad-status,,,1.0,90,108.64,squad-projection,2026-06-05T19:40:23.502261+00:00
,Argentina,Lionel Messi,,available,squad-status,,,1.0,90,117.66,squad-projection,2026-06-05T19:40:23.502261+00:00
,Argentina,Giovani Lo Celso,,available,squad-status,,,1.0,90,64.43,squad-projection,2026-06-05T19:40:23.502261+00:00
,Argentina,Gerónimo Rulli,,available,squad-status,,,1.0,90,54.89,squad-projection,2026-06-05T19:40:23.502261+00:00
,Argentina,Cristian Romero,,available,squad-status,,,1.0,90,103.55,squad-projection,2026-06-05T19:40:23.502261+00:00
,Argentina,Exequiel Palacios,,available,squad-status,,,1.0,90,61.62,squad-projection,2026-06-05T19:40:23.502261+00:00
,Argentina,Nicolás González,,available,squad-status,,,1.0,90,35.17,squad-projection,2026-06-05T19:40:23.502261+00:00
,Argentina,Thiago Almada,,available,squad-status,,,1.0,90,58.54,squad-projection,2026-06-05T19:40:23.502261+00:00
,Argentina,Giuliano Simeone,,available,squad-status,,,1.0,90,58.83,squad-projection,2026-06-05T19:40:23.502261+00:00
,Argentina,Nico Paz,,available,squad-status,,,1.0,90,59.6,squad-projection,2026-06-05T19:40:23.502261+00:00
,Argentina,Nicolás Otamendi,,available,squad-status,,,1.0,90,64.59,squad-projection,2026-06-05T19:40:23.502261+00:00
,Argentina,Alexis Mac Allister,,available,squad-status,,,1.0,90,104.4,squad-projection,2026-06-05T19:40:23.502261+00:00
,Argentina,José Manuel López,,available,squad-status,,,1.0,90,56.77,squad-projection,2026-06-05T19:40:23.502261+00:00
,Argentina,Lautaro Martínez,,available,squad-status,,,1.0,90,119.07,squad-projection,2026-06-05T19:40:23.502261+00:00
,Argentina,Emiliano Martínez,,available,squad-status,,,1.0,90,99.86,squad-projection,2026-06-05T19:40:23.502261+00:00
,Argentina,Enzo Fernández,,available,squad-status,,,1.0,90,104.2,squad-projection,2026-06-05T19:40:23.502261+00:00
,Argentina,Facundo Medina,,available,squad-status,,,1.0,90,56.76,squad-projection,2026-06-05T19:40:23.502261+00:00
,Argentina,Nahuel Molina,,available,squad-status,,,1.0,90,102.05,squad-projection,2026-06-05T19:40:23.502261+00:00
,Austria,Alexander Schlager,,available,squad-status,,,1.0,90,89.31,squad-projection,2026-06-05T19:40:23.502261+00:00
,Austria,David Affengruber,,available,squad-status,,,1.0,90,54.75,squad-projection,2026-06-05T19:40:23.502261+00:00
,Austria,Kevin Danso,,available,squad-status,,,1.0,90,60.41,squad-projection,2026-06-05T19:40:23.502261+00:00
,Austria,Xaver Schlager,,available,squad-status,,,1.0,90,100.14,squad-projection,2026-06-05T19:40:23.502261+00:00
,Austria,Stefan Posch,,available,squad-status,,,1.0,90,99.21,squad-projection,2026-06-05T19:40:23.502261+00:00
,Austria,Nicolas Seiwald,,available,squad-status,,,1.0,90,101.0,squad-projection,2026-06-05T19:40:23.502261+00:00
,Austria,Marko Arnautović,,available,squad-status,,,1.0,90,112.76,squad-projection,2026-06-05T19:40:23.502261+00:00
,Austria,David Alaba,,available,squad-status,,,1.0,90,108.68,squad-projection,2026-06-05T19:40:23.502261+00:00
,Austria,Marcel Sabitzer,,available,squad-status,,,1.0,90,112.91,squad-projection,2026-06-05T19:40:23.502261+00:00
,Austria,Florian Grillitsch,,available,squad-status,,,1.0,90,60.62,squad-projection,2026-06-05T19:40:23.502261+00:00
,Austria,Michael Gregoritsch,,available,squad-status,,,1.0,90,105.28,squad-projection,2026-06-05T19:40:23.502261+00:00
,Austria,Florian Wiegele,,available,squad-status,,,1.0,90,52.34,squad-projection,2026-06-05T19:40:23.502261+00:00
,Austria,Patrick Pentz,,available,squad-status,,,1.0,90,54.7,squad-projection,2026-06-05T19:40:23.502261+00:00
,Austria,Saša Kalajdžić,,available,squad-status,,,1.0,90,56.9,squad-projection,2026-06-05T19:40:23.502261+00:00
,Austria,Philipp Lienhart,,available,squad-status,,,1.0,90,97.66,squad-projection,2026-06-05T19:40:23.502261+00:00
,Austria,Phillipp Mwene,,available,squad-status,,,1.0,90,55.71,squad-projection,2026-06-05T19:40:23.502261+00:00
,Austria,Carney Chukwuemeka,,available,squad-status,,,1.0,90,56.54,squad-projection,2026-06-05T19:40:23.502261+00:00
,Austria,Romano Schmid,,available,squad-status,,,1.0,90,97.22,squad-projection,2026-06-05T19:40:23.502261+00:00
,Austria,Konrad Laimer,,available,squad-status,,,1.0,90,105.4,squad-projection,2026-06-05T19:40:23.502261+00:00
,Austria,Patrick Wimmer,,available,squad-status,,,1.0,90,59.42,squad-projection,2026-06-05T19:40:23.502261+00:00
,Austria,Alexander Prass,,available,squad-status,,,1.0,90,57.24,squad-projection,2026-06-05T19:40:23.502261+00:00
,Austria,Marco Friedl,,available,squad-status,,,1.0,90,56.31,squad-projection,2026-06-05T19:40:23.502261+00:00
,Austria,Paul Wanner,,available,squad-status,,,1.0,90,56.55,squad-projection,2026-06-05T19:40:23.502261+00:00
,Austria,Michael Svoboda,,available,squad-status,,,1.0,90,53.29,squad-projection,2026-06-05T19:40:23.502261+00:00
,Austria,Alessandro Schöpf,,available,squad-status,,,1.0,90,56.27,squad-projection,2026-06-05T19:40:23.502261+00:00
,Jordan,Yazeed Abulaila,,available,squad-status,,,1.0,90,95.01,squad-projection,2026-06-05T19:40:23.502261+00:00
,Jordan,Mohammad Abu Hashish,,available,squad-status,,,1.0,90,35.08,squad-projection,2026-06-05T19:40:23.502261+00:00
,Jordan,Abdallah Nasib,,available,squad-status,,,1.0,90,93.98,squad-projection,2026-06-05T19:40:23.502261+00:00
,Jordan,Husam Abu Dahab,,available,squad-status,,,1.0,90,51.43,squad-projection,2026-06-05T19:40:23.502261+00:00
,Jordan,Yazan Al-Arab,,available,squad-status,,,1.0,90,99.81,squad-projection,2026-06-05T19:40:23.502261+00:00
,Jordan,Amer Jamous,,available,squad-status,,,1.0,90,83.86,squad-projection,2026-06-05T19:40:23.502261+00:00
,Jordan,Mohammad Abu Zrayq,,available,squad-status,,,1.0,90,33.63,squad-projection,2026-06-05T19:40:23.502261+00:00
,Jordan,Noor Al-Rawabdeh,,available,squad-status,,,1.0,90,94.97,squad-projection,2026-06-05T19:40:23.502261+00:00
,Jordan,Ali Olwan,,available,squad-status,,,1.0,90,102.59,squad-projection,2026-06-05T19:40:23.502261+00:00
,Jordan,Musa Al-Taamari,,available,squad-status,,,1.0,90,43.52,squad-projection,2026-06-05T19:40:23.502261+00:00
,Jordan,Odeh Al-Fakhouri,,available,squad-status,,,1.0,90,28.7,squad-projection,2026-06-05T19:40:23.502261+00:00
,Jordan,Nour Bani Attiah,,available,squad-status,,,1.0,90,27.85,squad-projection,2026-06-05T19:40:23.502261+00:00
,Jordan,Mahmoud Al-Mardi,,available,squad-status,,,1.0,90,100.45,squad-projection,2026-06-05T19:40:23.502261+00:00
,Jordan,Rajaei Ayed,,available,squad-status,,,1.0,90,94.44,squad-projection,2026-06-05T19:40:23.502261+00:00
,Jordan,Ibrahim Sadeh,,available,squad-status,,,1.0,90,35.53,squad-projection,2026-06-05T19:40:23.502261+00:00
,Jordan,Mo Abualnadi,,available,squad-status,,,1.0,90,29.66,squad-projection,2026-06-05T19:40:23.502261+00:00
,Jordan,Salim Obaid,,available,squad-status,,,1.0,90,28.69,squad-projection,2026-06-05T19:40:23.502261+00:00
,Jordan,Ibrahim Sabra,,available,squad-status,,,1.0,90,51.08,squad-projection,2026-06-05T19:40:23.502261+00:00
,Jordan,Saed Al-Rosan,,available,squad-status,,,1.0,90,84.27,squad-projection,2026-06-05T19:40:23.502261+00:00
,Jordan,Mohannad Abu Taha,,available,squad-status,,,1.0,90,86.35,squad-projection,2026-06-05T19:40:23.502261+00:00
,Jordan,Nizar Al-Rashdan,,available,squad-status,,,1.0,90,91.33,squad-projection,2026-06-05T19:40:23.502261+00:00
,Jordan,Abdallah Al-Fakhouri,,available,squad-status,,,1.0,90,50.02,squad-projection,2026-06-05T19:40:23.502261+00:00
,Jordan,Ihsan Haddad,,available,squad-status,,,1.0,90,40.09,squad-projection,2026-06-05T19:40:23.502261+00:00
,Jordan,Ali Azaizeh,,available,squad-status,,,1.0,90,48.53,squad-projection,2026-06-05T19:40:23.502261+00:00
,Jordan,Mohammad Al-Dawoud,,available,squad-status,,,1.0,90,49.45,squad-projection,2026-06-05T19:40:23.502261+00:00
,Jordan,Anas Badawi,,available,squad-status,,,1.0,90,48.26,squad-projection,2026-06-05T19:40:23.502261+00:00
,Colombia,David Ospina,,available,squad-status,,,1.0,90,97.24,squad-projection,2026-06-05T19:40:23.502261+00:00
,Colombia,Daniel Muñoz,,available,squad-status,,,1.0,90,100.71,squad-projection,2026-06-05T19:40:23.502261+00:00
,Colombia,Jhon Lucumí,,available,squad-status,,,1.0,90,98.21,squad-projection,2026-06-05T19:40:23.502261+00:00
,Colombia,Santiago Arias,,available,squad-status,,,1.0,90,60.46,squad-projection,2026-06-05T19:40:23.502261+00:00
,Colombia,Kevin Castaño,,available,squad-status,,,1.0,90,57.07,squad-projection,2026-06-05T19:40:23.502261+00:00
,Colombia,Richard Ríos,,available,squad-status,,,1.0,90,97.7,squad-projection,2026-06-05T19:40:23.502261+00:00
,Colombia,Luis Díaz,,available,squad-status,,,1.0,90,114.84,squad-projection,2026-06-05T19:40:23.502261+00:00
,Colombia,Jorge Carrascal,,available,squad-status,,,1.0,90,58.74,squad-projection,2026-06-05T19:40:23.502261+00:00
,Colombia,Jhon Córdoba,,available,squad-status,,,1.0,90,58.64,squad-projection,2026-06-05T19:40:23.502261+00:00
,Colombia,James Rodríguez,,available,squad-status,,,1.0,90,110.37,squad-projection,2026-06-05T19:40:23.502261+00:00
,Colombia,Jhon Arias,,available,squad-status,,,1.0,90,98.13,squad-projection,2026-06-05T19:40:23.502261+00:00
,Colombia,Camilo Vargas,,available,squad-status,,,1.0,90,55.19,squad-projection,2026-06-05T19:40:23.502261+00:00
,Colombia,Yerry Mina,,available,squad-status,,,1.0,90,97.79,squad-projection,2026-06-05T19:40:23.502261+00:00
,Colombia,Gustavo Puerta,,available,squad-status,,,1.0,90,54.46,squad-projection,2026-06-05T19:40:23.502261+00:00
,Colombia,Juan Portilla,,available,squad-status,,,1.0,90,54.85,squad-projection,2026-06-05T19:40:23.502261+00:00
,Colombia,Jefferson Lerma,,available,squad-status,,,1.0,90,101.88,squad-projection,2026-06-05T19:40:23.502261+00:00
,Colombia,Johan Mojica,,available,squad-status,,,1.0,90,58.12,squad-projection,2026-06-05T19:40:23.502261+00:00
,Colombia,Willer Ditta,,available,squad-status,,,1.0,90,54.32,squad-projection,2026-06-05T19:40:23.502261+00:00
,Colombia,Cucho Hernández,,available,squad-status,,,1.0,90,57.21,squad-projection,2026-06-05T19:40:23.502261+00:00
,Colombia,Juan Fernando Quintero,,available,squad-status,,,1.0,90,95.28,squad-projection,2026-06-05T19:40:23.502261+00:00
,Colombia,Jaminton Campaz,,available,squad-status,,,1.0,90,55.17,squad-projection,2026-06-05T19:40:23.502261+00:00
,Colombia,Deiver Machado,,available,squad-status,,,1.0,90,53.94,squad-projection,2026-06-05T19:40:23.502261+00:00
,Colombia,Davinson Sánchez,,available,squad-status,,,1.0,90,107.42,squad-projection,2026-06-05T19:40:23.502261+00:00
,Colombia,Álvaro Montero,,available,squad-status,,,1.0,90,53.95,squad-projection,2026-06-05T19:40:23.502261+00:00
,Colombia,Luis Suárez,,available,squad-status,,,1.0,90,58.97,squad-projection,2026-06-05T19:40:23.502261+00:00
,Colombia,Andrés Gómez,,available,squad-status,,,1.0,90,56.23,squad-projection,2026-06-05T19:40:23.502261+00:00
,Congo DR,Lionel Mpasi,,available,squad-status,,,1.0,90,31.18,squad-projection,2026-06-05T19:40:23.502261+00:00
,Congo DR,Aaron Wan-Bissaka,,available,squad-status,,,1.0,90,91.35,squad-projection,2026-06-05T19:40:23.502261+00:00
,Congo DR,Steve Kapuadi,,available,squad-status,,,1.0,90,52.98,squad-projection,2026-06-05T19:40:23.502261+00:00
,Congo DR,Axel Tuanzebe,,available,squad-status,,,1.0,90,55.56,squad-projection,2026-06-05T19:40:23.502261+00:00
,Congo DR,Dylan Batubinsika,,available,squad-status,,,1.0,90,52.35,squad-projection,2026-06-05T19:40:23.502261+00:00
,Congo DR,Ngal'ayel Mukau,,available,squad-status,,,1.0,90,57.28,squad-projection,2026-06-05T19:40:23.502261+00:00
,Congo DR,Nathanaël Mbuku,,available,squad-status,,,1.0,90,54.85,squad-projection,2026-06-05T19:40:23.502261+00:00
,Congo DR,Samuel Moutoussamy,,available,squad-status,,,1.0,90,94.67,squad-projection,2026-06-05T19:40:23.502261+00:00
,Congo DR,Brian Cipenga,,available,squad-status,,,1.0,90,53.01,squad-projection,2026-06-05T19:40:23.502261+00:00
,Congo DR,Théo Bongonda,,available,squad-status,,,1.0,90,94.48,squad-projection,2026-06-05T19:40:23.502261+00:00
,Congo DR,Gaël Kakuta,,available,squad-status,,,1.0,90,53.75,squad-projection,2026-06-05T19:40:23.502261+00:00
,Congo DR,Joris Kayembe,,available,squad-status,,,1.0,90,55.89,squad-projection,2026-06-05T19:40:23.502261+00:00
,Congo DR,Meschak Elia,,available,squad-status,,,1.0,90,38.6,squad-projection,2026-06-05T19:40:23.502261+00:00
,Congo DR,Noah Sadiki,,available,squad-status,,,1.0,90,95.45,squad-projection,2026-06-05T19:40:23.502261+00:00
,Congo DR,Aaron Tshibola,,available,squad-status,,,1.0,90,50.0,squad-projection,2026-06-05T19:40:23.502261+00:00
,Congo DR,Timothy Fayulu,,available,squad-status,,,1.0,90,50.9,squad-projection,2026-06-05T19:40:23.502261+00:00
,Congo DR,Cédric Bakambu,,available,squad-status,,,1.0,90,103.01,squad-projection,2026-06-05T19:40:23.502261+00:00
,Congo DR,Charles Pickel,,available,squad-status,,,1.0,90,57.29,squad-projection,2026-06-05T19:40:23.502261+00:00
,Congo DR,Fiston Mayele,,available,squad-status,,,1.0,90,92.84,squad-projection,2026-06-05T19:40:23.502261+00:00
,Congo DR,Yoane Wissa,,available,squad-status,,,1.0,90,100.78,squad-projection,2026-06-05T19:40:23.502261+00:00
,Congo DR,Matthieu Epolo,,available,squad-status,,,1.0,90,86.25,squad-projection,2026-06-05T19:40:23.502261+00:00
,Congo DR,Chancel Mbemba,,available,squad-status,,,1.0,90,105.15,squad-projection,2026-06-05T19:40:23.502261+00:00
,Congo DR,Simon Banza,,available,squad-status,,,1.0,90,57.18,squad-projection,2026-06-05T19:40:23.502261+00:00
,Congo DR,Gédéon Kalulu,,available,squad-status,,,1.0,90,54.74,squad-projection,2026-06-05T19:40:23.502261+00:00
,Congo DR,Edo Kayembe,,available,squad-status,,,1.0,90,95.13,squad-projection,2026-06-05T19:40:23.502261+00:00
,Congo DR,Arthur Masuaku,,available,squad-status,,,1.0,90,94.4,squad-projection,2026-06-05T19:40:23.502261+00:00
,Portugal,Diogo Costa,,available,squad-status,,,1.0,90,101.05,squad-projection,2026-06-05T19:40:23.502261+00:00
,Portugal,Nélson Semedo,,available,squad-status,,,1.0,90,60.57,squad-projection,2026-06-05T19:40:23.502261+00:00
,Portugal,Rúben Dias,,available,squad-status,,,1.0,90,109.66,squad-projection,2026-06-05T19:40:23.502261+00:00
,Portugal,Tomás Araújo,,available,squad-status,,,1.0,90,57.08,squad-projection,2026-06-05T19:40:23.502261+00:00
,Portugal,Diogo Dalot,,available,squad-status,,,1.0,90,61.71,squad-projection,2026-06-05T19:40:23.502261+00:00
,Portugal,Matheus Nunes,,available,squad-status,,,1.0,90,60.48,squad-projection,2026-06-05T19:40:23.502261+00:00
,Portugal,Cristiano Ronaldo,,available,squad-status,,,1.0,90,117.05,squad-projection,2026-06-05T19:40:23.502261+00:00
,Portugal,Bruno Fernandes,,available,squad-status,,,1.0,90,117.56,squad-projection,2026-06-05T19:40:23.502261+00:00
,Portugal,Gonçalo Ramos,,available,squad-status,,,1.0,90,61.55,squad-projection,2026-06-05T19:40:23.502261+00:00
,Portugal,Bernardo Silva,,available,squad-status,,,1.0,90,113.46,squad-projection,2026-06-05T19:40:23.502261+00:00
,Portugal,João Félix,,available,squad-status,,,1.0,90,104.86,squad-projection,2026-06-05T19:40:23.502261+00:00
,Portugal,José Sá,,available,squad-status,,,1.0,90,53.55,squad-projection,2026-06-05T19:40:23.502261+00:00
,Portugal,Renato Veiga,,available,squad-status,,,1.0,90,58.03,squad-projection,2026-06-05T19:40:23.502261+00:00
,Portugal,Gonçalo Inácio,,available,squad-status,,,1.0,90,60.24,squad-projection,2026-06-05T19:40:23.502261+00:00
,Portugal,João Neves,,available,squad-status,,,1.0,90,62.67,squad-projection,2026-06-05T19:40:23.502261+00:00
,Portugal,Francisco Trincão,,available,squad-status,,,1.0,90,59.98,squad-projection,2026-06-05T19:40:23.502261+00:00
,Portugal,Rafael Leão,,available,squad-status,,,1.0,90,103.01,squad-projection,2026-06-05T19:40:23.502261+00:00
,Portugal,Pedro Neto,,available,squad-status,,,1.0,90,61.35,squad-projection,2026-06-05T19:40:23.502261+00:00
,Portugal,Gonçalo Guedes,,available,squad-status,,,1.0,90,59.59,squad-projection,2026-06-05T19:40:23.502261+00:00
,Portugal,João Cancelo,,available,squad-status,,,1.0,90,105.18,squad-projection,2026-06-05T19:40:23.502261+00:00
,Portugal,Rúben Neves,,available,squad-status,,,1.0,90,105.0,squad-projection,2026-06-05T19:40:23.502261+00:00
,Portugal,Rui Silva,,available,squad-status,,,1.0,90,54.46,squad-projection,2026-06-05T19:40:23.502261+00:00
,Portugal,Vitinha,,available,squad-status,,,1.0,90,103.24,squad-projection,2026-06-05T19:40:23.502261+00:00
,Portugal,Samú Costa,,available,squad-status,,,1.0,90,56.03,squad-projection,2026-06-05T19:40:23.502261+00:00
,Portugal,Nuno Mendes,,available,squad-status,,,1.0,90,103.29,squad-projection,2026-06-05T19:40:23.502261+00:00
,Portugal,Francisco Conceição,,available,squad-status,,,1.0,90,59.21,squad-projection,2026-06-05T19:40:23.502261+00:00
,Uzbekistan,Utkir Yusupov,,available,squad-status,,,1.0,90,88.41,squad-projection,2026-06-05T19:40:23.502261+00:00
,Uzbekistan,Abdukodir Khusanov,,available,squad-status,,,1.0,90,97.98,squad-projection,2026-06-05T19:40:23.502261+00:00
,Uzbekistan,Khojiakbar Alijonov,,available,squad-status,,,1.0,90,33.16,squad-projection,2026-06-05T19:40:23.502261+00:00
,Uzbekistan,Farrukh Sayfiev,,available,squad-status,,,1.0,90,54.71,squad-projection,2026-06-05T19:40:23.502261+00:00
,Uzbekistan,Rustam Ashurmatov,,available,squad-status,,,1.0,90,91.64,squad-projection,2026-06-05T19:40:23.502261+00:00
,Uzbekistan,Akmal Mozgovoy,,available,squad-status,,,1.0,90,54.92,squad-projection,2026-06-05T19:40:23.502261+00:00
,Uzbekistan,Otabek Shukurov,,available,squad-status,,,1.0,90,103.31,squad-projection,2026-06-05T19:40:23.502261+00:00
,Uzbekistan,Jamshid Iskanderov,,available,squad-status,,,1.0,90,90.73,squad-projection,2026-06-05T19:40:23.502261+00:00
,Uzbekistan,Odiljon Hamrobekov,,available,squad-status,,,1.0,90,37.44,squad-projection,2026-06-05T19:40:23.502261+00:00
,Uzbekistan,Jaloliddin Masharipov,,available,squad-status,,,1.0,90,100.95,squad-projection,2026-06-05T19:40:23.502261+00:00
,Uzbekistan,Oston Urunov,,available,squad-status,,,1.0,90,95.01,squad-projection,2026-06-05T19:40:23.502261+00:00
,Uzbekistan,Abduvohid Nematov,,available,squad-status,,,1.0,90,28.41,squad-projection,2026-06-05T19:40:23.502261+00:00
,Uzbekistan,Sherzod Nasrullaev,,available,squad-status,,,1.0,90,89.17,squad-projection,2026-06-05T19:40:23.502261+00:00
,Uzbekistan,Eldor Shomurodov,,available,squad-status,,,1.0,90,115.58,squad-projection,2026-06-05T19:40:23.502261+00:00
,Uzbekistan,Umar Eshmurodov,,available,squad-status,,,1.0,90,53.52,squad-projection,2026-06-05T19:40:23.502261+00:00
,Uzbekistan,Botirali Ergashev,,available,squad-status,,,1.0,90,49.96,squad-projection,2026-06-05T19:40:23.502261+00:00
,Uzbekistan,Dostonbek Khamdamov,,available,squad-status,,,1.0,90,56.04,squad-projection,2026-06-05T19:40:23.502261+00:00
,Uzbekistan,Abdulla Abdullaev,,available,squad-status,,,1.0,90,52.04,squad-projection,2026-06-05T19:40:23.502261+00:00
,Uzbekistan,Azizjon Ganiev,,available,squad-status,,,1.0,90,29.93,squad-projection,2026-06-05T19:40:23.502261+00:00
,Uzbekistan,Azizbek Amonov,,available,squad-status,,,1.0,90,29.28,squad-projection,2026-06-05T19:40:23.502261+00:00
,Uzbekistan,Igor Sergeev,,available,squad-status,,,1.0,90,106.23,squad-projection,2026-06-05T19:40:23.502261+00:00
,Uzbekistan,Abbosbek Fayzullaev,,available,squad-status,,,1.0,90,95.72,squad-projection,2026-06-05T19:40:23.502261+00:00
,Uzbekistan,Sherzod Esanov,,available,squad-status,,,1.0,90,49.64,squad-projection,2026-06-05T19:40:23.502261+00:00
,Uzbekistan,Bekhruz Karimov,,available,squad-status,,,1.0,90,49.35,squad-projection,2026-06-05T19:40:23.502261+00:00
,Uzbekistan,Avazbek Ulmasaliev,,available,squad-status,,,1.0,90,49.68,squad-projection,2026-06-05T19:40:23.502261+00:00
,Uzbekistan,Jakhongir Urozov,,available,squad-status,,,1.0,90,50.41,squad-projection,2026-06-05T19:40:23.502261+00:00
,Croatia,Dominik Livaković,,available,squad-status,,,1.0,90,101.87,squad-projection,2026-06-05T19:40:23.502261+00:00
,Croatia,Josip Stanišić,,available,squad-status,,,1.0,90,98.26,squad-projection,2026-06-05T19:40:23.502261+00:00
,Croatia,Marin Pongračić,,available,squad-status,,,1.0,90,56.69,squad-projection,2026-06-05T19:40:23.502261+00:00
,Croatia,Joško Gvardiol,,available,squad-status,,,1.0,90,104.56,squad-projection,2026-06-05T19:40:23.502261+00:00
,Croatia,Duje Ćaleta-Car,,available,squad-status,,,1.0,90,58.16,squad-projection,2026-06-05T19:40:23.502261+00:00
,Croatia,Josip Šutalo,,available,squad-status,,,1.0,90,95.41,squad-projection,2026-06-05T19:40:23.502261+00:00
,Croatia,Nikola Moro,,available,squad-status,,,1.0,90,55.57,squad-projection,2026-06-05T19:40:23.502261+00:00
,Croatia,Mateo Kovačić,,available,squad-status,,,1.0,90,109.05,squad-projection,2026-06-05T19:40:23.502261+00:00
,Croatia,Andrej Kramarić,,available,squad-status,,,1.0,90,112.76,squad-projection,2026-06-05T19:40:23.502261+00:00
,Croatia,Luka Modrić,,available,squad-status,,,1.0,90,111.93,squad-projection,2026-06-05T19:40:23.502261+00:00
,Croatia,Ante Budimir,,available,squad-status,,,1.0,90,58.8,squad-projection,2026-06-05T19:40:23.502261+00:00
,Croatia,Ivor Pandur,,available,squad-status,,,1.0,90,53.43,squad-projection,2026-06-05T19:40:23.502261+00:00
,Croatia,Nikola Vlašić,,available,squad-status,,,1.0,90,104.08,squad-projection,2026-06-05T19:40:23.502261+00:00
,Croatia,Ivan Perišić,,available,squad-status,,,1.0,90,110.76,squad-projection,2026-06-05T19:40:23.502261+00:00
,Croatia,Mario Pašalić,,available,squad-status,,,1.0,90,107.82,squad-projection,2026-06-05T19:40:23.502261+00:00
,Croatia,Martin Baturina,,available,squad-status,,,1.0,90,59.31,squad-projection,2026-06-05T19:40:23.502261+00:00
,Croatia,Petar Sučić,,available,squad-status,,,1.0,90,95.4,squad-projection,2026-06-05T19:40:23.502261+00:00
,Croatia,Kristijan Jakić,,available,squad-status,,,1.0,90,56.59,squad-projection,2026-06-05T19:40:23.502261+00:00
,Croatia,Toni Fruk,,available,squad-status,,,1.0,90,55.74,squad-projection,2026-06-05T19:40:23.502261+00:00
,Croatia,Igor Matanović,,available,squad-status,,,1.0,90,57.55,squad-projection,2026-06-05T19:40:23.502261+00:00
,Croatia,Luka Sučić,,available,squad-status,,,1.0,90,57.72,squad-projection,2026-06-05T19:40:23.502261+00:00
,Croatia,Luka Vušković,,available,squad-status,,,1.0,90,58.69,squad-projection,2026-06-05T19:40:23.502261+00:00
,Croatia,Dominik Kotarski,,available,squad-status,,,1.0,90,54.16,squad-projection,2026-06-05T19:40:23.502261+00:00
,Croatia,Marco Pašalić,,available,squad-status,,,1.0,90,56.15,squad-projection,2026-06-05T19:40:23.502261+00:00
,Croatia,Martin Erlić,,available,squad-status,,,1.0,90,55.05,squad-projection,2026-06-05T19:40:23.502261+00:00
,Croatia,Petar Musa,,available,squad-status,,,1.0,90,56.78,squad-projection,2026-06-05T19:40:23.502261+00:00
,England,Jordan Pickford,,available,squad-status,,,1.0,90,106.87,squad-projection,2026-06-05T19:40:23.502261+00:00
,England,Ezri Konsa,,available,squad-status,,,1.0,90,59.8,squad-projection,2026-06-05T19:40:23.502261+00:00
,England,Nico O'Reilly,,available,squad-status,,,1.0,90,58.52,squad-projection,2026-06-05T19:40:23.502261+00:00
,England,Declan Rice,,available,squad-status,,,1.0,90,112.09,squad-projection,2026-06-05T19:40:23.502261+00:00
,England,John Stones,,available,squad-status,,,1.0,90,108.38,squad-projection,2026-06-05T19:40:23.502261+00:00
,England,Marc Guéhi,,available,squad-status,,,1.0,90,99.37,squad-projection,2026-06-05T19:40:23.502261+00:00
,England,Bukayo Saka,,available,squad-status,,,1.0,90,108.52,squad-projection,2026-06-05T19:40:23.502261+00:00
,England,Elliot Anderson,,available,squad-status,,,1.0,90,59.2,squad-projection,2026-06-05T19:40:23.502261+00:00
,England,Harry Kane,,available,squad-status,,,1.0,90,121.45,squad-projection,2026-06-05T19:40:23.502261+00:00
,England,Jude Bellingham,,available,squad-status,,,1.0,90,106.74,squad-projection,2026-06-05T19:40:23.502261+00:00
,England,Marcus Rashford,,available,squad-status,,,1.0,90,111.65,squad-projection,2026-06-05T19:40:23.502261+00:00
,England,Tino Livramento,,available,squad-status,,,1.0,90,58.05,squad-projection,2026-06-05T19:40:23.502261+00:00
,England,Dean Henderson,,available,squad-status,,,1.0,90,57.1,squad-projection,2026-06-05T19:40:23.502261+00:00
,England,Jordan Henderson,,available,squad-status,,,1.0,90,102.53,squad-projection,2026-06-05T19:40:23.502261+00:00
,England,Dan Burn,,available,squad-status,,,1.0,90,54.06,squad-projection,2026-06-05T19:40:23.502261+00:00
,England,Kobbie Mainoo,,available,squad-status,,,1.0,90,59.77,squad-projection,2026-06-05T19:40:23.502261+00:00
,England,Morgan Rogers,,available,squad-status,,,1.0,90,60.49,squad-projection,2026-06-05T19:40:23.502261+00:00
,England,Anthony Gordon,,available,squad-status,,,1.0,90,60.65,squad-projection,2026-06-05T19:40:23.502261+00:00
,England,Ollie Watkins,,available,squad-status,,,1.0,90,60.06,squad-projection,2026-06-05T19:40:23.502261+00:00
,England,Noni Madueke,,available,squad-status,,,1.0,90,59.08,squad-projection,2026-06-05T19:40:23.502261+00:00
,England,Eberechi Eze,,available,squad-status,,,1.0,90,97.22,squad-projection,2026-06-05T19:40:23.502261+00:00
,England,Ivan Toney,,available,squad-status,,,1.0,90,57.1,squad-projection,2026-06-05T19:40:23.502261+00:00
,England,James Trafford,,available,squad-status,,,1.0,90,56.49,squad-projection,2026-06-05T19:40:23.502261+00:00
,England,Reece James,,available,squad-status,,,1.0,90,97.84,squad-projection,2026-06-05T19:40:23.502261+00:00
,England,Djed Spence,,available,squad-status,,,1.0,90,57.22,squad-projection,2026-06-05T19:40:23.502261+00:00
,England,Jarell Quansah,,available,squad-status,,,1.0,90,57.49,squad-projection,2026-06-05T19:40:23.502261+00:00
,Ghana,Lawrence Ati-Zigi,,available,squad-status,,,1.0,90,89.19,squad-projection,2026-06-05T19:40:23.502261+00:00
,Ghana,Alidu Seidu,,available,squad-status,,,1.0,90,91.99,squad-projection,2026-06-05T19:40:23.502261+00:00
,Ghana,Caleb Yirenkyi,,available,squad-status,,,1.0,90,90.5,squad-projection,2026-06-05T19:40:23.502261+00:00
,Ghana,Jonas Adjetey,,available,squad-status,,,1.0,90,55.3,squad-projection,2026-06-05T19:40:23.502261+00:00
,Ghana,Thomas Partey,,available,squad-status,,,1.0,90,100.43,squad-projection,2026-06-05T19:40:23.502261+00:00
,Ghana,Abdul Mumin,,available,squad-status,,,1.0,90,53.92,squad-projection,2026-06-05T19:40:23.502261+00:00
,Ghana,Abdul Fatawu,,available,squad-status,,,1.0,90,96.67,squad-projection,2026-06-05T19:40:23.502261+00:00
,Ghana,Kwasi Sibo,,available,squad-status,,,1.0,90,52.66,squad-projection,2026-06-05T19:40:23.502261+00:00
,Ghana,Jordan Ayew,,available,squad-status,,,1.0,90,110.01,squad-projection,2026-06-05T19:40:23.502261+00:00
,Ghana,Brandon Thomas-Asante,,available,squad-status,,,1.0,90,56.86,squad-projection,2026-06-05T19:40:23.502261+00:00
,Ghana,Antoine Semenyo,,available,squad-status,,,1.0,90,101.79,squad-projection,2026-06-05T19:40:23.502261+00:00
,Ghana,Joseph Anang,,available,squad-status,,,1.0,90,48.8,squad-projection,2026-06-05T19:40:23.502261+00:00
,Ghana,Christopher Bonsu Baah,,available,squad-status,,,1.0,90,56.35,squad-projection,2026-06-05T19:40:23.502261+00:00
,Ghana,Gideon Mensah,,available,squad-status,,,1.0,90,94.19,squad-projection,2026-06-05T19:40:23.502261+00:00
,Ghana,Elisha Owusu,,available,squad-status,,,1.0,90,89.74,squad-projection,2026-06-05T19:40:23.502261+00:00
,Ghana,Benjamin Asare,,available,squad-status,,,1.0,90,48.46,squad-projection,2026-06-05T19:40:23.502261+00:00
,Ghana,Abdul Rahman Baba,,available,squad-status,,,1.0,90,94.99,squad-projection,2026-06-05T19:40:23.502261+00:00
,Ghana,Jerome Opoku,,available,squad-status,,,1.0,90,55.29,squad-projection,2026-06-05T19:40:23.502261+00:00
,Ghana,Iñaki Williams,,available,squad-status,,,1.0,90,58.71,squad-projection,2026-06-05T19:40:23.502261+00:00
,Ghana,Augustine Boakye,,available,squad-status,,,1.0,90,53.92,squad-projection,2026-06-05T19:40:23.502261+00:00
,Ghana,Kojo Peprah Oppong,,available,squad-status,,,1.0,90,55.34,squad-projection,2026-06-05T19:40:23.502261+00:00
,Ghana,Kamaldeen Sulemana,,available,squad-status,,,1.0,90,95.72,squad-projection,2026-06-05T19:40:23.502261+00:00
,Ghana,Derrick Luckassen,,available,squad-status,,,1.0,90,51.0,squad-projection,2026-06-05T19:40:23.502261+00:00
,Ghana,Ernest Nuamah,,available,squad-status,,,1.0,90,57.91,squad-projection,2026-06-05T19:40:23.502261+00:00
,Ghana,Prince Kwabena Adu,,available,squad-status,,,1.0,90,27.99,squad-projection,2026-06-05T19:40:23.502261+00:00
,Ghana,Marvin Senaya,,available,squad-status,,,1.0,90,53.01,squad-projection,2026-06-05T19:40:23.502261+00:00
,Panama,Luis Mejía,,available,squad-status,,,1.0,90,55.39,squad-projection,2026-06-05T19:40:23.502261+00:00
,Panama,César Blackman,,available,squad-status,,,1.0,90,93.21,squad-projection,2026-06-05T19:40:23.502261+00:00
,Panama,José Córdoba,,available,squad-status,,,1.0,90,58.06,squad-projection,2026-06-05T19:40:23.502261+00:00
,Panama,Fidel Escobar,,available,squad-status,,,1.0,90,99.64,squad-projection,2026-06-05T19:40:23.502261+00:00
,Panama,Edgardo Fariña,,available,squad-status,,,1.0,90,52.9,squad-projection,2026-06-05T19:40:23.502261+00:00
,Panama,Cristian Martínez,,available,squad-status,,,1.0,90,95.44,squad-projection,2026-06-05T19:40:23.502261+00:00
,Panama,José Luis Rodríguez,,available,squad-status,,,1.0,90,101.12,squad-projection,2026-06-05T19:40:23.502261+00:00
,Panama,Adalberto Carrasquilla,,available,squad-status,,,1.0,90,102.27,squad-projection,2026-06-05T19:40:23.502261+00:00
,Panama,Tomás Rodríguez,,available,squad-status,,,1.0,90,52.99,squad-projection,2026-06-05T19:40:23.502261+00:00
,Panama,Ismael Díaz,,available,squad-status,,,1.0,90,99.59,squad-projection,2026-06-05T19:40:23.502261+00:00
,Panama,Yoel Bárcenas,,available,squad-status,,,1.0,90,102.83,squad-projection,2026-06-05T19:40:23.502261+00:00
,Panama,César Samudio,,available,squad-status,,,1.0,90,49.05,squad-projection,2026-06-05T19:40:23.502261+00:00
,Panama,Jiovany Ramos,,available,squad-status,,,1.0,90,52.57,squad-projection,2026-06-05T19:40:23.502261+00:00
,Panama,Carlos Harvey,,available,squad-status,,,1.0,90,54.06,squad-projection,2026-06-05T19:40:23.502261+00:00
,Panama,Eric Davis,,available,squad-status,,,1.0,90,95.57,squad-projection,2026-06-05T19:40:23.502261+00:00
,Panama,Andrés Andrade,,available,squad-status,,,1.0,90,94.93,squad-projection,2026-06-05T19:40:23.502261+00:00
,Panama,José Fajardo,,available,squad-status,,,1.0,90,98.79,squad-projection,2026-06-05T19:40:23.502261+00:00
,Panama,Cecilio Waterman,,available,squad-status,,,1.0,90,58.6,squad-projection,2026-06-05T19:40:23.502261+00:00
,Panama,Alberto Quintero,,available,squad-status,,,1.0,90,60.02,squad-projection,2026-06-05T19:40:23.502261+00:00
,Panama,Aníbal Godoy,,available,squad-status,,,1.0,90,60.04,squad-projection,2026-06-05T19:40:23.502261+00:00
,Panama,César Yanis,,available,squad-status,,,1.0,90,57.48,squad-projection,2026-06-05T19:40:23.502261+00:00
,Panama,Orlando Mosquera,,available,squad-status,,,1.0,90,90.9,squad-projection,2026-06-05T19:40:23.502261+00:00
,Panama,Michael Amir Murillo,,available,squad-status,,,1.0,90,41.18,squad-projection,2026-06-05T19:40:23.502261+00:00
,Panama,Azarias Londoño,,available,squad-status,,,1.0,90,52.25,squad-projection,2026-06-05T19:40:23.502261+00:00
,Panama,Roderick Miller,,available,squad-status,,,1.0,90,55.22,squad-projection,2026-06-05T19:40:23.502261+00:00
,Panama,Jorge Gutiérrez,,available,squad-status,,,1.0,90,52.84,squad-projection,2026-06-05T19:40:23.502261+00:00
