player_id,team,canonical_name,normalized_name,club,birth_date,provider,provider_player_id,source,match_confidence,status
algeria_achref_abada,Algeria,Achref Abada,achrefabada,USM Alger,"June 15, 1999",,,https://en.wikipedia.org/wiki/2026_FIFA_World_Cup_squads,1.0,canonical_squad_identity
algeria_adil_boulbina,Algeria,Adil Boulbina,adilboulbina,Al-Duhail,"May 2, 2003",,,https://en.wikipedia.org/wiki/2026_FIFA_World_Cup_squads,1.0,canonical_squad_identity
algeria_amine_gouiri,Algeria,Amine Gouiri,aminegouiri,Marseille,"February 16, 2000",,,https://en.wikipedia.org/wiki/2026_FIFA_World_Cup_squads,1.0,canonical_squad_identity
algeria_anis_hadj_moussa,Algeria,Anis Hadj Moussa,anishadjmoussa,Feyenoord,"February 11, 2002",,,https://en.wikipedia.org/wiki/2026_FIFA_World_Cup_squads,1.0,canonical_squad_identity
algeria_aissa_mandi,Algeria,Aïssa Mandi,aissamandi,Lille,"October 22, 1991",,,https://en.wikipedia.org/wiki/2026_FIFA_World_Cup_squads,1.0,canonical_squad_identity
algeria_fares_chaibi,Algeria,Farès Chaïbi,fareschaibi,Eintracht Frankfurt,"November 28, 2002",,,https://en.wikipedia.org/wiki/2026_FIFA_World_Cup_squads,1.0,canonical_squad_identity
algeria_fares_ghedjemis,Algeria,Farès Ghedjemis,faresghedjemis,Frosinone,"September 6, 2002",,,https://en.wikipedia.org/wiki/2026_FIFA_World_Cup_squads,1.0,canonical_squad_identity
algeria_hicham_boudaoui,Algeria,Hicham Boudaoui,hichamboudaoui,Nice,"September 23, 1999",,,https://en.wikipedia.org/wiki/2026_FIFA_World_Cup_squads,1.0,canonical_squad_identity
algeria_houssem_aouar,Algeria,Houssem Aouar,houssemaouar,Al-Ittihad,"June 30, 1998",,,https://en.wikipedia.org/wiki/2026_FIFA_World_Cup_squads,1.0,canonical_squad_identity
algeria_ibrahim_maza,Algeria,Ibrahim Maza,ibrahimmaza,Bayer Leverkusen,"November 24, 2005",,,https://en.wikipedia.org/wiki/2026_FIFA_World_Cup_squads,1.0,canonical_squad_identity
algeria_jaouen_hadjam,Algeria,Jaouen Hadjam,jaouenhadjam,Young Boys,"March 26, 2003",,,https://en.wikipedia.org/wiki/2026_FIFA_World_Cup_squads,1.0,canonical_squad_identity
algeria_luca_zidane,Algeria,Luca Zidane,lucazidane,Granada,"May 13, 1998",,,https://en.wikipedia.org/wiki/2026_FIFA_World_Cup_squads,1.0,canonical_squad_identity
algeria_melvin_mastil,Algeria,Melvin Mastil,melvinmastil,Stade Nyonnais,"February 19, 2000",,,https://en.wikipedia.org/wiki/2026_FIFA_World_Cup_squads,1.0,canonical_squad_identity
algeria_mohamed_amine_tougai,Algeria,Mohamed Amine Tougai,mohamedaminetougai,Espérance de Tunis,"January 22, 2000",,,https://en.wikipedia.org/wiki/2026_FIFA_World_Cup_squads,1.0,canonical_squad_identity
algeria_mohamed_amoura,Algeria,Mohamed Amoura,mohamedamoura,VfL Wolfsburg,"May 9, 2000",,,https://en.wikipedia.org/wiki/2026_FIFA_World_Cup_squads,1.0,canonical_squad_identity
algeria_nabil_bentaleb,Algeria,Nabil Bentaleb,nabilbentaleb,Lille,"November 24, 1994",,,https://en.wikipedia.org/wiki/2026_FIFA_World_Cup_squads,1.0,canonical_squad_identity
algeria_nadhir_benbouali,Algeria,Nadhir Benbouali,nadhirbenbouali,Győri ETO,"April 17, 2000",,,https://en.wikipedia.org/wiki/2026_FIFA_World_Cup_squads,1.0,canonical_squad_identity
algeria_oussama_benbot,Algeria,Oussama Benbot,oussamabenbot,USM Alger,"October 11, 1994",,,https://en.wikipedia.org/wiki/2026_FIFA_World_Cup_squads,1.0,canonical_squad_identity
algeria_rafik_belghali,Algeria,Rafik Belghali,rafikbelghali,Hellas Verona,"June 7, 2002",,,https://en.wikipedia.org/wiki/2026_FIFA_World_Cup_squads,1.0,canonical_squad_identity
algeria_ramiz_zerrouki,Algeria,Ramiz Zerrouki,ramizzerrouki,Twente,"May 26, 1998",,,https://en.wikipedia.org/wiki/2026_FIFA_World_Cup_squads,1.0,canonical_squad_identity
algeria_ramy_bensebaini,Algeria,Ramy Bensebaini,ramybensebaini,Borussia Dortmund,"April 16, 1995",,,https://en.wikipedia.org/wiki/2026_FIFA_World_Cup_squads,1.0,canonical_squad_identity
algeria_rayan_ait_nouri,Algeria,Rayan Aït-Nouri,rayanaitnouri,Manchester City,"June 6, 2001",,,https://en.wikipedia.org/wiki/2026_FIFA_World_Cup_squads,1.0,canonical_squad_identity
algeria_riyad_mahrez,Algeria,Riyad Mahrez,riyadmahrez,Al-Ahli,"February 21, 1991",,,https://en.wikipedia.org/wiki/2026_FIFA_World_Cup_squads,1.0,canonical_squad_identity
algeria_samir_chergui,Algeria,Samir Chergui,samirchergui,Paris FC,"February 6, 1999",,,https://en.wikipedia.org/wiki/2026_FIFA_World_Cup_squads,1.0,canonical_squad_identity
algeria_yacine_titraoui,Algeria,Yacine Titraoui,yacinetitraoui,Charleroi,"August 26, 2003",,,https://en.wikipedia.org/wiki/2026_FIFA_World_Cup_squads,1.0,canonical_squad_identity
algeria_zineddine_belaid,Algeria,Zineddine Belaïd,zineddinebelaid,JS Kabylie,"March 20, 1999",,,https://en.wikipedia.org/wiki/2026_FIFA_World_Cup_squads,1.0,canonical_squad_identity
argentina_alexis_mac_allister,Argentina,Alexis Mac Allister,alexismacallister,Liverpool,"December 24, 1998",,,https://en.wikipedia.org/wiki/2026_FIFA_World_Cup_squads,1.0,canonical_squad_identity
argentina_cristian_romero,Argentina,Cristian Romero,cristianromero,Tottenham Hotspur,"April 27, 1998",,,https://en.wikipedia.org/wiki/2026_FIFA_World_Cup_squads,1.0,canonical_squad_identity
argentina_emiliano_martinez,Argentina,Emiliano Martínez,emilianomartinez,Aston Villa,"September 2, 1992",,,https://en.wikipedia.org/wiki/2026_FIFA_World_Cup_squads,1.0,canonical_squad_identity
argentina_enzo_fernandez,Argentina,Enzo Fernández,enzofernandez,Chelsea,"January 17, 2001",,,https://en.wikipedia.org/wiki/2026_FIFA_World_Cup_squads,1.0,canonical_squad_identity
argentina_exequiel_palacios,Argentina,Exequiel Palacios,exequielpalacios,Bayer Leverkusen,"October 5, 1998",,,https://en.wikipedia.org/wiki/2026_FIFA_World_Cup_squads,1.0,canonical_squad_identity
argentina_facundo_medina,Argentina,Facundo Medina,facundomedina,Marseille,"May 28, 1999",,,https://en.wikipedia.org/wiki/2026_FIFA_World_Cup_squads,1.0,canonical_squad_identity
argentina_geronimo_rulli,Argentina,Gerónimo Rulli,geronimorulli,Marseille,"May 20, 1992",,,https://en.wikipedia.org/wiki/2026_FIFA_World_Cup_squads,1.0,canonical_squad_identity
argentina_giovani_lo_celso,Argentina,Giovani Lo Celso,giovanilocelso,Real Betis,"April 9, 1996",,,https://en.wikipedia.org/wiki/2026_FIFA_World_Cup_squads,1.0,canonical_squad_identity
argentina_giuliano_simeone,Argentina,Giuliano Simeone,giulianosimeone,Atlético Madrid,"December 18, 2002",,,https://en.wikipedia.org/wiki/2026_FIFA_World_Cup_squads,1.0,canonical_squad_identity
argentina_gonzalo_montiel,Argentina,Gonzalo Montiel,gonzalomontiel,River Plate,"January 1, 1997",,,https://en.wikipedia.org/wiki/2026_FIFA_World_Cup_squads,1.0,canonical_squad_identity
argentina_jose_manuel_lopez,Argentina,José Manuel López,josemanuellopez,Palmeiras,"December 6, 2000",,,https://en.wikipedia.org/wiki/2026_FIFA_World_Cup_squads,1.0,canonical_squad_identity
argentina_juan_musso,Argentina,Juan Musso,juanmusso,Atlético Madrid,"May 6, 1994",,,https://en.wikipedia.org/wiki/2026_FIFA_World_Cup_squads,1.0,canonical_squad_identity
argentina_julian_alvarez,Argentina,Julián Alvarez,julianalvarez,Atlético Madrid,"January 31, 2000",,,https://en.wikipedia.org/wiki/2026_FIFA_World_Cup_squads,1.0,canonical_squad_identity
argentina_lautaro_martinez,Argentina,Lautaro Martínez,lautaromartinez,Inter Milan,"August 22, 1997",,,https://en.wikipedia.org/wiki/2026_FIFA_World_Cup_squads,1.0,canonical_squad_identity
argentina_leandro_paredes,Argentina,Leandro Paredes,leandroparedes,Boca Juniors,"June 29, 1994",,,https://en.wikipedia.org/wiki/2026_FIFA_World_Cup_squads,1.0,canonical_squad_identity
argentina_leonardo_balerdi,Argentina,Leonardo Balerdi,leonardobalerdi,Marseille,"January 26, 1999",,,https://en.wikipedia.org/wiki/2026_FIFA_World_Cup_squads,1.0,canonical_squad_identity
argentina_lionel_messi,Argentina,Lionel Messi,lionelmessi,Inter Miami CF,"June 24, 1987",,,https://en.wikipedia.org/wiki/2026_FIFA_World_Cup_squads,1.0,canonical_squad_identity
argentina_lisandro_martinez,Argentina,Lisandro Martínez,lisandromartinez,Manchester United,"January 18, 1998",,,https://en.wikipedia.org/wiki/2026_FIFA_World_Cup_squads,1.0,canonical_squad_identity
argentina_nahuel_molina,Argentina,Nahuel Molina,nahuelmolina,Atlético Madrid,"April 6, 1998",,,https://en.wikipedia.org/wiki/2026_FIFA_World_Cup_squads,1.0,canonical_squad_identity
argentina_nico_paz,Argentina,Nico Paz,nicopaz,Como,"September 8, 2004",,,https://en.wikipedia.org/wiki/2026_FIFA_World_Cup_squads,1.0,canonical_squad_identity
argentina_nicolas_gonzalez,Argentina,Nicolás González,nicolasgonzalez,Atlético Madrid,"April 6, 1998",,,https://en.wikipedia.org/wiki/2026_FIFA_World_Cup_squads,1.0,canonical_squad_identity
argentina_nicolas_otamendi,Argentina,Nicolás Otamendi,nicolasotamendi,Benfica,"February 12, 1988",,,https://en.wikipedia.org/wiki/2026_FIFA_World_Cup_squads,1.0,canonical_squad_identity
argentina_nicolas_tagliafico,Argentina,Nicolás Tagliafico,nicolastagliafico,Lyon,"August 31, 1992",,,https://en.wikipedia.org/wiki/2026_FIFA_World_Cup_squads,1.0,canonical_squad_identity
argentina_rodrigo_de_paul,Argentina,Rodrigo De Paul,rodrigodepaul,Inter Miami CF,"May 24, 1994",,,https://en.wikipedia.org/wiki/2026_FIFA_World_Cup_squads,1.0,canonical_squad_identity
argentina_thiago_almada,Argentina,Thiago Almada,thiagoalmada,Atlético Madrid,"April 26, 2001",,,https://en.wikipedia.org/wiki/2026_FIFA_World_Cup_squads,1.0,canonical_squad_identity
argentina_valentin_barco,Argentina,Valentín Barco,valentinbarco,Strasbourg,"July 23, 2004",,,https://en.wikipedia.org/wiki/2026_FIFA_World_Cup_squads,1.0,canonical_squad_identity
australia_aiden_o_neill,Australia,Aiden O'Neill,aidenoneill,New York City FC,"July 4, 1998",,,https://en.wikipedia.org/wiki/2026_FIFA_World_Cup_squads,1.0,canonical_squad_identity
australia_ajdin_hrustic,Australia,Ajdin Hrustic,ajdinhrustic,Heracles Almelo,"July 5, 1996",,,https://en.wikipedia.org/wiki/2026_FIFA_World_Cup_squads,1.0,canonical_squad_identity
australia_alessandro_circati,Australia,Alessandro Circati,alessandrocircati,Parma,"October 10, 2003",,,https://en.wikipedia.org/wiki/2026_FIFA_World_Cup_squads,1.0,canonical_squad_identity
australia_awer_mabil,Australia,Awer Mabil,awermabil,Castellón,"September 15, 1995",,,https://en.wikipedia.org/wiki/2026_FIFA_World_Cup_squads,1.0,canonical_squad_identity
australia_aziz_behich,Australia,Aziz Behich,azizbehich,Melbourne City,"December 16, 1990",,,https://en.wikipedia.org/wiki/2026_FIFA_World_Cup_squads,1.0,canonical_squad_identity
australia_cameron_burgess,Australia,Cameron Burgess,cameronburgess,Swansea City,"October 21, 1995",,,https://en.wikipedia.org/wiki/2026_FIFA_World_Cup_squads,1.0,canonical_squad_identity
australia_cammy_devlin,Australia,Cammy Devlin,cammydevlin,Heart of Midlothian,"June 7, 1998",,,https://en.wikipedia.org/wiki/2026_FIFA_World_Cup_squads,1.0,canonical_squad_identity
australia_connor_metcalfe,Australia,Connor Metcalfe,connormetcalfe,FC St. Pauli,"November 5, 1999",,,https://en.wikipedia.org/wiki/2026_FIFA_World_Cup_squads,1.0,canonical_squad_identity
australia_cristian_volpato,Australia,Cristian Volpato,cristianvolpato,Sassuolo,"November 15, 2003",,,https://en.wikipedia.org/wiki/2026_FIFA_World_Cup_squads,1.0,canonical_squad_identity
australia_harry_souttar,Australia,Harry Souttar,harrysouttar,Leicester City,"October 22, 1998",,,https://en.wikipedia.org/wiki/2026_FIFA_World_Cup_squads,1.0,canonical_squad_identity
australia_jackson_irvine,Australia,Jackson Irvine,jacksonirvine,FC St. Pauli,"March 7, 1993",,,https://en.wikipedia.org/wiki/2026_FIFA_World_Cup_squads,1.0,canonical_squad_identity
australia_jacob_italiano,Australia,Jacob Italiano,jacobitaliano,GAK,"July 30, 2001",,,https://en.wikipedia.org/wiki/2026_FIFA_World_Cup_squads,1.0,canonical_squad_identity
australia_jason_geria,Australia,Jason Geria,jasongeria,Albirex Niigata,"May 10, 1993",,,https://en.wikipedia.org/wiki/2026_FIFA_World_Cup_squads,1.0,canonical_squad_identity
australia_jordan_bos,Australia,Jordan Bos,jordanbos,Feyenoord,"October 29, 2002",,,https://en.wikipedia.org/wiki/2026_FIFA_World_Cup_squads,1.0,canonical_squad_identity
australia_kai_trewin,Australia,Kai Trewin,kaitrewin,New York City FC,"May 18, 2001",,,https://en.wikipedia.org/wiki/2026_FIFA_World_Cup_squads,1.0,canonical_squad_identity
australia_lucas_herrington,Australia,Lucas Herrington,lucasherrington,Colorado Rapids,"September 5, 2007",,,https://en.wikipedia.org/wiki/2026_FIFA_World_Cup_squads,1.0,canonical_squad_identity
australia_mathew_leckie,Australia,Mathew Leckie,mathewleckie,Melbourne City,"February 4, 1991",,,https://en.wikipedia.org/wiki/2026_FIFA_World_Cup_squads,1.0,canonical_squad_identity
australia_mathew_ryan,Australia,Mathew Ryan,mathewryan,Levante,"April 8, 1992",,,https://en.wikipedia.org/wiki/2026_FIFA_World_Cup_squads,1.0,canonical_squad_identity
australia_milos_degenek,Australia,Miloš Degenek,milosdegenek,APOEL,"April 28, 1994",,,https://en.wikipedia.org/wiki/2026_FIFA_World_Cup_squads,1.0,canonical_squad_identity
australia_mohamed_toure,Australia,Mohamed Touré,mohamedtoure,Norwich City,"March 26, 2004",,,https://en.wikipedia.org/wiki/2026_FIFA_World_Cup_squads,1.0,canonical_squad_identity
australia_nestory_irankunda,Australia,Nestory Irankunda,nestoryirankunda,Watford,"February 9, 2006",,,https://en.wikipedia.org/wiki/2026_FIFA_World_Cup_squads,1.0,canonical_squad_identity
australia_nishan_velupillay,Australia,Nishan Velupillay,nishanvelupillay,Melbourne Victory,"May 7, 2001",,,https://en.wikipedia.org/wiki/2026_FIFA_World_Cup_squads,1.0,canonical_squad_identity
australia_patrick_beach,Australia,Patrick Beach,patrickbeach,Melbourne City,"August 6, 2003",,,https://en.wikipedia.org/wiki/2026_FIFA_World_Cup_squads,1.0,canonical_squad_identity
australia_paul_izzo,Australia,Paul Izzo,paulizzo,Randers,"January 6, 1995",,,https://en.wikipedia.org/wiki/2026_FIFA_World_Cup_squads,1.0,canonical_squad_identity
australia_paul_okon_engstler,Australia,Paul Okon-Engstler,paulokonengstler,Sydney FC,"January 24, 2005",,,https://en.wikipedia.org/wiki/2026_FIFA_World_Cup_squads,1.0,canonical_squad_identity
australia_tete_yengi,Australia,Tete Yengi,teteyengi,Machida Zelvia,"November 28, 2000",,,https://en.wikipedia.org/wiki/2026_FIFA_World_Cup_squads,1.0,canonical_squad_identity
austria_alessandro_schopf,Austria,Alessandro Schöpf,alessandroschopf,Wolfsberger AC,"February 7, 1994",,,https://en.wikipedia.org/wiki/2026_FIFA_World_Cup_squads,1.0,canonical_squad_identity
austria_alexander_prass,Austria,Alexander Prass,alexanderprass,TSG Hoffenheim,"May 26, 2001",,,https://en.wikipedia.org/wiki/2026_FIFA_World_Cup_squads,1.0,canonical_squad_identity
austria_alexander_schlager,Austria,Alexander Schlager,alexanderschlager,Red Bull Salzburg,"February 1, 1996",,,https://en.wikipedia.org/wiki/2026_FIFA_World_Cup_squads,1.0,canonical_squad_identity
austria_carney_chukwuemeka,Austria,Carney Chukwuemeka,carneychukwuemeka,Borussia Dortmund,"October 20, 2003",,,https://en.wikipedia.org/wiki/2026_FIFA_World_Cup_squads,1.0,canonical_squad_identity
austria_david_affengruber,Austria,David Affengruber,davidaffengruber,Elche,"March 19, 2001",,,https://en.wikipedia.org/wiki/2026_FIFA_World_Cup_squads,1.0,canonical_squad_identity
austria_david_alaba,Austria,David Alaba,davidalaba,Real Madrid,"June 24, 1992",,,https://en.wikipedia.org/wiki/2026_FIFA_World_Cup_squads,1.0,canonical_squad_identity
austria_florian_grillitsch,Austria,Florian Grillitsch,floriangrillitsch,Braga,"August 7, 1995",,,https://en.wikipedia.org/wiki/2026_FIFA_World_Cup_squads,1.0,canonical_squad_identity
austria_florian_wiegele,Austria,Florian Wiegele,florianwiegele,Viktoria Plzeň,"March 21, 2001",,,https://en.wikipedia.org/wiki/2026_FIFA_World_Cup_squads,1.0,canonical_squad_identity
austria_kevin_danso,Austria,Kevin Danso,kevindanso,Tottenham Hotspur,"September 19, 1998",,,https://en.wikipedia.org/wiki/2026_FIFA_World_Cup_squads,1.0,canonical_squad_identity
austria_konrad_laimer,Austria,Konrad Laimer,konradlaimer,Bayern Munich,"May 27, 1997",,,https://en.wikipedia.org/wiki/2026_FIFA_World_Cup_squads,1.0,canonical_squad_identity
austria_marcel_sabitzer,Austria,Marcel Sabitzer,marcelsabitzer,Borussia Dortmund,"March 17, 1994",,,https://en.wikipedia.org/wiki/2026_FIFA_World_Cup_squads,1.0,canonical_squad_identity
austria_marco_friedl,Austria,Marco Friedl,marcofriedl,Werder Bremen,"March 16, 1998",,,https://en.wikipedia.org/wiki/2026_FIFA_World_Cup_squads,1.0,canonical_squad_identity
austria_marko_arnautovic,Austria,Marko Arnautović,markoarnautovic,Red Star Belgrade,"April 19, 1989",,,https://en.wikipedia.org/wiki/2026_FIFA_World_Cup_squads,1.0,canonical_squad_identity
austria_michael_gregoritsch,Austria,Michael Gregoritsch,michaelgregoritsch,FC Augsburg,"April 18, 1994",,,https://en.wikipedia.org/wiki/2026_FIFA_World_Cup_squads,1.0,canonical_squad_identity
austria_michael_svoboda,Austria,Michael Svoboda,michaelsvoboda,Venezia,"October 15, 1998",,,https://en.wikipedia.org/wiki/2026_FIFA_World_Cup_squads,1.0,canonical_squad_identity
austria_nicolas_seiwald,Austria,Nicolas Seiwald,nicolasseiwald,RB Leipzig,"May 4, 2001",,,https://en.wikipedia.org/wiki/2026_FIFA_World_Cup_squads,1.0,canonical_squad_identity
austria_patrick_pentz,Austria,Patrick Pentz,patrickpentz,Brøndby,"January 2, 1997",,,https://en.wikipedia.org/wiki/2026_FIFA_World_Cup_squads,1.0,canonical_squad_identity
austria_patrick_wimmer,Austria,Patrick Wimmer,patrickwimmer,VfL Wolfsburg,"May 30, 2001",,,https://en.wikipedia.org/wiki/2026_FIFA_World_Cup_squads,1.0,canonical_squad_identity
austria_paul_wanner,Austria,Paul Wanner,paulwanner,PSV Eindhoven,"December 23, 2005",,,https://en.wikipedia.org/wiki/2026_FIFA_World_Cup_squads,1.0,canonical_squad_identity
austria_philipp_lienhart,Austria,Philipp Lienhart,philipplienhart,SC Freiburg,"July 11, 1996",,,https://en.wikipedia.org/wiki/2026_FIFA_World_Cup_squads,1.0,canonical_squad_identity
austria_phillipp_mwene,Austria,Phillipp Mwene,phillippmwene,Mainz 05,"January 29, 1994",,,https://en.wikipedia.org/wiki/2026_FIFA_World_Cup_squads,1.0,canonical_squad_identity
austria_romano_schmid,Austria,Romano Schmid,romanoschmid,Werder Bremen,"January 27, 2000",,,https://en.wikipedia.org/wiki/2026_FIFA_World_Cup_squads,1.0,canonical_squad_identity
austria_sasa_kalajdzic,Austria,Saša Kalajdžić,sasakalajdzic,LASK,"July 7, 1997",,,https://en.wikipedia.org/wiki/2026_FIFA_World_Cup_squads,1.0,canonical_squad_identity
austria_stefan_posch,Austria,Stefan Posch,stefanposch,Mainz 05,"May 14, 1997",,,https://en.wikipedia.org/wiki/2026_FIFA_World_Cup_squads,1.0,canonical_squad_identity
austria_xaver_schlager,Austria,Xaver Schlager,xaverschlager,RB Leipzig,"September 28, 1997",,,https://en.wikipedia.org/wiki/2026_FIFA_World_Cup_squads,1.0,canonical_squad_identity
belgium_alexis_saelemaekers,Belgium,Alexis Saelemaekers,alexissaelemaekers,Milan,"June 27, 1999",,,https://en.wikipedia.org/wiki/2026_FIFA_World_Cup_squads,1.0,canonical_squad_identity
belgium_amadou_onana,Belgium,Amadou Onana,amadouonana,Aston Villa,"August 16, 2001",,,https://en.wikipedia.org/wiki/2026_FIFA_World_Cup_squads,1.0,canonical_squad_identity
belgium_arthur_theate,Belgium,Arthur Theate,arthurtheate,Eintracht Frankfurt,"May 25, 2000",,,https://en.wikipedia.org/wiki/2026_FIFA_World_Cup_squads,1.0,canonical_squad_identity
belgium_axel_witsel,Belgium,Axel Witsel,axelwitsel,Girona,"January 12, 1989",,,https://en.wikipedia.org/wiki/2026_FIFA_World_Cup_squads,1.0,canonical_squad_identity
belgium_brandon_mechele,Belgium,Brandon Mechele,brandonmechele,Club Brugge,"January 28, 1993",,,https://en.wikipedia.org/wiki/2026_FIFA_World_Cup_squads,1.0,canonical_squad_identity
belgium_charles_de_ketelaere,Belgium,Charles De Ketelaere,charlesdeketelaere,Atalanta,"March 10, 2001",,,https://en.wikipedia.org/wiki/2026_FIFA_World_Cup_squads,1.0,canonical_squad_identity
belgium_diego_moreira,Belgium,Diego Moreira,diegomoreira,Strasbourg,"August 6, 2004",,,https://en.wikipedia.org/wiki/2026_FIFA_World_Cup_squads,1.0,canonical_squad_identity
belgium_dodi_lukebakio,Belgium,Dodi Lukébakio,dodilukebakio,Benfica,"September 24, 1997",,,https://en.wikipedia.org/wiki/2026_FIFA_World_Cup_squads,1.0,canonical_squad_identity
belgium_hans_vanaken,Belgium,Hans Vanaken,hansvanaken,Club Brugge,"August 24, 1992",,,https://en.wikipedia.org/wiki/2026_FIFA_World_Cup_squads,1.0,canonical_squad_identity
belgium_joaquin_seys,Belgium,Joaquin Seys,joaquinseys,Club Brugge,"March 28, 2005",,,https://en.wikipedia.org/wiki/2026_FIFA_World_Cup_squads,1.0,canonical_squad_identity
belgium_jeremy_doku,Belgium,Jérémy Doku,jeremydoku,Manchester City,"May 27, 2002",,,https://en.wikipedia.org/wiki/2026_FIFA_World_Cup_squads,1.0,canonical_squad_identity
belgium_kevin_de_bruyne,Belgium,Kevin De Bruyne,kevindebruyne,Napoli,"June 28, 1991",,,https://en.wikipedia.org/wiki/2026_FIFA_World_Cup_squads,1.0,canonical_squad_identity
belgium_koni_de_winter,Belgium,Koni De Winter,konidewinter,Milan,"June 12, 2002",,,https://en.wikipedia.org/wiki/2026_FIFA_World_Cup_squads,1.0,canonical_squad_identity
belgium_leandro_trossard,Belgium,Leandro Trossard,leandrotrossard,Arsenal,"December 4, 1994",,,https://en.wikipedia.org/wiki/2026_FIFA_World_Cup_squads,1.0,canonical_squad_identity
belgium_matias_fernandez_pardo,Belgium,Matias Fernandez-Pardo,matiasfernandezpardo,Lille,"February 3, 2005",,,https://en.wikipedia.org/wiki/2026_FIFA_World_Cup_squads,1.0,canonical_squad_identity
belgium_maxim_de_cuyper,Belgium,Maxim De Cuyper,maximdecuyper,Brighton & Hove Albion,"December 22, 2000",,,https://en.wikipedia.org/wiki/2026_FIFA_World_Cup_squads,1.0,canonical_squad_identity
belgium_mike_penders,Belgium,Mike Penders,mikependers,Strasbourg,"July 31, 2005",,,https://en.wikipedia.org/wiki/2026_FIFA_World_Cup_squads,1.0,canonical_squad_identity
belgium_nathan_ngoy,Belgium,Nathan Ngoy,nathanngoy,Lille,"June 10, 2003",,,https://en.wikipedia.org/wiki/2026_FIFA_World_Cup_squads,1.0,canonical_squad_identity
belgium_nicolas_raskin,Belgium,Nicolas Raskin,nicolasraskin,Rangers,"February 23, 2001",,,https://en.wikipedia.org/wiki/2026_FIFA_World_Cup_squads,1.0,canonical_squad_identity
belgium_romelu_lukaku,Belgium,Romelu Lukaku,romelulukaku,Napoli,"May 13, 1993",,,https://en.wikipedia.org/wiki/2026_FIFA_World_Cup_squads,1.0,canonical_squad_identity
belgium_senne_lammens,Belgium,Senne Lammens,sennelammens,Manchester United,"July 7, 2002",,,https://en.wikipedia.org/wiki/2026_FIFA_World_Cup_squads,1.0,canonical_squad_identity
belgium_thibaut_courtois,Belgium,Thibaut Courtois,thibautcourtois,Real Madrid,"May 11, 1992",,,https://en.wikipedia.org/wiki/2026_FIFA_World_Cup_squads,1.0,canonical_squad_identity
belgium_thomas_meunier,Belgium,Thomas Meunier,thomasmeunier,Lille,"September 12, 1991",,,https://en.wikipedia.org/wiki/2026_FIFA_World_Cup_squads,1.0,canonical_squad_identity
belgium_timothy_castagne,Belgium,Timothy Castagne,timothycastagne,Fulham,"December 5, 1995",,,https://en.wikipedia.org/wiki/2026_FIFA_World_Cup_squads,1.0,canonical_squad_identity
belgium_youri_tielemans,Belgium,Youri Tielemans,youritielemans,Aston Villa,"May 7, 1997",,,https://en.wikipedia.org/wiki/2026_FIFA_World_Cup_squads,1.0,canonical_squad_identity
belgium_zeno_debast,Belgium,Zeno Debast,zenodebast,Sporting CP,"October 24, 2003",,,https://en.wikipedia.org/wiki/2026_FIFA_World_Cup_squads,1.0,canonical_squad_identity
bosnia_and_herzegovina_amar_dedic,Bosnia and Herzegovina,Amar Dedić,amardedic,Benfica,"August 18, 2002",,,https://en.wikipedia.org/wiki/2026_FIFA_World_Cup_squads,1.0,canonical_squad_identity
bosnia_and_herzegovina_amar_memic,Bosnia and Herzegovina,Amar Memić,amarmemic,Viktoria Plzeň,"January 20, 2001",,,https://en.wikipedia.org/wiki/2026_FIFA_World_Cup_squads,1.0,canonical_squad_identity
bosnia_and_herzegovina_amir_hadziahmetovic,Bosnia and Herzegovina,Amir Hadžiahmetović,amirhadziahmetovic,Hull City,"March 8, 1997",,,https://en.wikipedia.org/wiki/2026_FIFA_World_Cup_squads,1.0,canonical_squad_identity
bosnia_and_herzegovina_armin_gigovic,Bosnia and Herzegovina,Armin Gigović,armingigovic,Young Boys,"April 6, 2002",,,https://en.wikipedia.org/wiki/2026_FIFA_World_Cup_squads,1.0,canonical_squad_identity
bosnia_and_herzegovina_benjamin_tahirovic,Bosnia and Herzegovina,Benjamin Tahirović,benjamintahirovic,Brøndby,"March 3, 2003",,,https://en.wikipedia.org/wiki/2026_FIFA_World_Cup_squads,1.0,canonical_squad_identity
bosnia_and_herzegovina_dennis_hadzikadunic,Bosnia and Herzegovina,Dennis Hadžikadunić,dennishadzikadunic,Sampdoria,"July 9, 1998",,,https://en.wikipedia.org/wiki/2026_FIFA_World_Cup_squads,1.0,canonical_squad_identity
bosnia_and_herzegovina_dzenis_burnic,Bosnia and Herzegovina,Dženis Burnić,dzenisburnic,Karlsruher SC,"May 22, 1998",,,https://en.wikipedia.org/wiki/2026_FIFA_World_Cup_squads,1.0,canonical_squad_identity
bosnia_and_herzegovina_edin_dzeko,Bosnia and Herzegovina,Edin Džeko,edindzeko,Schalke 04,"March 17, 1986",,,https://en.wikipedia.org/wiki/2026_FIFA_World_Cup_squads,1.0,canonical_squad_identity
bosnia_and_herzegovina_ermedin_demirovic,Bosnia and Herzegovina,Ermedin Demirović,ermedindemirovic,VfB Stuttgart,"March 25, 1998",,,https://en.wikipedia.org/wiki/2026_FIFA_World_Cup_squads,1.0,canonical_squad_identity
bosnia_and_herzegovina_ermin_mahmic,Bosnia and Herzegovina,Ermin Mahmić,erminmahmic,Slovan Liberec,"March 14, 2005",,,https://en.wikipedia.org/wiki/2026_FIFA_World_Cup_squads,1.0,canonical_squad_identity
bosnia_and_herzegovina_esmir_bajraktarevic,Bosnia and Herzegovina,Esmir Bajraktarević,esmirbajraktarevic,PSV Eindhoven,"March 10, 2005",,,https://en.wikipedia.org/wiki/2026_FIFA_World_Cup_squads,1.0,canonical_squad_identity
bosnia_and_herzegovina_haris_tabakovic,Bosnia and Herzegovina,Haris Tabaković,haristabakovic,Borussia Mönchengladbach,"June 20, 1994",,,https://en.wikipedia.org/wiki/2026_FIFA_World_Cup_squads,1.0,canonical_squad_identity
bosnia_and_herzegovina_ivan_basic,Bosnia and Herzegovina,Ivan Bašić,ivanbasic,Astana,"April 30, 2002",,,https://en.wikipedia.org/wiki/2026_FIFA_World_Cup_squads,1.0,canonical_squad_identity
bosnia_and_herzegovina_ivan_sunjic,Bosnia and Herzegovina,Ivan Šunjić,ivansunjic,Pafos,"October 9, 1996",,,https://en.wikipedia.org/wiki/2026_FIFA_World_Cup_squads,1.0,canonical_squad_identity
bosnia_and_herzegovina_jovo_lukic,Bosnia and Herzegovina,Jovo Lukić,jovolukic,Universitatea Cluj,"November 28, 1998",,,https://en.wikipedia.org/wiki/2026_FIFA_World_Cup_squads,1.0,canonical_squad_identity
bosnia_and_herzegovina_kerim_alajbegovic,Bosnia and Herzegovina,Kerim Alajbegović,kerimalajbegovic,Red Bull Salzburg,"September 21, 2007",,,https://en.wikipedia.org/wiki/2026_FIFA_World_Cup_squads,1.0,canonical_squad_identity
bosnia_and_herzegovina_martin_zlomislic,Bosnia and Herzegovina,Martin Zlomislić,martinzlomislic,Rijeka,"August 16, 1998",,,https://en.wikipedia.org/wiki/2026_FIFA_World_Cup_squads,1.0,canonical_squad_identity
bosnia_and_herzegovina_mladen_jurkas,Bosnia and Herzegovina,Mladen Jurkas,mladenjurkas,Borac Banja Luka,"October 7, 2007",,,https://en.wikipedia.org/wiki/2026_FIFA_World_Cup_squads,1.0,canonical_squad_identity
bosnia_and_herzegovina_nidal_celik,Bosnia and Herzegovina,Nidal Čelik,nidalcelik,Lens,"July 17, 2006",,,https://en.wikipedia.org/wiki/2026_FIFA_World_Cup_squads,1.0,canonical_squad_identity
bosnia_and_herzegovina_nihad_mujakic,Bosnia and Herzegovina,Nihad Mujakić,nihadmujakic,Gaziantep,"April 15, 1998",,,https://en.wikipedia.org/wiki/2026_FIFA_World_Cup_squads,1.0,canonical_squad_identity
bosnia_and_herzegovina_nikola_katic,Bosnia and Herzegovina,Nikola Katić,nikolakatic,Schalke 04,"October 10, 1996",,,https://en.wikipedia.org/wiki/2026_FIFA_World_Cup_squads,1.0,canonical_squad_identity
bosnia_and_herzegovina_nikola_vasilj,Bosnia and Herzegovina,Nikola Vasilj,nikolavasilj,FC St. Pauli,"December 2, 1995",,,https://en.wikipedia.org/wiki/2026_FIFA_World_Cup_squads,1.0,canonical_squad_identity
bosnia_and_herzegovina_samed_bazdar,Bosnia and Herzegovina,Samed Baždar,samedbazdar,Jagiellonia Białystok,"January 31, 2004",,,https://en.wikipedia.org/wiki/2026_FIFA_World_Cup_squads,1.0,canonical_squad_identity
bosnia_and_herzegovina_sead_kolasinac,Bosnia and Herzegovina,Sead Kolašinac,seadkolasinac,Atalanta,"June 20, 1993",,,https://en.wikipedia.org/wiki/2026_FIFA_World_Cup_squads,1.0,canonical_squad_identity
bosnia_and_herzegovina_stjepan_radeljic,Bosnia and Herzegovina,Stjepan Radeljić,stjepanradeljic,Rijeka,"September 5, 1997",,,https://en.wikipedia.org/wiki/2026_FIFA_World_Cup_squads,1.0,canonical_squad_identity
bosnia_and_herzegovina_tarik_muharemovic,Bosnia and Herzegovina,Tarik Muharemović,tarikmuharemovic,Sassuolo,"February 28, 2003",,,https://en.wikipedia.org/wiki/2026_FIFA_World_Cup_squads,1.0,canonical_squad_identity
brazil_alex_sandro,Brazil,Alex Sandro,alexsandro,Flamengo,"January 26, 1991",,,https://en.wikipedia.org/wiki/2026_FIFA_World_Cup_squads,1.0,canonical_squad_identity
brazil_alisson,Brazil,Alisson,alisson,Liverpool,"October 2, 1992",,,https://en.wikipedia.org/wiki/2026_FIFA_World_Cup_squads,1.0,canonical_squad_identity
brazil_bremer,Brazil,Bremer,bremer,Juventus,"March 18, 1997",,,https://en.wikipedia.org/wiki/2026_FIFA_World_Cup_squads,1.0,canonical_squad_identity
brazil_bruno_guimaraes,Brazil,Bruno Guimarães,brunoguimaraes,Newcastle United,"November 16, 1997",,,https://en.wikipedia.org/wiki/2026_FIFA_World_Cup_squads,1.0,canonical_squad_identity
brazil_casemiro,Brazil,Casemiro,casemiro,Manchester United,"February 23, 1992",,,https://en.wikipedia.org/wiki/2026_FIFA_World_Cup_squads,1.0,canonical_squad_identity
brazil_danilo_luiz,Brazil,Danilo Luiz,daniloluiz,Flamengo,"July 15, 1991",,,https://en.wikipedia.org/wiki/2026_FIFA_World_Cup_squads,1.0,canonical_squad_identity
brazil_danilo_santos,Brazil,Danilo Santos,danilosantos,Botafogo,"April 29, 2001",,,https://en.wikipedia.org/wiki/2026_FIFA_World_Cup_squads,1.0,canonical_squad_identity
brazil_douglas_santos,Brazil,Douglas Santos,douglassantos,Zenit Saint Petersburg,"March 22, 1994",,,https://en.wikipedia.org/wiki/2026_FIFA_World_Cup_squads,1.0,canonical_squad_identity
brazil_ederson,Brazil,Ederson,ederson,Fenerbahçe,"August 17, 1993",,,https://en.wikipedia.org/wiki/2026_FIFA_World_Cup_squads,1.0,canonical_squad_identity
brazil_endrick,Brazil,Endrick,endrick,Lyon,"July 21, 2006",,,https://en.wikipedia.org/wiki/2026_FIFA_World_Cup_squads,1.0,canonical_squad_identity
brazil_fabinho,Brazil,Fabinho,fabinho,Al-Ittihad,"October 23, 1993",,,https://en.wikipedia.org/wiki/2026_FIFA_World_Cup_squads,1.0,canonical_squad_identity
brazil_gabriel_magalhaes,Brazil,Gabriel Magalhães,gabrielmagalhaes,Arsenal,"December 19, 1997",,,https://en.wikipedia.org/wiki/2026_FIFA_World_Cup_squads,1.0,canonical_squad_identity
brazil_gabriel_martinelli,Brazil,Gabriel Martinelli,gabrielmartinelli,Arsenal,"June 18, 2001",,,https://en.wikipedia.org/wiki/2026_FIFA_World_Cup_squads,1.0,canonical_squad_identity
brazil_igor_thiago,Brazil,Igor Thiago,igorthiago,Brentford,"June 26, 2001",,,https://en.wikipedia.org/wiki/2026_FIFA_World_Cup_squads,1.0,canonical_squad_identity
brazil_lucas_paqueta,Brazil,Lucas Paquetá,lucaspaqueta,Flamengo,"August 27, 1997",,,https://en.wikipedia.org/wiki/2026_FIFA_World_Cup_squads,1.0,canonical_squad_identity
brazil_luiz_henrique,Brazil,Luiz Henrique,luizhenrique,Zenit Saint Petersburg,"January 2, 2001",,,https://en.wikipedia.org/wiki/2026_FIFA_World_Cup_squads,1.0,canonical_squad_identity
brazil_leo_pereira,Brazil,Léo Pereira,leopereira,Flamengo,"January 31, 1996",,,https://en.wikipedia.org/wiki/2026_FIFA_World_Cup_squads,1.0,canonical_squad_identity
brazil_marquinhos,Brazil,Marquinhos,marquinhos,Paris Saint-Germain,"May 14, 1994",,,https://en.wikipedia.org/wiki/2026_FIFA_World_Cup_squads,1.0,canonical_squad_identity
brazil_matheus_cunha,Brazil,Matheus Cunha,matheuscunha,Manchester United,"May 27, 1999",,,https://en.wikipedia.org/wiki/2026_FIFA_World_Cup_squads,1.0,canonical_squad_identity
brazil_neymar,Brazil,Neymar,neymar,Santos,"February 5, 1992",,,https://en.wikipedia.org/wiki/2026_FIFA_World_Cup_squads,1.0,canonical_squad_identity
brazil_raphinha,Brazil,Raphinha,raphinha,Barcelona,"December 14, 1996",,,https://en.wikipedia.org/wiki/2026_FIFA_World_Cup_squads,1.0,canonical_squad_identity
brazil_rayan,Brazil,Rayan,rayan,Bournemouth,"August 3, 2006",,,https://en.wikipedia.org/wiki/2026_FIFA_World_Cup_squads,1.0,canonical_squad_identity
brazil_roger_ibanez,Brazil,Roger Ibañez,rogeribanez,Al-Ahli,"November 23, 1998",,,https://en.wikipedia.org/wiki/2026_FIFA_World_Cup_squads,1.0,canonical_squad_identity
brazil_vinicius_junior,Brazil,Vinícius Júnior,viniciusjunior,Real Madrid,"July 12, 2000",,,https://en.wikipedia.org/wiki/2026_FIFA_World_Cup_squads,1.0,canonical_squad_identity
brazil_wesley,Brazil,Wesley,wesley,Roma,"September 6, 2003",,,https://en.wikipedia.org/wiki/2026_FIFA_World_Cup_squads,1.0,canonical_squad_identity
brazil_weverton,Brazil,Weverton,weverton,Grêmio,"December 13, 1987",,,https://en.wikipedia.org/wiki/2026_FIFA_World_Cup_squads,1.0,canonical_squad_identity
cabo_verde_cj_dos_santos,Cabo Verde,CJ dos Santos,cjdossantos,San Diego FC,"August 24, 2000",,,https://en.wikipedia.org/wiki/2026_FIFA_World_Cup_squads,1.0,canonical_squad_identity
cabo_verde_dailon_livramento,Cabo Verde,Dailon Livramento,dailonlivramento,Casa Pia,"May 4, 2001",,,https://en.wikipedia.org/wiki/2026_FIFA_World_Cup_squads,1.0,canonical_squad_identity
cabo_verde_deroy_duarte,Cabo Verde,Deroy Duarte,deroyduarte,Ludogorets Razgrad,"July 4, 1999",,,https://en.wikipedia.org/wiki/2026_FIFA_World_Cup_squads,1.0,canonical_squad_identity
cabo_verde_diney,Cabo Verde,Diney,diney,Al Bataeh,"January 17, 1995",,,https://en.wikipedia.org/wiki/2026_FIFA_World_Cup_squads,1.0,canonical_squad_identity
cabo_verde_garry_rodrigues,Cabo Verde,Garry Rodrigues,garryrodrigues,Apollon Limassol,"November 27, 1990",,,https://en.wikipedia.org/wiki/2026_FIFA_World_Cup_squads,1.0,canonical_squad_identity
cabo_verde_gilson_benchimol,Cabo Verde,Gilson Benchimol,gilsonbenchimol,Akron Tolyatti,"December 29, 2001",,,https://en.wikipedia.org/wiki/2026_FIFA_World_Cup_squads,1.0,canonical_squad_identity
cabo_verde_helio_varela,Cabo Verde,Hélio Varela,heliovarela,Maccabi Tel Aviv,"May 3, 2002",,,https://en.wikipedia.org/wiki/2026_FIFA_World_Cup_squads,1.0,canonical_squad_identity
cabo_verde_jamiro_monteiro,Cabo Verde,Jamiro Monteiro,jamiromonteiro,PEC Zwolle,"November 23, 1993",,,https://en.wikipedia.org/wiki/2026_FIFA_World_Cup_squads,1.0,canonical_squad_identity
cabo_verde_jovane_cabral,Cabo Verde,Jovane Cabral,jovanecabral,Estrela Amadora,"June 14, 1998",,,https://en.wikipedia.org/wiki/2026_FIFA_World_Cup_squads,1.0,canonical_squad_identity
cabo_verde_joao_paulo,Cabo Verde,João Paulo,joaopaulo,FCSB,"May 26, 1998",,,https://en.wikipedia.org/wiki/2026_FIFA_World_Cup_squads,1.0,canonical_squad_identity
cabo_verde_kelvin_pires,Cabo Verde,Kelvin Pires,kelvinpires,SJK,"June 5, 2000",,,https://en.wikipedia.org/wiki/2026_FIFA_World_Cup_squads,1.0,canonical_squad_identity
cabo_verde_kevin_pina,Cabo Verde,Kevin Pina,kevinpina,Krasnodar,"January 27, 1997",,,https://en.wikipedia.org/wiki/2026_FIFA_World_Cup_squads,1.0,canonical_squad_identity
cabo_verde_laros_duarte,Cabo Verde,Laros Duarte,larosduarte,Puskás Akadémia,"February 28, 1997",,,https://en.wikipedia.org/wiki/2026_FIFA_World_Cup_squads,1.0,canonical_squad_identity
cabo_verde_logan_costa,Cabo Verde,Logan Costa,logancosta,Villarreal,"April 1, 2001",,,https://en.wikipedia.org/wiki/2026_FIFA_World_Cup_squads,1.0,canonical_squad_identity
cabo_verde_marcio_rosa,Cabo Verde,Márcio Rosa,marciorosa,Montana,"February 23, 1997",,,https://en.wikipedia.org/wiki/2026_FIFA_World_Cup_squads,1.0,canonical_squad_identity
cabo_verde_nuno_da_costa,Cabo Verde,Nuno da Costa,nunodacosta,İstanbul Başakşehir,"February 10, 1991",,,https://en.wikipedia.org/wiki/2026_FIFA_World_Cup_squads,1.0,canonical_squad_identity
cabo_verde_roberto_lopes,Cabo Verde,Roberto Lopes,robertolopes,Shamrock Rovers,"June 17, 1992",,,https://en.wikipedia.org/wiki/2026_FIFA_World_Cup_squads,1.0,canonical_squad_identity
cabo_verde_ryan_mendes,Cabo Verde,Ryan Mendes,ryanmendes,Iğdır,"January 8, 1990",,,https://en.wikipedia.org/wiki/2026_FIFA_World_Cup_squads,1.0,canonical_squad_identity
cabo_verde_sidny_lopes_cabral,Cabo Verde,Sidny Lopes Cabral,sidnylopescabral,Benfica,"September 18, 2002",,,https://en.wikipedia.org/wiki/2026_FIFA_World_Cup_squads,1.0,canonical_squad_identity
cabo_verde_steven_moreira,Cabo Verde,Steven Moreira,stevenmoreira,Columbus Crew,"August 13, 1994",,,https://en.wikipedia.org/wiki/2026_FIFA_World_Cup_squads,1.0,canonical_squad_identity
cabo_verde_stopira,Cabo Verde,Stopira,stopira,Torreense,"May 20, 1988",,,https://en.wikipedia.org/wiki/2026_FIFA_World_Cup_squads,1.0,canonical_squad_identity
cabo_verde_telmo_arcanjo,Cabo Verde,Telmo Arcanjo,telmoarcanjo,Vitória de Guimarães,"June 21, 2001",,,https://en.wikipedia.org/wiki/2026_FIFA_World_Cup_squads,1.0,canonical_squad_identity
cabo_verde_vozinha,Cabo Verde,Vozinha,vozinha,Chaves,"June 3, 1986",,,https://en.wikipedia.org/wiki/2026_FIFA_World_Cup_squads,1.0,canonical_squad_identity
cabo_verde_wagner_pina,Cabo Verde,Wagner Pina,wagnerpina,Trabzonspor,"November 3, 2002",,,https://en.wikipedia.org/wiki/2026_FIFA_World_Cup_squads,1.0,canonical_squad_identity
cabo_verde_willy_semedo,Cabo Verde,Willy Semedo,willysemedo,Omonia,"April 27, 1994",,,https://en.wikipedia.org/wiki/2026_FIFA_World_Cup_squads,1.0,canonical_squad_identity
cabo_verde_yannick_semedo,Cabo Verde,Yannick Semedo,yannicksemedo,Farense,"December 29, 1995",,,https://en.wikipedia.org/wiki/2026_FIFA_World_Cup_squads,1.0,canonical_squad_identity
canada_alfie_jones,Canada,Alfie Jones,alfiejones,Middlesbrough,"October 7, 1997",,,https://en.wikipedia.org/wiki/2026_FIFA_World_Cup_squads,1.0,canonical_squad_identity
canada_ali_ahmed,Canada,Ali Ahmed,aliahmed,Norwich City,"October 10, 2000",,,https://en.wikipedia.org/wiki/2026_FIFA_World_Cup_squads,1.0,canonical_squad_identity
canada_alistair_johnston,Canada,Alistair Johnston,alistairjohnston,Celtic,"October 8, 1998",,,https://en.wikipedia.org/wiki/2026_FIFA_World_Cup_squads,1.0,canonical_squad_identity
canada_alphonso_davies,Canada,Alphonso Davies,alphonsodavies,Bayern Munich,"November 2, 2000",,,https://en.wikipedia.org/wiki/2026_FIFA_World_Cup_squads,1.0,canonical_squad_identity
canada_cyle_larin,Canada,Cyle Larin,cylelarin,Southampton,"April 17, 1995",,,https://en.wikipedia.org/wiki/2026_FIFA_World_Cup_squads,1.0,canonical_squad_identity
canada_dayne_st_clair,Canada,Dayne St. Clair,daynestclair,Inter Miami CF,"May 9, 1997",,,https://en.wikipedia.org/wiki/2026_FIFA_World_Cup_squads,1.0,canonical_squad_identity
canada_derek_cornelius,Canada,Derek Cornelius,derekcornelius,Rangers,"November 25, 1997",,,https://en.wikipedia.org/wiki/2026_FIFA_World_Cup_squads,1.0,canonical_squad_identity
canada_ismael_kone,Canada,Ismaël Koné,ismaelkone,Sassuolo,"June 16, 2002",,,https://en.wikipedia.org/wiki/2026_FIFA_World_Cup_squads,1.0,canonical_squad_identity
canada_jacob_shaffelburg,Canada,Jacob Shaffelburg,jacobshaffelburg,Los Angeles FC,"November 26, 1999",,,https://en.wikipedia.org/wiki/2026_FIFA_World_Cup_squads,1.0,canonical_squad_identity
canada_joel_waterman,Canada,Joel Waterman,joelwaterman,Chicago Fire FC,"January 24, 1996",,,https://en.wikipedia.org/wiki/2026_FIFA_World_Cup_squads,1.0,canonical_squad_identity
canada_jonathan_david,Canada,Jonathan David,jonathandavid,Juventus,"January 14, 2000",,,https://en.wikipedia.org/wiki/2026_FIFA_World_Cup_squads,1.0,canonical_squad_identity
canada_jonathan_osorio,Canada,Jonathan Osorio,jonathanosorio,Toronto FC,"June 12, 1992",,,https://en.wikipedia.org/wiki/2026_FIFA_World_Cup_squads,1.0,canonical_squad_identity
canada_liam_millar,Canada,Liam Millar,liammillar,Hull City,"September 27, 1999",,,https://en.wikipedia.org/wiki/2026_FIFA_World_Cup_squads,1.0,canonical_squad_identity
canada_luc_de_fougerolles,Canada,Luc de Fougerolles,lucdefougerolles,Dender,"October 12, 2005",,,https://en.wikipedia.org/wiki/2026_FIFA_World_Cup_squads,1.0,canonical_squad_identity
canada_mathieu_choiniere,Canada,Mathieu Choinière,mathieuchoiniere,Los Angeles FC,"February 7, 1999",,,https://en.wikipedia.org/wiki/2026_FIFA_World_Cup_squads,1.0,canonical_squad_identity
canada_maxime_crepeau,Canada,Maxime Crépeau,maximecrepeau,Orlando City SC,"May 11, 1994",,,https://en.wikipedia.org/wiki/2026_FIFA_World_Cup_squads,1.0,canonical_squad_identity
canada_moise_bombito,Canada,Moïse Bombito,moisebombito,Nice,"March 30, 2000",,,https://en.wikipedia.org/wiki/2026_FIFA_World_Cup_squads,1.0,canonical_squad_identity
canada_nathan_saliba,Canada,Nathan Saliba,nathansaliba,Anderlecht,"February 7, 2004",,,https://en.wikipedia.org/wiki/2026_FIFA_World_Cup_squads,1.0,canonical_squad_identity
canada_niko_sigur,Canada,Niko Sigur,nikosigur,Hajduk Split,"September 9, 2003",,,https://en.wikipedia.org/wiki/2026_FIFA_World_Cup_squads,1.0,canonical_squad_identity
canada_owen_goodman,Canada,Owen Goodman,owengoodman,Barnsley,"November 27, 2003",,,https://en.wikipedia.org/wiki/2026_FIFA_World_Cup_squads,1.0,canonical_squad_identity
canada_promise_david,Canada,Promise David,promisedavid,Union Saint-Gilloise,"July 3, 2001",,,https://en.wikipedia.org/wiki/2026_FIFA_World_Cup_squads,1.0,canonical_squad_identity
canada_richie_laryea,Canada,Richie Laryea,richielaryea,Toronto FC,"January 7, 1995",,,https://en.wikipedia.org/wiki/2026_FIFA_World_Cup_squads,1.0,canonical_squad_identity
canada_stephen_eustaquio,Canada,Stephen Eustáquio,stepheneustaquio,Los Angeles FC,"December 21, 1996",,,https://en.wikipedia.org/wiki/2026_FIFA_World_Cup_squads,1.0,canonical_squad_identity
canada_tajon_buchanan,Canada,Tajon Buchanan,tajonbuchanan,Villarreal,"February 8, 1999",,,https://en.wikipedia.org/wiki/2026_FIFA_World_Cup_squads,1.0,canonical_squad_identity
canada_tani_oluwaseyi,Canada,Tani Oluwaseyi,tanioluwaseyi,Villarreal,"May 15, 2000",,,https://en.wikipedia.org/wiki/2026_FIFA_World_Cup_squads,1.0,canonical_squad_identity
colombia_andres_gomez,Colombia,Andrés Gómez,andresgomez,Vasco da Gama,"September 12, 2002",,,https://en.wikipedia.org/wiki/2026_FIFA_World_Cup_squads,1.0,canonical_squad_identity
colombia_camilo_vargas,Colombia,Camilo Vargas,camilovargas,Atlas,"March 9, 1989",,,https://en.wikipedia.org/wiki/2026_FIFA_World_Cup_squads,1.0,canonical_squad_identity
colombia_cucho_hernandez,Colombia,Cucho Hernández,cuchohernandez,Real Betis,"April 20, 1999",,,https://en.wikipedia.org/wiki/2026_FIFA_World_Cup_squads,1.0,canonical_squad_identity
colombia_daniel_munoz,Colombia,Daniel Muñoz,danielmunoz,Crystal Palace,"May 26, 1996",,,https://en.wikipedia.org/wiki/2026_FIFA_World_Cup_squads,1.0,canonical_squad_identity
colombia_david_ospina,Colombia,David Ospina,davidospina,Atlético Nacional,"August 31, 1988",,,https://en.wikipedia.org/wiki/2026_FIFA_World_Cup_squads,1.0,canonical_squad_identity
colombia_davinson_sanchez,Colombia,Davinson Sánchez,davinsonsanchez,Galatasaray,"June 12, 1996",,,https://en.wikipedia.org/wiki/2026_FIFA_World_Cup_squads,1.0,canonical_squad_identity
colombia_deiver_machado,Colombia,Deiver Machado,deivermachado,Nantes,"September 2, 1993",,,https://en.wikipedia.org/wiki/2026_FIFA_World_Cup_squads,1.0,canonical_squad_identity
colombia_gustavo_puerta,Colombia,Gustavo Puerta,gustavopuerta,Racing Santander,"July 23, 2003",,,https://en.wikipedia.org/wiki/2026_FIFA_World_Cup_squads,1.0,canonical_squad_identity
colombia_james_rodriguez,Colombia,James Rodríguez,jamesrodriguez,Minnesota United FC,"July 12, 1991",,,https://en.wikipedia.org/wiki/2026_FIFA_World_Cup_squads,1.0,canonical_squad_identity
colombia_jaminton_campaz,Colombia,Jaminton Campaz,jamintoncampaz,Rosario Central,"May 24, 2000",,,https://en.wikipedia.org/wiki/2026_FIFA_World_Cup_squads,1.0,canonical_squad_identity
colombia_jefferson_lerma,Colombia,Jefferson Lerma,jeffersonlerma,Crystal Palace,"October 25, 1994",,,https://en.wikipedia.org/wiki/2026_FIFA_World_Cup_squads,1.0,canonical_squad_identity
colombia_jhon_arias,Colombia,Jhon Arias,jhonarias,Palmeiras,"September 21, 1997",,,https://en.wikipedia.org/wiki/2026_FIFA_World_Cup_squads,1.0,canonical_squad_identity
colombia_jhon_cordoba,Colombia,Jhon Córdoba,jhoncordoba,Krasnodar,"May 11, 1993",,,https://en.wikipedia.org/wiki/2026_FIFA_World_Cup_squads,1.0,canonical_squad_identity
colombia_jhon_lucumi,Colombia,Jhon Lucumí,jhonlucumi,Bologna,"June 26, 1998",,,https://en.wikipedia.org/wiki/2026_FIFA_World_Cup_squads,1.0,canonical_squad_identity
colombia_johan_mojica,Colombia,Johan Mojica,johanmojica,Mallorca,"August 21, 1992",,,https://en.wikipedia.org/wiki/2026_FIFA_World_Cup_squads,1.0,canonical_squad_identity
colombia_jorge_carrascal,Colombia,Jorge Carrascal,jorgecarrascal,Flamengo,"May 25, 1998",,,https://en.wikipedia.org/wiki/2026_FIFA_World_Cup_squads,1.0,canonical_squad_identity
colombia_juan_fernando_quintero,Colombia,Juan Fernando Quintero,juanfernandoquintero,River Plate,"January 18, 1993",,,https://en.wikipedia.org/wiki/2026_FIFA_World_Cup_squads,1.0,canonical_squad_identity
colombia_juan_portilla,Colombia,Juan Portilla,juanportilla,Athletico Paranaense,"September 12, 1998",,,https://en.wikipedia.org/wiki/2026_FIFA_World_Cup_squads,1.0,canonical_squad_identity
colombia_kevin_castano,Colombia,Kevin Castaño,kevincastano,River Plate,"September 29, 2000",,,https://en.wikipedia.org/wiki/2026_FIFA_World_Cup_squads,1.0,canonical_squad_identity
colombia_luis_diaz,Colombia,Luis Díaz,luisdiaz,Bayern Munich,"January 13, 1997",,,https://en.wikipedia.org/wiki/2026_FIFA_World_Cup_squads,1.0,canonical_squad_identity
colombia_luis_suarez,Colombia,Luis Suárez,luissuarez,Sporting CP,"December 2, 1997",,,https://en.wikipedia.org/wiki/2026_FIFA_World_Cup_squads,1.0,canonical_squad_identity
colombia_richard_rios,Colombia,Richard Ríos,richardrios,Benfica,"June 2, 2000",,,https://en.wikipedia.org/wiki/2026_FIFA_World_Cup_squads,1.0,canonical_squad_identity
colombia_santiago_arias,Colombia,Santiago Arias,santiagoarias,Independiente,"January 13, 1992",,,https://en.wikipedia.org/wiki/2026_FIFA_World_Cup_squads,1.0,canonical_squad_identity
colombia_willer_ditta,Colombia,Willer Ditta,willerditta,Cruz Azul,"January 23, 1998",,,https://en.wikipedia.org/wiki/2026_FIFA_World_Cup_squads,1.0,canonical_squad_identity
colombia_yerry_mina,Colombia,Yerry Mina,yerrymina,Cagliari,"September 23, 1994",,,https://en.wikipedia.org/wiki/2026_FIFA_World_Cup_squads,1.0,canonical_squad_identity
colombia_alvaro_montero,Colombia,Álvaro Montero,alvaromontero,Vélez Sarsfield,"March 29, 1995",,,https://en.wikipedia.org/wiki/2026_FIFA_World_Cup_squads,1.0,canonical_squad_identity
congo_dr_aaron_tshibola,Congo DR,Aaron Tshibola,aarontshibola,Kilmarnock,"January 2, 1995",,,https://en.wikipedia.org/wiki/2026_FIFA_World_Cup_squads,1.0,canonical_squad_identity
congo_dr_aaron_wan_bissaka,Congo DR,Aaron Wan-Bissaka,aaronwanbissaka,West Ham United,"November 26, 1997",,,https://en.wikipedia.org/wiki/2026_FIFA_World_Cup_squads,1.0,canonical_squad_identity
congo_dr_arthur_masuaku,Congo DR,Arthur Masuaku,arthurmasuaku,Lens,"November 7, 1993",,,https://en.wikipedia.org/wiki/2026_FIFA_World_Cup_squads,1.0,canonical_squad_identity
congo_dr_axel_tuanzebe,Congo DR,Axel Tuanzebe,axeltuanzebe,Burnley,"November 14, 1997",,,https://en.wikipedia.org/wiki/2026_FIFA_World_Cup_squads,1.0,canonical_squad_identity
congo_dr_brian_cipenga,Congo DR,Brian Cipenga,briancipenga,Castellón,"March 11, 1998",,,https://en.wikipedia.org/wiki/2026_FIFA_World_Cup_squads,1.0,canonical_squad_identity
congo_dr_chancel_mbemba,Congo DR,Chancel Mbemba,chancelmbemba,Lille,"August 8, 1994",,,https://en.wikipedia.org/wiki/2026_FIFA_World_Cup_squads,1.0,canonical_squad_identity
congo_dr_charles_pickel,Congo DR,Charles Pickel,charlespickel,Espanyol,"May 15, 1997",,,https://en.wikipedia.org/wiki/2026_FIFA_World_Cup_squads,1.0,canonical_squad_identity
congo_dr_cedric_bakambu,Congo DR,Cédric Bakambu,cedricbakambu,Real Betis,"April 11, 1991",,,https://en.wikipedia.org/wiki/2026_FIFA_World_Cup_squads,1.0,canonical_squad_identity
congo_dr_dylan_batubinsika,Congo DR,Dylan Batubinsika,dylanbatubinsika,AEL,"February 15, 1996",,,https://en.wikipedia.org/wiki/2026_FIFA_World_Cup_squads,1.0,canonical_squad_identity
congo_dr_edo_kayembe,Congo DR,Edo Kayembe,edokayembe,Watford,"June 3, 1998",,,https://en.wikipedia.org/wiki/2026_FIFA_World_Cup_squads,1.0,canonical_squad_identity
congo_dr_fiston_mayele,Congo DR,Fiston Mayele,fistonmayele,Pyramids,"June 24, 1994",,,https://en.wikipedia.org/wiki/2026_FIFA_World_Cup_squads,1.0,canonical_squad_identity
congo_dr_gael_kakuta,Congo DR,Gaël Kakuta,gaelkakuta,AEL,"June 21, 1991",,,https://en.wikipedia.org/wiki/2026_FIFA_World_Cup_squads,1.0,canonical_squad_identity
congo_dr_gedeon_kalulu,Congo DR,Gédéon Kalulu,gedeonkalulu,Aris Limassol,"August 29, 1997",,,https://en.wikipedia.org/wiki/2026_FIFA_World_Cup_squads,1.0,canonical_squad_identity
congo_dr_joris_kayembe,Congo DR,Joris Kayembe,joriskayembe,Genk,"August 8, 1994",,,https://en.wikipedia.org/wiki/2026_FIFA_World_Cup_squads,1.0,canonical_squad_identity
congo_dr_lionel_mpasi,Congo DR,Lionel Mpasi,lionelmpasi,Le Havre,"August 1, 1994",,,https://en.wikipedia.org/wiki/2026_FIFA_World_Cup_squads,1.0,canonical_squad_identity
congo_dr_matthieu_epolo,Congo DR,Matthieu Epolo,matthieuepolo,Standard Liège,"January 15, 2005",,,https://en.wikipedia.org/wiki/2026_FIFA_World_Cup_squads,1.0,canonical_squad_identity
congo_dr_meschak_elia,Congo DR,Meschak Elia,meschakelia,Alanyaspor,"August 6, 1997",,,https://en.wikipedia.org/wiki/2026_FIFA_World_Cup_squads,1.0,canonical_squad_identity
congo_dr_nathanael_mbuku,Congo DR,Nathanaël Mbuku,nathanaelmbuku,Montpellier,"March 16, 2002",,,https://en.wikipedia.org/wiki/2026_FIFA_World_Cup_squads,1.0,canonical_squad_identity
congo_dr_ngal_ayel_mukau,Congo DR,Ngal'ayel Mukau,ngalayelmukau,Lille,"November 3, 2004",,,https://en.wikipedia.org/wiki/2026_FIFA_World_Cup_squads,1.0,canonical_squad_identity
congo_dr_noah_sadiki,Congo DR,Noah Sadiki,noahsadiki,Sunderland,"December 17, 2004",,,https://en.wikipedia.org/wiki/2026_FIFA_World_Cup_squads,1.0,canonical_squad_identity
congo_dr_samuel_moutoussamy,Congo DR,Samuel Moutoussamy,samuelmoutoussamy,Atromitos,"August 12, 1996",,,https://en.wikipedia.org/wiki/2026_FIFA_World_Cup_squads,1.0,canonical_squad_identity
congo_dr_simon_banza,Congo DR,Simon Banza,simonbanza,Al Jazira,"August 13, 1996",,,https://en.wikipedia.org/wiki/2026_FIFA_World_Cup_squads,1.0,canonical_squad_identity
congo_dr_steve_kapuadi,Congo DR,Steve Kapuadi,stevekapuadi,Widzew Łódź,"April 30, 1998",,,https://en.wikipedia.org/wiki/2026_FIFA_World_Cup_squads,1.0,canonical_squad_identity
congo_dr_theo_bongonda,Congo DR,Théo Bongonda,theobongonda,Spartak Moscow,"November 20, 1995",,,https://en.wikipedia.org/wiki/2026_FIFA_World_Cup_squads,1.0,canonical_squad_identity
congo_dr_timothy_fayulu,Congo DR,Timothy Fayulu,timothyfayulu,Noah,"July 24, 1999",,,https://en.wikipedia.org/wiki/2026_FIFA_World_Cup_squads,1.0,canonical_squad_identity
congo_dr_yoane_wissa,Congo DR,Yoane Wissa,yoanewissa,Newcastle United,"September 3, 1996",,,https://en.wikipedia.org/wiki/2026_FIFA_World_Cup_squads,1.0,canonical_squad_identity
cote_d_ivoire_alban_lafont,Cote d'Ivoire,Alban Lafont,albanlafont,Panathinaikos,"January 23, 1999",,,https://en.wikipedia.org/wiki/2026_FIFA_World_Cup_squads,1.0,canonical_squad_identity
cote_d_ivoire_amad_diallo,Cote d'Ivoire,Amad Diallo,amaddiallo,Manchester United,"July 11, 2002",,,https://en.wikipedia.org/wiki/2026_FIFA_World_Cup_squads,1.0,canonical_squad_identity
cote_d_ivoire_ange_yoan_bonny,Cote d'Ivoire,Ange-Yoan Bonny,angeyoanbonny,Inter Milan,"October 25, 2003",,,https://en.wikipedia.org/wiki/2026_FIFA_World_Cup_squads,1.0,canonical_squad_identity
cote_d_ivoire_bazoumana_toure,Cote d'Ivoire,Bazoumana Touré,bazoumanatoure,TSG Hoffenheim,"March 2, 2006",,,https://en.wikipedia.org/wiki/2026_FIFA_World_Cup_squads,1.0,canonical_squad_identity
cote_d_ivoire_christ_inao_oulai,Cote d'Ivoire,Christ Inao Oulaï,christinaooulai,Trabzonspor,"April 6, 2006",,,https://en.wikipedia.org/wiki/2026_FIFA_World_Cup_squads,1.0,canonical_squad_identity
cote_d_ivoire_christopher_operi,Cote d'Ivoire,Christopher Opéri,christopheroperi,İstanbul Başakşehir,"April 29, 1997",,,https://en.wikipedia.org/wiki/2026_FIFA_World_Cup_squads,1.0,canonical_squad_identity
cote_d_ivoire_elye_wahi,Cote d'Ivoire,Elye Wahi,elyewahi,Nice,"January 2, 2003",,,https://en.wikipedia.org/wiki/2026_FIFA_World_Cup_squads,1.0,canonical_squad_identity
cote_d_ivoire_emmanuel_agbadou,Cote d'Ivoire,Emmanuel Agbadou,emmanuelagbadou,Beşiktaş,"June 17, 1997",,,https://en.wikipedia.org/wiki/2026_FIFA_World_Cup_squads,1.0,canonical_squad_identity
cote_d_ivoire_evan_ndicka,Cote d'Ivoire,Evan Ndicka,evanndicka,Roma,"August 20, 1999",,,https://en.wikipedia.org/wiki/2026_FIFA_World_Cup_squads,1.0,canonical_squad_identity
cote_d_ivoire_evann_guessand,Cote d'Ivoire,Evann Guessand,evannguessand,Crystal Palace,"July 1, 2001",,,https://en.wikipedia.org/wiki/2026_FIFA_World_Cup_squads,1.0,canonical_squad_identity
cote_d_ivoire_franck_kessie,Cote d'Ivoire,Franck Kessié,franckkessie,Al-Ahli,"December 19, 1996",,,https://en.wikipedia.org/wiki/2026_FIFA_World_Cup_squads,1.0,canonical_squad_identity
cote_d_ivoire_ghislain_konan,Cote d'Ivoire,Ghislain Konan,ghislainkonan,Gil Vicente,"December 27, 1995",,,https://en.wikipedia.org/wiki/2026_FIFA_World_Cup_squads,1.0,canonical_squad_identity
cote_d_ivoire_guela_doue,Cote d'Ivoire,Guéla Doué,gueladoue,Strasbourg,"October 17, 2002",,,https://en.wikipedia.org/wiki/2026_FIFA_World_Cup_squads,1.0,canonical_squad_identity
cote_d_ivoire_ibrahim_sangare,Cote d'Ivoire,Ibrahim Sangaré,ibrahimsangare,Nottingham Forest,"December 2, 1997",,,https://en.wikipedia.org/wiki/2026_FIFA_World_Cup_squads,1.0,canonical_squad_identity
cote_d_ivoire_jean_michael_seri,Cote d'Ivoire,Jean Michaël Seri,jeanmichaelseri,Maribor,"July 19, 1991",,,https://en.wikipedia.org/wiki/2026_FIFA_World_Cup_squads,1.0,canonical_squad_identity
cote_d_ivoire_mohamed_kone,Cote d'Ivoire,Mohamed Koné,mohamedkone,Charleroi,"March 7, 2002",,,https://en.wikipedia.org/wiki/2026_FIFA_World_Cup_squads,1.0,canonical_squad_identity
cote_d_ivoire_nicolas_pepe,Cote d'Ivoire,Nicolas Pépé,nicolaspepe,Villarreal,"May 29, 1995",,,https://en.wikipedia.org/wiki/2026_FIFA_World_Cup_squads,1.0,canonical_squad_identity
cote_d_ivoire_odilon_kossounou,Cote d'Ivoire,Odilon Kossounou,odilonkossounou,Atalanta,"January 4, 2001",,,https://en.wikipedia.org/wiki/2026_FIFA_World_Cup_squads,1.0,canonical_squad_identity
cote_d_ivoire_oumar_diakite,Cote d'Ivoire,Oumar Diakité,oumardiakite,Cercle Brugge,"December 20, 2003",,,https://en.wikipedia.org/wiki/2026_FIFA_World_Cup_squads,1.0,canonical_squad_identity
cote_d_ivoire_ousmane_diomande,Cote d'Ivoire,Ousmane Diomande,ousmanediomande,Sporting CP,"December 4, 2003",,,https://en.wikipedia.org/wiki/2026_FIFA_World_Cup_squads,1.0,canonical_squad_identity
cote_d_ivoire_parfait_guiagon,Cote d'Ivoire,Parfait Guiagon,parfaitguiagon,Charleroi,"February 22, 2001",,,https://en.wikipedia.org/wiki/2026_FIFA_World_Cup_squads,1.0,canonical_squad_identity
cote_d_ivoire_seko_fofana,Cote d'Ivoire,Seko Fofana,sekofofana,Porto,"May 7, 1995",,,https://en.wikipedia.org/wiki/2026_FIFA_World_Cup_squads,1.0,canonical_squad_identity
cote_d_ivoire_simon_adingra,Cote d'Ivoire,Simon Adingra,simonadingra,Monaco,"January 1, 2002",,,https://en.wikipedia.org/wiki/2026_FIFA_World_Cup_squads,1.0,canonical_squad_identity
cote_d_ivoire_wilfried_singo,Cote d'Ivoire,Wilfried Singo,wilfriedsingo,Galatasaray,"December 25, 2000",,,https://en.wikipedia.org/wiki/2026_FIFA_World_Cup_squads,1.0,canonical_squad_identity
cote_d_ivoire_yahia_fofana,Cote d'Ivoire,Yahia Fofana,yahiafofana,Çaykur Rizespor,"August 21, 2000",,,https://en.wikipedia.org/wiki/2026_FIFA_World_Cup_squads,1.0,canonical_squad_identity
cote_d_ivoire_yan_diomande,Cote d'Ivoire,Yan Diomande,yandiomande,RB Leipzig,"November 14, 2006",,,https://en.wikipedia.org/wiki/2026_FIFA_World_Cup_squads,1.0,canonical_squad_identity
croatia_andrej_kramaric,Croatia,Andrej Kramarić,andrejkramaric,TSG Hoffenheim,"June 19, 1991",,,https://en.wikipedia.org/wiki/2026_FIFA_World_Cup_squads,1.0,canonical_squad_identity
croatia_ante_budimir,Croatia,Ante Budimir,antebudimir,Osasuna,"July 22, 1991",,,https://en.wikipedia.org/wiki/2026_FIFA_World_Cup_squads,1.0,canonical_squad_identity
croatia_dominik_kotarski,Croatia,Dominik Kotarski,dominikkotarski,Copenhagen,"February 10, 2000",,,https://en.wikipedia.org/wiki/2026_FIFA_World_Cup_squads,1.0,canonical_squad_identity
croatia_dominik_livakovic,Croatia,Dominik Livaković,dominiklivakovic,Dinamo Zagreb,"January 9, 1995",,,https://en.wikipedia.org/wiki/2026_FIFA_World_Cup_squads,1.0,canonical_squad_identity
croatia_duje_caleta_car,Croatia,Duje Ćaleta-Car,dujecaletacar,Real Sociedad,"September 17, 1996",,,https://en.wikipedia.org/wiki/2026_FIFA_World_Cup_squads,1.0,canonical_squad_identity
croatia_igor_matanovic,Croatia,Igor Matanović,igormatanovic,SC Freiburg,"March 31, 2003",,,https://en.wikipedia.org/wiki/2026_FIFA_World_Cup_squads,1.0,canonical_squad_identity
croatia_ivan_perisic,Croatia,Ivan Perišić,ivanperisic,PSV Eindhoven,"February 2, 1989",,,https://en.wikipedia.org/wiki/2026_FIFA_World_Cup_squads,1.0,canonical_squad_identity
croatia_ivor_pandur,Croatia,Ivor Pandur,ivorpandur,Hull City,"March 25, 2000",,,https://en.wikipedia.org/wiki/2026_FIFA_World_Cup_squads,1.0,canonical_squad_identity
croatia_josip_stanisic,Croatia,Josip Stanišić,josipstanisic,Bayern Munich,"April 2, 2000",,,https://en.wikipedia.org/wiki/2026_FIFA_World_Cup_squads,1.0,canonical_squad_identity
croatia_josip_sutalo,Croatia,Josip Šutalo,josipsutalo,Ajax,"February 28, 2000",,,https://en.wikipedia.org/wiki/2026_FIFA_World_Cup_squads,1.0,canonical_squad_identity
croatia_josko_gvardiol,Croatia,Joško Gvardiol,joskogvardiol,Manchester City,"January 23, 2002",,,https://en.wikipedia.org/wiki/2026_FIFA_World_Cup_squads,1.0,canonical_squad_identity
croatia_kristijan_jakic,Croatia,Kristijan Jakić,kristijanjakic,FC Augsburg,"May 14, 1997",,,https://en.wikipedia.org/wiki/2026_FIFA_World_Cup_squads,1.0,canonical_squad_identity
croatia_luka_modric,Croatia,Luka Modrić,lukamodric,Milan,"September 9, 1985",,,https://en.wikipedia.org/wiki/2026_FIFA_World_Cup_squads,1.0,canonical_squad_identity
croatia_luka_sucic,Croatia,Luka Sučić,lukasucic,Real Sociedad,"September 8, 2002",,,https://en.wikipedia.org/wiki/2026_FIFA_World_Cup_squads,1.0,canonical_squad_identity
croatia_luka_vuskovic,Croatia,Luka Vušković,lukavuskovic,Hamburger SV,"February 24, 2007",,,https://en.wikipedia.org/wiki/2026_FIFA_World_Cup_squads,1.0,canonical_squad_identity
croatia_marco_pasalic,Croatia,Marco Pašalić,marcopasalic,Orlando City SC,"September 14, 2000",,,https://en.wikipedia.org/wiki/2026_FIFA_World_Cup_squads,1.0,canonical_squad_identity
croatia_marin_pongracic,Croatia,Marin Pongračić,marinpongracic,Fiorentina,"September 11, 1997",,,https://en.wikipedia.org/wiki/2026_FIFA_World_Cup_squads,1.0,canonical_squad_identity
croatia_mario_pasalic,Croatia,Mario Pašalić,mariopasalic,Atalanta,"February 9, 1995",,,https://en.wikipedia.org/wiki/2026_FIFA_World_Cup_squads,1.0,canonical_squad_identity
croatia_martin_baturina,Croatia,Martin Baturina,martinbaturina,Como,"February 16, 2003",,,https://en.wikipedia.org/wiki/2026_FIFA_World_Cup_squads,1.0,canonical_squad_identity
croatia_martin_erlic,Croatia,Martin Erlić,martinerlic,Midtjylland,"January 24, 1998",,,https://en.wikipedia.org/wiki/2026_FIFA_World_Cup_squads,1.0,canonical_squad_identity
croatia_mateo_kovacic,Croatia,Mateo Kovačić,mateokovacic,Manchester City,"May 6, 1994",,,https://en.wikipedia.org/wiki/2026_FIFA_World_Cup_squads,1.0,canonical_squad_identity
croatia_nikola_moro,Croatia,Nikola Moro,nikolamoro,Bologna,"March 12, 1998",,,https://en.wikipedia.org/wiki/2026_FIFA_World_Cup_squads,1.0,canonical_squad_identity
croatia_nikola_vlasic,Croatia,Nikola Vlašić,nikolavlasic,Torino,"October 4, 1997",,,https://en.wikipedia.org/wiki/2026_FIFA_World_Cup_squads,1.0,canonical_squad_identity
croatia_petar_musa,Croatia,Petar Musa,petarmusa,FC Dallas,"March 4, 1998",,,https://en.wikipedia.org/wiki/2026_FIFA_World_Cup_squads,1.0,canonical_squad_identity
croatia_petar_sucic,Croatia,Petar Sučić,petarsucic,Inter Milan,"October 25, 2003",,,https://en.wikipedia.org/wiki/2026_FIFA_World_Cup_squads,1.0,canonical_squad_identity
croatia_toni_fruk,Croatia,Toni Fruk,tonifruk,Rijeka,"March 9, 2001",,,https://en.wikipedia.org/wiki/2026_FIFA_World_Cup_squads,1.0,canonical_squad_identity
curacao_ar_jany_martha,Curacao,Ar'jany Martha,arjanymartha,Rotherham United,"September 4, 2003",,,https://en.wikipedia.org/wiki/2026_FIFA_World_Cup_squads,1.0,canonical_squad_identity
curacao_armando_obispo,Curacao,Armando Obispo,armandoobispo,PSV Eindhoven,"March 5, 1999",,,https://en.wikipedia.org/wiki/2026_FIFA_World_Cup_squads,1.0,canonical_squad_identity
curacao_brandley_kuwas,Curacao,Brandley Kuwas,brandleykuwas,Volendam,"September 19, 1992",,,https://en.wikipedia.org/wiki/2026_FIFA_World_Cup_squads,1.0,canonical_squad_identity
curacao_deveron_fonville,Curacao,Deveron Fonville,deveronfonville,NEC,"May 16, 2003",,,https://en.wikipedia.org/wiki/2026_FIFA_World_Cup_squads,1.0,canonical_squad_identity
curacao_eloy_room,Curacao,Eloy Room,eloyroom,Miami FC,"February 6, 1989",,,https://en.wikipedia.org/wiki/2026_FIFA_World_Cup_squads,1.0,canonical_squad_identity
curacao_gervane_kastaneer,Curacao,Gervane Kastaneer,gervanekastaneer,Terengganu,"June 9, 1996",,,https://en.wikipedia.org/wiki/2026_FIFA_World_Cup_squads,1.0,canonical_squad_identity
curacao_godfried_roemeratoe,Curacao,Godfried Roemeratoe,godfriedroemeratoe,RKC Waalwijk,"August 19, 1999",,,https://en.wikipedia.org/wiki/2026_FIFA_World_Cup_squads,1.0,canonical_squad_identity
curacao_jearl_margaritha,Curacao,Jearl Margaritha,jearlmargaritha,Beveren,"April 10, 2000",,,https://en.wikipedia.org/wiki/2026_FIFA_World_Cup_squads,1.0,canonical_squad_identity
curacao_jeremy_antonisse,Curacao,Jeremy Antonisse,jeremyantonisse,Kifisia,"March 29, 2002",,,https://en.wikipedia.org/wiki/2026_FIFA_World_Cup_squads,1.0,canonical_squad_identity
curacao_joshua_brenet,Curacao,Joshua Brenet,joshuabrenet,Kayserispor,"March 20, 1994",,,https://en.wikipedia.org/wiki/2026_FIFA_World_Cup_squads,1.0,canonical_squad_identity
curacao_juninho_bacuna,Curacao,Juninho Bacuna,juninhobacuna,Volendam,"August 7, 1997",,,https://en.wikipedia.org/wiki/2026_FIFA_World_Cup_squads,1.0,canonical_squad_identity
curacao_jurien_gaari,Curacao,Juriën Gaari,juriengaari,Abha,"December 23, 1993",,,https://en.wikipedia.org/wiki/2026_FIFA_World_Cup_squads,1.0,canonical_squad_identity
curacao_jurgen_locadia,Curacao,Jürgen Locadia,jurgenlocadia,Miami FC,"November 7, 1993",,,https://en.wikipedia.org/wiki/2026_FIFA_World_Cup_squads,1.0,canonical_squad_identity
curacao_kenji_gorre,Curacao,Kenji Gorré,kenjigorre,Maccabi Haifa,"September 29, 1994",,,https://en.wikipedia.org/wiki/2026_FIFA_World_Cup_squads,1.0,canonical_squad_identity
curacao_kevin_felida,Curacao,Kevin Felida,kevinfelida,Den Bosch,"November 11, 1999",,,https://en.wikipedia.org/wiki/2026_FIFA_World_Cup_squads,1.0,canonical_squad_identity
curacao_leandro_bacuna,Curacao,Leandro Bacuna,leandrobacuna,Iğdır,"August 21, 1991",,,https://en.wikipedia.org/wiki/2026_FIFA_World_Cup_squads,1.0,canonical_squad_identity
curacao_livano_comenencia,Curacao,Livano Comenencia,livanocomenencia,Zürich,"February 3, 2004",,,https://en.wikipedia.org/wiki/2026_FIFA_World_Cup_squads,1.0,canonical_squad_identity
curacao_riechedly_bazoer,Curacao,Riechedly Bazoer,riechedlybazoer,Konyaspor,"October 12, 1996",,,https://en.wikipedia.org/wiki/2026_FIFA_World_Cup_squads,1.0,canonical_squad_identity
curacao_roshon_van_eijma,Curacao,Roshon van Eijma,roshonvaneijma,RKC Waalwijk,"June 9, 1998",,,https://en.wikipedia.org/wiki/2026_FIFA_World_Cup_squads,1.0,canonical_squad_identity
curacao_sherel_floranus,Curacao,Sherel Floranus,sherelfloranus,PEC Zwolle,"August 23, 1998",,,https://en.wikipedia.org/wiki/2026_FIFA_World_Cup_squads,1.0,canonical_squad_identity
curacao_shurandy_sambo,Curacao,Shurandy Sambo,shurandysambo,Sparta Rotterdam,"August 19, 2001",,,https://en.wikipedia.org/wiki/2026_FIFA_World_Cup_squads,1.0,canonical_squad_identity
curacao_sontje_hansen,Curacao,Sontje Hansen,sontjehansen,Middlesbrough,"May 18, 2002",,,https://en.wikipedia.org/wiki/2026_FIFA_World_Cup_squads,1.0,canonical_squad_identity
curacao_tahith_chong,Curacao,Tahith Chong,tahithchong,Sheffield United,"December 4, 1999",,,https://en.wikipedia.org/wiki/2026_FIFA_World_Cup_squads,1.0,canonical_squad_identity
curacao_trevor_doornbusch,Curacao,Trevor Doornbusch,trevordoornbusch,VVV-Venlo,"July 6, 1999",,,https://en.wikipedia.org/wiki/2026_FIFA_World_Cup_squads,1.0,canonical_squad_identity
curacao_tyrese_noslin,Curacao,Tyrese Noslin,tyresenoslin,Telstar,"September 11, 2002",,,https://en.wikipedia.org/wiki/2026_FIFA_World_Cup_squads,1.0,canonical_squad_identity
curacao_tyrick_bodak,Curacao,Tyrick Bodak,tyrickbodak,Telstar,"May 15, 2002",,,https://en.wikipedia.org/wiki/2026_FIFA_World_Cup_squads,1.0,canonical_squad_identity
czechia_adam_hlozek,Czechia,Adam Hložek,adamhlozek,TSG Hoffenheim,"July 25, 2002",,,https://en.wikipedia.org/wiki/2026_FIFA_World_Cup_squads,1.0,canonical_squad_identity
czechia_alexandr_sojka,Czechia,Alexandr Sojka,alexandrsojka,Viktoria Plzeň,"April 2, 2003",,,https://en.wikipedia.org/wiki/2026_FIFA_World_Cup_squads,1.0,canonical_squad_identity
czechia_david_doudera,Czechia,David Douděra,daviddoudera,Slavia Prague,"May 31, 1998",,,https://en.wikipedia.org/wiki/2026_FIFA_World_Cup_squads,1.0,canonical_squad_identity
czechia_david_jurasek,Czechia,David Jurásek,davidjurasek,Slavia Prague,"August 7, 2000",,,https://en.wikipedia.org/wiki/2026_FIFA_World_Cup_squads,1.0,canonical_squad_identity
czechia_david_zima,Czechia,David Zima,davidzima,Slavia Prague,"November 8, 2000",,,https://en.wikipedia.org/wiki/2026_FIFA_World_Cup_squads,1.0,canonical_squad_identity
czechia_denis_visinsky,Czechia,Denis Višinský,denisvisinsky,Viktoria Plzeň,"March 21, 2003",,,https://en.wikipedia.org/wiki/2026_FIFA_World_Cup_squads,1.0,canonical_squad_identity
czechia_hugo_sochurek,Czechia,Hugo Sochůrek,hugosochurek,Sparta Prague,"June 7, 2008",,,https://en.wikipedia.org/wiki/2026_FIFA_World_Cup_squads,1.0,canonical_squad_identity
czechia_jan_kuchta,Czechia,Jan Kuchta,jankuchta,Sparta Prague,"January 8, 1997",,,https://en.wikipedia.org/wiki/2026_FIFA_World_Cup_squads,1.0,canonical_squad_identity
czechia_jaroslav_zeleny,Czechia,Jaroslav Zelený,jaroslavzeleny,Sparta Prague,"August 20, 1992",,,https://en.wikipedia.org/wiki/2026_FIFA_World_Cup_squads,1.0,canonical_squad_identity
czechia_jindrich_stanek,Czechia,Jindřich Staněk,jindrichstanek,Slavia Prague,"April 27, 1996",,,https://en.wikipedia.org/wiki/2026_FIFA_World_Cup_squads,1.0,canonical_squad_identity
czechia_ladislav_krejci,Czechia,Ladislav Krejčí,ladislavkrejci,Wolverhampton Wanderers,"April 20, 1999",,,https://en.wikipedia.org/wiki/2026_FIFA_World_Cup_squads,1.0,canonical_squad_identity
czechia_lukas_hornicek,Czechia,Lukáš Horníček,lukashornicek,Braga,"July 13, 2002",,,https://en.wikipedia.org/wiki/2026_FIFA_World_Cup_squads,1.0,canonical_squad_identity
czechia_lukas_provod,Czechia,Lukáš Provod,lukasprovod,Slavia Prague,"October 23, 1996",,,https://en.wikipedia.org/wiki/2026_FIFA_World_Cup_squads,1.0,canonical_squad_identity
czechia_lukas_cerv,Czechia,Lukáš Červ,lukascerv,Viktoria Plzeň,"April 10, 2001",,,https://en.wikipedia.org/wiki/2026_FIFA_World_Cup_squads,1.0,canonical_squad_identity
czechia_matej_kovar,Czechia,Matěj Kovář,matejkovar,PSV Eindhoven,"May 17, 2000",,,https://en.wikipedia.org/wiki/2026_FIFA_World_Cup_squads,1.0,canonical_squad_identity
czechia_michal_sadilek,Czechia,Michal Sadílek,michalsadilek,Slavia Prague,"May 31, 1999",,,https://en.wikipedia.org/wiki/2026_FIFA_World_Cup_squads,1.0,canonical_squad_identity
czechia_mojmir_chytil,Czechia,Mojmír Chytil,mojmirchytil,Slavia Prague,"April 29, 1999",,,https://en.wikipedia.org/wiki/2026_FIFA_World_Cup_squads,1.0,canonical_squad_identity
czechia_patrik_schick,Czechia,Patrik Schick,patrikschick,Bayer Leverkusen,"January 24, 1996",,,https://en.wikipedia.org/wiki/2026_FIFA_World_Cup_squads,1.0,canonical_squad_identity
czechia_pavel_sulc,Czechia,Pavel Šulc,pavelsulc,Lyon,"December 29, 2000",,,https://en.wikipedia.org/wiki/2026_FIFA_World_Cup_squads,1.0,canonical_squad_identity
czechia_robin_hranac,Czechia,Robin Hranáč,robinhranac,TSG Hoffenheim,"January 29, 2000",,,https://en.wikipedia.org/wiki/2026_FIFA_World_Cup_squads,1.0,canonical_squad_identity
czechia_tomas_chory,Czechia,Tomáš Chorý,tomaschory,Slavia Prague,"January 26, 1995",,,https://en.wikipedia.org/wiki/2026_FIFA_World_Cup_squads,1.0,canonical_squad_identity
czechia_tomas_holes,Czechia,Tomáš Holeš,tomasholes,Slavia Prague,"March 31, 1993",,,https://en.wikipedia.org/wiki/2026_FIFA_World_Cup_squads,1.0,canonical_squad_identity
czechia_tomas_soucek,Czechia,Tomáš Souček,tomassoucek,West Ham United,"February 27, 1995",,,https://en.wikipedia.org/wiki/2026_FIFA_World_Cup_squads,1.0,canonical_squad_identity
czechia_vladimir_coufal,Czechia,Vladimír Coufal,vladimircoufal,TSG Hoffenheim,"August 22, 1992",,,https://en.wikipedia.org/wiki/2026_FIFA_World_Cup_squads,1.0,canonical_squad_identity
czechia_vladimir_darida,Czechia,Vladimír Darida,vladimirdarida,Hradec Králové,"August 8, 1990",,,https://en.wikipedia.org/wiki/2026_FIFA_World_Cup_squads,1.0,canonical_squad_identity
czechia_stepan_chaloupek,Czechia,Štěpán Chaloupek,stepanchaloupek,Slavia Prague,"March 8, 2003",,,https://en.wikipedia.org/wiki/2026_FIFA_World_Cup_squads,1.0,canonical_squad_identity
ecuador_alan_franco,Ecuador,Alan Franco,alanfranco,Atlético Mineiro,"August 21, 1998",,,https://en.wikipedia.org/wiki/2026_FIFA_World_Cup_squads,1.0,canonical_squad_identity
ecuador_alan_minda,Ecuador,Alan Minda,alanminda,Atlético Mineiro,"May 14, 2003",,,https://en.wikipedia.org/wiki/2026_FIFA_World_Cup_squads,1.0,canonical_squad_identity
ecuador_anthony_valencia,Ecuador,Anthony Valencia,anthonyvalencia,Antwerp,"July 21, 2003",,,https://en.wikipedia.org/wiki/2026_FIFA_World_Cup_squads,1.0,canonical_squad_identity
ecuador_denil_castillo,Ecuador,Denil Castillo,denilcastillo,Midtjylland,"March 24, 2004",,,https://en.wikipedia.org/wiki/2026_FIFA_World_Cup_squads,1.0,canonical_squad_identity
ecuador_enner_valencia,Ecuador,Enner Valencia,ennervalencia,Pachuca,"November 4, 1989",,,https://en.wikipedia.org/wiki/2026_FIFA_World_Cup_squads,1.0,canonical_squad_identity
ecuador_felix_torres,Ecuador,Félix Torres,felixtorres,Internacional,"January 11, 1997",,,https://en.wikipedia.org/wiki/2026_FIFA_World_Cup_squads,1.0,canonical_squad_identity
ecuador_gonzalo_plata,Ecuador,Gonzalo Plata,gonzaloplata,Flamengo,"November 1, 2000",,,https://en.wikipedia.org/wiki/2026_FIFA_World_Cup_squads,1.0,canonical_squad_identity
ecuador_gonzalo_valle,Ecuador,Gonzalo Valle,gonzalovalle,LDU Quito,"February 28, 1996",,,https://en.wikipedia.org/wiki/2026_FIFA_World_Cup_squads,1.0,canonical_squad_identity
ecuador_hernan_galindez,Ecuador,Hernán Galíndez,hernangalindez,Huracán,"March 30, 1987",,,https://en.wikipedia.org/wiki/2026_FIFA_World_Cup_squads,1.0,canonical_squad_identity
ecuador_jackson_porozo,Ecuador,Jackson Porozo,jacksonporozo,Tijuana,"August 4, 2000",,,https://en.wikipedia.org/wiki/2026_FIFA_World_Cup_squads,1.0,canonical_squad_identity
ecuador_jeremy_arevalo,Ecuador,Jeremy Arévalo,jeremyarevalo,VfB Stuttgart,"March 19, 2005",,,https://en.wikipedia.org/wiki/2026_FIFA_World_Cup_squads,1.0,canonical_squad_identity
ecuador_joel_ordonez,Ecuador,Joel Ordóñez,joelordonez,Club Brugge,"April 21, 2004",,,https://en.wikipedia.org/wiki/2026_FIFA_World_Cup_squads,1.0,canonical_squad_identity
ecuador_john_yeboah,Ecuador,John Yeboah,johnyeboah,Venezia,"June 23, 2000",,,https://en.wikipedia.org/wiki/2026_FIFA_World_Cup_squads,1.0,canonical_squad_identity
ecuador_jordy_alcivar,Ecuador,Jordy Alcívar,jordyalcivar,Independiente del Valle,"August 5, 1999",,,https://en.wikipedia.org/wiki/2026_FIFA_World_Cup_squads,1.0,canonical_squad_identity
ecuador_jordy_caicedo,Ecuador,Jordy Caicedo,jordycaicedo,Huracán,"November 18, 1997",,,https://en.wikipedia.org/wiki/2026_FIFA_World_Cup_squads,1.0,canonical_squad_identity
ecuador_kendry_paez,Ecuador,Kendry Páez,kendrypaez,River Plate,"May 4, 2007",,,https://en.wikipedia.org/wiki/2026_FIFA_World_Cup_squads,1.0,canonical_squad_identity
ecuador_kevin_rodriguez,Ecuador,Kevin Rodríguez,kevinrodriguez,Union Saint-Gilloise,"March 4, 2000",,,https://en.wikipedia.org/wiki/2026_FIFA_World_Cup_squads,1.0,canonical_squad_identity
ecuador_moises_caicedo,Ecuador,Moisés Caicedo,moisescaicedo,Chelsea,"November 2, 2001",,,https://en.wikipedia.org/wiki/2026_FIFA_World_Cup_squads,1.0,canonical_squad_identity
ecuador_moises_ramirez,Ecuador,Moisés Ramírez,moisesramirez,Kifisia,"September 9, 2000",,,https://en.wikipedia.org/wiki/2026_FIFA_World_Cup_squads,1.0,canonical_squad_identity
ecuador_nilson_angulo,Ecuador,Nilson Angulo,nilsonangulo,Sunderland,"June 19, 2003",,,https://en.wikipedia.org/wiki/2026_FIFA_World_Cup_squads,1.0,canonical_squad_identity
ecuador_pedro_vite,Ecuador,Pedro Vite,pedrovite,UNAM,"March 9, 2002",,,https://en.wikipedia.org/wiki/2026_FIFA_World_Cup_squads,1.0,canonical_squad_identity
ecuador_pervis_estupinan,Ecuador,Pervis Estupiñán,pervisestupinan,Milan,"January 21, 1998",,,https://en.wikipedia.org/wiki/2026_FIFA_World_Cup_squads,1.0,canonical_squad_identity
ecuador_piero_hincapie,Ecuador,Piero Hincapié,pierohincapie,Arsenal,"January 9, 2002",,,https://en.wikipedia.org/wiki/2026_FIFA_World_Cup_squads,1.0,canonical_squad_identity
ecuador_willian_pacho,Ecuador,Willian Pacho,willianpacho,Paris Saint-Germain,"October 16, 2001",,,https://en.wikipedia.org/wiki/2026_FIFA_World_Cup_squads,1.0,canonical_squad_identity
ecuador_yaimar_medina,Ecuador,Yaimar Medina,yaimarmedina,Genk,"November 5, 2004",,,https://en.wikipedia.org/wiki/2026_FIFA_World_Cup_squads,1.0,canonical_squad_identity
ecuador_angelo_preciado,Ecuador,Ángelo Preciado,angelopreciado,Atlético Mineiro,"February 18, 1998",,,https://en.wikipedia.org/wiki/2026_FIFA_World_Cup_squads,1.0,canonical_squad_identity
egypt_ahmed_fatouh,Egypt,Ahmed Fatouh,ahmedfatouh,Zamalek,"March 22, 1998",,,https://en.wikipedia.org/wiki/2026_FIFA_World_Cup_squads,1.0,canonical_squad_identity
egypt_el_mahdy_soliman,Egypt,El Mahdy Soliman,elmahdysoliman,Zamalek,"June 8, 1987",,,https://en.wikipedia.org/wiki/2026_FIFA_World_Cup_squads,1.0,canonical_squad_identity
egypt_emam_ashour,Egypt,Emam Ashour,emamashour,Al Ahly,"February 20, 1998",,,https://en.wikipedia.org/wiki/2026_FIFA_World_Cup_squads,1.0,canonical_squad_identity
egypt_haissem_hassan,Egypt,Haissem Hassan,haissemhassan,Oviedo,"February 8, 2002",,,https://en.wikipedia.org/wiki/2026_FIFA_World_Cup_squads,1.0,canonical_squad_identity
egypt_hamdy_fathy,Egypt,Hamdy Fathy,hamdyfathy,Al-Wakrah,"September 29, 1994",,,https://en.wikipedia.org/wiki/2026_FIFA_World_Cup_squads,1.0,canonical_squad_identity
egypt_hamza_abdelkarim,Egypt,Hamza Abdelkarim,hamzaabdelkarim,Barcelona,"January 1, 2008",,,https://en.wikipedia.org/wiki/2026_FIFA_World_Cup_squads,1.0,canonical_squad_identity
egypt_hossam_abdelmaguid,Egypt,Hossam Abdelmaguid,hossamabdelmaguid,Zamalek,"April 30, 2001",,,https://en.wikipedia.org/wiki/2026_FIFA_World_Cup_squads,1.0,canonical_squad_identity
egypt_ibrahim_adel,Egypt,Ibrahim Adel,ibrahimadel,Nordsjælland,"April 23, 2001",,,https://en.wikipedia.org/wiki/2026_FIFA_World_Cup_squads,1.0,canonical_squad_identity
egypt_karim_hafez,Egypt,Karim Hafez,karimhafez,Pyramids,"March 12, 1996",,,https://en.wikipedia.org/wiki/2026_FIFA_World_Cup_squads,1.0,canonical_squad_identity
egypt_mahmoud_saber,Egypt,Mahmoud Saber,mahmoudsaber,ZED,"July 30, 2001",,,https://en.wikipedia.org/wiki/2026_FIFA_World_Cup_squads,1.0,canonical_squad_identity
egypt_marwan_attia,Egypt,Marwan Attia,marwanattia,Al Ahly,"August 1, 1998",,,https://en.wikipedia.org/wiki/2026_FIFA_World_Cup_squads,1.0,canonical_squad_identity
egypt_mohamed_abdelmonem,Egypt,Mohamed Abdelmonem,mohamedabdelmonem,Nice,"February 1, 1999",,,https://en.wikipedia.org/wiki/2026_FIFA_World_Cup_squads,1.0,canonical_squad_identity
egypt_mohamed_alaa,Egypt,Mohamed Alaa,mohamedalaa,El Gouna,"January 1, 1999",,,https://en.wikipedia.org/wiki/2026_FIFA_World_Cup_squads,1.0,canonical_squad_identity
egypt_mohamed_el_shenawy,Egypt,Mohamed El Shenawy,mohamedelshenawy,Al Ahly,"December 18, 1988",,,https://en.wikipedia.org/wiki/2026_FIFA_World_Cup_squads,1.0,canonical_squad_identity
egypt_mohamed_hany,Egypt,Mohamed Hany,mohamedhany,Al Ahly,"February 2, 1996",,,https://en.wikipedia.org/wiki/2026_FIFA_World_Cup_squads,1.0,canonical_squad_identity
egypt_mohamed_salah,Egypt,Mohamed Salah,mohamedsalah,Liverpool,"June 15, 1992",,,https://en.wikipedia.org/wiki/2026_FIFA_World_Cup_squads,1.0,canonical_squad_identity
egypt_mohanad_lasheen,Egypt,Mohanad Lasheen,mohanadlasheen,Pyramids,"May 29, 1996",,,https://en.wikipedia.org/wiki/2026_FIFA_World_Cup_squads,1.0,canonical_squad_identity
egypt_mostafa_shobeir,Egypt,Mostafa Shobeir,mostafashobeir,Al Ahly,"May 15, 2000",,,https://en.wikipedia.org/wiki/2026_FIFA_World_Cup_squads,1.0,canonical_squad_identity
egypt_mostafa_ziko,Egypt,Mostafa Ziko,mostafaziko,Pyramids,"April 27, 1997",,,https://en.wikipedia.org/wiki/2026_FIFA_World_Cup_squads,1.0,canonical_squad_identity
egypt_nabil_emad,Egypt,Nabil Emad,nabilemad,Al-Najma,"April 6, 1996",,,https://en.wikipedia.org/wiki/2026_FIFA_World_Cup_squads,1.0,canonical_squad_identity
egypt_omar_marmoush,Egypt,Omar Marmoush,omarmarmoush,Manchester City,"February 7, 1999",,,https://en.wikipedia.org/wiki/2026_FIFA_World_Cup_squads,1.0,canonical_squad_identity
egypt_ramy_rabia,Egypt,Ramy Rabia,ramyrabia,Al Ain,"May 20, 1993",,,https://en.wikipedia.org/wiki/2026_FIFA_World_Cup_squads,1.0,canonical_squad_identity
egypt_tarek_alaa,Egypt,Tarek Alaa,tarekalaa,ZED,"January 5, 2002",,,https://en.wikipedia.org/wiki/2026_FIFA_World_Cup_squads,1.0,canonical_squad_identity
egypt_trezeguet,Egypt,Trézéguet,trezeguet,Al Ahly,"October 1, 1994",,,https://en.wikipedia.org/wiki/2026_FIFA_World_Cup_squads,1.0,canonical_squad_identity
egypt_yasser_ibrahim,Egypt,Yasser Ibrahim,yasseribrahim,Al Ahly,"February 10, 1993",,,https://en.wikipedia.org/wiki/2026_FIFA_World_Cup_squads,1.0,canonical_squad_identity
egypt_zizo,Egypt,Zizo,zizo,Al Ahly,"January 10, 1996",,,https://en.wikipedia.org/wiki/2026_FIFA_World_Cup_squads,1.0,canonical_squad_identity
england_anthony_gordon,England,Anthony Gordon,anthonygordon,Newcastle United,"February 24, 2001",,,https://en.wikipedia.org/wiki/2026_FIFA_World_Cup_squads,1.0,canonical_squad_identity
england_bukayo_saka,England,Bukayo Saka,bukayosaka,Arsenal,"September 5, 2001",,,https://en.wikipedia.org/wiki/2026_FIFA_World_Cup_squads,1.0,canonical_squad_identity
england_dan_burn,England,Dan Burn,danburn,Newcastle United,"May 9, 1992",,,https://en.wikipedia.org/wiki/2026_FIFA_World_Cup_squads,1.0,canonical_squad_identity
england_dean_henderson,England,Dean Henderson,deanhenderson,Crystal Palace,"March 12, 1997",,,https://en.wikipedia.org/wiki/2026_FIFA_World_Cup_squads,1.0,canonical_squad_identity
england_declan_rice,England,Declan Rice,declanrice,Arsenal,"January 14, 1999",,,https://en.wikipedia.org/wiki/2026_FIFA_World_Cup_squads,1.0,canonical_squad_identity
england_djed_spence,England,Djed Spence,djedspence,Tottenham Hotspur,"August 9, 2000",,,https://en.wikipedia.org/wiki/2026_FIFA_World_Cup_squads,1.0,canonical_squad_identity
england_eberechi_eze,England,Eberechi Eze,eberechieze,Arsenal,"June 29, 1998",,,https://en.wikipedia.org/wiki/2026_FIFA_World_Cup_squads,1.0,canonical_squad_identity
england_elliot_anderson,England,Elliot Anderson,elliotanderson,Nottingham Forest,"November 6, 2002",,,https://en.wikipedia.org/wiki/2026_FIFA_World_Cup_squads,1.0,canonical_squad_identity
england_ezri_konsa,England,Ezri Konsa,ezrikonsa,Aston Villa,"October 23, 1997",,,https://en.wikipedia.org/wiki/2026_FIFA_World_Cup_squads,1.0,canonical_squad_identity
england_harry_kane,England,Harry Kane,harrykane,Bayern Munich,"July 28, 1993",,,https://en.wikipedia.org/wiki/2026_FIFA_World_Cup_squads,1.0,canonical_squad_identity
england_ivan_toney,England,Ivan Toney,ivantoney,Al-Ahli,"March 16, 1996",,,https://en.wikipedia.org/wiki/2026_FIFA_World_Cup_squads,1.0,canonical_squad_identity
england_james_trafford,England,James Trafford,jamestrafford,Manchester City,"October 10, 2002",,,https://en.wikipedia.org/wiki/2026_FIFA_World_Cup_squads,1.0,canonical_squad_identity
england_jarell_quansah,England,Jarell Quansah,jarellquansah,Bayer Leverkusen,"January 29, 2003",,,https://en.wikipedia.org/wiki/2026_FIFA_World_Cup_squads,1.0,canonical_squad_identity
england_john_stones,England,John Stones,johnstones,Manchester City,"May 28, 1994",,,https://en.wikipedia.org/wiki/2026_FIFA_World_Cup_squads,1.0,canonical_squad_identity
england_jordan_henderson,England,Jordan Henderson,jordanhenderson,Brentford,"June 17, 1990",,,https://en.wikipedia.org/wiki/2026_FIFA_World_Cup_squads,1.0,canonical_squad_identity
england_jordan_pickford,England,Jordan Pickford,jordanpickford,Everton,"March 7, 1994",,,https://en.wikipedia.org/wiki/2026_FIFA_World_Cup_squads,1.0,canonical_squad_identity
england_jude_bellingham,England,Jude Bellingham,judebellingham,Real Madrid,"June 29, 2003",,,https://en.wikipedia.org/wiki/2026_FIFA_World_Cup_squads,1.0,canonical_squad_identity
england_kobbie_mainoo,England,Kobbie Mainoo,kobbiemainoo,Manchester United,"April 19, 2005",,,https://en.wikipedia.org/wiki/2026_FIFA_World_Cup_squads,1.0,canonical_squad_identity
england_marc_guehi,England,Marc Guéhi,marcguehi,Manchester City,"July 13, 2000",,,https://en.wikipedia.org/wiki/2026_FIFA_World_Cup_squads,1.0,canonical_squad_identity
england_marcus_rashford,England,Marcus Rashford,marcusrashford,Barcelona,"October 31, 1997",,,https://en.wikipedia.org/wiki/2026_FIFA_World_Cup_squads,1.0,canonical_squad_identity
england_morgan_rogers,England,Morgan Rogers,morganrogers,Aston Villa,"July 26, 2002",,,https://en.wikipedia.org/wiki/2026_FIFA_World_Cup_squads,1.0,canonical_squad_identity
england_nico_o_reilly,England,Nico O'Reilly,nicooreilly,Manchester City,"March 21, 2005",,,https://en.wikipedia.org/wiki/2026_FIFA_World_Cup_squads,1.0,canonical_squad_identity
england_noni_madueke,England,Noni Madueke,nonimadueke,Arsenal,"March 10, 2002",,,https://en.wikipedia.org/wiki/2026_FIFA_World_Cup_squads,1.0,canonical_squad_identity
england_ollie_watkins,England,Ollie Watkins,olliewatkins,Aston Villa,"December 30, 1995",,,https://en.wikipedia.org/wiki/2026_FIFA_World_Cup_squads,1.0,canonical_squad_identity
england_reece_james,England,Reece James,reecejames,Chelsea,"December 8, 1999",,,https://en.wikipedia.org/wiki/2026_FIFA_World_Cup_squads,1.0,canonical_squad_identity
england_tino_livramento,England,Tino Livramento,tinolivramento,Newcastle United,"November 12, 2002",,,https://en.wikipedia.org/wiki/2026_FIFA_World_Cup_squads,1.0,canonical_squad_identity
france_adrien_rabiot,France,Adrien Rabiot,adrienrabiot,Milan,"April 3, 1995",,,https://en.wikipedia.org/wiki/2026_FIFA_World_Cup_squads,1.0,canonical_squad_identity
france_aurelien_tchouameni,France,Aurélien Tchouaméni,aurelientchouameni,Real Madrid,"January 27, 2000",,,https://en.wikipedia.org/wiki/2026_FIFA_World_Cup_squads,1.0,canonical_squad_identity
france_bradley_barcola,France,Bradley Barcola,bradleybarcola,Paris Saint-Germain,"September 2, 2002",,,https://en.wikipedia.org/wiki/2026_FIFA_World_Cup_squads,1.0,canonical_squad_identity
france_brice_samba,France,Brice Samba,bricesamba,Rennes,"April 25, 1994",,,https://en.wikipedia.org/wiki/2026_FIFA_World_Cup_squads,1.0,canonical_squad_identity
france_dayot_upamecano,France,Dayot Upamecano,dayotupamecano,Bayern Munich,"October 27, 1998",,,https://en.wikipedia.org/wiki/2026_FIFA_World_Cup_squads,1.0,canonical_squad_identity
france_desire_doue,France,Désiré Doué,desiredoue,Paris Saint-Germain,"June 3, 2005",,,https://en.wikipedia.org/wiki/2026_FIFA_World_Cup_squads,1.0,canonical_squad_identity
france_ibrahima_konate,France,Ibrahima Konaté,ibrahimakonate,Liverpool,"May 25, 1999",,,https://en.wikipedia.org/wiki/2026_FIFA_World_Cup_squads,1.0,canonical_squad_identity
france_jean_philippe_mateta,France,Jean-Philippe Mateta,jeanphilippemateta,Crystal Palace,"June 28, 1997",,,https://en.wikipedia.org/wiki/2026_FIFA_World_Cup_squads,1.0,canonical_squad_identity
france_jules_kounde,France,Jules Koundé,juleskounde,Barcelona,"November 12, 1998",,,https://en.wikipedia.org/wiki/2026_FIFA_World_Cup_squads,1.0,canonical_squad_identity
france_kylian_mbappe,France,Kylian Mbappé,kylianmbappe,Real Madrid,"December 20, 1998",,,https://en.wikipedia.org/wiki/2026_FIFA_World_Cup_squads,1.0,canonical_squad_identity
france_lucas_digne,France,Lucas Digne,lucasdigne,Aston Villa,"July 20, 1993",,,https://en.wikipedia.org/wiki/2026_FIFA_World_Cup_squads,1.0,canonical_squad_identity
france_lucas_hernandez,France,Lucas Hernandez,lucashernandez,Paris Saint-Germain,"February 14, 1996",,,https://en.wikipedia.org/wiki/2026_FIFA_World_Cup_squads,1.0,canonical_squad_identity
france_maghnes_akliouche,France,Maghnes Akliouche,maghnesakliouche,Monaco,"February 25, 2002",,,https://en.wikipedia.org/wiki/2026_FIFA_World_Cup_squads,1.0,canonical_squad_identity
france_malo_gusto,France,Malo Gusto,malogusto,Chelsea,"May 19, 2003",,,https://en.wikipedia.org/wiki/2026_FIFA_World_Cup_squads,1.0,canonical_squad_identity
france_manu_kone,France,Manu Koné,manukone,Roma,"May 17, 2001",,,https://en.wikipedia.org/wiki/2026_FIFA_World_Cup_squads,1.0,canonical_squad_identity
france_marcus_thuram,France,Marcus Thuram,marcusthuram,Inter Milan,"August 6, 1997",,,https://en.wikipedia.org/wiki/2026_FIFA_World_Cup_squads,1.0,canonical_squad_identity
france_maxence_lacroix,France,Maxence Lacroix,maxencelacroix,Crystal Palace,"April 6, 2000",,,https://en.wikipedia.org/wiki/2026_FIFA_World_Cup_squads,1.0,canonical_squad_identity
france_michael_olise,France,Michael Olise,michaelolise,Bayern Munich,"December 12, 2001",,,https://en.wikipedia.org/wiki/2026_FIFA_World_Cup_squads,1.0,canonical_squad_identity
france_mike_maignan,France,Mike Maignan,mikemaignan,Milan,"July 3, 1995",,,https://en.wikipedia.org/wiki/2026_FIFA_World_Cup_squads,1.0,canonical_squad_identity
france_n_golo_kante,France,N'Golo Kanté,ngolokante,Fenerbahçe,"March 29, 1991",,,https://en.wikipedia.org/wiki/2026_FIFA_World_Cup_squads,1.0,canonical_squad_identity
france_ousmane_dembele,France,Ousmane Dembélé,ousmanedembele,Paris Saint-Germain,"May 15, 1997",,,https://en.wikipedia.org/wiki/2026_FIFA_World_Cup_squads,1.0,canonical_squad_identity
france_rayan_cherki,France,Rayan Cherki,rayancherki,Manchester City,"August 17, 2003",,,https://en.wikipedia.org/wiki/2026_FIFA_World_Cup_squads,1.0,canonical_squad_identity
france_robin_risser,France,Robin Risser,robinrisser,Lens,"December 2, 2004",,,https://en.wikipedia.org/wiki/2026_FIFA_World_Cup_squads,1.0,canonical_squad_identity
france_theo_hernandez,France,Théo Hernandez,theohernandez,Al-Hilal,"October 6, 1997",,,https://en.wikipedia.org/wiki/2026_FIFA_World_Cup_squads,1.0,canonical_squad_identity
france_warren_zaire_emery,France,Warren Zaïre-Emery,warrenzaireemery,Paris Saint-Germain,"March 8, 2006",,,https://en.wikipedia.org/wiki/2026_FIFA_World_Cup_squads,1.0,canonical_squad_identity
france_william_saliba,France,William Saliba,williamsaliba,Arsenal,"March 24, 2001",,,https://en.wikipedia.org/wiki/2026_FIFA_World_Cup_squads,1.0,canonical_squad_identity
germany_aleksandar_pavlovic,Germany,Aleksandar Pavlović,aleksandarpavlovic,Bayern Munich,"May 3, 2004",,,https://en.wikipedia.org/wiki/2026_FIFA_World_Cup_squads,1.0,canonical_squad_identity
germany_alexander_nubel,Germany,Alexander Nübel,alexandernubel,VfB Stuttgart,"September 30, 1996",,,https://en.wikipedia.org/wiki/2026_FIFA_World_Cup_squads,1.0,canonical_squad_identity
germany_angelo_stiller,Germany,Angelo Stiller,angelostiller,VfB Stuttgart,"April 4, 2001",,,https://en.wikipedia.org/wiki/2026_FIFA_World_Cup_squads,1.0,canonical_squad_identity
germany_antonio_rudiger,Germany,Antonio Rüdiger,antoniorudiger,Real Madrid,"March 3, 1993",,,https://en.wikipedia.org/wiki/2026_FIFA_World_Cup_squads,1.0,canonical_squad_identity
germany_david_raum,Germany,David Raum,davidraum,RB Leipzig,"April 22, 1998",,,https://en.wikipedia.org/wiki/2026_FIFA_World_Cup_squads,1.0,canonical_squad_identity
germany_deniz_undav,Germany,Deniz Undav,denizundav,VfB Stuttgart,"July 19, 1996",,,https://en.wikipedia.org/wiki/2026_FIFA_World_Cup_squads,1.0,canonical_squad_identity
germany_felix_nmecha,Germany,Felix Nmecha,felixnmecha,Borussia Dortmund,"October 10, 2000",,,https://en.wikipedia.org/wiki/2026_FIFA_World_Cup_squads,1.0,canonical_squad_identity
germany_florian_wirtz,Germany,Florian Wirtz,florianwirtz,Liverpool,"May 3, 2003",,,https://en.wikipedia.org/wiki/2026_FIFA_World_Cup_squads,1.0,canonical_squad_identity
germany_jamal_musiala,Germany,Jamal Musiala,jamalmusiala,Bayern Munich,"February 26, 2003",,,https://en.wikipedia.org/wiki/2026_FIFA_World_Cup_squads,1.0,canonical_squad_identity
germany_jamie_leweling,Germany,Jamie Leweling,jamieleweling,VfB Stuttgart,"February 26, 2001",,,https://en.wikipedia.org/wiki/2026_FIFA_World_Cup_squads,1.0,canonical_squad_identity
germany_jonathan_tah,Germany,Jonathan Tah,jonathantah,Bayern Munich,"February 11, 1996",,,https://en.wikipedia.org/wiki/2026_FIFA_World_Cup_squads,1.0,canonical_squad_identity
germany_joshua_kimmich,Germany,Joshua Kimmich,joshuakimmich,Bayern Munich,"February 8, 1995",,,https://en.wikipedia.org/wiki/2026_FIFA_World_Cup_squads,1.0,canonical_squad_identity
germany_kai_havertz,Germany,Kai Havertz,kaihavertz,Arsenal,"June 11, 1999",,,https://en.wikipedia.org/wiki/2026_FIFA_World_Cup_squads,1.0,canonical_squad_identity
germany_lennart_karl,Germany,Lennart Karl,lennartkarl,Bayern Munich,"February 22, 2008",,,https://en.wikipedia.org/wiki/2026_FIFA_World_Cup_squads,1.0,canonical_squad_identity
germany_leon_goretzka,Germany,Leon Goretzka,leongoretzka,Bayern Munich,"February 6, 1995",,,https://en.wikipedia.org/wiki/2026_FIFA_World_Cup_squads,1.0,canonical_squad_identity
germany_leroy_sane,Germany,Leroy Sané,leroysane,Galatasaray,"January 11, 1996",,,https://en.wikipedia.org/wiki/2026_FIFA_World_Cup_squads,1.0,canonical_squad_identity
germany_malick_thiaw,Germany,Malick Thiaw,malickthiaw,Newcastle United,"August 8, 2001",,,https://en.wikipedia.org/wiki/2026_FIFA_World_Cup_squads,1.0,canonical_squad_identity
germany_manuel_neuer,Germany,Manuel Neuer,manuelneuer,Bayern Munich,"March 27, 1986",,,https://en.wikipedia.org/wiki/2026_FIFA_World_Cup_squads,1.0,canonical_squad_identity
germany_maximilian_beier,Germany,Maximilian Beier,maximilianbeier,Borussia Dortmund,"October 17, 2002",,,https://en.wikipedia.org/wiki/2026_FIFA_World_Cup_squads,1.0,canonical_squad_identity
germany_nadiem_amiri,Germany,Nadiem Amiri,nadiemamiri,Mainz 05,"October 27, 1996",,,https://en.wikipedia.org/wiki/2026_FIFA_World_Cup_squads,1.0,canonical_squad_identity
germany_nathaniel_brown,Germany,Nathaniel Brown,nathanielbrown,Eintracht Frankfurt,"June 16, 2003",,,https://en.wikipedia.org/wiki/2026_FIFA_World_Cup_squads,1.0,canonical_squad_identity
germany_nick_woltemade,Germany,Nick Woltemade,nickwoltemade,Newcastle United,"February 14, 2002",,,https://en.wikipedia.org/wiki/2026_FIFA_World_Cup_squads,1.0,canonical_squad_identity
germany_nico_schlotterbeck,Germany,Nico Schlotterbeck,nicoschlotterbeck,Borussia Dortmund,"December 1, 1999",,,https://en.wikipedia.org/wiki/2026_FIFA_World_Cup_squads,1.0,canonical_squad_identity
germany_oliver_baumann,Germany,Oliver Baumann,oliverbaumann,TSG Hoffenheim,"June 2, 1990",,,https://en.wikipedia.org/wiki/2026_FIFA_World_Cup_squads,1.0,canonical_squad_identity
germany_pascal_gro,Germany,Pascal Groß,pascalgro,Brighton & Hove Albion,"June 15, 1991",,,https://en.wikipedia.org/wiki/2026_FIFA_World_Cup_squads,1.0,canonical_squad_identity
germany_waldemar_anton,Germany,Waldemar Anton,waldemaranton,Borussia Dortmund,"July 20, 1996",,,https://en.wikipedia.org/wiki/2026_FIFA_World_Cup_squads,1.0,canonical_squad_identity
ghana_abdul_fatawu,Ghana,Abdul Fatawu,abdulfatawu,Leicester City,"March 8, 2004",,,https://en.wikipedia.org/wiki/2026_FIFA_World_Cup_squads,1.0,canonical_squad_identity
ghana_abdul_mumin,Ghana,Abdul Mumin,abdulmumin,Rayo Vallecano,"June 6, 1998",,,https://en.wikipedia.org/wiki/2026_FIFA_World_Cup_squads,1.0,canonical_squad_identity
ghana_abdul_rahman_baba,Ghana,Abdul Rahman Baba,abdulrahmanbaba,PAOK,"July 2, 1994",,,https://en.wikipedia.org/wiki/2026_FIFA_World_Cup_squads,1.0,canonical_squad_identity
ghana_alidu_seidu,Ghana,Alidu Seidu,aliduseidu,Rennes,"June 4, 2000",,,https://en.wikipedia.org/wiki/2026_FIFA_World_Cup_squads,1.0,canonical_squad_identity
ghana_antoine_semenyo,Ghana,Antoine Semenyo,antoinesemenyo,Manchester City,"January 7, 2000",,,https://en.wikipedia.org/wiki/2026_FIFA_World_Cup_squads,1.0,canonical_squad_identity
ghana_augustine_boakye,Ghana,Augustine Boakye,augustineboakye,Saint-Étienne,"November 3, 2000",,,https://en.wikipedia.org/wiki/2026_FIFA_World_Cup_squads,1.0,canonical_squad_identity
ghana_benjamin_asare,Ghana,Benjamin Asare,benjaminasare,Hearts of Oak,"July 13, 1992",,,https://en.wikipedia.org/wiki/2026_FIFA_World_Cup_squads,1.0,canonical_squad_identity
ghana_brandon_thomas_asante,Ghana,Brandon Thomas-Asante,brandonthomasasante,Coventry City,"December 29, 1998",,,https://en.wikipedia.org/wiki/2026_FIFA_World_Cup_squads,1.0,canonical_squad_identity
ghana_caleb_yirenkyi,Ghana,Caleb Yirenkyi,calebyirenkyi,Nordsjælland,"January 15, 2006",,,https://en.wikipedia.org/wiki/2026_FIFA_World_Cup_squads,1.0,canonical_squad_identity
ghana_christopher_bonsu_baah,Ghana,Christopher Bonsu Baah,christopherbonsubaah,Al-Qadsiah,"December 14, 2004",,,https://en.wikipedia.org/wiki/2026_FIFA_World_Cup_squads,1.0,canonical_squad_identity
ghana_derrick_luckassen,Ghana,Derrick Luckassen,derrickluckassen,Pafos,"July 3, 1995",,,https://en.wikipedia.org/wiki/2026_FIFA_World_Cup_squads,1.0,canonical_squad_identity
ghana_elisha_owusu,Ghana,Elisha Owusu,elishaowusu,Auxerre,"November 7, 1997",,,https://en.wikipedia.org/wiki/2026_FIFA_World_Cup_squads,1.0,canonical_squad_identity
ghana_ernest_nuamah,Ghana,Ernest Nuamah,ernestnuamah,Lyon,"November 1, 2003",,,https://en.wikipedia.org/wiki/2026_FIFA_World_Cup_squads,1.0,canonical_squad_identity
ghana_gideon_mensah,Ghana,Gideon Mensah,gideonmensah,Auxerre,"July 18, 1998",,,https://en.wikipedia.org/wiki/2026_FIFA_World_Cup_squads,1.0,canonical_squad_identity
ghana_inaki_williams,Ghana,Iñaki Williams,inakiwilliams,Athletic Bilbao,"June 15, 1994",,,https://en.wikipedia.org/wiki/2026_FIFA_World_Cup_squads,1.0,canonical_squad_identity
ghana_jerome_opoku,Ghana,Jerome Opoku,jeromeopoku,İstanbul Başakşehir,"October 14, 1998",,,https://en.wikipedia.org/wiki/2026_FIFA_World_Cup_squads,1.0,canonical_squad_identity
ghana_jonas_adjetey,Ghana,Jonas Adjetey,jonasadjetey,VfL Wolfsburg,"December 13, 2003",,,https://en.wikipedia.org/wiki/2026_FIFA_World_Cup_squads,1.0,canonical_squad_identity
ghana_jordan_ayew,Ghana,Jordan Ayew,jordanayew,Leicester City,"September 11, 1991",,,https://en.wikipedia.org/wiki/2026_FIFA_World_Cup_squads,1.0,canonical_squad_identity
ghana_joseph_anang,Ghana,Joseph Anang,josephanang,St Patrick's Athletic,"June 8, 2000",,,https://en.wikipedia.org/wiki/2026_FIFA_World_Cup_squads,1.0,canonical_squad_identity
ghana_kamaldeen_sulemana,Ghana,Kamaldeen Sulemana,kamaldeensulemana,Atalanta,"February 15, 2002",,,https://en.wikipedia.org/wiki/2026_FIFA_World_Cup_squads,1.0,canonical_squad_identity
ghana_kojo_peprah_oppong,Ghana,Kojo Peprah Oppong,kojopeprahoppong,Nice,"June 4, 2004",,,https://en.wikipedia.org/wiki/2026_FIFA_World_Cup_squads,1.0,canonical_squad_identity
ghana_kwasi_sibo,Ghana,Kwasi Sibo,kwasisibo,Oviedo,"June 24, 1998",,,https://en.wikipedia.org/wiki/2026_FIFA_World_Cup_squads,1.0,canonical_squad_identity
ghana_lawrence_ati_zigi,Ghana,Lawrence Ati-Zigi,lawrenceatizigi,St. Gallen,"November 29, 1996",,,https://en.wikipedia.org/wiki/2026_FIFA_World_Cup_squads,1.0,canonical_squad_identity
ghana_marvin_senaya,Ghana,Marvin Senaya,marvinsenaya,Auxerre,"January 28, 2001",,,https://en.wikipedia.org/wiki/2026_FIFA_World_Cup_squads,1.0,canonical_squad_identity
ghana_prince_kwabena_adu,Ghana,Prince Kwabena Adu,princekwabenaadu,Viktoria Plzeň,"September 23, 2003",,,https://en.wikipedia.org/wiki/2026_FIFA_World_Cup_squads,1.0,canonical_squad_identity
ghana_thomas_partey,Ghana,Thomas Partey,thomaspartey,Villarreal,"June 13, 1993",,,https://en.wikipedia.org/wiki/2026_FIFA_World_Cup_squads,1.0,canonical_squad_identity
haiti_alexandre_pierre,Haiti,Alexandre Pierre,alexandrepierre,Sochaux,"February 25, 2001",,,https://en.wikipedia.org/wiki/2026_FIFA_World_Cup_squads,1.0,canonical_squad_identity
haiti_carl_sainte,Haiti,Carl Sainté,carlsainte,El Paso Locomotive FC,"August 9, 2002",,,https://en.wikipedia.org/wiki/2026_FIFA_World_Cup_squads,1.0,canonical_squad_identity
haiti_carlens_arcus,Haiti,Carlens Arcus,carlensarcus,Angers,"June 28, 1996",,,https://en.wikipedia.org/wiki/2026_FIFA_World_Cup_squads,1.0,canonical_squad_identity
haiti_danley_jean_jacques,Haiti,Danley Jean Jacques,danleyjeanjacques,Philadelphia Union,"May 20, 2000",,,https://en.wikipedia.org/wiki/2026_FIFA_World_Cup_squads,1.0,canonical_squad_identity
haiti_derrick_etienne_jr,Haiti,Derrick Etienne Jr.,derricketiennejr,Toronto FC,"November 25, 1996",,,https://en.wikipedia.org/wiki/2026_FIFA_World_Cup_squads,1.0,canonical_squad_identity
haiti_dominique_simon,Haiti,Dominique Simon,dominiquesimon,Tatran Prešov,"July 29, 2000",,,https://en.wikipedia.org/wiki/2026_FIFA_World_Cup_squads,1.0,canonical_squad_identity
haiti_duckens_nazon,Haiti,Duckens Nazon,duckensnazon,Esteghlal,"April 7, 1994",,,https://en.wikipedia.org/wiki/2026_FIFA_World_Cup_squads,1.0,canonical_squad_identity
haiti_duke_lacroix,Haiti,Duke Lacroix,dukelacroix,Colorado Springs Switchbacks FC,"October 14, 1993",,,https://en.wikipedia.org/wiki/2026_FIFA_World_Cup_squads,1.0,canonical_squad_identity
haiti_frantzdy_pierrot,Haiti,Frantzdy Pierrot,frantzdypierrot,Çaykur Rizespor,"March 29, 1995",,,https://en.wikipedia.org/wiki/2026_FIFA_World_Cup_squads,1.0,canonical_squad_identity
haiti_hannes_delcroix,Haiti,Hannes Delcroix,hannesdelcroix,Lugano,"February 28, 1999",,,https://en.wikipedia.org/wiki/2026_FIFA_World_Cup_squads,1.0,canonical_squad_identity
haiti_jean_kevin_duverne,Haiti,Jean-Kévin Duverne,jeankevinduverne,Gent,"July 12, 1997",,,https://en.wikipedia.org/wiki/2026_FIFA_World_Cup_squads,1.0,canonical_squad_identity
haiti_jean_ricner_bellegarde,Haiti,Jean-Ricner Bellegarde,jeanricnerbellegarde,Wolverhampton Wanderers,"June 27, 1998",,,https://en.wikipedia.org/wiki/2026_FIFA_World_Cup_squads,1.0,canonical_squad_identity
haiti_johny_placide,Haiti,Johny Placide,johnyplacide,Bastia,"January 29, 1988",,,https://en.wikipedia.org/wiki/2026_FIFA_World_Cup_squads,1.0,canonical_squad_identity
haiti_josue_casimir,Haiti,Josué Casimir,josuecasimir,Auxerre,"September 24, 2001",,,https://en.wikipedia.org/wiki/2026_FIFA_World_Cup_squads,1.0,canonical_squad_identity
haiti_josue_duverger,Haiti,Josué Duverger,josueduverger,Cosmos Koblenz,"April 27, 2000",,,https://en.wikipedia.org/wiki/2026_FIFA_World_Cup_squads,1.0,canonical_squad_identity
haiti_keeto_thermoncy,Haiti,Keeto Thermoncy,keetothermoncy,Young Boys,"March 29, 2006",,,https://en.wikipedia.org/wiki/2026_FIFA_World_Cup_squads,1.0,canonical_squad_identity
haiti_lenny_joseph,Haiti,Lenny Joseph,lennyjoseph,Ferencváros,"October 12, 2000",,,https://en.wikipedia.org/wiki/2026_FIFA_World_Cup_squads,1.0,canonical_squad_identity
haiti_leverton_pierre,Haiti,Leverton Pierre,levertonpierre,Vizela,"March 9, 1998",,,https://en.wikipedia.org/wiki/2026_FIFA_World_Cup_squads,1.0,canonical_squad_identity
haiti_louicius_deedson,Haiti,Louicius Deedson,louiciusdeedson,FC Dallas,"February 11, 2001",,,https://en.wikipedia.org/wiki/2026_FIFA_World_Cup_squads,1.0,canonical_squad_identity
haiti_martin_experience,Haiti,Martin Expérience,martinexperience,Nancy,"March 9, 1999",,,https://en.wikipedia.org/wiki/2026_FIFA_World_Cup_squads,1.0,canonical_squad_identity
haiti_ricardo_ade,Haiti,Ricardo Adé,ricardoade,LDU Quito,"May 21, 1990",,,https://en.wikipedia.org/wiki/2026_FIFA_World_Cup_squads,1.0,canonical_squad_identity
haiti_ruben_providence,Haiti,Ruben Providence,rubenprovidence,Almere City,"July 7, 2001",,,https://en.wikipedia.org/wiki/2026_FIFA_World_Cup_squads,1.0,canonical_squad_identity
haiti_wilguens_paugain,Haiti,Wilguens Paugain,wilguenspaugain,Zulte Waregem,"August 24, 2001",,,https://en.wikipedia.org/wiki/2026_FIFA_World_Cup_squads,1.0,canonical_squad_identity
haiti_wilson_isidor,Haiti,Wilson Isidor,wilsonisidor,Sunderland,"August 27, 2000",,,https://en.wikipedia.org/wiki/2026_FIFA_World_Cup_squads,1.0,canonical_squad_identity
haiti_woodensky_pierre,Haiti,Woodensky Pierre,woodenskypierre,Violette,"December 30, 2004",,,https://en.wikipedia.org/wiki/2026_FIFA_World_Cup_squads,1.0,canonical_squad_identity
haiti_yassin_fortune,Haiti,Yassin Fortuné,yassinfortune,Vizela,"January 30, 1999",,,https://en.wikipedia.org/wiki/2026_FIFA_World_Cup_squads,1.0,canonical_squad_identity
ir_iran_ali_alipour,IR Iran,Ali Alipour,alialipour,Persepolis,"November 11, 1995",,,https://en.wikipedia.org/wiki/2026_FIFA_World_Cup_squads,1.0,canonical_squad_identity
ir_iran_ali_nemati,IR Iran,Ali Nemati,alinemati,Foolad,"February 8, 1996",,,https://en.wikipedia.org/wiki/2026_FIFA_World_Cup_squads,1.0,canonical_squad_identity
ir_iran_alireza_beiranvand,IR Iran,Alireza Beiranvand,alirezabeiranvand,Tractor,"September 21, 1992",,,https://en.wikipedia.org/wiki/2026_FIFA_World_Cup_squads,1.0,canonical_squad_identity
ir_iran_alireza_jahanbakhsh,IR Iran,Alireza Jahanbakhsh,alirezajahanbakhsh,Dender,"August 11, 1993",,,https://en.wikipedia.org/wiki/2026_FIFA_World_Cup_squads,1.0,canonical_squad_identity
ir_iran_amirhossein_hosseinzadeh,IR Iran,Amirhossein Hosseinzadeh,amirhosseinhosseinzadeh,Tractor,"October 30, 2000",,,https://en.wikipedia.org/wiki/2026_FIFA_World_Cup_squads,1.0,canonical_squad_identity
ir_iran_amirmohammad_razzaghinia,IR Iran,Amirmohammad Razzaghinia,amirmohammadrazzaghinia,Esteghlal,"April 11, 2006",,,https://en.wikipedia.org/wiki/2026_FIFA_World_Cup_squads,1.0,canonical_squad_identity
ir_iran_aria_yousefi,IR Iran,Aria Yousefi,ariayousefi,Sepahan,"April 22, 2002",,,https://en.wikipedia.org/wiki/2026_FIFA_World_Cup_squads,1.0,canonical_squad_identity
ir_iran_danial_eiri,IR Iran,Danial Eiri,danialeiri,Malavan,"October 26, 2003",,,https://en.wikipedia.org/wiki/2026_FIFA_World_Cup_squads,1.0,canonical_squad_identity
ir_iran_dennis_eckert,IR Iran,Dennis Eckert,denniseckert,Standard Liège,"January 9, 1997",,,https://en.wikipedia.org/wiki/2026_FIFA_World_Cup_squads,1.0,canonical_squad_identity
ir_iran_ehsan_hajsafi,IR Iran,Ehsan Hajsafi,ehsanhajsafi,Sepahan,"February 25, 1990",,,https://en.wikipedia.org/wiki/2026_FIFA_World_Cup_squads,1.0,canonical_squad_identity
ir_iran_hossein_hosseini,IR Iran,Hossein Hosseini,hosseinhosseini,Sepahan,"June 30, 1992",,,https://en.wikipedia.org/wiki/2026_FIFA_World_Cup_squads,1.0,canonical_squad_identity
ir_iran_hossein_kanaanizadegan,IR Iran,Hossein Kanaanizadegan,hosseinkanaanizadegan,Persepolis,"March 23, 1994",,,https://en.wikipedia.org/wiki/2026_FIFA_World_Cup_squads,1.0,canonical_squad_identity
ir_iran_mehdi_ghayedi,IR Iran,Mehdi Ghayedi,mehdighayedi,Al Nasr,"December 5, 1998",,,https://en.wikipedia.org/wiki/2026_FIFA_World_Cup_squads,1.0,canonical_squad_identity
ir_iran_mehdi_taremi,IR Iran,Mehdi Taremi,mehditaremi,Olympiacos,"July 18, 1992",,,https://en.wikipedia.org/wiki/2026_FIFA_World_Cup_squads,1.0,canonical_squad_identity
ir_iran_mehdi_torabi,IR Iran,Mehdi Torabi,mehditorabi,Tractor,"September 10, 1994",,,https://en.wikipedia.org/wiki/2026_FIFA_World_Cup_squads,1.0,canonical_squad_identity
ir_iran_milad_mohammadi,IR Iran,Milad Mohammadi,miladmohammadi,Persepolis,"September 29, 1993",,,https://en.wikipedia.org/wiki/2026_FIFA_World_Cup_squads,1.0,canonical_squad_identity
ir_iran_mohammad_ghorbani,IR Iran,Mohammad Ghorbani,mohammadghorbani,Al Wahda,"October 7, 2001",,,https://en.wikipedia.org/wiki/2026_FIFA_World_Cup_squads,1.0,canonical_squad_identity
ir_iran_mohammad_mohebi,IR Iran,Mohammad Mohebi,mohammadmohebi,Rostov,"December 20, 1998",,,https://en.wikipedia.org/wiki/2026_FIFA_World_Cup_squads,1.0,canonical_squad_identity
ir_iran_payam_niazmand,IR Iran,Payam Niazmand,payamniazmand,Persepolis,"April 6, 1995",,,https://en.wikipedia.org/wiki/2026_FIFA_World_Cup_squads,1.0,canonical_squad_identity
ir_iran_ramin_rezaeian,IR Iran,Ramin Rezaeian,raminrezaeian,Foolad,"March 21, 1990",,,https://en.wikipedia.org/wiki/2026_FIFA_World_Cup_squads,1.0,canonical_squad_identity
ir_iran_rouzbeh_cheshmi,IR Iran,Rouzbeh Cheshmi,rouzbehcheshmi,Esteghlal,"July 24, 1993",,,https://en.wikipedia.org/wiki/2026_FIFA_World_Cup_squads,1.0,canonical_squad_identity
ir_iran_saeid_ezatolahi,IR Iran,Saeid Ezatolahi,saeidezatolahi,Shabab Al Ahli,"October 1, 1996",,,https://en.wikipedia.org/wiki/2026_FIFA_World_Cup_squads,1.0,canonical_squad_identity
ir_iran_saleh_hardani,IR Iran,Saleh Hardani,salehhardani,Esteghlal,"December 26, 1998",,,https://en.wikipedia.org/wiki/2026_FIFA_World_Cup_squads,1.0,canonical_squad_identity
ir_iran_saman_ghoddos,IR Iran,Saman Ghoddos,samanghoddos,Kalba,"September 6, 1993",,,https://en.wikipedia.org/wiki/2026_FIFA_World_Cup_squads,1.0,canonical_squad_identity
ir_iran_shahriyar_moghanlou,IR Iran,Shahriyar Moghanlou,shahriyarmoghanlou,Kalba,"December 21, 1994",,,https://en.wikipedia.org/wiki/2026_FIFA_World_Cup_squads,1.0,canonical_squad_identity
ir_iran_shojae_khalilzadeh,IR Iran,Shojae Khalilzadeh,shojaekhalilzadeh,Tractor,"May 14, 1989",,,https://en.wikipedia.org/wiki/2026_FIFA_World_Cup_squads,1.0,canonical_squad_identity
iraq_ahmed_basil,Iraq,Ahmed Basil,ahmedbasil,Al-Shorta,"August 19, 1996",,,https://en.wikipedia.org/wiki/2026_FIFA_World_Cup_squads,1.0,canonical_squad_identity
iraq_ahmed_qasem,Iraq,Ahmed Qasem,ahmedqasem,Nashville SC,"July 12, 2003",,,https://en.wikipedia.org/wiki/2026_FIFA_World_Cup_squads,1.0,canonical_squad_identity
iraq_ahmed_yahya,Iraq,Ahmed Yahya,ahmedyahya,Al-Shorta,"July 1, 1995",,,https://en.wikipedia.org/wiki/2026_FIFA_World_Cup_squads,1.0,canonical_squad_identity
iraq_aimar_sher,Iraq,Aimar Sher,aimarsher,Sarpsborg 08,"December 20, 2002",,,https://en.wikipedia.org/wiki/2026_FIFA_World_Cup_squads,1.0,canonical_squad_identity
iraq_akam_hashim,Iraq,Akam Hashim,akamhashim,Al-Zawraa,"August 16, 1998",,,https://en.wikipedia.org/wiki/2026_FIFA_World_Cup_squads,1.0,canonical_squad_identity
iraq_ali_al_hamadi,Iraq,Ali Al-Hamadi,alialhamadi,Luton Town,"March 1, 2002",,,https://en.wikipedia.org/wiki/2026_FIFA_World_Cup_squads,1.0,canonical_squad_identity
iraq_ali_jasim,Iraq,Ali Jasim,alijasim,Al-Najma,"January 20, 2004",,,https://en.wikipedia.org/wiki/2026_FIFA_World_Cup_squads,1.0,canonical_squad_identity
iraq_ali_yousif,Iraq,Ali Yousif,aliyousif,Al-Talaba,"January 19, 1996",,,https://en.wikipedia.org/wiki/2026_FIFA_World_Cup_squads,1.0,canonical_squad_identity
iraq_amir_al_ammari,Iraq,Amir Al-Ammari,amiralammari,Cracovia,"July 27, 1997",,,https://en.wikipedia.org/wiki/2026_FIFA_World_Cup_squads,1.0,canonical_squad_identity
iraq_aymen_hussein,Iraq,Aymen Hussein,aymenhussein,Al-Karma,"March 22, 1996",,,https://en.wikipedia.org/wiki/2026_FIFA_World_Cup_squads,1.0,canonical_squad_identity
iraq_fahad_talib,Iraq,Fahad Talib,fahadtalib,Al-Talaba,"October 21, 1994",,,https://en.wikipedia.org/wiki/2026_FIFA_World_Cup_squads,1.0,canonical_squad_identity
iraq_frans_putros,Iraq,Frans Putros,fransputros,Persib,"July 14, 1993",,,https://en.wikipedia.org/wiki/2026_FIFA_World_Cup_squads,1.0,canonical_squad_identity
iraq_hussein_ali,Iraq,Hussein Ali,husseinali,Pogoń Szczecin,"March 1, 2002",,,https://en.wikipedia.org/wiki/2026_FIFA_World_Cup_squads,1.0,canonical_squad_identity
iraq_ibrahim_bayesh,Iraq,Ibrahim Bayesh,ibrahimbayesh,Al Dhafra,"May 1, 2000",,,https://en.wikipedia.org/wiki/2026_FIFA_World_Cup_squads,1.0,canonical_squad_identity
iraq_jalal_hassan,Iraq,Jalal Hassan,jalalhassan,Al-Zawraa,"May 18, 1991",,,https://en.wikipedia.org/wiki/2026_FIFA_World_Cup_squads,1.0,canonical_squad_identity
iraq_kevin_yakob,Iraq,Kevin Yakob,kevinyakob,AGF,"October 10, 2000",,,https://en.wikipedia.org/wiki/2026_FIFA_World_Cup_squads,1.0,canonical_squad_identity
iraq_manaf_younis,Iraq,Manaf Younis,manafyounis,Al-Shorta,"November 16, 1996",,,https://en.wikipedia.org/wiki/2026_FIFA_World_Cup_squads,1.0,canonical_squad_identity
iraq_marko_farji,Iraq,Marko Farji,markofarji,Venezia,"March 16, 2004",,,https://en.wikipedia.org/wiki/2026_FIFA_World_Cup_squads,1.0,canonical_squad_identity
iraq_merchas_doski,Iraq,Merchas Doski,merchasdoski,Viktoria Plzeň,"December 7, 1999",,,https://en.wikipedia.org/wiki/2026_FIFA_World_Cup_squads,1.0,canonical_squad_identity
iraq_mohanad_ali,Iraq,Mohanad Ali,mohanadali,Dibba,"June 20, 2000",,,https://en.wikipedia.org/wiki/2026_FIFA_World_Cup_squads,1.0,canonical_squad_identity
iraq_mustafa_saadoon,Iraq,Mustafa Saadoon,mustafasaadoon,Al-Shorta,"May 25, 2001",,,https://en.wikipedia.org/wiki/2026_FIFA_World_Cup_squads,1.0,canonical_squad_identity
iraq_rebin_sulaka,Iraq,Rebin Sulaka,rebinsulaka,Port,"April 12, 1992",,,https://en.wikipedia.org/wiki/2026_FIFA_World_Cup_squads,1.0,canonical_squad_identity
iraq_youssef_amyn,Iraq,Youssef Amyn,youssefamyn,AEK Larnaca,"August 21, 2003",,,https://en.wikipedia.org/wiki/2026_FIFA_World_Cup_squads,1.0,canonical_squad_identity
iraq_zaid_ismail,Iraq,Zaid Ismail,zaidismail,Al-Talaba,"January 3, 2002",,,https://en.wikipedia.org/wiki/2026_FIFA_World_Cup_squads,1.0,canonical_squad_identity
iraq_zaid_tahseen,Iraq,Zaid Tahseen,zaidtahseen,Pakhtakor,"January 29, 2001",,,https://en.wikipedia.org/wiki/2026_FIFA_World_Cup_squads,1.0,canonical_squad_identity
iraq_zidane_iqbal,Iraq,Zidane Iqbal,zidaneiqbal,Utrecht,"April 27, 2003",,,https://en.wikipedia.org/wiki/2026_FIFA_World_Cup_squads,1.0,canonical_squad_identity
japan_ao_tanaka,Japan,Ao Tanaka,aotanaka,Leeds United,"September 10, 1998",,,https://en.wikipedia.org/wiki/2026_FIFA_World_Cup_squads,1.0,canonical_squad_identity
japan_ayase_ueda,Japan,Ayase Ueda,ayaseueda,Feyenoord,"August 28, 1998",,,https://en.wikipedia.org/wiki/2026_FIFA_World_Cup_squads,1.0,canonical_squad_identity
japan_ayumu_seko,Japan,Ayumu Seko,ayumuseko,Le Havre,"June 7, 2000",,,https://en.wikipedia.org/wiki/2026_FIFA_World_Cup_squads,1.0,canonical_squad_identity
japan_daichi_kamada,Japan,Daichi Kamada,daichikamada,Crystal Palace,"August 5, 1996",,,https://en.wikipedia.org/wiki/2026_FIFA_World_Cup_squads,1.0,canonical_squad_identity
japan_daizen_maeda,Japan,Daizen Maeda,daizenmaeda,Celtic,"October 20, 1997",,,https://en.wikipedia.org/wiki/2026_FIFA_World_Cup_squads,1.0,canonical_squad_identity
japan_hiroki_ito,Japan,Hiroki Itō,hirokiito,Bayern Munich,"May 12, 1999",,,https://en.wikipedia.org/wiki/2026_FIFA_World_Cup_squads,1.0,canonical_squad_identity
japan_junnosuke_suzuki,Japan,Junnosuke Suzuki,junnosukesuzuki,Copenhagen,"July 12, 2003",,,https://en.wikipedia.org/wiki/2026_FIFA_World_Cup_squads,1.0,canonical_squad_identity
japan_junya_ito,Japan,Junya Itō,junyaito,Genk,"March 9, 1993",,,https://en.wikipedia.org/wiki/2026_FIFA_World_Cup_squads,1.0,canonical_squad_identity
japan_kaishu_sano,Japan,Kaishū Sano,kaishusano,Mainz 05,"December 30, 2000",,,https://en.wikipedia.org/wiki/2026_FIFA_World_Cup_squads,1.0,canonical_squad_identity
japan_keisuke_goto,Japan,Keisuke Gotō,keisukegoto,Sint-Truiden,"June 3, 2005",,,https://en.wikipedia.org/wiki/2026_FIFA_World_Cup_squads,1.0,canonical_squad_identity
japan_keisuke_osako,Japan,Keisuke Ōsako,keisukeosako,Sanfrecce Hiroshima,"July 28, 1999",,,https://en.wikipedia.org/wiki/2026_FIFA_World_Cup_squads,1.0,canonical_squad_identity
japan_keito_nakamura,Japan,Keito Nakamura,keitonakamura,Reims,"July 28, 2000",,,https://en.wikipedia.org/wiki/2026_FIFA_World_Cup_squads,1.0,canonical_squad_identity
japan_kento_shiogai,Japan,Kento Shiogai,kentoshiogai,VfL Wolfsburg,"March 26, 2005",,,https://en.wikipedia.org/wiki/2026_FIFA_World_Cup_squads,1.0,canonical_squad_identity
japan_ko_itakura,Japan,Kō Itakura,koitakura,Ajax,"January 27, 1997",,,https://en.wikipedia.org/wiki/2026_FIFA_World_Cup_squads,1.0,canonical_squad_identity
japan_koki_ogawa,Japan,Kōki Ogawa,kokiogawa,NEC,"August 8, 1997",,,https://en.wikipedia.org/wiki/2026_FIFA_World_Cup_squads,1.0,canonical_squad_identity
japan_ritsu_doan,Japan,Ritsu Dōan,ritsudoan,Eintracht Frankfurt,"June 16, 1998",,,https://en.wikipedia.org/wiki/2026_FIFA_World_Cup_squads,1.0,canonical_squad_identity
japan_shogo_taniguchi,Japan,Shōgo Taniguchi,shogotaniguchi,Sint-Truiden,"July 15, 1991",,,https://en.wikipedia.org/wiki/2026_FIFA_World_Cup_squads,1.0,canonical_squad_identity
japan_takefusa_kubo,Japan,Takefusa Kubo,takefusakubo,Real Sociedad,"June 4, 2001",,,https://en.wikipedia.org/wiki/2026_FIFA_World_Cup_squads,1.0,canonical_squad_identity
japan_takehiro_tomiyasu,Japan,Takehiro Tomiyasu,takehirotomiyasu,Ajax,"November 5, 1998",,,https://en.wikipedia.org/wiki/2026_FIFA_World_Cup_squads,1.0,canonical_squad_identity
japan_tomoki_hayakawa,Japan,Tomoki Hayakawa,tomokihayakawa,Kashima Antlers,"March 3, 1999",,,https://en.wikipedia.org/wiki/2026_FIFA_World_Cup_squads,1.0,canonical_squad_identity
japan_tsuyoshi_watanabe,Japan,Tsuyoshi Watanabe,tsuyoshiwatanabe,Feyenoord,"February 5, 1997",,,https://en.wikipedia.org/wiki/2026_FIFA_World_Cup_squads,1.0,canonical_squad_identity
japan_wataru_endo,Japan,Wataru Endo,wataruendo,Liverpool,"February 9, 1993",,,https://en.wikipedia.org/wiki/2026_FIFA_World_Cup_squads,1.0,canonical_squad_identity
japan_yuito_suzuki,Japan,Yuito Suzuki,yuitosuzuki,SC Freiburg,"October 25, 2001",,,https://en.wikipedia.org/wiki/2026_FIFA_World_Cup_squads,1.0,canonical_squad_identity
japan_yukinari_sugawara,Japan,Yukinari Sugawara,yukinarisugawara,Werder Bremen,"June 28, 2000",,,https://en.wikipedia.org/wiki/2026_FIFA_World_Cup_squads,1.0,canonical_squad_identity
japan_yuto_nagatomo,Japan,Yūto Nagatomo,yutonagatomo,FC Tokyo,"September 12, 1986",,,https://en.wikipedia.org/wiki/2026_FIFA_World_Cup_squads,1.0,canonical_squad_identity
japan_zion_suzuki,Japan,Zion Suzuki,zionsuzuki,Parma,"August 21, 2002",,,https://en.wikipedia.org/wiki/2026_FIFA_World_Cup_squads,1.0,canonical_squad_identity
jordan_abdallah_al_fakhouri,Jordan,Abdallah Al-Fakhouri,abdallahalfakhouri,Al-Wehdat,"January 22, 2000",,,https://en.wikipedia.org/wiki/2026_FIFA_World_Cup_squads,1.0,canonical_squad_identity
jordan_abdallah_nasib,Jordan,Abdallah Nasib,abdallahnasib,Al-Zawraa,"February 25, 1994",,,https://en.wikipedia.org/wiki/2026_FIFA_World_Cup_squads,1.0,canonical_squad_identity
jordan_ali_azaizeh,Jordan,Ali Azaizeh,aliazaizeh,Al-Shabab,"April 13, 2004",,,https://en.wikipedia.org/wiki/2026_FIFA_World_Cup_squads,1.0,canonical_squad_identity
jordan_ali_olwan,Jordan,Ali Olwan,aliolwan,Al-Sailiya,"March 26, 2000",,,https://en.wikipedia.org/wiki/2026_FIFA_World_Cup_squads,1.0,canonical_squad_identity
jordan_amer_jamous,Jordan,Amer Jamous,amerjamous,Al-Zawraa,"July 3, 2002",,,https://en.wikipedia.org/wiki/2026_FIFA_World_Cup_squads,1.0,canonical_squad_identity
jordan_anas_badawi,Jordan,Anas Badawi,anasbadawi,Al-Faisaly,"September 13, 1997",,,https://en.wikipedia.org/wiki/2026_FIFA_World_Cup_squads,1.0,canonical_squad_identity
jordan_husam_abu_dahab,Jordan,Husam Abu Dahab,husamabudahab,Al-Faisaly,"May 13, 2000",,,https://en.wikipedia.org/wiki/2026_FIFA_World_Cup_squads,1.0,canonical_squad_identity
jordan_ibrahim_sabra,Jordan,Ibrahim Sabra,ibrahimsabra,Lokomotiva Zagreb,"February 1, 2006",,,https://en.wikipedia.org/wiki/2026_FIFA_World_Cup_squads,1.0,canonical_squad_identity
jordan_ibrahim_sadeh,Jordan,Ibrahim Sadeh,ibrahimsadeh,Al-Karma,"April 27, 2000",,,https://en.wikipedia.org/wiki/2026_FIFA_World_Cup_squads,1.0,canonical_squad_identity
jordan_ihsan_haddad,Jordan,Ihsan Haddad,ihsanhaddad,Al-Hussein,"February 5, 1994",,,https://en.wikipedia.org/wiki/2026_FIFA_World_Cup_squads,1.0,canonical_squad_identity
jordan_mahmoud_al_mardi,Jordan,Mahmoud Al-Mardi,mahmoudalmardi,Al-Hussein,"October 6, 1993",,,https://en.wikipedia.org/wiki/2026_FIFA_World_Cup_squads,1.0,canonical_squad_identity
jordan_mo_abualnadi,Jordan,Mo Abualnadi,moabualnadi,Selangor,"February 8, 2001",,,https://en.wikipedia.org/wiki/2026_FIFA_World_Cup_squads,1.0,canonical_squad_identity
jordan_mohammad_abu_hashish,Jordan,Mohammad Abu Hashish,mohammadabuhashish,Al-Karma,"May 9, 1995",,,https://en.wikipedia.org/wiki/2026_FIFA_World_Cup_squads,1.0,canonical_squad_identity
jordan_mohammad_abu_zrayq,Jordan,Mohammad Abu Zrayq,mohammadabuzrayq,Raja Casablanca,"December 30, 1997",,,https://en.wikipedia.org/wiki/2026_FIFA_World_Cup_squads,1.0,canonical_squad_identity
jordan_mohammad_al_dawoud,Jordan,Mohammad Al-Dawoud,mohammadaldawoud,Al-Wehdat,"April 12, 1992",,,https://en.wikipedia.org/wiki/2026_FIFA_World_Cup_squads,1.0,canonical_squad_identity
jordan_mohannad_abu_taha,Jordan,Mohannad Abu Taha,mohannadabutaha,Al-Quwa Al-Jawiya,"February 2, 2003",,,https://en.wikipedia.org/wiki/2026_FIFA_World_Cup_squads,1.0,canonical_squad_identity
jordan_musa_al_taamari,Jordan,Musa Al-Taamari,musaaltaamari,Rennes,"June 10, 1997",,,https://en.wikipedia.org/wiki/2026_FIFA_World_Cup_squads,1.0,canonical_squad_identity
jordan_nizar_al_rashdan,Jordan,Nizar Al-Rashdan,nizaralrashdan,Qatar SC,"March 23, 1999",,,https://en.wikipedia.org/wiki/2026_FIFA_World_Cup_squads,1.0,canonical_squad_identity
jordan_noor_al_rawabdeh,Jordan,Noor Al-Rawabdeh,nooralrawabdeh,Selangor,"February 24, 1997",,,https://en.wikipedia.org/wiki/2026_FIFA_World_Cup_squads,1.0,canonical_squad_identity
jordan_nour_bani_attiah,Jordan,Nour Bani Attiah,nourbaniattiah,Al-Faisaly,"January 25, 1993",,,https://en.wikipedia.org/wiki/2026_FIFA_World_Cup_squads,1.0,canonical_squad_identity
jordan_odeh_al_fakhouri,Jordan,Odeh Al-Fakhouri,odehalfakhouri,Pyramids,"November 22, 2005",,,https://en.wikipedia.org/wiki/2026_FIFA_World_Cup_squads,1.0,canonical_squad_identity
jordan_rajaei_ayed,Jordan,Rajaei Ayed,rajaeiayed,Al-Hussein,"July 25, 1993",,,https://en.wikipedia.org/wiki/2026_FIFA_World_Cup_squads,1.0,canonical_squad_identity
jordan_saed_al_rosan,Jordan,Saed Al-Rosan,saedalrosan,Al-Hussein,"February 1, 1997",,,https://en.wikipedia.org/wiki/2026_FIFA_World_Cup_squads,1.0,canonical_squad_identity
jordan_salim_obaid,Jordan,Salim Obaid,salimobaid,Al-Hussein,"January 17, 1992",,,https://en.wikipedia.org/wiki/2026_FIFA_World_Cup_squads,1.0,canonical_squad_identity
jordan_yazan_al_arab,Jordan,Yazan Al-Arab,yazanalarab,FC Seoul,"January 31, 1996",,,https://en.wikipedia.org/wiki/2026_FIFA_World_Cup_squads,1.0,canonical_squad_identity
jordan_yazeed_abulaila,Jordan,Yazeed Abulaila,yazeedabulaila,Al-Hussein,"January 8, 1993",,,https://en.wikipedia.org/wiki/2026_FIFA_World_Cup_squads,1.0,canonical_squad_identity
korea_republic_bae_jun_ho,Korea Republic,Bae Jun-ho,baejunho,Stoke City,"August 21, 2003",,,https://en.wikipedia.org/wiki/2026_FIFA_World_Cup_squads,1.0,canonical_squad_identity
korea_republic_cho_gue_sung,Korea Republic,Cho Gue-sung,choguesung,Midtjylland,"January 25, 1998",,,https://en.wikipedia.org/wiki/2026_FIFA_World_Cup_squads,1.0,canonical_squad_identity
korea_republic_cho_wi_je,Korea Republic,Cho Wi-je,chowije,Jeonbuk Hyundai Motors,"August 25, 2001",,,https://en.wikipedia.org/wiki/2026_FIFA_World_Cup_squads,1.0,canonical_squad_identity
korea_republic_eom_ji_sung,Korea Republic,Eom Ji-sung,eomjisung,Swansea City,"May 9, 2002",,,https://en.wikipedia.org/wiki/2026_FIFA_World_Cup_squads,1.0,canonical_squad_identity
korea_republic_hwang_hee_chan,Korea Republic,Hwang Hee-chan,hwangheechan,Wolverhampton Wanderers,"January 26, 1996",,,https://en.wikipedia.org/wiki/2026_FIFA_World_Cup_squads,1.0,canonical_squad_identity
korea_republic_hwang_in_beom,Korea Republic,Hwang In-beom,hwanginbeom,Feyenoord,"September 20, 1996",,,https://en.wikipedia.org/wiki/2026_FIFA_World_Cup_squads,1.0,canonical_squad_identity
korea_republic_jens_castrop,Korea Republic,Jens Castrop,jenscastrop,Borussia Mönchengladbach,"July 29, 2003",,,https://en.wikipedia.org/wiki/2026_FIFA_World_Cup_squads,1.0,canonical_squad_identity
korea_republic_jo_hyeon_woo,Korea Republic,Jo Hyeon-woo,johyeonwoo,Ulsan HD,"September 25, 1991",,,https://en.wikipedia.org/wiki/2026_FIFA_World_Cup_squads,1.0,canonical_squad_identity
korea_republic_kim_jin_gyu,Korea Republic,Kim Jin-gyu,kimjingyu,Jeonbuk Hyundai Motors,"February 24, 1997",,,https://en.wikipedia.org/wiki/2026_FIFA_World_Cup_squads,1.0,canonical_squad_identity
korea_republic_kim_min_jae,Korea Republic,Kim Min-jae,kimminjae,Bayern Munich,"November 15, 1996",,,https://en.wikipedia.org/wiki/2026_FIFA_World_Cup_squads,1.0,canonical_squad_identity
korea_republic_kim_moon_hwan,Korea Republic,Kim Moon-hwan,kimmoonhwan,Daejeon Hana Citizen,"August 1, 1995",,,https://en.wikipedia.org/wiki/2026_FIFA_World_Cup_squads,1.0,canonical_squad_identity
korea_republic_kim_seung_gyu,Korea Republic,Kim Seung-gyu,kimseunggyu,FC Tokyo,"September 30, 1990",,,https://en.wikipedia.org/wiki/2026_FIFA_World_Cup_squads,1.0,canonical_squad_identity
korea_republic_kim_tae_hyeon,Korea Republic,Kim Tae-hyeon,kimtaehyeon,Kashima Antlers,"September 17, 2000",,,https://en.wikipedia.org/wiki/2026_FIFA_World_Cup_squads,1.0,canonical_squad_identity
korea_republic_lee_dong_gyeong,Korea Republic,Lee Dong-gyeong,leedonggyeong,Ulsan HD,"September 20, 1997",,,https://en.wikipedia.org/wiki/2026_FIFA_World_Cup_squads,1.0,canonical_squad_identity
korea_republic_lee_gi_hyuk,Korea Republic,Lee Gi-hyuk,leegihyuk,Gangwon FC,"July 7, 2000",,,https://en.wikipedia.org/wiki/2026_FIFA_World_Cup_squads,1.0,canonical_squad_identity
korea_republic_lee_han_beom,Korea Republic,Lee Han-beom,leehanbeom,Midtjylland,"June 17, 2002",,,https://en.wikipedia.org/wiki/2026_FIFA_World_Cup_squads,1.0,canonical_squad_identity
korea_republic_lee_jae_sung,Korea Republic,Lee Jae-sung,leejaesung,Mainz 05,"August 10, 1992",,,https://en.wikipedia.org/wiki/2026_FIFA_World_Cup_squads,1.0,canonical_squad_identity
korea_republic_lee_kang_in,Korea Republic,Lee Kang-in,leekangin,Paris Saint-Germain,"February 19, 2001",,,https://en.wikipedia.org/wiki/2026_FIFA_World_Cup_squads,1.0,canonical_squad_identity
korea_republic_lee_tae_seok,Korea Republic,Lee Tae-seok,leetaeseok,Austria Wien,"July 28, 2002",,,https://en.wikipedia.org/wiki/2026_FIFA_World_Cup_squads,1.0,canonical_squad_identity
korea_republic_oh_hyeon_gyu,Korea Republic,Oh Hyeon-gyu,ohhyeongyu,Beşiktaş,"April 12, 2001",,,https://en.wikipedia.org/wiki/2026_FIFA_World_Cup_squads,1.0,canonical_squad_identity
korea_republic_paik_seung_ho,Korea Republic,Paik Seung-ho,paikseungho,Birmingham City,"March 17, 1997",,,https://en.wikipedia.org/wiki/2026_FIFA_World_Cup_squads,1.0,canonical_squad_identity
korea_republic_park_jin_seob,Korea Republic,Park Jin-seob,parkjinseob,Zhejiang,"October 23, 1995",,,https://en.wikipedia.org/wiki/2026_FIFA_World_Cup_squads,1.0,canonical_squad_identity
korea_republic_seol_young_woo,Korea Republic,Seol Young-woo,seolyoungwoo,Red Star Belgrade,"December 5, 1998",,,https://en.wikipedia.org/wiki/2026_FIFA_World_Cup_squads,1.0,canonical_squad_identity
korea_republic_son_heung_min,Korea Republic,Son Heung-min,sonheungmin,Los Angeles FC,"July 8, 1992",,,https://en.wikipedia.org/wiki/2026_FIFA_World_Cup_squads,1.0,canonical_squad_identity
korea_republic_song_bum_keun,Korea Republic,Song Bum-keun,songbumkeun,Jeonbuk Hyundai Motors,"October 15, 1997",,,https://en.wikipedia.org/wiki/2026_FIFA_World_Cup_squads,1.0,canonical_squad_identity
korea_republic_yang_hyun_jun,Korea Republic,Yang Hyun-jun,yanghyunjun,Celtic,"May 25, 2002",,,https://en.wikipedia.org/wiki/2026_FIFA_World_Cup_squads,1.0,canonical_squad_identity
mexico_alexis_vega,Mexico,Alexis Vega,alexisvega,Toluca,"November 25, 1997",,,https://en.wikipedia.org/wiki/2026_FIFA_World_Cup_squads,1.0,canonical_squad_identity
mexico_armando_gonzalez,Mexico,Armando González,armandogonzalez,Guadalajara,"April 20, 2003",,,https://en.wikipedia.org/wiki/2026_FIFA_World_Cup_squads,1.0,canonical_squad_identity
mexico_brian_gutierrez,Mexico,Brian Gutiérrez,briangutierrez,Guadalajara,"June 17, 2003",,,https://en.wikipedia.org/wiki/2026_FIFA_World_Cup_squads,1.0,canonical_squad_identity
mexico_carlos_acevedo,Mexico,Carlos Acevedo,carlosacevedo,Santos Laguna,"April 19, 1996",,,https://en.wikipedia.org/wiki/2026_FIFA_World_Cup_squads,1.0,canonical_squad_identity
mexico_cesar_huerta,Mexico,César Huerta,cesarhuerta,Anderlecht,"December 3, 2000",,,https://en.wikipedia.org/wiki/2026_FIFA_World_Cup_squads,1.0,canonical_squad_identity
mexico_cesar_montes,Mexico,César Montes,cesarmontes,Lokomotiv Moscow,"February 24, 1997",,,https://en.wikipedia.org/wiki/2026_FIFA_World_Cup_squads,1.0,canonical_squad_identity
mexico_edson_alvarez,Mexico,Edson Álvarez,edsonalvarez,Fenerbahçe,"October 24, 1997",,,https://en.wikipedia.org/wiki/2026_FIFA_World_Cup_squads,1.0,canonical_squad_identity
mexico_gilberto_mora,Mexico,Gilberto Mora,gilbertomora,Tijuana,"October 14, 2008",,,https://en.wikipedia.org/wiki/2026_FIFA_World_Cup_squads,1.0,canonical_squad_identity
mexico_guillermo_martinez,Mexico,Guillermo Martínez,guillermomartinez,Pumas UNAM,"March 15, 1995",,,https://en.wikipedia.org/wiki/2026_FIFA_World_Cup_squads,1.0,canonical_squad_identity
mexico_guillermo_ochoa,Mexico,Guillermo Ochoa,guillermoochoa,AEL Limassol,"July 13, 1985",,,https://en.wikipedia.org/wiki/2026_FIFA_World_Cup_squads,1.0,canonical_squad_identity
mexico_israel_reyes,Mexico,Israel Reyes,israelreyes,América,"May 23, 2000",,,https://en.wikipedia.org/wiki/2026_FIFA_World_Cup_squads,1.0,canonical_squad_identity
mexico_jesus_gallardo,Mexico,Jesús Gallardo,jesusgallardo,Toluca,"August 15, 1994",,,https://en.wikipedia.org/wiki/2026_FIFA_World_Cup_squads,1.0,canonical_squad_identity
mexico_johan_vasquez,Mexico,Johan Vásquez,johanvasquez,Genoa,"October 22, 1998",,,https://en.wikipedia.org/wiki/2026_FIFA_World_Cup_squads,1.0,canonical_squad_identity
mexico_jorge_sanchez,Mexico,Jorge Sánchez,jorgesanchez,PAOK,"December 10, 1997",,,https://en.wikipedia.org/wiki/2026_FIFA_World_Cup_squads,1.0,canonical_squad_identity
mexico_julian_quinones,Mexico,Julián Quiñones,julianquinones,Al-Qadsiah,"March 24, 1997",,,https://en.wikipedia.org/wiki/2026_FIFA_World_Cup_squads,1.0,canonical_squad_identity
mexico_luis_chavez,Mexico,Luis Chávez,luischavez,Dynamo Moscow,"January 15, 1996",,,https://en.wikipedia.org/wiki/2026_FIFA_World_Cup_squads,1.0,canonical_squad_identity
mexico_luis_romo,Mexico,Luis Romo,luisromo,Guadalajara,"June 5, 1995",,,https://en.wikipedia.org/wiki/2026_FIFA_World_Cup_squads,1.0,canonical_squad_identity
mexico_mateo_chavez,Mexico,Mateo Chávez,mateochavez,AZ,"May 12, 2004",,,https://en.wikipedia.org/wiki/2026_FIFA_World_Cup_squads,1.0,canonical_squad_identity
mexico_obed_vargas,Mexico,Obed Vargas,obedvargas,Atlético Madrid,"August 5, 2005",,,https://en.wikipedia.org/wiki/2026_FIFA_World_Cup_squads,1.0,canonical_squad_identity
mexico_orbelin_pineda,Mexico,Orbelín Pineda,orbelinpineda,AEK Athens,"March 24, 1996",,,https://en.wikipedia.org/wiki/2026_FIFA_World_Cup_squads,1.0,canonical_squad_identity
mexico_raul_jimenez,Mexico,Raúl Jiménez,rauljimenez,Fulham,"May 5, 1991",,,https://en.wikipedia.org/wiki/2026_FIFA_World_Cup_squads,1.0,canonical_squad_identity
mexico_raul_rangel,Mexico,Raúl Rangel,raulrangel,Guadalajara,"February 25, 2000",,,https://en.wikipedia.org/wiki/2026_FIFA_World_Cup_squads,1.0,canonical_squad_identity
mexico_roberto_alvarado,Mexico,Roberto Alvarado,robertoalvarado,Guadalajara,"September 7, 1998",,,https://en.wikipedia.org/wiki/2026_FIFA_World_Cup_squads,1.0,canonical_squad_identity
mexico_santiago_gimenez,Mexico,Santiago Giménez,santiagogimenez,Milan,"April 18, 2001",,,https://en.wikipedia.org/wiki/2026_FIFA_World_Cup_squads,1.0,canonical_squad_identity
mexico_alvaro_fidalgo,Mexico,Álvaro Fidalgo,alvarofidalgo,Real Betis,"April 9, 1997",,,https://en.wikipedia.org/wiki/2026_FIFA_World_Cup_squads,1.0,canonical_squad_identity
mexico_erik_lira,Mexico,Érik Lira,eriklira,Cruz Azul,"May 8, 2000",,,https://en.wikipedia.org/wiki/2026_FIFA_World_Cup_squads,1.0,canonical_squad_identity
morocco_abde_ezzalzouli,Morocco,Abde Ezzalzouli,abdeezzalzouli,Real Betis,"December 17, 2001",,,https://en.wikipedia.org/wiki/2026_FIFA_World_Cup_squads,1.0,canonical_squad_identity
morocco_achraf_hakimi,Morocco,Achraf Hakimi,achrafhakimi,Paris Saint-Germain,"November 4, 1998",,,https://en.wikipedia.org/wiki/2026_FIFA_World_Cup_squads,1.0,canonical_squad_identity
morocco_ahmed_reda_tagnaouti,Morocco,Ahmed Reda Tagnaouti,ahmedredatagnaouti,AS FAR,"April 5, 1996",,,https://en.wikipedia.org/wiki/2026_FIFA_World_Cup_squads,1.0,canonical_squad_identity
morocco_anass_salah_eddine,Morocco,Anass Salah-Eddine,anasssalaheddine,PSV Eindhoven,"January 18, 2002",,,https://en.wikipedia.org/wiki/2026_FIFA_World_Cup_squads,1.0,canonical_squad_identity
morocco_ayoub_el_kaabi,Morocco,Ayoub El Kaabi,ayoubelkaabi,Olympiacos,"June 25, 1993",,,https://en.wikipedia.org/wiki/2026_FIFA_World_Cup_squads,1.0,canonical_squad_identity
morocco_ayoube_amaimouni,Morocco,Ayoube Amaimouni,ayoubeamaimouni,Eintracht Frankfurt,"November 30, 2004",,,https://en.wikipedia.org/wiki/2026_FIFA_World_Cup_squads,1.0,canonical_squad_identity
morocco_ayyoub_bouaddi,Morocco,Ayyoub Bouaddi,ayyoubbouaddi,Lille,"October 2, 2007",,,https://en.wikipedia.org/wiki/2026_FIFA_World_Cup_squads,1.0,canonical_squad_identity
morocco_azzedine_ounahi,Morocco,Azzedine Ounahi,azzedineounahi,Girona,"April 19, 2000",,,https://en.wikipedia.org/wiki/2026_FIFA_World_Cup_squads,1.0,canonical_squad_identity
morocco_bilal_el_khannouss,Morocco,Bilal El Khannouss,bilalelkhannouss,VfB Stuttgart,"May 10, 2004",,,https://en.wikipedia.org/wiki/2026_FIFA_World_Cup_squads,1.0,canonical_squad_identity
morocco_brahim_diaz,Morocco,Brahim Díaz,brahimdiaz,Real Madrid,"August 3, 1999",,,https://en.wikipedia.org/wiki/2026_FIFA_World_Cup_squads,1.0,canonical_squad_identity
morocco_chadi_riad,Morocco,Chadi Riad,chadiriad,Crystal Palace,"June 17, 2003",,,https://en.wikipedia.org/wiki/2026_FIFA_World_Cup_squads,1.0,canonical_squad_identity
morocco_chemsdine_talbi,Morocco,Chemsdine Talbi,chemsdinetalbi,Sunderland,"May 9, 2005",,,https://en.wikipedia.org/wiki/2026_FIFA_World_Cup_squads,1.0,canonical_squad_identity
morocco_gessime_yassine,Morocco,Gessime Yassine,gessimeyassine,Strasbourg,"November 22, 2005",,,https://en.wikipedia.org/wiki/2026_FIFA_World_Cup_squads,1.0,canonical_squad_identity
morocco_ismael_saibari,Morocco,Ismael Saibari,ismaelsaibari,PSV Eindhoven,"January 28, 2001",,,https://en.wikipedia.org/wiki/2026_FIFA_World_Cup_squads,1.0,canonical_squad_identity
morocco_issa_diop,Morocco,Issa Diop,issadiop,Fulham,"January 9, 1997",,,https://en.wikipedia.org/wiki/2026_FIFA_World_Cup_squads,1.0,canonical_squad_identity
morocco_munir_mohamedi,Morocco,Munir Mohamedi,munirmohamedi,RS Berkane,"May 10, 1989",,,https://en.wikipedia.org/wiki/2026_FIFA_World_Cup_squads,1.0,canonical_squad_identity
morocco_nayef_aguerd,Morocco,Nayef Aguerd,nayefaguerd,Marseille,"March 30, 1996",,,https://en.wikipedia.org/wiki/2026_FIFA_World_Cup_squads,1.0,canonical_squad_identity
morocco_neil_el_aynaoui,Morocco,Neil El Aynaoui,neilelaynaoui,Roma,"July 2, 2001",,,https://en.wikipedia.org/wiki/2026_FIFA_World_Cup_squads,1.0,canonical_squad_identity
morocco_noussair_mazraoui,Morocco,Noussair Mazraoui,noussairmazraoui,Manchester United,"November 14, 1997",,,https://en.wikipedia.org/wiki/2026_FIFA_World_Cup_squads,1.0,canonical_squad_identity
morocco_redouane_halhal,Morocco,Redouane Halhal,redouanehalhal,Mechelen,"March 5, 2003",,,https://en.wikipedia.org/wiki/2026_FIFA_World_Cup_squads,1.0,canonical_squad_identity
morocco_samir_el_mourabet,Morocco,Samir El Mourabet,samirelmourabet,Strasbourg,"October 6, 2005",,,https://en.wikipedia.org/wiki/2026_FIFA_World_Cup_squads,1.0,canonical_squad_identity
morocco_sofyan_amrabat,Morocco,Sofyan Amrabat,sofyanamrabat,Real Betis,"August 21, 1996",,,https://en.wikipedia.org/wiki/2026_FIFA_World_Cup_squads,1.0,canonical_squad_identity
morocco_soufiane_rahimi,Morocco,Soufiane Rahimi,soufianerahimi,Al Ain,"June 2, 1996",,,https://en.wikipedia.org/wiki/2026_FIFA_World_Cup_squads,1.0,canonical_squad_identity
morocco_yassine_bounou,Morocco,Yassine Bounou,yassinebounou,Al-Hilal,"April 5, 1991",,,https://en.wikipedia.org/wiki/2026_FIFA_World_Cup_squads,1.0,canonical_squad_identity
morocco_youssef_belammari,Morocco,Youssef Belammari,youssefbelammari,Al Ahly,"September 20, 1998",,,https://en.wikipedia.org/wiki/2026_FIFA_World_Cup_squads,1.0,canonical_squad_identity
morocco_zakaria_el_ouahdi,Morocco,Zakaria El Ouahdi,zakariaelouahdi,Genk,"December 31, 2001",,,https://en.wikipedia.org/wiki/2026_FIFA_World_Cup_squads,1.0,canonical_squad_identity
netherlands_bart_verbruggen,Netherlands,Bart Verbruggen,bartverbruggen,Brighton & Hove Albion,"August 18, 2002",,,https://en.wikipedia.org/wiki/2026_FIFA_World_Cup_squads,1.0,canonical_squad_identity
netherlands_brian_brobbey,Netherlands,Brian Brobbey,brianbrobbey,Sunderland,"February 1, 2002",,,https://en.wikipedia.org/wiki/2026_FIFA_World_Cup_squads,1.0,canonical_squad_identity
netherlands_cody_gakpo,Netherlands,Cody Gakpo,codygakpo,Liverpool,"May 7, 1999",,,https://en.wikipedia.org/wiki/2026_FIFA_World_Cup_squads,1.0,canonical_squad_identity
netherlands_crysencio_summerville,Netherlands,Crysencio Summerville,crysenciosummerville,West Ham United,"October 30, 2001",,,https://en.wikipedia.org/wiki/2026_FIFA_World_Cup_squads,1.0,canonical_squad_identity
netherlands_denzel_dumfries,Netherlands,Denzel Dumfries,denzeldumfries,Inter Milan,"April 18, 1996",,,https://en.wikipedia.org/wiki/2026_FIFA_World_Cup_squads,1.0,canonical_squad_identity
netherlands_donyell_malen,Netherlands,Donyell Malen,donyellmalen,Roma,"January 19, 1999",,,https://en.wikipedia.org/wiki/2026_FIFA_World_Cup_squads,1.0,canonical_squad_identity
netherlands_frenkie_de_jong,Netherlands,Frenkie de Jong,frenkiedejong,Barcelona,"May 12, 1997",,,https://en.wikipedia.org/wiki/2026_FIFA_World_Cup_squads,1.0,canonical_squad_identity
netherlands_guus_til,Netherlands,Guus Til,guustil,PSV Eindhoven,"December 22, 1997",,,https://en.wikipedia.org/wiki/2026_FIFA_World_Cup_squads,1.0,canonical_squad_identity
netherlands_jan_paul_van_hecke,Netherlands,Jan Paul van Hecke,janpaulvanhecke,Brighton & Hove Albion,"June 8, 2000",,,https://en.wikipedia.org/wiki/2026_FIFA_World_Cup_squads,1.0,canonical_squad_identity
netherlands_jorrel_hato,Netherlands,Jorrel Hato,jorrelhato,Chelsea,"March 7, 2006",,,https://en.wikipedia.org/wiki/2026_FIFA_World_Cup_squads,1.0,canonical_squad_identity
netherlands_jurrien_timber,Netherlands,Jurriën Timber,jurrientimber,Arsenal,"June 17, 2001",,,https://en.wikipedia.org/wiki/2026_FIFA_World_Cup_squads,1.0,canonical_squad_identity
netherlands_justin_kluivert,Netherlands,Justin Kluivert,justinkluivert,Bournemouth,"May 5, 1999",,,https://en.wikipedia.org/wiki/2026_FIFA_World_Cup_squads,1.0,canonical_squad_identity
netherlands_mark_flekken,Netherlands,Mark Flekken,markflekken,Bayer Leverkusen,"June 13, 1993",,,https://en.wikipedia.org/wiki/2026_FIFA_World_Cup_squads,1.0,canonical_squad_identity
netherlands_marten_de_roon,Netherlands,Marten de Roon,martenderoon,Atalanta,"March 29, 1991",,,https://en.wikipedia.org/wiki/2026_FIFA_World_Cup_squads,1.0,canonical_squad_identity
netherlands_mats_wieffer,Netherlands,Mats Wieffer,matswieffer,Brighton & Hove Albion,"November 16, 1999",,,https://en.wikipedia.org/wiki/2026_FIFA_World_Cup_squads,1.0,canonical_squad_identity
netherlands_memphis_depay,Netherlands,Memphis Depay,memphisdepay,Corinthians,"February 13, 1994",,,https://en.wikipedia.org/wiki/2026_FIFA_World_Cup_squads,1.0,canonical_squad_identity
netherlands_micky_van_de_ven,Netherlands,Micky van de Ven,mickyvandeven,Tottenham Hotspur,"April 19, 2001",,,https://en.wikipedia.org/wiki/2026_FIFA_World_Cup_squads,1.0,canonical_squad_identity
netherlands_nathan_ake,Netherlands,Nathan Aké,nathanake,Manchester City,"February 18, 1995",,,https://en.wikipedia.org/wiki/2026_FIFA_World_Cup_squads,1.0,canonical_squad_identity
netherlands_noa_lang,Netherlands,Noa Lang,noalang,Galatasaray,"June 17, 1999",,,https://en.wikipedia.org/wiki/2026_FIFA_World_Cup_squads,1.0,canonical_squad_identity
netherlands_quinten_timber,Netherlands,Quinten Timber,quintentimber,Marseille,"June 17, 2001",,,https://en.wikipedia.org/wiki/2026_FIFA_World_Cup_squads,1.0,canonical_squad_identity
netherlands_robin_roefs,Netherlands,Robin Roefs,robinroefs,Sunderland,"January 17, 2003",,,https://en.wikipedia.org/wiki/2026_FIFA_World_Cup_squads,1.0,canonical_squad_identity
netherlands_ryan_gravenberch,Netherlands,Ryan Gravenberch,ryangravenberch,Liverpool,"May 16, 2002",,,https://en.wikipedia.org/wiki/2026_FIFA_World_Cup_squads,1.0,canonical_squad_identity
netherlands_teun_koopmeiners,Netherlands,Teun Koopmeiners,teunkoopmeiners,Juventus,"February 28, 1998",,,https://en.wikipedia.org/wiki/2026_FIFA_World_Cup_squads,1.0,canonical_squad_identity
netherlands_tijjani_reijnders,Netherlands,Tijjani Reijnders,tijjanireijnders,Manchester City,"July 29, 1998",,,https://en.wikipedia.org/wiki/2026_FIFA_World_Cup_squads,1.0,canonical_squad_identity
netherlands_virgil_van_dijk,Netherlands,Virgil van Dijk,virgilvandijk,Liverpool,"July 8, 1991",,,https://en.wikipedia.org/wiki/2026_FIFA_World_Cup_squads,1.0,canonical_squad_identity
netherlands_wout_weghorst,Netherlands,Wout Weghorst,woutweghorst,Ajax,"August 7, 1992",,,https://en.wikipedia.org/wiki/2026_FIFA_World_Cup_squads,1.0,canonical_squad_identity
new_zealand_alex_paulsen,New Zealand,Alex Paulsen,alexpaulsen,Lechia Gdańsk,"July 4, 2002",,,https://en.wikipedia.org/wiki/2026_FIFA_World_Cup_squads,1.0,canonical_squad_identity
new_zealand_alex_rufer,New Zealand,Alex Rufer,alexrufer,Wellington Phoenix,"June 12, 1996",,,https://en.wikipedia.org/wiki/2026_FIFA_World_Cup_squads,1.0,canonical_squad_identity
new_zealand_ben_old,New Zealand,Ben Old,benold,Saint-Étienne,"August 13, 2002",,,https://en.wikipedia.org/wiki/2026_FIFA_World_Cup_squads,1.0,canonical_squad_identity
new_zealand_ben_waine,New Zealand,Ben Waine,benwaine,Port Vale,"June 11, 2001",,,https://en.wikipedia.org/wiki/2026_FIFA_World_Cup_squads,1.0,canonical_squad_identity
new_zealand_callan_elliot,New Zealand,Callan Elliot,callanelliot,Auckland FC,"July 7, 1999",,,https://en.wikipedia.org/wiki/2026_FIFA_World_Cup_squads,1.0,canonical_squad_identity
new_zealand_callum_mccowatt,New Zealand,Callum McCowatt,callummccowatt,Silkeborg,"April 30, 1999",,,https://en.wikipedia.org/wiki/2026_FIFA_World_Cup_squads,1.0,canonical_squad_identity
new_zealand_chris_wood,New Zealand,Chris Wood,chriswood,Nottingham Forest,"December 7, 1991",,,https://en.wikipedia.org/wiki/2026_FIFA_World_Cup_squads,1.0,canonical_squad_identity
new_zealand_elijah_just,New Zealand,Elijah Just,elijahjust,Motherwell,"May 1, 2000",,,https://en.wikipedia.org/wiki/2026_FIFA_World_Cup_squads,1.0,canonical_squad_identity
new_zealand_finn_surman,New Zealand,Finn Surman,finnsurman,Portland Timbers,"September 23, 2003",,,https://en.wikipedia.org/wiki/2026_FIFA_World_Cup_squads,1.0,canonical_squad_identity
new_zealand_francis_de_vries,New Zealand,Francis de Vries,francisdevries,Auckland FC,"November 28, 1994",,,https://en.wikipedia.org/wiki/2026_FIFA_World_Cup_squads,1.0,canonical_squad_identity
new_zealand_jesse_randall,New Zealand,Jesse Randall,jesserandall,Auckland FC,"August 19, 2002",,,https://en.wikipedia.org/wiki/2026_FIFA_World_Cup_squads,1.0,canonical_squad_identity
new_zealand_joe_bell,New Zealand,Joe Bell,joebell,Viking,"April 27, 1999",,,https://en.wikipedia.org/wiki/2026_FIFA_World_Cup_squads,1.0,canonical_squad_identity
new_zealand_kosta_barbarouses,New Zealand,Kosta Barbarouses,kostabarbarouses,Western Sydney Wanderers,"February 19, 1990",,,https://en.wikipedia.org/wiki/2026_FIFA_World_Cup_squads,1.0,canonical_squad_identity
new_zealand_lachlan_bayliss,New Zealand,Lachlan Bayliss,lachlanbayliss,Newcastle Jets,"July 24, 2002",,,https://en.wikipedia.org/wiki/2026_FIFA_World_Cup_squads,1.0,canonical_squad_identity
new_zealand_liberato_cacace,New Zealand,Liberato Cacace,liberatocacace,Wrexham,"September 27, 2000",,,https://en.wikipedia.org/wiki/2026_FIFA_World_Cup_squads,1.0,canonical_squad_identity
new_zealand_marko_stamenic,New Zealand,Marko Stamenić,markostamenic,Swansea City,"February 19, 2002",,,https://en.wikipedia.org/wiki/2026_FIFA_World_Cup_squads,1.0,canonical_squad_identity
new_zealand_matthew_garbett,New Zealand,Matthew Garbett,matthewgarbett,Peterborough United,"April 13, 2002",,,https://en.wikipedia.org/wiki/2026_FIFA_World_Cup_squads,1.0,canonical_squad_identity
new_zealand_max_crocombe,New Zealand,Max Crocombe,maxcrocombe,Millwall,"August 12, 1993",,,https://en.wikipedia.org/wiki/2026_FIFA_World_Cup_squads,1.0,canonical_squad_identity
new_zealand_michael_boxall,New Zealand,Michael Boxall,michaelboxall,Minnesota United FC,"August 18, 1988",,,https://en.wikipedia.org/wiki/2026_FIFA_World_Cup_squads,1.0,canonical_squad_identity
new_zealand_michael_woud,New Zealand,Michael Woud,michaelwoud,Auckland FC,"January 16, 1999",,,https://en.wikipedia.org/wiki/2026_FIFA_World_Cup_squads,1.0,canonical_squad_identity
new_zealand_nando_pijnaker,New Zealand,Nando Pijnaker,nandopijnaker,Auckland FC,"February 25, 1999",,,https://en.wikipedia.org/wiki/2026_FIFA_World_Cup_squads,1.0,canonical_squad_identity
new_zealand_ryan_thomas,New Zealand,Ryan Thomas,ryanthomas,PEC Zwolle,"December 20, 1994",,,https://en.wikipedia.org/wiki/2026_FIFA_World_Cup_squads,1.0,canonical_squad_identity
new_zealand_sarpreet_singh,New Zealand,Sarpreet Singh,sarpreetsingh,Wellington Phoenix,"February 20, 1999",,,https://en.wikipedia.org/wiki/2026_FIFA_World_Cup_squads,1.0,canonical_squad_identity
new_zealand_tim_payne,New Zealand,Tim Payne,timpayne,Wellington Phoenix,"January 10, 1994",,,https://en.wikipedia.org/wiki/2026_FIFA_World_Cup_squads,1.0,canonical_squad_identity
new_zealand_tommy_smith,New Zealand,Tommy Smith,tommysmith,Braintree Town,"March 31, 1990",,,https://en.wikipedia.org/wiki/2026_FIFA_World_Cup_squads,1.0,canonical_squad_identity
new_zealand_tyler_bindon,New Zealand,Tyler Bindon,tylerbindon,Sheffield United,"January 27, 2005",,,https://en.wikipedia.org/wiki/2026_FIFA_World_Cup_squads,1.0,canonical_squad_identity
norway_alexander_srloth,Norway,Alexander Sørloth,alexandersrloth,Atlético Madrid,"December 5, 1995",,,https://en.wikipedia.org/wiki/2026_FIFA_World_Cup_squads,1.0,canonical_squad_identity
norway_andreas_schjelderup,Norway,Andreas Schjelderup,andreasschjelderup,Benfica,"June 1, 2004",,,https://en.wikipedia.org/wiki/2026_FIFA_World_Cup_squads,1.0,canonical_squad_identity
norway_antonio_nusa,Norway,Antonio Nusa,antonionusa,RB Leipzig,"April 17, 2005",,,https://en.wikipedia.org/wiki/2026_FIFA_World_Cup_squads,1.0,canonical_squad_identity
norway_david_mller_wolfe,Norway,David Møller Wolfe,davidmllerwolfe,Wolverhampton Wanderers,"April 23, 2002",,,https://en.wikipedia.org/wiki/2026_FIFA_World_Cup_squads,1.0,canonical_squad_identity
norway_egil_selvik,Norway,Egil Selvik,egilselvik,Watford,"July 30, 1997",,,https://en.wikipedia.org/wiki/2026_FIFA_World_Cup_squads,1.0,canonical_squad_identity
norway_erling_haaland,Norway,Erling Haaland,erlinghaaland,Manchester City,"July 21, 2000",,,https://en.wikipedia.org/wiki/2026_FIFA_World_Cup_squads,1.0,canonical_squad_identity
norway_fredrik_andre_bjrkan,Norway,Fredrik André Bjørkan,fredrikandrebjrkan,Bodø/Glimt,"August 21, 1998",,,https://en.wikipedia.org/wiki/2026_FIFA_World_Cup_squads,1.0,canonical_squad_identity
norway_fredrik_aursnes,Norway,Fredrik Aursnes,fredrikaursnes,Benfica,"December 10, 1995",,,https://en.wikipedia.org/wiki/2026_FIFA_World_Cup_squads,1.0,canonical_squad_identity
norway_henrik_falchener,Norway,Henrik Falchener,henrikfalchener,Viking,"May 8, 2003",,,https://en.wikipedia.org/wiki/2026_FIFA_World_Cup_squads,1.0,canonical_squad_identity
norway_jens_petter_hauge,Norway,Jens Petter Hauge,jenspetterhauge,Bodø/Glimt,"October 12, 1999",,,https://en.wikipedia.org/wiki/2026_FIFA_World_Cup_squads,1.0,canonical_squad_identity
norway_julian_ryerson,Norway,Julian Ryerson,julianryerson,Borussia Dortmund,"November 17, 1997",,,https://en.wikipedia.org/wiki/2026_FIFA_World_Cup_squads,1.0,canonical_squad_identity
norway_jrgen_strand_larsen,Norway,Jørgen Strand Larsen,jrgenstrandlarsen,Crystal Palace,"February 6, 2000",,,https://en.wikipedia.org/wiki/2026_FIFA_World_Cup_squads,1.0,canonical_squad_identity
norway_kristian_thorstvedt,Norway,Kristian Thorstvedt,kristianthorstvedt,Sassuolo,"March 13, 1999",,,https://en.wikipedia.org/wiki/2026_FIFA_World_Cup_squads,1.0,canonical_squad_identity
norway_kristoffer_ajer,Norway,Kristoffer Ajer,kristofferajer,Brentford,"April 17, 1998",,,https://en.wikipedia.org/wiki/2026_FIFA_World_Cup_squads,1.0,canonical_squad_identity
norway_leo_stigard,Norway,Leo Østigård,leostigard,Genoa,"November 28, 1999",,,https://en.wikipedia.org/wiki/2026_FIFA_World_Cup_squads,1.0,canonical_squad_identity
norway_marcus_holmgren_pedersen,Norway,Marcus Holmgren Pedersen,marcusholmgrenpedersen,Torino,"July 16, 2000",,,https://en.wikipedia.org/wiki/2026_FIFA_World_Cup_squads,1.0,canonical_squad_identity
norway_martin_degaard,Norway,Martin Ødegaard,martindegaard,Arsenal,"December 17, 1998",,,https://en.wikipedia.org/wiki/2026_FIFA_World_Cup_squads,1.0,canonical_squad_identity
norway_morten_thorsby,Norway,Morten Thorsby,mortenthorsby,Cremonese,"May 5, 1996",,,https://en.wikipedia.org/wiki/2026_FIFA_World_Cup_squads,1.0,canonical_squad_identity
norway_oscar_bobb,Norway,Oscar Bobb,oscarbobb,Fulham,"July 12, 2003",,,https://en.wikipedia.org/wiki/2026_FIFA_World_Cup_squads,1.0,canonical_squad_identity
norway_patrick_berg,Norway,Patrick Berg,patrickberg,Bodø/Glimt,"November 24, 1997",,,https://en.wikipedia.org/wiki/2026_FIFA_World_Cup_squads,1.0,canonical_squad_identity
norway_sander_berge,Norway,Sander Berge,sanderberge,Fulham,"February 14, 1998",,,https://en.wikipedia.org/wiki/2026_FIFA_World_Cup_squads,1.0,canonical_squad_identity
norway_sander_tangvik,Norway,Sander Tangvik,sandertangvik,Hamburger SV,"November 29, 2002",,,https://en.wikipedia.org/wiki/2026_FIFA_World_Cup_squads,1.0,canonical_squad_identity
norway_sondre_langas,Norway,Sondre Langås,sondrelangas,Derby County,"February 2, 2001",,,https://en.wikipedia.org/wiki/2026_FIFA_World_Cup_squads,1.0,canonical_squad_identity
norway_thelo_aasgaard,Norway,Thelo Aasgaard,theloaasgaard,Rangers,"May 2, 2002",,,https://en.wikipedia.org/wiki/2026_FIFA_World_Cup_squads,1.0,canonical_squad_identity
norway_torbjrn_heggem,Norway,Torbjørn Heggem,torbjrnheggem,Bologna,"January 12, 1999",,,https://en.wikipedia.org/wiki/2026_FIFA_World_Cup_squads,1.0,canonical_squad_identity
norway_rjan_nyland,Norway,Ørjan Nyland,rjannyland,Sevilla,"September 10, 1990",,,https://en.wikipedia.org/wiki/2026_FIFA_World_Cup_squads,1.0,canonical_squad_identity
panama_adalberto_carrasquilla,Panama,Adalberto Carrasquilla,adalbertocarrasquilla,UNAM,"November 28, 1998",,,https://en.wikipedia.org/wiki/2026_FIFA_World_Cup_squads,1.0,canonical_squad_identity
panama_alberto_quintero,Panama,Alberto Quintero,albertoquintero,Plaza Amador,"December 18, 1987",,,https://en.wikipedia.org/wiki/2026_FIFA_World_Cup_squads,1.0,canonical_squad_identity
panama_andres_andrade,Panama,Andrés Andrade,andresandrade,LASK,"October 16, 1998",,,https://en.wikipedia.org/wiki/2026_FIFA_World_Cup_squads,1.0,canonical_squad_identity
panama_anibal_godoy,Panama,Aníbal Godoy,anibalgodoy,San Diego FC,"February 10, 1990",,,https://en.wikipedia.org/wiki/2026_FIFA_World_Cup_squads,1.0,canonical_squad_identity
panama_azarias_londono,Panama,Azarias Londoño,azariaslondono,Universidad Católica,"June 21, 2001",,,https://en.wikipedia.org/wiki/2026_FIFA_World_Cup_squads,1.0,canonical_squad_identity
panama_carlos_harvey,Panama,Carlos Harvey,carlosharvey,Minnesota United FC,"February 3, 2000",,,https://en.wikipedia.org/wiki/2026_FIFA_World_Cup_squads,1.0,canonical_squad_identity
panama_cecilio_waterman,Panama,Cecilio Waterman,ceciliowaterman,Universidad de Concepción,"April 13, 1991",,,https://en.wikipedia.org/wiki/2026_FIFA_World_Cup_squads,1.0,canonical_squad_identity
panama_cristian_martinez,Panama,Cristian Martínez,cristianmartinez,Ironi Kiryat Shmona,"February 6, 1997",,,https://en.wikipedia.org/wiki/2026_FIFA_World_Cup_squads,1.0,canonical_squad_identity
panama_cesar_blackman,Panama,César Blackman,cesarblackman,Slovan Bratislava,"April 2, 1998",,,https://en.wikipedia.org/wiki/2026_FIFA_World_Cup_squads,1.0,canonical_squad_identity
panama_cesar_samudio,Panama,César Samudio,cesarsamudio,Marathón,"February 23, 1994",,,https://en.wikipedia.org/wiki/2026_FIFA_World_Cup_squads,1.0,canonical_squad_identity
panama_cesar_yanis,Panama,César Yanis,cesaryanis,Cobresal,"January 28, 1996",,,https://en.wikipedia.org/wiki/2026_FIFA_World_Cup_squads,1.0,canonical_squad_identity
panama_edgardo_farina,Panama,Edgardo Fariña,edgardofarina,Pari Nizhny Novgorod,"October 19, 2001",,,https://en.wikipedia.org/wiki/2026_FIFA_World_Cup_squads,1.0,canonical_squad_identity
panama_eric_davis,Panama,Eric Davis,ericdavis,Plaza Amador,"March 31, 1991",,,https://en.wikipedia.org/wiki/2026_FIFA_World_Cup_squads,1.0,canonical_squad_identity
panama_fidel_escobar,Panama,Fidel Escobar,fidelescobar,Saprissa,"January 9, 1995",,,https://en.wikipedia.org/wiki/2026_FIFA_World_Cup_squads,1.0,canonical_squad_identity
panama_ismael_diaz,Panama,Ismael Díaz,ismaeldiaz,León,"May 12, 1997",,,https://en.wikipedia.org/wiki/2026_FIFA_World_Cup_squads,1.0,canonical_squad_identity
panama_jiovany_ramos,Panama,Jiovany Ramos,jiovanyramos,Puerto Cabello,"January 26, 1997",,,https://en.wikipedia.org/wiki/2026_FIFA_World_Cup_squads,1.0,canonical_squad_identity
panama_jorge_gutierrez,Panama,Jorge Gutiérrez,jorgegutierrez,Deportivo La Guaira,"September 1, 1998",,,https://en.wikipedia.org/wiki/2026_FIFA_World_Cup_squads,1.0,canonical_squad_identity
panama_jose_cordoba,Panama,José Córdoba,josecordoba,Norwich City,"June 3, 2001",,,https://en.wikipedia.org/wiki/2026_FIFA_World_Cup_squads,1.0,canonical_squad_identity
panama_jose_fajardo,Panama,José Fajardo,josefajardo,Universidad Católica,"August 18, 1993",,,https://en.wikipedia.org/wiki/2026_FIFA_World_Cup_squads,1.0,canonical_squad_identity
panama_jose_luis_rodriguez,Panama,José Luis Rodríguez,joseluisrodriguez,Juárez,"June 19, 1998",,,https://en.wikipedia.org/wiki/2026_FIFA_World_Cup_squads,1.0,canonical_squad_identity
panama_luis_mejia,Panama,Luis Mejía,luismejia,Nacional,"March 16, 1991",,,https://en.wikipedia.org/wiki/2026_FIFA_World_Cup_squads,1.0,canonical_squad_identity
panama_michael_amir_murillo,Panama,Michael Amir Murillo,michaelamirmurillo,Beşiktaş,"February 11, 1996",,,https://en.wikipedia.org/wiki/2026_FIFA_World_Cup_squads,1.0,canonical_squad_identity
panama_orlando_mosquera,Panama,Orlando Mosquera,orlandomosquera,Al-Fayha,"December 25, 1994",,,https://en.wikipedia.org/wiki/2026_FIFA_World_Cup_squads,1.0,canonical_squad_identity
panama_roderick_miller,Panama,Roderick Miller,roderickmiller,Turan Tovuz,"April 3, 1992",,,https://en.wikipedia.org/wiki/2026_FIFA_World_Cup_squads,1.0,canonical_squad_identity
panama_tomas_rodriguez,Panama,Tomás Rodríguez,tomasrodriguez,Saprissa,"March 9, 1999",,,https://en.wikipedia.org/wiki/2026_FIFA_World_Cup_squads,1.0,canonical_squad_identity
panama_yoel_barcenas,Panama,Yoel Bárcenas,yoelbarcenas,Mazatlán,"October 23, 1993",,,https://en.wikipedia.org/wiki/2026_FIFA_World_Cup_squads,1.0,canonical_squad_identity
paraguay_alexandro_maidana,Paraguay,Alexandro Maidana,alexandromaidana,Talleres,"July 26, 2005",,,https://en.wikipedia.org/wiki/2026_FIFA_World_Cup_squads,1.0,canonical_squad_identity
paraguay_andres_cubas,Paraguay,Andrés Cubas,andrescubas,Vancouver Whitecaps FC,"May 11, 1996",,,https://en.wikipedia.org/wiki/2026_FIFA_World_Cup_squads,1.0,canonical_squad_identity
paraguay_antonio_sanabria,Paraguay,Antonio Sanabria,antoniosanabria,Cremonese,"March 4, 1996",,,https://en.wikipedia.org/wiki/2026_FIFA_World_Cup_squads,1.0,canonical_squad_identity
paraguay_braian_ojeda,Paraguay,Braian Ojeda,braianojeda,Orlando City SC,"June 27, 2000",,,https://en.wikipedia.org/wiki/2026_FIFA_World_Cup_squads,1.0,canonical_squad_identity
paraguay_damian_bobadilla,Paraguay,Damián Bobadilla,damianbobadilla,São Paulo,"July 11, 2001",,,https://en.wikipedia.org/wiki/2026_FIFA_World_Cup_squads,1.0,canonical_squad_identity
paraguay_diego_gomez,Paraguay,Diego Gómez,diegogomez,Brighton & Hove Albion,"March 27, 2003",,,https://en.wikipedia.org/wiki/2026_FIFA_World_Cup_squads,1.0,canonical_squad_identity
paraguay_fabian_balbuena,Paraguay,Fabián Balbuena,fabianbalbuena,Grêmio,"August 23, 1991",,,https://en.wikipedia.org/wiki/2026_FIFA_World_Cup_squads,1.0,canonical_squad_identity
paraguay_gabriel_avalos,Paraguay,Gabriel Ávalos,gabrielavalos,Independiente,"October 12, 1990",,,https://en.wikipedia.org/wiki/2026_FIFA_World_Cup_squads,1.0,canonical_squad_identity
paraguay_gaston_olveira,Paraguay,Gastón Olveira,gastonolveira,Olimpia,"April 21, 1993",,,https://en.wikipedia.org/wiki/2026_FIFA_World_Cup_squads,1.0,canonical_squad_identity
paraguay_gatito_fernandez,Paraguay,Gatito Fernández,gatitofernandez,Cerro Porteño,"March 29, 1988",,,https://en.wikipedia.org/wiki/2026_FIFA_World_Cup_squads,1.0,canonical_squad_identity
paraguay_gustavo_caballero,Paraguay,Gustavo Caballero,gustavocaballero,Portsmouth,"September 21, 2001",,,https://en.wikipedia.org/wiki/2026_FIFA_World_Cup_squads,1.0,canonical_squad_identity
paraguay_gustavo_gomez,Paraguay,Gustavo Gómez,gustavogomez,Palmeiras,"May 6, 1993",,,https://en.wikipedia.org/wiki/2026_FIFA_World_Cup_squads,1.0,canonical_squad_identity
paraguay_gustavo_velazquez,Paraguay,Gustavo Velázquez,gustavovelazquez,Cerro Porteño,"April 17, 1991",,,https://en.wikipedia.org/wiki/2026_FIFA_World_Cup_squads,1.0,canonical_squad_identity
paraguay_isidro_pitta,Paraguay,Isidro Pitta,isidropitta,Red Bull Bragantino,"August 14, 1999",,,https://en.wikipedia.org/wiki/2026_FIFA_World_Cup_squads,1.0,canonical_squad_identity
paraguay_jose_canale,Paraguay,José Canale,josecanale,Lanús,"July 20, 1996",,,https://en.wikipedia.org/wiki/2026_FIFA_World_Cup_squads,1.0,canonical_squad_identity
paraguay_juan_jose_caceres,Paraguay,Juan José Cáceres,juanjosecaceres,Dynamo Moscow,"June 1, 2000",,,https://en.wikipedia.org/wiki/2026_FIFA_World_Cup_squads,1.0,canonical_squad_identity
paraguay_julio_enciso,Paraguay,Julio Enciso,julioenciso,Strasbourg,"January 23, 2004",,,https://en.wikipedia.org/wiki/2026_FIFA_World_Cup_squads,1.0,canonical_squad_identity
paraguay_junior_alonso,Paraguay,Júnior Alonso,junioralonso,Atlético Mineiro,"February 9, 1993",,,https://en.wikipedia.org/wiki/2026_FIFA_World_Cup_squads,1.0,canonical_squad_identity
paraguay_kaku,Paraguay,Kaku,kaku,Al Ain,"January 11, 1995",,,https://en.wikipedia.org/wiki/2026_FIFA_World_Cup_squads,1.0,canonical_squad_identity
paraguay_matias_galarza,Paraguay,Matías Galarza,matiasgalarza,Atlanta United FC,"February 11, 2002",,,https://en.wikipedia.org/wiki/2026_FIFA_World_Cup_squads,1.0,canonical_squad_identity
paraguay_mauricio,Paraguay,Maurício,mauricio,Palmeiras,"June 22, 2001",,,https://en.wikipedia.org/wiki/2026_FIFA_World_Cup_squads,1.0,canonical_squad_identity
paraguay_miguel_almiron,Paraguay,Miguel Almirón,miguelalmiron,Atlanta United FC,"February 10, 1994",,,https://en.wikipedia.org/wiki/2026_FIFA_World_Cup_squads,1.0,canonical_squad_identity
paraguay_omar_alderete,Paraguay,Omar Alderete,omaralderete,Sunderland,"December 26, 1996",,,https://en.wikipedia.org/wiki/2026_FIFA_World_Cup_squads,1.0,canonical_squad_identity
paraguay_orlando_gill,Paraguay,Orlando Gill,orlandogill,San Lorenzo,"June 11, 2000",,,https://en.wikipedia.org/wiki/2026_FIFA_World_Cup_squads,1.0,canonical_squad_identity
paraguay_ramon_sosa,Paraguay,Ramón Sosa,ramonsosa,Palmeiras,"August 31, 1999",,,https://en.wikipedia.org/wiki/2026_FIFA_World_Cup_squads,1.0,canonical_squad_identity
paraguay_alex_arce,Paraguay,Álex Arce,alexarce,Independiente Rivadavia,"June 16, 1995",,,https://en.wikipedia.org/wiki/2026_FIFA_World_Cup_squads,1.0,canonical_squad_identity
portugal_bernardo_silva,Portugal,Bernardo Silva,bernardosilva,Manchester City,"August 10, 1994",,,https://en.wikipedia.org/wiki/2026_FIFA_World_Cup_squads,1.0,canonical_squad_identity
portugal_bruno_fernandes,Portugal,Bruno Fernandes,brunofernandes,Manchester United,"September 8, 1994",,,https://en.wikipedia.org/wiki/2026_FIFA_World_Cup_squads,1.0,canonical_squad_identity
portugal_cristiano_ronaldo,Portugal,Cristiano Ronaldo,cristianoronaldo,Al-Nassr,"February 5, 1985",,,https://en.wikipedia.org/wiki/2026_FIFA_World_Cup_squads,1.0,canonical_squad_identity
portugal_diogo_costa,Portugal,Diogo Costa,diogocosta,Porto,"September 19, 1999",,,https://en.wikipedia.org/wiki/2026_FIFA_World_Cup_squads,1.0,canonical_squad_identity
portugal_diogo_dalot,Portugal,Diogo Dalot,diogodalot,Manchester United,"March 18, 1999",,,https://en.wikipedia.org/wiki/2026_FIFA_World_Cup_squads,1.0,canonical_squad_identity
portugal_francisco_conceicao,Portugal,Francisco Conceição,franciscoconceicao,Juventus,"December 14, 2002",,,https://en.wikipedia.org/wiki/2026_FIFA_World_Cup_squads,1.0,canonical_squad_identity
portugal_francisco_trincao,Portugal,Francisco Trincão,franciscotrincao,Sporting CP,"December 29, 1999",,,https://en.wikipedia.org/wiki/2026_FIFA_World_Cup_squads,1.0,canonical_squad_identity
portugal_goncalo_guedes,Portugal,Gonçalo Guedes,goncaloguedes,Real Sociedad,"November 29, 1996",,,https://en.wikipedia.org/wiki/2026_FIFA_World_Cup_squads,1.0,canonical_squad_identity
portugal_goncalo_inacio,Portugal,Gonçalo Inácio,goncaloinacio,Sporting CP,"August 25, 2001",,,https://en.wikipedia.org/wiki/2026_FIFA_World_Cup_squads,1.0,canonical_squad_identity
portugal_goncalo_ramos,Portugal,Gonçalo Ramos,goncaloramos,Paris Saint-Germain,"June 20, 2001",,,https://en.wikipedia.org/wiki/2026_FIFA_World_Cup_squads,1.0,canonical_squad_identity
portugal_jose_sa,Portugal,José Sá,josesa,Wolverhampton Wanderers,"January 17, 1993",,,https://en.wikipedia.org/wiki/2026_FIFA_World_Cup_squads,1.0,canonical_squad_identity
portugal_joao_cancelo,Portugal,João Cancelo,joaocancelo,Barcelona,"May 27, 1994",,,https://en.wikipedia.org/wiki/2026_FIFA_World_Cup_squads,1.0,canonical_squad_identity
portugal_joao_felix,Portugal,João Félix,joaofelix,Al-Nassr,"November 10, 1999",,,https://en.wikipedia.org/wiki/2026_FIFA_World_Cup_squads,1.0,canonical_squad_identity
portugal_joao_neves,Portugal,João Neves,joaoneves,Paris Saint-Germain,"September 27, 2004",,,https://en.wikipedia.org/wiki/2026_FIFA_World_Cup_squads,1.0,canonical_squad_identity
portugal_matheus_nunes,Portugal,Matheus Nunes,matheusnunes,Manchester City,"August 27, 1998",,,https://en.wikipedia.org/wiki/2026_FIFA_World_Cup_squads,1.0,canonical_squad_identity
portugal_nuno_mendes,Portugal,Nuno Mendes,nunomendes,Paris Saint-Germain,"June 19, 2002",,,https://en.wikipedia.org/wiki/2026_FIFA_World_Cup_squads,1.0,canonical_squad_identity
portugal_nelson_semedo,Portugal,Nélson Semedo,nelsonsemedo,Fenerbahçe,"November 16, 1993",,,https://en.wikipedia.org/wiki/2026_FIFA_World_Cup_squads,1.0,canonical_squad_identity
portugal_pedro_neto,Portugal,Pedro Neto,pedroneto,Chelsea,"March 9, 2000",,,https://en.wikipedia.org/wiki/2026_FIFA_World_Cup_squads,1.0,canonical_squad_identity
portugal_rafael_leao,Portugal,Rafael Leão,rafaelleao,Milan,"June 10, 1999",,,https://en.wikipedia.org/wiki/2026_FIFA_World_Cup_squads,1.0,canonical_squad_identity
portugal_renato_veiga,Portugal,Renato Veiga,renatoveiga,Villarreal,"July 29, 2003",,,https://en.wikipedia.org/wiki/2026_FIFA_World_Cup_squads,1.0,canonical_squad_identity
portugal_rui_silva,Portugal,Rui Silva,ruisilva,Sporting CP,"February 7, 1994",,,https://en.wikipedia.org/wiki/2026_FIFA_World_Cup_squads,1.0,canonical_squad_identity
portugal_ruben_dias,Portugal,Rúben Dias,rubendias,Manchester City,"May 14, 1997",,,https://en.wikipedia.org/wiki/2026_FIFA_World_Cup_squads,1.0,canonical_squad_identity
portugal_ruben_neves,Portugal,Rúben Neves,rubenneves,Al-Hilal,"March 13, 1997",,,https://en.wikipedia.org/wiki/2026_FIFA_World_Cup_squads,1.0,canonical_squad_identity
portugal_samu_costa,Portugal,Samú Costa,samucosta,Mallorca,"November 27, 2000",,,https://en.wikipedia.org/wiki/2026_FIFA_World_Cup_squads,1.0,canonical_squad_identity
portugal_tomas_araujo,Portugal,Tomás Araújo,tomasaraujo,Benfica,"May 16, 2002",,,https://en.wikipedia.org/wiki/2026_FIFA_World_Cup_squads,1.0,canonical_squad_identity
portugal_vitinha,Portugal,Vitinha,vitinha,Paris Saint-Germain,"February 13, 2000",,,https://en.wikipedia.org/wiki/2026_FIFA_World_Cup_squads,1.0,canonical_squad_identity
qatar_abdulaziz_hatem,Qatar,Abdulaziz Hatem,abdulazizhatem,Al-Rayyan,"January 1, 1990",,,https://en.wikipedia.org/wiki/2026_FIFA_World_Cup_squads,1.0,canonical_squad_identity
qatar_ahmed_al_ganehi,Qatar,Ahmed Al-Ganehi,ahmedalganehi,Al-Gharafa,"September 22, 2000",,,https://en.wikipedia.org/wiki/2026_FIFA_World_Cup_squads,1.0,canonical_squad_identity
qatar_ahmed_alaaeldin,Qatar,Ahmed Alaaeldin,ahmedalaaeldin,Al-Rayyan,"January 31, 1993",,,https://en.wikipedia.org/wiki/2026_FIFA_World_Cup_squads,1.0,canonical_squad_identity
qatar_ahmed_fathy,Qatar,Ahmed Fathy,ahmedfathy,Al-Arabi,"January 25, 1993",,,https://en.wikipedia.org/wiki/2026_FIFA_World_Cup_squads,1.0,canonical_squad_identity
qatar_akram_afif,Qatar,Akram Afif,akramafif,Al-Sadd,"November 18, 1996",,,https://en.wikipedia.org/wiki/2026_FIFA_World_Cup_squads,1.0,canonical_squad_identity
qatar_al_hashmi_al_hussain,Qatar,Al-Hashmi Al-Hussain,alhashmialhussain,Al-Arabi,"August 15, 2003",,,https://en.wikipedia.org/wiki/2026_FIFA_World_Cup_squads,1.0,canonical_squad_identity
qatar_almoez_ali,Qatar,Almoez Ali,almoezali,Al-Duhail,"August 19, 1996",,,https://en.wikipedia.org/wiki/2026_FIFA_World_Cup_squads,1.0,canonical_squad_identity
qatar_assim_madibo,Qatar,Assim Madibo,assimmadibo,Al-Wakrah,"October 22, 1996",,,https://en.wikipedia.org/wiki/2026_FIFA_World_Cup_squads,1.0,canonical_squad_identity
qatar_ayoub_al_oui,Qatar,Ayoub Al-Oui,ayoubaloui,Al-Gharafa,"March 11, 2005",,,https://en.wikipedia.org/wiki/2026_FIFA_World_Cup_squads,1.0,canonical_squad_identity
qatar_boualem_khoukhi,Qatar,Boualem Khoukhi,boualemkhoukhi,Al-Sadd,"July 9, 1990",,,https://en.wikipedia.org/wiki/2026_FIFA_World_Cup_squads,1.0,canonical_squad_identity
qatar_edmilson_junior,Qatar,Edmilson Junior,edmilsonjunior,Al-Duhail,"August 19, 1994",,,https://en.wikipedia.org/wiki/2026_FIFA_World_Cup_squads,1.0,canonical_squad_identity
qatar_hassan_al_haydos,Qatar,Hassan Al-Haydos,hassanalhaydos,Al-Sadd,"December 11, 1990",,,https://en.wikipedia.org/wiki/2026_FIFA_World_Cup_squads,1.0,canonical_squad_identity
qatar_homam_ahmed,Qatar,Homam Ahmed,homamahmed,Cultural Leonesa,"August 25, 1999",,,https://en.wikipedia.org/wiki/2026_FIFA_World_Cup_squads,1.0,canonical_squad_identity
qatar_issa_laye,Qatar,Issa Laye,issalaye,Al-Arabi,"December 22, 1997",,,https://en.wikipedia.org/wiki/2026_FIFA_World_Cup_squads,1.0,canonical_squad_identity
qatar_jassem_gaber,Qatar,Jassem Gaber,jassemgaber,Al-Rayyan,"February 20, 2002",,,https://en.wikipedia.org/wiki/2026_FIFA_World_Cup_squads,1.0,canonical_squad_identity
qatar_karim_boudiaf,Qatar,Karim Boudiaf,karimboudiaf,Al-Duhail,"September 16, 1990",,,https://en.wikipedia.org/wiki/2026_FIFA_World_Cup_squads,1.0,canonical_squad_identity
qatar_lucas_mendes,Qatar,Lucas Mendes,lucasmendes,Al-Wakrah,"July 3, 1990",,,https://en.wikipedia.org/wiki/2026_FIFA_World_Cup_squads,1.0,canonical_squad_identity
qatar_mahmud_abunada,Qatar,Mahmud Abunada,mahmudabunada,Al-Rayyan,"February 5, 2000",,,https://en.wikipedia.org/wiki/2026_FIFA_World_Cup_squads,1.0,canonical_squad_identity
qatar_meshaal_barsham,Qatar,Meshaal Barsham,meshaalbarsham,Al-Sadd,"February 14, 1998",,,https://en.wikipedia.org/wiki/2026_FIFA_World_Cup_squads,1.0,canonical_squad_identity
qatar_mohamed_manai,Qatar,Mohamed Manai,mohamedmanai,Al-Shamal,"October 25, 2002",,,https://en.wikipedia.org/wiki/2026_FIFA_World_Cup_squads,1.0,canonical_squad_identity
qatar_mohammed_muntari,Qatar,Mohammed Muntari,mohammedmuntari,Al-Gharafa,"December 20, 1993",,,https://en.wikipedia.org/wiki/2026_FIFA_World_Cup_squads,1.0,canonical_squad_identity
qatar_pedro_miguel,Qatar,Pedro Miguel,pedromiguel,Al-Sadd,"August 6, 1990",,,https://en.wikipedia.org/wiki/2026_FIFA_World_Cup_squads,1.0,canonical_squad_identity
qatar_salah_zakaria,Qatar,Salah Zakaria,salahzakaria,Al-Duhail,"April 24, 1999",,,https://en.wikipedia.org/wiki/2026_FIFA_World_Cup_squads,1.0,canonical_squad_identity
qatar_sultan_al_brake,Qatar,Sultan Al-Brake,sultanalbrake,Al-Duhail,"April 7, 1996",,,https://en.wikipedia.org/wiki/2026_FIFA_World_Cup_squads,1.0,canonical_squad_identity
qatar_tahsin_jamshid,Qatar,Tahsin Jamshid,tahsinjamshid,Al-Duhail,"June 16, 2006",,,https://en.wikipedia.org/wiki/2026_FIFA_World_Cup_squads,1.0,canonical_squad_identity
qatar_yusuf_abdurisag,Qatar,Yusuf Abdurisag,yusufabdurisag,Al-Wakrah,"August 6, 1999",,,https://en.wikipedia.org/wiki/2026_FIFA_World_Cup_squads,1.0,canonical_squad_identity
saudi_arabia_abdulelah_al_amri,Saudi Arabia,Abdulelah Al-Amri,abdulelahalamri,Al-Nassr,"January 15, 1997",,,https://en.wikipedia.org/wiki/2026_FIFA_World_Cup_squads,1.0,canonical_squad_identity
saudi_arabia_abdullah_al_hamdan,Saudi Arabia,Abdullah Al-Hamdan,abdullahalhamdan,Al-Nassr,"September 13, 1999",,,https://en.wikipedia.org/wiki/2026_FIFA_World_Cup_squads,1.0,canonical_squad_identity
saudi_arabia_abdullah_al_khaibari,Saudi Arabia,Abdullah Al-Khaibari,abdullahalkhaibari,Al-Nassr,"August 16, 1996",,,https://en.wikipedia.org/wiki/2026_FIFA_World_Cup_squads,1.0,canonical_squad_identity
saudi_arabia_ahmed_al_kassar,Saudi Arabia,Ahmed Al-Kassar,ahmedalkassar,Al-Qadsiah,"May 8, 1991",,,https://en.wikipedia.org/wiki/2026_FIFA_World_Cup_squads,1.0,canonical_squad_identity
saudi_arabia_alaa_al_hejji,Saudi Arabia,Alaa Al-Hejji,alaaalhejji,Neom,"December 3, 1995",,,https://en.wikipedia.org/wiki/2026_FIFA_World_Cup_squads,1.0,canonical_squad_identity
saudi_arabia_ali_lajami,Saudi Arabia,Ali Lajami,alilajami,Al-Hilal,"April 24, 1996",,,https://en.wikipedia.org/wiki/2026_FIFA_World_Cup_squads,1.0,canonical_squad_identity
saudi_arabia_ali_majrashi,Saudi Arabia,Ali Majrashi,alimajrashi,Al-Ahli,"October 2, 1999",,,https://en.wikipedia.org/wiki/2026_FIFA_World_Cup_squads,1.0,canonical_squad_identity
saudi_arabia_ayman_yahya,Saudi Arabia,Ayman Yahya,aymanyahya,Al-Nassr,"May 14, 2001",,,https://en.wikipedia.org/wiki/2026_FIFA_World_Cup_squads,1.0,canonical_squad_identity
saudi_arabia_firas_al_buraikan,Saudi Arabia,Firas Al-Buraikan,firasalburaikan,Al-Ahli,"May 14, 2000",,,https://en.wikipedia.org/wiki/2026_FIFA_World_Cup_squads,1.0,canonical_squad_identity
saudi_arabia_hassan_al_tambakti,Saudi Arabia,Hassan Al-Tambakti,hassanaltambakti,Al-Hilal,"February 9, 1999",,,https://en.wikipedia.org/wiki/2026_FIFA_World_Cup_squads,1.0,canonical_squad_identity
saudi_arabia_hassan_kadesh,Saudi Arabia,Hassan Kadesh,hassankadesh,Al-Ittihad,"September 26, 1992",,,https://en.wikipedia.org/wiki/2026_FIFA_World_Cup_squads,1.0,canonical_squad_identity
saudi_arabia_jehad_thakri,Saudi Arabia,Jehad Thakri,jehadthakri,Al-Qadsiah,"July 21, 2001",,,https://en.wikipedia.org/wiki/2026_FIFA_World_Cup_squads,1.0,canonical_squad_identity
saudi_arabia_khalid_al_ghannam,Saudi Arabia,Khalid Al-Ghannam,khalidalghannam,Al-Ettifaq,"November 8, 2000",,,https://en.wikipedia.org/wiki/2026_FIFA_World_Cup_squads,1.0,canonical_squad_identity
saudi_arabia_mohamed_kanno,Saudi Arabia,Mohamed Kanno,mohamedkanno,Al-Hilal,"September 22, 1994",,,https://en.wikipedia.org/wiki/2026_FIFA_World_Cup_squads,1.0,canonical_squad_identity
saudi_arabia_mohammed_abu_al_shamat,Saudi Arabia,Mohammed Abu Al-Shamat,mohammedabualshamat,Al-Qadsiah,"August 11, 2002",,,https://en.wikipedia.org/wiki/2026_FIFA_World_Cup_squads,1.0,canonical_squad_identity
saudi_arabia_mohammed_al_owais,Saudi Arabia,Mohammed Al-Owais,mohammedalowais,Al-Ula,"October 10, 1991",,,https://en.wikipedia.org/wiki/2026_FIFA_World_Cup_squads,1.0,canonical_squad_identity
saudi_arabia_moteb_al_harbi,Saudi Arabia,Moteb Al-Harbi,motebalharbi,Al-Hilal,"February 20, 2000",,,https://en.wikipedia.org/wiki/2026_FIFA_World_Cup_squads,1.0,canonical_squad_identity
saudi_arabia_musab_al_juwayr,Saudi Arabia,Musab Al-Juwayr,musabaljuwayr,Al-Qadsiah,"June 20, 2003",,,https://en.wikipedia.org/wiki/2026_FIFA_World_Cup_squads,1.0,canonical_squad_identity
saudi_arabia_nasser_al_dawsari,Saudi Arabia,Nasser Al-Dawsari,nasseraldawsari,Al-Hilal,"December 19, 1998",,,https://en.wikipedia.org/wiki/2026_FIFA_World_Cup_squads,1.0,canonical_squad_identity
saudi_arabia_nawaf_al_aqidi,Saudi Arabia,Nawaf Al-Aqidi,nawafalaqidi,Al-Nassr,"May 10, 2000",,,https://en.wikipedia.org/wiki/2026_FIFA_World_Cup_squads,1.0,canonical_squad_identity
saudi_arabia_nawaf_boushal,Saudi Arabia,Nawaf Boushal,nawafboushal,Al-Nassr,"September 16, 1999",,,https://en.wikipedia.org/wiki/2026_FIFA_World_Cup_squads,1.0,canonical_squad_identity
saudi_arabia_saleh_al_shehri,Saudi Arabia,Saleh Al-Shehri,salehalshehri,Al-Ittihad,"November 1, 1993",,,https://en.wikipedia.org/wiki/2026_FIFA_World_Cup_squads,1.0,canonical_squad_identity
saudi_arabia_salem_al_dawsari,Saudi Arabia,Salem Al-Dawsari,salemaldawsari,Al-Hilal,"August 19, 1991",,,https://en.wikipedia.org/wiki/2026_FIFA_World_Cup_squads,1.0,canonical_squad_identity
saudi_arabia_saud_abdulhamid,Saudi Arabia,Saud Abdulhamid,saudabdulhamid,Lens,"July 18, 1999",,,https://en.wikipedia.org/wiki/2026_FIFA_World_Cup_squads,1.0,canonical_squad_identity
saudi_arabia_sultan_mandash,Saudi Arabia,Sultan Mandash,sultanmandash,Al-Hilal,"October 17, 1994",,,https://en.wikipedia.org/wiki/2026_FIFA_World_Cup_squads,1.0,canonical_squad_identity
saudi_arabia_ziyad_al_johani,Saudi Arabia,Ziyad Al-Johani,ziyadaljohani,Al-Ahli,"November 11, 2001",,,https://en.wikipedia.org/wiki/2026_FIFA_World_Cup_squads,1.0,canonical_squad_identity
scotland_aaron_hickey,Scotland,Aaron Hickey,aaronhickey,Brentford,"June 10, 2002",,,https://en.wikipedia.org/wiki/2026_FIFA_World_Cup_squads,1.0,canonical_squad_identity
scotland_andy_robertson,Scotland,Andy Robertson,andyrobertson,Liverpool,"March 11, 1994",,,https://en.wikipedia.org/wiki/2026_FIFA_World_Cup_squads,1.0,canonical_squad_identity
scotland_angus_gunn,Scotland,Angus Gunn,angusgunn,Nottingham Forest,"January 22, 1996",,,https://en.wikipedia.org/wiki/2026_FIFA_World_Cup_squads,1.0,canonical_squad_identity
scotland_anthony_ralston,Scotland,Anthony Ralston,anthonyralston,Celtic,"November 16, 1998",,,https://en.wikipedia.org/wiki/2026_FIFA_World_Cup_squads,1.0,canonical_squad_identity
scotland_ben_gannon_doak,Scotland,Ben Gannon-Doak,bengannondoak,Bournemouth,"November 11, 2005",,,https://en.wikipedia.org/wiki/2026_FIFA_World_Cup_squads,1.0,canonical_squad_identity
scotland_che_adams,Scotland,Ché Adams,cheadams,Torino,"July 13, 1996",,,https://en.wikipedia.org/wiki/2026_FIFA_World_Cup_squads,1.0,canonical_squad_identity
scotland_craig_gordon,Scotland,Craig Gordon,craiggordon,Heart of Midlothian,"December 31, 1982",,,https://en.wikipedia.org/wiki/2026_FIFA_World_Cup_squads,1.0,canonical_squad_identity
scotland_dominic_hyam,Scotland,Dominic Hyam,dominichyam,Wrexham,"December 20, 1995",,,https://en.wikipedia.org/wiki/2026_FIFA_World_Cup_squads,1.0,canonical_squad_identity
scotland_findlay_curtis,Scotland,Findlay Curtis,findlaycurtis,Kilmarnock,"June 9, 2006",,,https://en.wikipedia.org/wiki/2026_FIFA_World_Cup_squads,1.0,canonical_squad_identity
scotland_george_hirst,Scotland,George Hirst,georgehirst,Ipswich Town,"February 15, 1999",,,https://en.wikipedia.org/wiki/2026_FIFA_World_Cup_squads,1.0,canonical_squad_identity
scotland_grant_hanley,Scotland,Grant Hanley,granthanley,Hibernian,"November 20, 1991",,,https://en.wikipedia.org/wiki/2026_FIFA_World_Cup_squads,1.0,canonical_squad_identity
scotland_jack_hendry,Scotland,Jack Hendry,jackhendry,Al-Ettifaq,"May 7, 1995",,,https://en.wikipedia.org/wiki/2026_FIFA_World_Cup_squads,1.0,canonical_squad_identity
scotland_john_mcginn,Scotland,John McGinn,johnmcginn,Aston Villa,"October 18, 1994",,,https://en.wikipedia.org/wiki/2026_FIFA_World_Cup_squads,1.0,canonical_squad_identity
scotland_john_souttar,Scotland,John Souttar,johnsouttar,Rangers,"September 25, 1996",,,https://en.wikipedia.org/wiki/2026_FIFA_World_Cup_squads,1.0,canonical_squad_identity
scotland_kenny_mclean,Scotland,Kenny McLean,kennymclean,Norwich City,"January 8, 1992",,,https://en.wikipedia.org/wiki/2026_FIFA_World_Cup_squads,1.0,canonical_squad_identity
scotland_kieran_tierney,Scotland,Kieran Tierney,kierantierney,Celtic,"June 5, 1997",,,https://en.wikipedia.org/wiki/2026_FIFA_World_Cup_squads,1.0,canonical_squad_identity
scotland_lawrence_shankland,Scotland,Lawrence Shankland,lawrenceshankland,Heart of Midlothian,"August 10, 1995",,,https://en.wikipedia.org/wiki/2026_FIFA_World_Cup_squads,1.0,canonical_squad_identity
scotland_lewis_ferguson,Scotland,Lewis Ferguson,lewisferguson,Bologna,"August 24, 1999",,,https://en.wikipedia.org/wiki/2026_FIFA_World_Cup_squads,1.0,canonical_squad_identity
scotland_liam_kelly,Scotland,Liam Kelly,liamkelly,Rangers,"January 23, 1996",,,https://en.wikipedia.org/wiki/2026_FIFA_World_Cup_squads,1.0,canonical_squad_identity
scotland_lyndon_dykes,Scotland,Lyndon Dykes,lyndondykes,Charlton Athletic,"October 7, 1995",,,https://en.wikipedia.org/wiki/2026_FIFA_World_Cup_squads,1.0,canonical_squad_identity
scotland_nathan_patterson,Scotland,Nathan Patterson,nathanpatterson,Everton,"October 16, 2001",,,https://en.wikipedia.org/wiki/2026_FIFA_World_Cup_squads,1.0,canonical_squad_identity
scotland_ross_stewart,Scotland,Ross Stewart,rossstewart,Southampton,"July 11, 1996",,,https://en.wikipedia.org/wiki/2026_FIFA_World_Cup_squads,1.0,canonical_squad_identity
scotland_ryan_christie,Scotland,Ryan Christie,ryanchristie,Bournemouth,"February 22, 1995",,,https://en.wikipedia.org/wiki/2026_FIFA_World_Cup_squads,1.0,canonical_squad_identity
scotland_scott_mckenna,Scotland,Scott McKenna,scottmckenna,Dinamo Zagreb,"November 12, 1996",,,https://en.wikipedia.org/wiki/2026_FIFA_World_Cup_squads,1.0,canonical_squad_identity
scotland_scott_mctominay,Scotland,Scott McTominay,scottmctominay,Napoli,"December 8, 1996",,,https://en.wikipedia.org/wiki/2026_FIFA_World_Cup_squads,1.0,canonical_squad_identity
scotland_tyler_fletcher,Scotland,Tyler Fletcher,tylerfletcher,Manchester United,"March 19, 2007",,,https://en.wikipedia.org/wiki/2026_FIFA_World_Cup_squads,1.0,canonical_squad_identity
senegal_abdoulaye_seck,Senegal,Abdoulaye Seck,abdoulayeseck,Maccabi Haifa,"June 4, 1992",,,https://en.wikipedia.org/wiki/2026_FIFA_World_Cup_squads,1.0,canonical_squad_identity
senegal_antoine_mendy,Senegal,Antoine Mendy,antoinemendy,Nice,"May 27, 2004",,,https://en.wikipedia.org/wiki/2026_FIFA_World_Cup_squads,1.0,canonical_squad_identity
senegal_assane_diao,Senegal,Assane Diao,assanediao,Como,"September 7, 2005",,,https://en.wikipedia.org/wiki/2026_FIFA_World_Cup_squads,1.0,canonical_squad_identity
senegal_bamba_dieng,Senegal,Bamba Dieng,bambadieng,Lorient,"March 23, 2000",,,https://en.wikipedia.org/wiki/2026_FIFA_World_Cup_squads,1.0,canonical_squad_identity
senegal_bara_sapoko_ndiaye,Senegal,Bara Sapoko Ndiaye,barasapokondiaye,Bayern Munich,"December 31, 2007",,,https://en.wikipedia.org/wiki/2026_FIFA_World_Cup_squads,1.0,canonical_squad_identity
senegal_cherif_ndiaye,Senegal,Cherif Ndiaye,cherifndiaye,Samsunspor,"January 23, 1996",,,https://en.wikipedia.org/wiki/2026_FIFA_World_Cup_squads,1.0,canonical_squad_identity
senegal_el_hadji_malick_diouf,Senegal,El Hadji Malick Diouf,elhadjimalickdiouf,West Ham United,"December 29, 2004",,,https://en.wikipedia.org/wiki/2026_FIFA_World_Cup_squads,1.0,canonical_squad_identity
senegal_habib_diarra,Senegal,Habib Diarra,habibdiarra,Sunderland,"January 3, 2004",,,https://en.wikipedia.org/wiki/2026_FIFA_World_Cup_squads,1.0,canonical_squad_identity
senegal_ibrahim_mbaye,Senegal,Ibrahim Mbaye,ibrahimmbaye,Paris Saint-Germain,"January 24, 2008",,,https://en.wikipedia.org/wiki/2026_FIFA_World_Cup_squads,1.0,canonical_squad_identity
senegal_idrissa_gueye,Senegal,Idrissa Gueye,idrissagueye,Everton,"September 26, 1989",,,https://en.wikipedia.org/wiki/2026_FIFA_World_Cup_squads,1.0,canonical_squad_identity
senegal_iliman_ndiaye,Senegal,Iliman Ndiaye,ilimanndiaye,Everton,"March 6, 2000",,,https://en.wikipedia.org/wiki/2026_FIFA_World_Cup_squads,1.0,canonical_squad_identity
senegal_ismail_jakobs,Senegal,Ismail Jakobs,ismailjakobs,Galatasaray,"August 17, 1999",,,https://en.wikipedia.org/wiki/2026_FIFA_World_Cup_squads,1.0,canonical_squad_identity
senegal_ismaila_sarr,Senegal,Ismaïla Sarr,ismailasarr,Crystal Palace,"February 25, 1998",,,https://en.wikipedia.org/wiki/2026_FIFA_World_Cup_squads,1.0,canonical_squad_identity
senegal_kalidou_koulibaly,Senegal,Kalidou Koulibaly,kalidoukoulibaly,Al-Hilal,"June 20, 1991",,,https://en.wikipedia.org/wiki/2026_FIFA_World_Cup_squads,1.0,canonical_squad_identity
senegal_krepin_diatta,Senegal,Krépin Diatta,krepindiatta,Monaco,"February 25, 1999",,,https://en.wikipedia.org/wiki/2026_FIFA_World_Cup_squads,1.0,canonical_squad_identity
senegal_lamine_camara,Senegal,Lamine Camara,laminecamara,Monaco,"January 1, 2004",,,https://en.wikipedia.org/wiki/2026_FIFA_World_Cup_squads,1.0,canonical_squad_identity
senegal_mamadou_sarr,Senegal,Mamadou Sarr,mamadousarr,Chelsea,"August 29, 2005",,,https://en.wikipedia.org/wiki/2026_FIFA_World_Cup_squads,1.0,canonical_squad_identity
senegal_mory_diaw,Senegal,Mory Diaw,morydiaw,Le Havre,"June 22, 1993",,,https://en.wikipedia.org/wiki/2026_FIFA_World_Cup_squads,1.0,canonical_squad_identity
senegal_moussa_niakhate,Senegal,Moussa Niakhaté,moussaniakhate,Lyon,"March 8, 1996",,,https://en.wikipedia.org/wiki/2026_FIFA_World_Cup_squads,1.0,canonical_squad_identity
senegal_nicolas_jackson,Senegal,Nicolas Jackson,nicolasjackson,Bayern Munich,"June 20, 2001",,,https://en.wikipedia.org/wiki/2026_FIFA_World_Cup_squads,1.0,canonical_squad_identity
senegal_pape_gueye,Senegal,Pape Gueye,papegueye,Villarreal,"January 24, 1999",,,https://en.wikipedia.org/wiki/2026_FIFA_World_Cup_squads,1.0,canonical_squad_identity
senegal_pape_matar_sarr,Senegal,Pape Matar Sarr,papematarsarr,Tottenham Hotspur,"September 14, 2002",,,https://en.wikipedia.org/wiki/2026_FIFA_World_Cup_squads,1.0,canonical_squad_identity
senegal_pathe_ciss,Senegal,Pathé Ciss,patheciss,Rayo Vallecano,"March 16, 1994",,,https://en.wikipedia.org/wiki/2026_FIFA_World_Cup_squads,1.0,canonical_squad_identity
senegal_sadio_mane,Senegal,Sadio Mané,sadiomane,Al-Nassr,"April 10, 1992",,,https://en.wikipedia.org/wiki/2026_FIFA_World_Cup_squads,1.0,canonical_squad_identity
senegal_yehvann_diouf,Senegal,Yehvann Diouf,yehvanndiouf,Nice,"November 16, 1999",,,https://en.wikipedia.org/wiki/2026_FIFA_World_Cup_squads,1.0,canonical_squad_identity
senegal_edouard_mendy,Senegal,Édouard Mendy,edouardmendy,Al-Ahli,"March 1, 1992",,,https://en.wikipedia.org/wiki/2026_FIFA_World_Cup_squads,1.0,canonical_squad_identity
south_africa_aubrey_modiba,South Africa,Aubrey Modiba,aubreymodiba,Mamelodi Sundowns,"July 22, 1995",,,https://en.wikipedia.org/wiki/2026_FIFA_World_Cup_squads,1.0,canonical_squad_identity
south_africa_bradley_cross,South Africa,Bradley Cross,bradleycross,Kaizer Chiefs,"January 30, 2001",,,https://en.wikipedia.org/wiki/2026_FIFA_World_Cup_squads,1.0,canonical_squad_identity
south_africa_evidence_makgopa,South Africa,Evidence Makgopa,evidencemakgopa,Orlando Pirates,"June 5, 2000",,,https://en.wikipedia.org/wiki/2026_FIFA_World_Cup_squads,1.0,canonical_squad_identity
south_africa_ime_okon,South Africa,Ime Okon,imeokon,Hannover 96,"February 20, 2004",,,https://en.wikipedia.org/wiki/2026_FIFA_World_Cup_squads,1.0,canonical_squad_identity
south_africa_iqraam_rayners,South Africa,Iqraam Rayners,iqraamrayners,Mamelodi Sundowns,"December 19, 1995",,,https://en.wikipedia.org/wiki/2026_FIFA_World_Cup_squads,1.0,canonical_squad_identity
south_africa_jayden_adams,South Africa,Jayden Adams,jaydenadams,Mamelodi Sundowns,"May 5, 2001",,,https://en.wikipedia.org/wiki/2026_FIFA_World_Cup_squads,1.0,canonical_squad_identity
south_africa_kamogelo_sebelebele,South Africa,Kamogelo Sebelebele,kamogelosebelebele,Orlando Pirates,"July 21, 2002",,,https://en.wikipedia.org/wiki/2026_FIFA_World_Cup_squads,1.0,canonical_squad_identity
south_africa_khuliso_mudau,South Africa,Khuliso Mudau,khulisomudau,Mamelodi Sundowns,"April 26, 1995",,,https://en.wikipedia.org/wiki/2026_FIFA_World_Cup_squads,1.0,canonical_squad_identity
south_africa_khulumani_ndamane,South Africa,Khulumani Ndamane,khulumanindamane,Mamelodi Sundowns,"February 5, 2004",,,https://en.wikipedia.org/wiki/2026_FIFA_World_Cup_squads,1.0,canonical_squad_identity
south_africa_lyle_foster,South Africa,Lyle Foster,lylefoster,Burnley,"September 3, 2000",,,https://en.wikipedia.org/wiki/2026_FIFA_World_Cup_squads,1.0,canonical_squad_identity
south_africa_mbekezeli_mbokazi,South Africa,Mbekezeli Mbokazi,mbekezelimbokazi,Chicago Fire FC,"September 19, 2005",,,https://en.wikipedia.org/wiki/2026_FIFA_World_Cup_squads,1.0,canonical_squad_identity
south_africa_nkosinathi_sibisi,South Africa,Nkosinathi Sibisi,nkosinathisibisi,Orlando Pirates,"September 22, 1995",,,https://en.wikipedia.org/wiki/2026_FIFA_World_Cup_squads,1.0,canonical_squad_identity
south_africa_olwethu_makhanya,South Africa,Olwethu Makhanya,olwethumakhanya,Philadelphia Union,"April 30, 2004",,,https://en.wikipedia.org/wiki/2026_FIFA_World_Cup_squads,1.0,canonical_squad_identity
south_africa_oswin_appollis,South Africa,Oswin Appollis,oswinappollis,Orlando Pirates,"August 25, 2001",,,https://en.wikipedia.org/wiki/2026_FIFA_World_Cup_squads,1.0,canonical_squad_identity
south_africa_relebohile_mofokeng,South Africa,Relebohile Mofokeng,relebohilemofokeng,Orlando Pirates,"October 23, 2004",,,https://en.wikipedia.org/wiki/2026_FIFA_World_Cup_squads,1.0,canonical_squad_identity
south_africa_ricardo_goss,South Africa,Ricardo Goss,ricardogoss,Siwelele,"April 2, 1994",,,https://en.wikipedia.org/wiki/2026_FIFA_World_Cup_squads,1.0,canonical_squad_identity
south_africa_ronwen_williams,South Africa,Ronwen Williams,ronwenwilliams,Mamelodi Sundowns,"January 21, 1992",,,https://en.wikipedia.org/wiki/2026_FIFA_World_Cup_squads,1.0,canonical_squad_identity
south_africa_samukele_kabini,South Africa,Samukele Kabini,samukelekabini,Molde,"March 15, 2004",,,https://en.wikipedia.org/wiki/2026_FIFA_World_Cup_squads,1.0,canonical_squad_identity
south_africa_sipho_chaine,South Africa,Sipho Chaine,siphochaine,Orlando Pirates,"December 14, 1996",,,https://en.wikipedia.org/wiki/2026_FIFA_World_Cup_squads,1.0,canonical_squad_identity
south_africa_sphephelo_sithole,South Africa,Sphephelo Sithole,sphephelosithole,Tondela,"March 3, 1999",,,https://en.wikipedia.org/wiki/2026_FIFA_World_Cup_squads,1.0,canonical_squad_identity
south_africa_teboho_mokoena,South Africa,Teboho Mokoena,tebohomokoena,Mamelodi Sundowns,"January 24, 1997",,,https://en.wikipedia.org/wiki/2026_FIFA_World_Cup_squads,1.0,canonical_squad_identity
south_africa_thabang_matuludi,South Africa,Thabang Matuludi,thabangmatuludi,Polokwane City,"January 14, 1999",,,https://en.wikipedia.org/wiki/2026_FIFA_World_Cup_squads,1.0,canonical_squad_identity
south_africa_thalente_mbatha,South Africa,Thalente Mbatha,thalentembatha,Orlando Pirates,"March 6, 2000",,,https://en.wikipedia.org/wiki/2026_FIFA_World_Cup_squads,1.0,canonical_squad_identity
south_africa_thapelo_maseko,South Africa,Thapelo Maseko,thapelomaseko,AEL Limassol,"November 11, 2003",,,https://en.wikipedia.org/wiki/2026_FIFA_World_Cup_squads,1.0,canonical_squad_identity
south_africa_themba_zwane,South Africa,Themba Zwane,thembazwane,Mamelodi Sundowns,"August 3, 1989",,,https://en.wikipedia.org/wiki/2026_FIFA_World_Cup_squads,1.0,canonical_squad_identity
south_africa_tshepang_moremi,South Africa,Tshepang Moremi,tshepangmoremi,Orlando Pirates,"October 2, 2000",,,https://en.wikipedia.org/wiki/2026_FIFA_World_Cup_squads,1.0,canonical_squad_identity
spain_aymeric_laporte,Spain,Aymeric Laporte,aymericlaporte,Athletic Bilbao,"May 27, 1994",,,https://en.wikipedia.org/wiki/2026_FIFA_World_Cup_squads,1.0,canonical_squad_identity
spain_borja_iglesias,Spain,Borja Iglesias,borjaiglesias,Celta Vigo,"January 17, 1993",,,https://en.wikipedia.org/wiki/2026_FIFA_World_Cup_squads,1.0,canonical_squad_identity
spain_dani_olmo,Spain,Dani Olmo,daniolmo,Barcelona,"May 7, 1998",,,https://en.wikipedia.org/wiki/2026_FIFA_World_Cup_squads,1.0,canonical_squad_identity
spain_david_raya,Spain,David Raya,davidraya,Arsenal,"September 15, 1995",,,https://en.wikipedia.org/wiki/2026_FIFA_World_Cup_squads,1.0,canonical_squad_identity
spain_eric_garcia,Spain,Eric García,ericgarcia,Barcelona,"January 9, 2001",,,https://en.wikipedia.org/wiki/2026_FIFA_World_Cup_squads,1.0,canonical_squad_identity
spain_fabian_ruiz,Spain,Fabián Ruiz,fabianruiz,Paris Saint-Germain,"April 3, 1996",,,https://en.wikipedia.org/wiki/2026_FIFA_World_Cup_squads,1.0,canonical_squad_identity
spain_ferran_torres,Spain,Ferran Torres,ferrantorres,Barcelona,"February 29, 2000",,,https://en.wikipedia.org/wiki/2026_FIFA_World_Cup_squads,1.0,canonical_squad_identity
spain_gavi,Spain,Gavi,gavi,Barcelona,"August 5, 2004",,,https://en.wikipedia.org/wiki/2026_FIFA_World_Cup_squads,1.0,canonical_squad_identity
spain_joan_garcia,Spain,Joan Garcia,joangarcia,Barcelona,"May 4, 2001",,,https://en.wikipedia.org/wiki/2026_FIFA_World_Cup_squads,1.0,canonical_squad_identity
spain_lamine_yamal,Spain,Lamine Yamal,lamineyamal,Barcelona,"July 13, 2007",,,https://en.wikipedia.org/wiki/2026_FIFA_World_Cup_squads,1.0,canonical_squad_identity
spain_marc_cucurella,Spain,Marc Cucurella,marccucurella,Chelsea,"July 22, 1998",,,https://en.wikipedia.org/wiki/2026_FIFA_World_Cup_squads,1.0,canonical_squad_identity
spain_marc_pubill,Spain,Marc Pubill,marcpubill,Atlético Madrid,"June 20, 2003",,,https://en.wikipedia.org/wiki/2026_FIFA_World_Cup_squads,1.0,canonical_squad_identity
spain_marcos_llorente,Spain,Marcos Llorente,marcosllorente,Atlético Madrid,"January 30, 1995",,,https://en.wikipedia.org/wiki/2026_FIFA_World_Cup_squads,1.0,canonical_squad_identity
spain_martin_zubimendi,Spain,Martín Zubimendi,martinzubimendi,Arsenal,"February 2, 1999",,,https://en.wikipedia.org/wiki/2026_FIFA_World_Cup_squads,1.0,canonical_squad_identity
spain_mikel_merino,Spain,Mikel Merino,mikelmerino,Arsenal,"June 22, 1996",,,https://en.wikipedia.org/wiki/2026_FIFA_World_Cup_squads,1.0,canonical_squad_identity
spain_mikel_oyarzabal,Spain,Mikel Oyarzabal,mikeloyarzabal,Real Sociedad,"April 21, 1997",,,https://en.wikipedia.org/wiki/2026_FIFA_World_Cup_squads,1.0,canonical_squad_identity
spain_nico_williams,Spain,Nico Williams,nicowilliams,Athletic Bilbao,"July 12, 2002",,,https://en.wikipedia.org/wiki/2026_FIFA_World_Cup_squads,1.0,canonical_squad_identity
spain_pau_cubarsi,Spain,Pau Cubarsí,paucubarsi,Barcelona,"January 22, 2007",,,https://en.wikipedia.org/wiki/2026_FIFA_World_Cup_squads,1.0,canonical_squad_identity
spain_pedri,Spain,Pedri,pedri,Barcelona,"November 25, 2002",,,https://en.wikipedia.org/wiki/2026_FIFA_World_Cup_squads,1.0,canonical_squad_identity
spain_pedro_porro,Spain,Pedro Porro,pedroporro,Tottenham Hotspur,"September 13, 1999",,,https://en.wikipedia.org/wiki/2026_FIFA_World_Cup_squads,1.0,canonical_squad_identity
spain_rodri,Spain,Rodri,rodri,Manchester City,"June 22, 1996",,,https://en.wikipedia.org/wiki/2026_FIFA_World_Cup_squads,1.0,canonical_squad_identity
spain_unai_simon,Spain,Unai Simón,unaisimon,Athletic Bilbao,"June 11, 1997",,,https://en.wikipedia.org/wiki/2026_FIFA_World_Cup_squads,1.0,canonical_squad_identity
spain_victor_munoz,Spain,Víctor Muñoz,victormunoz,Osasuna,"July 13, 2003",,,https://en.wikipedia.org/wiki/2026_FIFA_World_Cup_squads,1.0,canonical_squad_identity
spain_yeremy_pino,Spain,Yéremy Pino,yeremypino,Crystal Palace,"October 20, 2002",,,https://en.wikipedia.org/wiki/2026_FIFA_World_Cup_squads,1.0,canonical_squad_identity
spain_alex_baena,Spain,Álex Baena,alexbaena,Atlético Madrid,"July 20, 2001",,,https://en.wikipedia.org/wiki/2026_FIFA_World_Cup_squads,1.0,canonical_squad_identity
spain_alex_grimaldo,Spain,Álex Grimaldo,alexgrimaldo,Bayer Leverkusen,"September 20, 1995",,,https://en.wikipedia.org/wiki/2026_FIFA_World_Cup_squads,1.0,canonical_squad_identity
sweden_alexander_bernhardsson,Sweden,Alexander Bernhardsson,alexanderbernhardsson,Holstein Kiel,"September 8, 1998",,,https://en.wikipedia.org/wiki/2026_FIFA_World_Cup_squads,1.0,canonical_squad_identity
sweden_alexander_isak,Sweden,Alexander Isak,alexanderisak,Liverpool,"September 21, 1999",,,https://en.wikipedia.org/wiki/2026_FIFA_World_Cup_squads,1.0,canonical_squad_identity
sweden_anthony_elanga,Sweden,Anthony Elanga,anthonyelanga,Newcastle United,"April 27, 2002",,,https://en.wikipedia.org/wiki/2026_FIFA_World_Cup_squads,1.0,canonical_squad_identity
sweden_benjamin_nygren,Sweden,Benjamin Nygren,benjaminnygren,Celtic,"July 8, 2001",,,https://en.wikipedia.org/wiki/2026_FIFA_World_Cup_squads,1.0,canonical_squad_identity
sweden_besfort_zeneli,Sweden,Besfort Zeneli,besfortzeneli,Union Saint-Gilloise,"November 21, 2002",,,https://en.wikipedia.org/wiki/2026_FIFA_World_Cup_squads,1.0,canonical_squad_identity
sweden_carl_starfelt,Sweden,Carl Starfelt,carlstarfelt,Celta Vigo,"June 1, 1995",,,https://en.wikipedia.org/wiki/2026_FIFA_World_Cup_squads,1.0,canonical_squad_identity
sweden_daniel_svensson,Sweden,Daniel Svensson,danielsvensson,Borussia Dortmund,"February 12, 2002",,,https://en.wikipedia.org/wiki/2026_FIFA_World_Cup_squads,1.0,canonical_squad_identity
sweden_elliot_stroud,Sweden,Elliot Stroud,elliotstroud,Mjällby AIF,"June 22, 2002",,,https://en.wikipedia.org/wiki/2026_FIFA_World_Cup_squads,1.0,canonical_squad_identity
sweden_eric_smith,Sweden,Eric Smith,ericsmith,FC St. Pauli,"January 8, 1997",,,https://en.wikipedia.org/wiki/2026_FIFA_World_Cup_squads,1.0,canonical_squad_identity
sweden_gabriel_gudmundsson,Sweden,Gabriel Gudmundsson,gabrielgudmundsson,Leeds United,"April 29, 1999",,,https://en.wikipedia.org/wiki/2026_FIFA_World_Cup_squads,1.0,canonical_squad_identity
sweden_gustaf_lagerbielke,Sweden,Gustaf Lagerbielke,gustaflagerbielke,Braga,"April 10, 2000",,,https://en.wikipedia.org/wiki/2026_FIFA_World_Cup_squads,1.0,canonical_squad_identity
sweden_gustaf_nilsson,Sweden,Gustaf Nilsson,gustafnilsson,Club Brugge,"May 23, 1997",,,https://en.wikipedia.org/wiki/2026_FIFA_World_Cup_squads,1.0,canonical_squad_identity
sweden_herman_johansson,Sweden,Herman Johansson,hermanjohansson,FC Dallas,"October 16, 1997",,,https://en.wikipedia.org/wiki/2026_FIFA_World_Cup_squads,1.0,canonical_squad_identity
sweden_hjalmar_ekdal,Sweden,Hjalmar Ekdal,hjalmarekdal,Burnley,"October 21, 1998",,,https://en.wikipedia.org/wiki/2026_FIFA_World_Cup_squads,1.0,canonical_squad_identity
sweden_isak_hien,Sweden,Isak Hien,isakhien,Atalanta,"January 13, 1999",,,https://en.wikipedia.org/wiki/2026_FIFA_World_Cup_squads,1.0,canonical_squad_identity
sweden_jacob_widell_zetterstrom,Sweden,Jacob Widell Zetterström,jacobwidellzetterstrom,Derby County,"July 11, 1998",,,https://en.wikipedia.org/wiki/2026_FIFA_World_Cup_squads,1.0,canonical_squad_identity
sweden_jesper_karlstrom,Sweden,Jesper Karlström,jesperkarlstrom,Udinese,"June 21, 1995",,,https://en.wikipedia.org/wiki/2026_FIFA_World_Cup_squads,1.0,canonical_squad_identity
sweden_ken_sema,Sweden,Ken Sema,kensema,Pafos,"September 30, 1993",,,https://en.wikipedia.org/wiki/2026_FIFA_World_Cup_squads,1.0,canonical_squad_identity
sweden_kristoffer_nordfeldt,Sweden,Kristoffer Nordfeldt,kristoffernordfeldt,AIK,"June 23, 1989",,,https://en.wikipedia.org/wiki/2026_FIFA_World_Cup_squads,1.0,canonical_squad_identity
sweden_lucas_bergvall,Sweden,Lucas Bergvall,lucasbergvall,Tottenham Hotspur,"February 2, 2006",,,https://en.wikipedia.org/wiki/2026_FIFA_World_Cup_squads,1.0,canonical_squad_identity
sweden_mattias_svanberg,Sweden,Mattias Svanberg,mattiassvanberg,VfL Wolfsburg,"January 5, 1999",,,https://en.wikipedia.org/wiki/2026_FIFA_World_Cup_squads,1.0,canonical_squad_identity
sweden_taha_ali,Sweden,Taha Ali,tahaali,Malmö FF,"July 1, 1998",,,https://en.wikipedia.org/wiki/2026_FIFA_World_Cup_squads,1.0,canonical_squad_identity
sweden_victor_lindelof,Sweden,Victor Lindelöf,victorlindelof,Aston Villa,"July 17, 1994",,,https://en.wikipedia.org/wiki/2026_FIFA_World_Cup_squads,1.0,canonical_squad_identity
sweden_viktor_gyokeres,Sweden,Viktor Gyökeres,viktorgyokeres,Arsenal,"June 4, 1998",,,https://en.wikipedia.org/wiki/2026_FIFA_World_Cup_squads,1.0,canonical_squad_identity
sweden_viktor_johansson,Sweden,Viktor Johansson,viktorjohansson,Stoke City,"September 14, 1998",,,https://en.wikipedia.org/wiki/2026_FIFA_World_Cup_squads,1.0,canonical_squad_identity
sweden_yasin_ayari,Sweden,Yasin Ayari,yasinayari,Brighton & Hove Albion,"October 6, 2003",,,https://en.wikipedia.org/wiki/2026_FIFA_World_Cup_squads,1.0,canonical_squad_identity
switzerland_ardon_jashari,Switzerland,Ardon Jashari,ardonjashari,Milan,"July 30, 2002",,,https://en.wikipedia.org/wiki/2026_FIFA_World_Cup_squads,1.0,canonical_squad_identity
switzerland_aurele_amenda,Switzerland,Aurèle Amenda,aureleamenda,Eintracht Frankfurt,"July 31, 2003",,,https://en.wikipedia.org/wiki/2026_FIFA_World_Cup_squads,1.0,canonical_squad_identity
switzerland_breel_embolo,Switzerland,Breel Embolo,breelembolo,Rennes,"February 14, 1997",,,https://en.wikipedia.org/wiki/2026_FIFA_World_Cup_squads,1.0,canonical_squad_identity
switzerland_cedric_itten,Switzerland,Cedric Itten,cedricitten,Fortuna Düsseldorf,"December 27, 1996",,,https://en.wikipedia.org/wiki/2026_FIFA_World_Cup_squads,1.0,canonical_squad_identity
switzerland_christian_fassnacht,Switzerland,Christian Fassnacht,christianfassnacht,Young Boys,"November 11, 1993",,,https://en.wikipedia.org/wiki/2026_FIFA_World_Cup_squads,1.0,canonical_squad_identity
switzerland_dan_ndoye,Switzerland,Dan Ndoye,danndoye,Nottingham Forest,"October 25, 2000",,,https://en.wikipedia.org/wiki/2026_FIFA_World_Cup_squads,1.0,canonical_squad_identity
switzerland_denis_zakaria,Switzerland,Denis Zakaria,deniszakaria,Monaco,"November 20, 1996",,,https://en.wikipedia.org/wiki/2026_FIFA_World_Cup_squads,1.0,canonical_squad_identity
switzerland_djibril_sow,Switzerland,Djibril Sow,djibrilsow,Sevilla,"February 6, 1997",,,https://en.wikipedia.org/wiki/2026_FIFA_World_Cup_squads,1.0,canonical_squad_identity
switzerland_eray_comert,Switzerland,Eray Cömert,eraycomert,Valencia,"February 4, 1998",,,https://en.wikipedia.org/wiki/2026_FIFA_World_Cup_squads,1.0,canonical_squad_identity
switzerland_fabian_rieder,Switzerland,Fabian Rieder,fabianrieder,FC Augsburg,"February 16, 2002",,,https://en.wikipedia.org/wiki/2026_FIFA_World_Cup_squads,1.0,canonical_squad_identity
switzerland_granit_xhaka,Switzerland,Granit Xhaka,granitxhaka,Sunderland,"September 27, 1992",,,https://en.wikipedia.org/wiki/2026_FIFA_World_Cup_squads,1.0,canonical_squad_identity
switzerland_gregor_kobel,Switzerland,Gregor Kobel,gregorkobel,Borussia Dortmund,"December 6, 1997",,,https://en.wikipedia.org/wiki/2026_FIFA_World_Cup_squads,1.0,canonical_squad_identity
switzerland_johan_manzambi,Switzerland,Johan Manzambi,johanmanzambi,SC Freiburg,"October 14, 2005",,,https://en.wikipedia.org/wiki/2026_FIFA_World_Cup_squads,1.0,canonical_squad_identity
switzerland_luca_jaquez,Switzerland,Luca Jaquez,lucajaquez,VfB Stuttgart,"June 2, 2003",,,https://en.wikipedia.org/wiki/2026_FIFA_World_Cup_squads,1.0,canonical_squad_identity
switzerland_manuel_akanji,Switzerland,Manuel Akanji,manuelakanji,Inter Milan,"July 19, 1995",,,https://en.wikipedia.org/wiki/2026_FIFA_World_Cup_squads,1.0,canonical_squad_identity
switzerland_marvin_keller,Switzerland,Marvin Keller,marvinkeller,Young Boys,"July 3, 2002",,,https://en.wikipedia.org/wiki/2026_FIFA_World_Cup_squads,1.0,canonical_squad_identity
switzerland_michel_aebischer,Switzerland,Michel Aebischer,michelaebischer,Pisa,"January 6, 1997",,,https://en.wikipedia.org/wiki/2026_FIFA_World_Cup_squads,1.0,canonical_squad_identity
switzerland_miro_muheim,Switzerland,Miro Muheim,miromuheim,Hamburger SV,"March 24, 1998",,,https://en.wikipedia.org/wiki/2026_FIFA_World_Cup_squads,1.0,canonical_squad_identity
switzerland_nico_elvedi,Switzerland,Nico Elvedi,nicoelvedi,Borussia Mönchengladbach,"September 30, 1996",,,https://en.wikipedia.org/wiki/2026_FIFA_World_Cup_squads,1.0,canonical_squad_identity
switzerland_noah_okafor,Switzerland,Noah Okafor,noahokafor,Leeds United,"May 24, 2000",,,https://en.wikipedia.org/wiki/2026_FIFA_World_Cup_squads,1.0,canonical_squad_identity
switzerland_remo_freuler,Switzerland,Remo Freuler,remofreuler,Bologna,"April 15, 1992",,,https://en.wikipedia.org/wiki/2026_FIFA_World_Cup_squads,1.0,canonical_squad_identity
switzerland_ricardo_rodriguez,Switzerland,Ricardo Rodriguez,ricardorodriguez,Real Betis,"August 25, 1992",,,https://en.wikipedia.org/wiki/2026_FIFA_World_Cup_squads,1.0,canonical_squad_identity
switzerland_ruben_vargas,Switzerland,Rubén Vargas,rubenvargas,Sevilla,"August 5, 1998",,,https://en.wikipedia.org/wiki/2026_FIFA_World_Cup_squads,1.0,canonical_squad_identity
switzerland_silvan_widmer,Switzerland,Silvan Widmer,silvanwidmer,Mainz 05,"March 5, 1993",,,https://en.wikipedia.org/wiki/2026_FIFA_World_Cup_squads,1.0,canonical_squad_identity
switzerland_yvon_mvogo,Switzerland,Yvon Mvogo,yvonmvogo,Lorient,"June 6, 1994",,,https://en.wikipedia.org/wiki/2026_FIFA_World_Cup_squads,1.0,canonical_squad_identity
switzerland_zeki_amdouni,Switzerland,Zeki Amdouni,zekiamdouni,Burnley,"December 4, 2000",,,https://en.wikipedia.org/wiki/2026_FIFA_World_Cup_squads,1.0,canonical_squad_identity
tunisia_adem_arous,Tunisia,Adem Arous,ademarous,Kasımpaşa,"July 17, 2004",,,https://en.wikipedia.org/wiki/2026_FIFA_World_Cup_squads,1.0,canonical_squad_identity
tunisia_ali_abdi,Tunisia,Ali Abdi,aliabdi,Nice,"December 20, 1993",,,https://en.wikipedia.org/wiki/2026_FIFA_World_Cup_squads,1.0,canonical_squad_identity
tunisia_anis_ben_slimane,Tunisia,Anis Ben Slimane,anisbenslimane,Norwich City,"March 16, 2001",,,https://en.wikipedia.org/wiki/2026_FIFA_World_Cup_squads,1.0,canonical_squad_identity
tunisia_aymen_dahmen,Tunisia,Aymen Dahmen,aymendahmen,CS Sfaxien,"January 28, 1997",,,https://en.wikipedia.org/wiki/2026_FIFA_World_Cup_squads,1.0,canonical_squad_identity
tunisia_dylan_bronn,Tunisia,Dylan Bronn,dylanbronn,Servette,"June 19, 1995",,,https://en.wikipedia.org/wiki/2026_FIFA_World_Cup_squads,1.0,canonical_squad_identity
tunisia_elias_achouri,Tunisia,Elias Achouri,eliasachouri,Copenhagen,"February 10, 1999",,,https://en.wikipedia.org/wiki/2026_FIFA_World_Cup_squads,1.0,canonical_squad_identity
tunisia_elias_saad,Tunisia,Elias Saad,eliassaad,Hannover 96,"December 27, 1999",,,https://en.wikipedia.org/wiki/2026_FIFA_World_Cup_squads,1.0,canonical_squad_identity
tunisia_ellyes_skhiri,Tunisia,Ellyes Skhiri,ellyesskhiri,Eintracht Frankfurt,"May 10, 1995",,,https://en.wikipedia.org/wiki/2026_FIFA_World_Cup_squads,1.0,canonical_squad_identity
tunisia_firas_chaouat,Tunisia,Firas Chaouat,firaschaouat,Club Africain,"May 8, 1996",,,https://en.wikipedia.org/wiki/2026_FIFA_World_Cup_squads,1.0,canonical_squad_identity
tunisia_hadj_mahmoud,Tunisia,Hadj Mahmoud,hadjmahmoud,Lugano,"April 24, 2000",,,https://en.wikipedia.org/wiki/2026_FIFA_World_Cup_squads,1.0,canonical_squad_identity
tunisia_hannibal_mejbri,Tunisia,Hannibal Mejbri,hannibalmejbri,Burnley,"January 21, 2003",,,https://en.wikipedia.org/wiki/2026_FIFA_World_Cup_squads,1.0,canonical_squad_identity
tunisia_hazem_mastouri,Tunisia,Hazem Mastouri,hazemmastouri,Dynamo Makhachkala,"June 18, 1997",,,https://en.wikipedia.org/wiki/2026_FIFA_World_Cup_squads,1.0,canonical_squad_identity
tunisia_ismael_gharbi,Tunisia,Ismaël Gharbi,ismaelgharbi,FC Augsburg,"April 10, 2004",,,https://en.wikipedia.org/wiki/2026_FIFA_World_Cup_squads,1.0,canonical_squad_identity
tunisia_khalil_ayari,Tunisia,Khalil Ayari,khalilayari,Paris Saint-Germain,"February 2, 2005",,,https://en.wikipedia.org/wiki/2026_FIFA_World_Cup_squads,1.0,canonical_squad_identity
tunisia_mohamed_amine_ben_hamida,Tunisia,Mohamed Amine Ben Hamida,mohamedaminebenhamida,Espérance de Tunis,"December 15, 1995",,,https://en.wikipedia.org/wiki/2026_FIFA_World_Cup_squads,1.0,canonical_squad_identity
tunisia_montassar_talbi,Tunisia,Montassar Talbi,montassartalbi,Lorient,"May 26, 1998",,,https://en.wikipedia.org/wiki/2026_FIFA_World_Cup_squads,1.0,canonical_squad_identity
tunisia_mortadha_ben_ouanes,Tunisia,Mortadha Ben Ouanes,mortadhabenouanes,Kasımpaşa,"July 2, 1994",,,https://en.wikipedia.org/wiki/2026_FIFA_World_Cup_squads,1.0,canonical_squad_identity
tunisia_mouhib_chamakh,Tunisia,Mouhib Chamakh,mouhibchamakh,Club Africain,"August 25, 2001",,,https://en.wikipedia.org/wiki/2026_FIFA_World_Cup_squads,1.0,canonical_squad_identity
tunisia_moutaz_neffati,Tunisia,Moutaz Neffati,moutazneffati,IFK Norrköping,"September 4, 2004",,,https://en.wikipedia.org/wiki/2026_FIFA_World_Cup_squads,1.0,canonical_squad_identity
tunisia_omar_rekik,Tunisia,Omar Rekik,omarrekik,Maribor,"December 20, 2001",,,https://en.wikipedia.org/wiki/2026_FIFA_World_Cup_squads,1.0,canonical_squad_identity
tunisia_raed_chikhaoui,Tunisia,Raed Chikhaoui,raedchikhaoui,US Monastir,"June 9, 2004",,,https://en.wikipedia.org/wiki/2026_FIFA_World_Cup_squads,1.0,canonical_squad_identity
tunisia_rani_khedira,Tunisia,Rani Khedira,ranikhedira,Union Berlin,"January 27, 1994",,,https://en.wikipedia.org/wiki/2026_FIFA_World_Cup_squads,1.0,canonical_squad_identity
tunisia_rayan_elloumi,Tunisia,Rayan Elloumi,rayanelloumi,Vancouver Whitecaps FC,"September 17, 2007",,,https://en.wikipedia.org/wiki/2026_FIFA_World_Cup_squads,1.0,canonical_squad_identity
tunisia_sabri_ben_hessen,Tunisia,Sabri Ben Hessen,sabribenhessen,Étoile du Sahel,"June 13, 1996",,,https://en.wikipedia.org/wiki/2026_FIFA_World_Cup_squads,1.0,canonical_squad_identity
tunisia_sebastian_tounekti,Tunisia,Sebastian Tounekti,sebastiantounekti,Celtic,"July 13, 2002",,,https://en.wikipedia.org/wiki/2026_FIFA_World_Cup_squads,1.0,canonical_squad_identity
tunisia_yan_valery,Tunisia,Yan Valery,yanvalery,Young Boys,"February 22, 1999",,,https://en.wikipedia.org/wiki/2026_FIFA_World_Cup_squads,1.0,canonical_squad_identity
turkiye_abdulkerim_bardakc,Turkiye,Abdülkerim Bardakcı,abdulkerimbardakc,Galatasaray,"September 7, 1994",,,https://en.wikipedia.org/wiki/2026_FIFA_World_Cup_squads,1.0,canonical_squad_identity
turkiye_altay_bayndr,Turkiye,Altay Bayındır,altaybayndr,Manchester United,"April 14, 1998",,,https://en.wikipedia.org/wiki/2026_FIFA_World_Cup_squads,1.0,canonical_squad_identity
turkiye_arda_guler,Turkiye,Arda Güler,ardaguler,Real Madrid,"February 25, 2005",,,https://en.wikipedia.org/wiki/2026_FIFA_World_Cup_squads,1.0,canonical_squad_identity
turkiye_bars_alper_ylmaz,Turkiye,Barış Alper Yılmaz,barsalperylmaz,Galatasaray,"May 23, 2000",,,https://en.wikipedia.org/wiki/2026_FIFA_World_Cup_squads,1.0,canonical_squad_identity
turkiye_can_uzun,Turkiye,Can Uzun,canuzun,Eintracht Frankfurt,"November 11, 2005",,,https://en.wikipedia.org/wiki/2026_FIFA_World_Cup_squads,1.0,canonical_squad_identity
turkiye_deniz_gul,Turkiye,Deniz Gül,denizgul,Porto,"July 2, 2004",,,https://en.wikipedia.org/wiki/2026_FIFA_World_Cup_squads,1.0,canonical_squad_identity
turkiye_eren_elmal,Turkiye,Eren Elmalı,erenelmal,Galatasaray,"July 7, 2000",,,https://en.wikipedia.org/wiki/2026_FIFA_World_Cup_squads,1.0,canonical_squad_identity
turkiye_ferdi_kadoglu,Turkiye,Ferdi Kadıoğlu,ferdikadoglu,Brighton & Hove Albion,"October 7, 1999",,,https://en.wikipedia.org/wiki/2026_FIFA_World_Cup_squads,1.0,canonical_squad_identity
turkiye_hakan_calhanoglu,Turkiye,Hakan Çalhanoğlu,hakancalhanoglu,Inter Milan,"February 8, 1994",,,https://en.wikipedia.org/wiki/2026_FIFA_World_Cup_squads,1.0,canonical_squad_identity
turkiye_kaan_ayhan,Turkiye,Kaan Ayhan,kaanayhan,Galatasaray,"November 10, 1994",,,https://en.wikipedia.org/wiki/2026_FIFA_World_Cup_squads,1.0,canonical_squad_identity
turkiye_kenan_yldz,Turkiye,Kenan Yıldız,kenanyldz,Juventus,"May 4, 2005",,,https://en.wikipedia.org/wiki/2026_FIFA_World_Cup_squads,1.0,canonical_squad_identity
turkiye_kerem_akturkoglu,Turkiye,Kerem Aktürkoğlu,keremakturkoglu,Fenerbahçe,"October 21, 1998",,,https://en.wikipedia.org/wiki/2026_FIFA_World_Cup_squads,1.0,canonical_squad_identity
turkiye_merih_demiral,Turkiye,Merih Demiral,merihdemiral,Al-Ahli,"March 5, 1998",,,https://en.wikipedia.org/wiki/2026_FIFA_World_Cup_squads,1.0,canonical_squad_identity
turkiye_mert_gunok,Turkiye,Mert Günok,mertgunok,Fenerbahçe,"March 1, 1989",,,https://en.wikipedia.org/wiki/2026_FIFA_World_Cup_squads,1.0,canonical_squad_identity
turkiye_mert_muldur,Turkiye,Mert Müldür,mertmuldur,Fenerbahçe,"April 3, 1999",,,https://en.wikipedia.org/wiki/2026_FIFA_World_Cup_squads,1.0,canonical_squad_identity
turkiye_orkun_kokcu,Turkiye,Orkun Kökçü,orkunkokcu,Beşiktaş,"December 29, 2000",,,https://en.wikipedia.org/wiki/2026_FIFA_World_Cup_squads,1.0,canonical_squad_identity
turkiye_ozan_kabak,Turkiye,Ozan Kabak,ozankabak,TSG Hoffenheim,"March 25, 2000",,,https://en.wikipedia.org/wiki/2026_FIFA_World_Cup_squads,1.0,canonical_squad_identity
turkiye_oguz_aydn,Turkiye,Oğuz Aydın,oguzaydn,Fenerbahçe,"October 27, 2000",,,https://en.wikipedia.org/wiki/2026_FIFA_World_Cup_squads,1.0,canonical_squad_identity
turkiye_salih_ozcan,Turkiye,Salih Özcan,salihozcan,Borussia Dortmund,"January 11, 1998",,,https://en.wikipedia.org/wiki/2026_FIFA_World_Cup_squads,1.0,canonical_squad_identity
turkiye_samet_akaydin,Turkiye,Samet Akaydin,sametakaydin,Çaykur Rizespor,"March 13, 1994",,,https://en.wikipedia.org/wiki/2026_FIFA_World_Cup_squads,1.0,canonical_squad_identity
turkiye_ugurcan_cakr,Turkiye,Uğurcan Çakır,ugurcancakr,Galatasaray,"April 5, 1996",,,https://en.wikipedia.org/wiki/2026_FIFA_World_Cup_squads,1.0,canonical_squad_identity
turkiye_yunus_akgun,Turkiye,Yunus Akgün,yunusakgun,Galatasaray,"July 7, 2000",,,https://en.wikipedia.org/wiki/2026_FIFA_World_Cup_squads,1.0,canonical_squad_identity
turkiye_zeki_celik,Turkiye,Zeki Çelik,zekicelik,Roma,"February 17, 1997",,,https://en.wikipedia.org/wiki/2026_FIFA_World_Cup_squads,1.0,canonical_squad_identity
turkiye_caglar_soyuncu,Turkiye,Çağlar Söyüncü,caglarsoyuncu,Fenerbahçe,"May 23, 1996",,,https://en.wikipedia.org/wiki/2026_FIFA_World_Cup_squads,1.0,canonical_squad_identity
turkiye_irfan_can_kahveci,Turkiye,İrfan Can Kahveci,irfancankahveci,Kasımpaşa,"July 15, 1995",,,https://en.wikipedia.org/wiki/2026_FIFA_World_Cup_squads,1.0,canonical_squad_identity
turkiye_ismail_yuksek,Turkiye,İsmail Yüksek,ismailyuksek,Fenerbahçe,"January 26, 1999",,,https://en.wikipedia.org/wiki/2026_FIFA_World_Cup_squads,1.0,canonical_squad_identity
usa_alejandro_zendejas,USA,Alejandro Zendejas,alejandrozendejas,América,"February 7, 1998",,,https://en.wikipedia.org/wiki/2026_FIFA_World_Cup_squads,1.0,canonical_squad_identity
usa_alex_freeman,USA,Alex Freeman,alexfreeman,Villarreal,"August 9, 2004",,,https://en.wikipedia.org/wiki/2026_FIFA_World_Cup_squads,1.0,canonical_squad_identity
usa_antonee_robinson,USA,Antonee Robinson,antoneerobinson,Fulham,"August 8, 1997",,,https://en.wikipedia.org/wiki/2026_FIFA_World_Cup_squads,1.0,canonical_squad_identity
usa_auston_trusty,USA,Auston Trusty,austontrusty,Celtic,"August 12, 1998",,,https://en.wikipedia.org/wiki/2026_FIFA_World_Cup_squads,1.0,canonical_squad_identity
usa_brenden_aaronson,USA,Brenden Aaronson,brendenaaronson,Leeds United,"October 22, 2000",,,https://en.wikipedia.org/wiki/2026_FIFA_World_Cup_squads,1.0,canonical_squad_identity
usa_chris_brady,USA,Chris Brady,chrisbrady,Chicago Fire FC,"March 3, 2004",,,https://en.wikipedia.org/wiki/2026_FIFA_World_Cup_squads,1.0,canonical_squad_identity
usa_chris_richards,USA,Chris Richards,chrisrichards,Crystal Palace,"March 28, 2000",,,https://en.wikipedia.org/wiki/2026_FIFA_World_Cup_squads,1.0,canonical_squad_identity
usa_christian_pulisic,USA,Christian Pulisic,christianpulisic,Milan,"September 18, 1998",,,https://en.wikipedia.org/wiki/2026_FIFA_World_Cup_squads,1.0,canonical_squad_identity
usa_cristian_roldan,USA,Cristian Roldan,cristianroldan,Seattle Sounders FC,"June 3, 1995",,,https://en.wikipedia.org/wiki/2026_FIFA_World_Cup_squads,1.0,canonical_squad_identity
usa_folarin_balogun,USA,Folarin Balogun,folarinbalogun,Monaco,"July 3, 2001",,,https://en.wikipedia.org/wiki/2026_FIFA_World_Cup_squads,1.0,canonical_squad_identity
usa_giovanni_reyna,USA,Giovanni Reyna,giovannireyna,Borussia Mönchengladbach,"November 13, 2002",,,https://en.wikipedia.org/wiki/2026_FIFA_World_Cup_squads,1.0,canonical_squad_identity
usa_haji_wright,USA,Haji Wright,hajiwright,Coventry City,"March 27, 1998",,,https://en.wikipedia.org/wiki/2026_FIFA_World_Cup_squads,1.0,canonical_squad_identity
usa_joe_scally,USA,Joe Scally,joescally,Borussia Mönchengladbach,"December 31, 2002",,,https://en.wikipedia.org/wiki/2026_FIFA_World_Cup_squads,1.0,canonical_squad_identity
usa_malik_tillman,USA,Malik Tillman,maliktillman,Bayer Leverkusen,"May 28, 2002",,,https://en.wikipedia.org/wiki/2026_FIFA_World_Cup_squads,1.0,canonical_squad_identity
usa_mark_mckenzie,USA,Mark McKenzie,markmckenzie,Toulouse,"February 25, 1999",,,https://en.wikipedia.org/wiki/2026_FIFA_World_Cup_squads,1.0,canonical_squad_identity
usa_matt_freese,USA,Matt Freese,mattfreese,New York City FC,"September 2, 1998",,,https://en.wikipedia.org/wiki/2026_FIFA_World_Cup_squads,1.0,canonical_squad_identity
usa_matt_turner,USA,Matt Turner,mattturner,New England Revolution,"June 24, 1994",,,https://en.wikipedia.org/wiki/2026_FIFA_World_Cup_squads,1.0,canonical_squad_identity
usa_maximilian_arfsten,USA,Maximilian Arfsten,maximilianarfsten,Columbus Crew,"April 19, 2001",,,https://en.wikipedia.org/wiki/2026_FIFA_World_Cup_squads,1.0,canonical_squad_identity
usa_miles_robinson,USA,Miles Robinson,milesrobinson,FC Cincinnati,"March 14, 1997",,,https://en.wikipedia.org/wiki/2026_FIFA_World_Cup_squads,1.0,canonical_squad_identity
usa_ricardo_pepi,USA,Ricardo Pepi,ricardopepi,PSV Eindhoven,"January 9, 2003",,,https://en.wikipedia.org/wiki/2026_FIFA_World_Cup_squads,1.0,canonical_squad_identity
usa_sebastian_berhalter,USA,Sebastian Berhalter,sebastianberhalter,Vancouver Whitecaps FC,"May 10, 2001",,,https://en.wikipedia.org/wiki/2026_FIFA_World_Cup_squads,1.0,canonical_squad_identity
usa_sergino_dest,USA,Sergiño Dest,serginodest,PSV Eindhoven,"November 3, 2000",,,https://en.wikipedia.org/wiki/2026_FIFA_World_Cup_squads,1.0,canonical_squad_identity
usa_tim_ream,USA,Tim Ream,timream,Charlotte FC,"October 5, 1987",,,https://en.wikipedia.org/wiki/2026_FIFA_World_Cup_squads,1.0,canonical_squad_identity
usa_timothy_weah,USA,Timothy Weah,timothyweah,Marseille,"February 22, 2000",,,https://en.wikipedia.org/wiki/2026_FIFA_World_Cup_squads,1.0,canonical_squad_identity
usa_tyler_adams,USA,Tyler Adams,tyleradams,Bournemouth,"February 14, 1999",,,https://en.wikipedia.org/wiki/2026_FIFA_World_Cup_squads,1.0,canonical_squad_identity
usa_weston_mckennie,USA,Weston McKennie,westonmckennie,Juventus,"August 28, 1998",,,https://en.wikipedia.org/wiki/2026_FIFA_World_Cup_squads,1.0,canonical_squad_identity
uruguay_agustin_canobbio,Uruguay,Agustín Canobbio,agustincanobbio,Fluminense,"October 1, 1998",,,https://en.wikipedia.org/wiki/2026_FIFA_World_Cup_squads,1.0,canonical_squad_identity
uruguay_brian_rodriguez,Uruguay,Brian Rodríguez,brianrodriguez,América,"May 20, 2000",,,https://en.wikipedia.org/wiki/2026_FIFA_World_Cup_squads,1.0,canonical_squad_identity
uruguay_darwin_nunez,Uruguay,Darwin Núñez,darwinnunez,Al-Hilal,"June 24, 1999",,,https://en.wikipedia.org/wiki/2026_FIFA_World_Cup_squads,1.0,canonical_squad_identity
uruguay_emiliano_martinez,Uruguay,Emiliano Martínez,emilianomartinez,Palmeiras,"August 17, 1999",,,https://en.wikipedia.org/wiki/2026_FIFA_World_Cup_squads,1.0,canonical_squad_identity
uruguay_facundo_pellistri,Uruguay,Facundo Pellistri,facundopellistri,Panathinaikos,"December 20, 2001",,,https://en.wikipedia.org/wiki/2026_FIFA_World_Cup_squads,1.0,canonical_squad_identity
uruguay_federico_valverde,Uruguay,Federico Valverde,federicovalverde,Real Madrid,"July 22, 1998",,,https://en.wikipedia.org/wiki/2026_FIFA_World_Cup_squads,1.0,canonical_squad_identity
uruguay_federico_vinas,Uruguay,Federico Viñas,federicovinas,Oviedo,"June 30, 1998",,,https://en.wikipedia.org/wiki/2026_FIFA_World_Cup_squads,1.0,canonical_squad_identity
uruguay_fernando_muslera,Uruguay,Fernando Muslera,fernandomuslera,Estudiantes,"June 16, 1986",,,https://en.wikipedia.org/wiki/2026_FIFA_World_Cup_squads,1.0,canonical_squad_identity
uruguay_giorgian_de_arrascaeta,Uruguay,Giorgian de Arrascaeta,giorgiandearrascaeta,Flamengo,"June 1, 1994",,,https://en.wikipedia.org/wiki/2026_FIFA_World_Cup_squads,1.0,canonical_squad_identity
uruguay_guillermo_varela,Uruguay,Guillermo Varela,guillermovarela,Flamengo,"March 24, 1993",,,https://en.wikipedia.org/wiki/2026_FIFA_World_Cup_squads,1.0,canonical_squad_identity
uruguay_joaquin_piquerez,Uruguay,Joaquín Piquerez,joaquinpiquerez,Palmeiras,"August 24, 1998",,,https://en.wikipedia.org/wiki/2026_FIFA_World_Cup_squads,1.0,canonical_squad_identity
uruguay_jose_maria_gimenez,Uruguay,José María Giménez,josemariagimenez,Atlético Madrid,"January 20, 1995",,,https://en.wikipedia.org/wiki/2026_FIFA_World_Cup_squads,1.0,canonical_squad_identity
uruguay_juan_manuel_sanabria,Uruguay,Juan Manuel Sanabria,juanmanuelsanabria,Real Salt Lake,"March 29, 2000",,,https://en.wikipedia.org/wiki/2026_FIFA_World_Cup_squads,1.0,canonical_squad_identity
uruguay_manuel_ugarte,Uruguay,Manuel Ugarte,manuelugarte,Manchester United,"April 11, 2001",,,https://en.wikipedia.org/wiki/2026_FIFA_World_Cup_squads,1.0,canonical_squad_identity
uruguay_mathias_olivera,Uruguay,Mathías Olivera,mathiasolivera,Napoli,"October 31, 1997",,,https://en.wikipedia.org/wiki/2026_FIFA_World_Cup_squads,1.0,canonical_squad_identity
uruguay_matias_vina,Uruguay,Matías Viña,matiasvina,River Plate,"November 9, 1997",,,https://en.wikipedia.org/wiki/2026_FIFA_World_Cup_squads,1.0,canonical_squad_identity
uruguay_maximiliano_araujo,Uruguay,Maximiliano Araújo,maximilianoaraujo,Sporting CP,"February 15, 2000",,,https://en.wikipedia.org/wiki/2026_FIFA_World_Cup_squads,1.0,canonical_squad_identity
uruguay_nicolas_de_la_cruz,Uruguay,Nicolás de la Cruz,nicolasdelacruz,Flamengo,"June 1, 1997",,,https://en.wikipedia.org/wiki/2026_FIFA_World_Cup_squads,1.0,canonical_squad_identity
uruguay_rodrigo_aguirre,Uruguay,Rodrigo Aguirre,rodrigoaguirre,UANL,"October 1, 1994",,,https://en.wikipedia.org/wiki/2026_FIFA_World_Cup_squads,1.0,canonical_squad_identity
uruguay_rodrigo_bentancur,Uruguay,Rodrigo Bentancur,rodrigobentancur,Tottenham Hotspur,"June 25, 1997",,,https://en.wikipedia.org/wiki/2026_FIFA_World_Cup_squads,1.0,canonical_squad_identity
uruguay_rodrigo_zalazar,Uruguay,Rodrigo Zalazar,rodrigozalazar,Braga,"August 12, 1999",,,https://en.wikipedia.org/wiki/2026_FIFA_World_Cup_squads,1.0,canonical_squad_identity
uruguay_ronald_araujo,Uruguay,Ronald Araújo,ronaldaraujo,Barcelona,"March 7, 1999",,,https://en.wikipedia.org/wiki/2026_FIFA_World_Cup_squads,1.0,canonical_squad_identity
uruguay_santiago_bueno,Uruguay,Santiago Bueno,santiagobueno,Wolverhampton Wanderers,"November 9, 1998",,,https://en.wikipedia.org/wiki/2026_FIFA_World_Cup_squads,1.0,canonical_squad_identity
uruguay_santiago_mele,Uruguay,Santiago Mele,santiagomele,Monterrey,"September 6, 1997",,,https://en.wikipedia.org/wiki/2026_FIFA_World_Cup_squads,1.0,canonical_squad_identity
uruguay_sebastian_caceres,Uruguay,Sebastián Cáceres,sebastiancaceres,América,"August 18, 1999",,,https://en.wikipedia.org/wiki/2026_FIFA_World_Cup_squads,1.0,canonical_squad_identity
uruguay_sergio_rochet,Uruguay,Sergio Rochet,sergiorochet,Internacional,"March 23, 1993",,,https://en.wikipedia.org/wiki/2026_FIFA_World_Cup_squads,1.0,canonical_squad_identity
uzbekistan_abbosbek_fayzullaev,Uzbekistan,Abbosbek Fayzullaev,abbosbekfayzullaev,İstanbul Başakşehir,"October 3, 2003",,,https://en.wikipedia.org/wiki/2026_FIFA_World_Cup_squads,1.0,canonical_squad_identity
uzbekistan_abdukodir_khusanov,Uzbekistan,Abdukodir Khusanov,abdukodirkhusanov,Manchester City,"February 29, 2004",,,https://en.wikipedia.org/wiki/2026_FIFA_World_Cup_squads,1.0,canonical_squad_identity
uzbekistan_abdulla_abdullaev,Uzbekistan,Abdulla Abdullaev,abdullaabdullaev,Dibba,"September 1, 1997",,,https://en.wikipedia.org/wiki/2026_FIFA_World_Cup_squads,1.0,canonical_squad_identity
uzbekistan_abduvohid_nematov,Uzbekistan,Abduvohid Nematov,abduvohidnematov,Nasaf,"March 20, 2001",,,https://en.wikipedia.org/wiki/2026_FIFA_World_Cup_squads,1.0,canonical_squad_identity
uzbekistan_akmal_mozgovoy,Uzbekistan,Akmal Mozgovoy,akmalmozgovoy,Pakhtakor,"April 2, 1999",,,https://en.wikipedia.org/wiki/2026_FIFA_World_Cup_squads,1.0,canonical_squad_identity
uzbekistan_avazbek_ulmasaliev,Uzbekistan,Avazbek Ulmasaliev,avazbekulmasaliev,AGMK,"March 27, 2000",,,https://en.wikipedia.org/wiki/2026_FIFA_World_Cup_squads,1.0,canonical_squad_identity
uzbekistan_azizbek_amonov,Uzbekistan,Azizbek Amonov,azizbekamonov,Dinamo Samarqand,"October 30, 1997",,,https://en.wikipedia.org/wiki/2026_FIFA_World_Cup_squads,1.0,canonical_squad_identity
uzbekistan_azizjon_ganiev,Uzbekistan,Azizjon Ganiev,azizjonganiev,Al Bataeh,"February 22, 1998",,,https://en.wikipedia.org/wiki/2026_FIFA_World_Cup_squads,1.0,canonical_squad_identity
uzbekistan_bekhruz_karimov,Uzbekistan,Bekhruz Karimov,bekhruzkarimov,Surkhon Termiz,"August 7, 2007",,,https://en.wikipedia.org/wiki/2026_FIFA_World_Cup_squads,1.0,canonical_squad_identity
uzbekistan_botirali_ergashev,Uzbekistan,Botirali Ergashev,botiraliergashev,Neftchi Fergana,"June 23, 1995",,,https://en.wikipedia.org/wiki/2026_FIFA_World_Cup_squads,1.0,canonical_squad_identity
uzbekistan_dostonbek_khamdamov,Uzbekistan,Dostonbek Khamdamov,dostonbekkhamdamov,Pakhtakor,"July 24, 1996",,,https://en.wikipedia.org/wiki/2026_FIFA_World_Cup_squads,1.0,canonical_squad_identity
uzbekistan_eldor_shomurodov,Uzbekistan,Eldor Shomurodov,eldorshomurodov,İstanbul Başakşehir,"June 29, 1995",,,https://en.wikipedia.org/wiki/2026_FIFA_World_Cup_squads,1.0,canonical_squad_identity
uzbekistan_farrukh_sayfiev,Uzbekistan,Farrukh Sayfiev,farrukhsayfiev,Neftchi Fergana,"January 17, 1991",,,https://en.wikipedia.org/wiki/2026_FIFA_World_Cup_squads,1.0,canonical_squad_identity
uzbekistan_igor_sergeev,Uzbekistan,Igor Sergeev,igorsergeev,Persepolis,"April 30, 1993",,,https://en.wikipedia.org/wiki/2026_FIFA_World_Cup_squads,1.0,canonical_squad_identity
uzbekistan_jakhongir_urozov,Uzbekistan,Jakhongir Urozov,jakhongirurozov,Dinamo Samarqand,"January 18, 2004",,,https://en.wikipedia.org/wiki/2026_FIFA_World_Cup_squads,1.0,canonical_squad_identity
uzbekistan_jaloliddin_masharipov,Uzbekistan,Jaloliddin Masharipov,jaloliddinmasharipov,Esteghlal,"September 1, 1993",,,https://en.wikipedia.org/wiki/2026_FIFA_World_Cup_squads,1.0,canonical_squad_identity
uzbekistan_jamshid_iskanderov,Uzbekistan,Jamshid Iskanderov,jamshidiskanderov,Neftchi Fergana,"October 16, 1993",,,https://en.wikipedia.org/wiki/2026_FIFA_World_Cup_squads,1.0,canonical_squad_identity
uzbekistan_khojiakbar_alijonov,Uzbekistan,Khojiakbar Alijonov,khojiakbaralijonov,Pakhtakor,"April 19, 1997",,,https://en.wikipedia.org/wiki/2026_FIFA_World_Cup_squads,1.0,canonical_squad_identity
uzbekistan_odiljon_hamrobekov,Uzbekistan,Odiljon Hamrobekov,odiljonhamrobekov,Tractor,"February 13, 1996",,,https://en.wikipedia.org/wiki/2026_FIFA_World_Cup_squads,1.0,canonical_squad_identity
uzbekistan_oston_urunov,Uzbekistan,Oston Urunov,ostonurunov,Persepolis,"December 19, 2000",,,https://en.wikipedia.org/wiki/2026_FIFA_World_Cup_squads,1.0,canonical_squad_identity
uzbekistan_otabek_shukurov,Uzbekistan,Otabek Shukurov,otabekshukurov,Baniyas,"June 22, 1996",,,https://en.wikipedia.org/wiki/2026_FIFA_World_Cup_squads,1.0,canonical_squad_identity
uzbekistan_rustam_ashurmatov,Uzbekistan,Rustam Ashurmatov,rustamashurmatov,Esteghlal,"July 7, 1996",,,https://en.wikipedia.org/wiki/2026_FIFA_World_Cup_squads,1.0,canonical_squad_identity
uzbekistan_sherzod_esanov,Uzbekistan,Sherzod Esanov,sherzodesanov,Bukhara,"February 1, 2003",,,https://en.wikipedia.org/wiki/2026_FIFA_World_Cup_squads,1.0,canonical_squad_identity
uzbekistan_sherzod_nasrullaev,Uzbekistan,Sherzod Nasrullaev,sherzodnasrullaev,Nasaf,"July 23, 1998",,,https://en.wikipedia.org/wiki/2026_FIFA_World_Cup_squads,1.0,canonical_squad_identity
uzbekistan_umar_eshmurodov,Uzbekistan,Umar Eshmurodov,umareshmurodov,Nasaf,"November 30, 1992",,,https://en.wikipedia.org/wiki/2026_FIFA_World_Cup_squads,1.0,canonical_squad_identity
uzbekistan_utkir_yusupov,Uzbekistan,Utkir Yusupov,utkiryusupov,Navbahor Namangan,"January 4, 1991",,,https://en.wikipedia.org/wiki/2026_FIFA_World_Cup_squads,1.0,canonical_squad_identity
