team,player,position,detailed_position,club,preferred_foot,weak_foot_usage_pct,tactical_role,formation_role,tactic_profile,projected_starter,availability,season_minutes,appearances,starts,goals_per90,assists_per90,xg_per90,xa_per90,shots_per90,shots_on_target_per90,touches_att_pen_area_per90,key_passes_per90,passes_attempted_per90,pass_completion_pct,progressive_passes_per90,progressive_carries_per90,successful_dribbles_per90,dribble_success_pct,crosses_per90,cross_completion_pct,through_balls_per90,set_piece_xa_per90,pressures_per90,pressure_success_pct,tackles_interceptions_per90,tackle_success_pct,blocks_clearances_per90,aerial_win_pct,ball_recoveries_per90,fouls_committed_per90,cards_per90,offsides_per90,goals_0_15_share,goals_16_30_share,goals_31_45_share,goals_46_60_share,goals_61_75_share,goals_76_90_share,saves_per90,save_pct,post_shot_xg_prevented_per90,keeper_claims_per90,keeper_sweeper_actions_per90,keeper_dives_per90,keeper_long_pass_completion_pct,penalty_taken_count,penalty_goal_pct,penalty_preferred_placement,penalty_left_pct,penalty_center_pct,penalty_right_pct,penalty_saved_pct,penalty_miss_pct,keeper_penalty_faced,keeper_penalty_save_pct,keeper_penalty_dive_preference,keeper_penalty_dive_left_pct,keeper_penalty_dive_center_pct,keeper_penalty_dive_right_pct,source,updated_at
Czechia,Matěj Kovář,GK,Goalkeeper,PSV Eindhoven,Right,22.8,Goalkeeper,Sweeper keeper,Build-up keeper,1,1.0,2614,35,28,0.0,0.01,0.0,0.01,0.0,0.0,0.02,0.06,30.8,72.5,4.61,0.13,0.0,0.0,0.0,0.0,0.01,0.0,2.19,30.2,0.17,50.2,0.55,53.9,4.33,0.08,0.024,0.0,0.0,0.0,0.0,0.0,0.0,0.0,2.79,75.6,0.063,1.59,1.2,2.55,48.9,0,0.0,Unknown,0.0,0.0,0.0,0.0,0.0,0,0.0,Unknown,0.0,0.0,0.0,estimated_from_squad_profile,2026-06-05T00:33:08.162006+00:00
Czechia,David Zima,DF,Centre-Back,Slavia Prague,Right,23.1,Centre-back,Ball-playing defender,Rest-defense anchor,1,1.0,2632,36,28,0.11,0.15,0.11,0.14,0.75,0.29,1.62,0.83,60.94,87.3,3.63,1.7,0.55,64.0,0.57,34.1,0.15,0.034,11.51,40.0,2.74,68.0,3.16,66.0,5.58,1.18,0.189,0.03,0.154,0.141,0.16,0.151,0.16,0.233,0.0,0.0,0.0,0.0,0.0,0.0,0.0,0,0.0,Unknown,0.0,0.0,0.0,0.0,0.0,0,0.0,Unknown,0.0,0.0,0.0,estimated_from_squad_profile,2026-06-05T00:33:08.162006+00:00
Czechia,Tomáš Holeš,DF,Centre-Back,Slavia Prague,Right,23.0,Centre-back,Ball-playing defender,Rest-defense anchor,0,1.0,1237,16,7,0.09,0.13,0.09,0.12,0.63,0.24,1.35,0.69,60.81,87.2,3.03,1.42,0.51,63.9,0.48,34.0,0.12,0.028,10.62,39.9,2.51,67.9,2.63,65.9,5.14,1.18,0.189,0.03,0.07,0.09,0.1,0.16,0.22,0.36,0.0,0.0,0.0,0.0,0.0,0.0,0.0,0,0.0,Unknown,0.0,0.0,0.0,0.0,0.0,0,0.0,Unknown,0.0,0.0,0.0,estimated_from_squad_profile,2026-06-05T00:33:08.162006+00:00
Czechia,Robin Hranáč,DF,Centre-Back,TSG Hoffenheim,Right,22.8,Centre-back,Ball-playing defender,Rest-defense anchor,0,1.0,1226,16,7,0.09,0.12,0.09,0.11,0.62,0.24,1.34,0.68,60.51,87.1,2.98,1.4,0.55,63.7,0.47,33.8,0.12,0.028,11.63,39.7,2.72,67.7,2.58,65.7,5.6,1.19,0.19,0.03,0.07,0.09,0.1,0.16,0.22,0.36,0.0,0.0,0.0,0.0,0.0,0.0,0.0,0,0.0,Unknown,0.0,0.0,0.0,0.0,0.0,0,0.0,Unknown,0.0,0.0,0.0,estimated_from_squad_profile,2026-06-05T00:33:08.162006+00:00
Czechia,Vladimír Coufal,DF,Right-Back,TSG Hoffenheim,Right,29.1,Fullback,Overlapping wide defender,Width + recovery runner,1,1.0,2700,36,29,0.18,0.24,0.18,0.23,1.17,0.45,2.58,1.52,62.76,88.0,3.99,2.84,1.0,68.4,2.27,37.1,0.16,0.037,11.02,41.4,2.81,69.4,3.54,67.4,5.49,1.13,0.183,0.04,0.156,0.14,0.159,0.149,0.159,0.237,0.0,0.0,0.0,0.0,0.0,0.0,0.0,0,0.0,Unknown,0.0,0.0,0.0,0.0,0.0,0,0.0,Unknown,0.0,0.0,0.0,estimated_from_squad_profile,2026-06-05T00:33:08.162006+00:00
Czechia,Štěpán Chaloupek,DF,Centre-Back,Slavia Prague,Right,22.4,Centre-back,Ball-playing defender,Rest-defense anchor,0,1.0,1195,16,7,0.09,0.12,0.09,0.11,0.6,0.23,1.29,0.65,59.69,86.8,2.84,1.35,0.5,63.0,0.46,33.4,0.11,0.026,10.82,39.0,2.44,67.0,2.43,65.0,5.14,1.21,0.193,0.03,0.07,0.09,0.1,0.16,0.22,0.36,0.0,0.0,0.0,0.0,0.0,0.0,0.0,0,0.0,Unknown,0.0,0.0,0.0,0.0,0.0,0,0.0,Unknown,0.0,0.0,0.0,estimated_from_squad_profile,2026-06-05T00:33:08.162006+00:00
Czechia,Ladislav Krejčí,DF,Centre-Back,Wolverhampton Wanderers,Right,24.1,Centre-back,Ball-playing defender,Rest-defense anchor,1,1.0,2705,37,29,0.12,0.17,0.12,0.16,0.81,0.31,1.76,0.92,62.9,88.1,4.01,1.85,0.62,65.5,0.62,35.1,0.16,0.037,12.39,41.5,3.17,69.5,3.57,67.5,6.18,1.13,0.183,0.04,0.156,0.14,0.159,0.149,0.159,0.237,0.0,0.0,0.0,0.0,0.0,0.0,0.0,0,0.0,Unknown,0.0,0.0,0.0,0.0,0.0,0,0.0,Unknown,0.0,0.0,0.0,estimated_from_squad_profile,2026-06-05T00:33:08.162006+00:00
Czechia,Vladimír Darida,MF,Central Midfield,Hradec Králové,Right,24.2,No. 8,Box-to-box midfielder,Progression + counter-press,1,1.0,2712,37,29,0.35,0.35,0.33,0.33,2.13,0.82,4.77,2.16,67.08,85.2,4.8,3.03,0.98,61.7,0.8,33.2,0.57,0.139,13.28,38.7,2.06,63.7,1.75,57.7,5.79,1.22,0.152,0.06,0.156,0.14,0.159,0.149,0.159,0.238,0.0,0.0,0.0,0.0,0.0,0.0,0.0,0,0.0,Unknown,0.0,0.0,0.0,0.0,0.0,0,0.0,Unknown,0.0,0.0,0.0,estimated_from_squad_profile,2026-06-05T00:33:08.162006+00:00
Czechia,Adam Hložek,FW,Centre-Forward,TSG Hoffenheim,Right,23.9,No. 9,Penalty-box finisher,Depth runs + shot volume,1,1.0,2689,36,29,0.39,0.16,0.36,0.15,2.37,0.91,5.31,0.9,42.48,75.9,2.55,3.53,1.58,56.2,0.84,29.9,0.2,0.049,12.63,34.2,1.35,56.2,1.31,49.2,4.25,0.84,0.104,0.34,0.156,0.14,0.159,0.15,0.159,0.236,0.0,0.0,0.0,0.0,0.0,0.0,0.0,0,0.0,Unknown,0.0,0.0,0.0,0.0,0.0,0,0.0,Unknown,0.0,0.0,0.0,estimated_from_squad_profile,2026-06-05T00:33:08.162006+00:00
Czechia,Patrik Schick,FW,Centre-Forward,Bayer Leverkusen,Right,25.4,No. 9,Penalty-box finisher,Depth runs + shot volume,1,1.0,2792,38,30,0.45,0.19,0.42,0.18,2.75,1.06,6.18,1.03,45.23,77.0,2.82,4.07,1.87,58.3,0.95,31.4,0.23,0.057,13.7,36.3,1.52,58.3,1.47,51.3,4.58,0.77,0.095,0.39,0.158,0.138,0.157,0.148,0.157,0.242,0.0,0.0,0.0,0.0,0.0,0.0,0.0,0,0.0,Unknown,0.0,0.0,0.0,0.0,0.0,0,0.0,Unknown,0.0,0.0,0.0,estimated_from_squad_profile,2026-06-05T00:33:08.162006+00:00
Czechia,Jan Kuchta,FW,Centre-Forward,Sparta Prague,Right,22.9,No. 9,Penalty-box finisher,Depth runs + shot volume,0,1.0,1233,16,7,0.29,0.13,0.27,0.12,1.78,0.68,3.98,0.69,40.7,75.2,1.99,2.67,1.47,54.8,0.65,28.9,0.15,0.037,12.57,32.8,1.3,54.8,1.01,47.8,4.25,0.88,0.11,0.32,0.07,0.09,0.1,0.16,0.22,0.36,0.0,0.0,0.0,0.0,0.0,0.0,0.0,0,0.0,Unknown,0.0,0.0,0.0,0.0,0.0,0,0.0,Unknown,0.0,0.0,0.0,estimated_from_squad_profile,2026-06-05T00:33:08.162006+00:00
Czechia,Lukáš Červ,MF,Central Midfield,Viktoria Plzeň,Right,22.7,No. 8,Box-to-box midfielder,Progression + counter-press,0,1.0,1220,16,7,0.24,0.25,0.23,0.23,1.52,0.58,3.39,1.53,64.36,84.1,3.47,2.19,0.94,59.5,0.59,31.7,0.42,0.103,13.82,36.5,2.02,61.5,1.27,55.5,5.9,1.29,0.161,0.05,0.07,0.09,0.1,0.16,0.22,0.36,0.0,0.0,0.0,0.0,0.0,0.0,0.0,0,0.0,Unknown,0.0,0.0,0.0,0.0,0.0,0,0.0,Unknown,0.0,0.0,0.0,estimated_from_squad_profile,2026-06-05T00:33:08.162006+00:00
Czechia,Mojmír Chytil,FW,Centre-Forward,Slavia Prague,Right,22.9,No. 9,Penalty-box finisher,Depth runs + shot volume,0,1.0,1232,16,7,0.29,0.13,0.27,0.12,1.78,0.68,3.98,0.69,40.67,75.2,1.99,2.67,1.52,54.8,0.65,28.9,0.15,0.037,13.03,32.8,1.35,54.8,1.01,47.8,4.41,0.88,0.11,0.32,0.07,0.09,0.1,0.16,0.22,0.36,0.0,0.0,0.0,0.0,0.0,0.0,0.0,0,0.0,Unknown,0.0,0.0,0.0,0.0,0.0,0,0.0,Unknown,0.0,0.0,0.0,estimated_from_squad_profile,2026-06-05T00:33:08.162006+00:00
Czechia,David Jurásek,DF,Left-Back,Slavia Prague,Left,30.7,Fullback,Overlapping wide defender,Width + recovery runner,0,1.0,1217,16,7,0.13,0.17,0.13,0.17,0.87,0.33,1.9,1.1,60.27,87.0,2.94,2.22,1.02,66.5,1.85,35.7,0.12,0.027,11.36,39.5,2.63,67.5,2.53,65.5,5.45,1.19,0.191,0.03,0.07,0.09,0.1,0.16,0.22,0.36,0.0,0.0,0.0,0.0,0.0,0.0,0.0,0,0.0,Unknown,0.0,0.0,0.0,0.0,0.0,0,0.0,Unknown,0.0,0.0,0.0,estimated_from_squad_profile,2026-06-05T00:33:08.162006+00:00
Czechia,Pavel Šulc,FW,Attacking Midfield,Lyon,Right,23.4,No. 10,Central creator,Between-lines chance creation,1,1.0,2657,36,28,0.43,0.32,0.4,0.3,2.61,1.01,5.86,1.98,41.61,75.6,2.46,3.36,1.55,55.5,0.81,29.4,0.34,0.087,12.85,33.5,1.35,55.5,1.25,48.5,4.34,0.86,0.107,0.33,0.155,0.141,0.16,0.15,0.16,0.234,0.0,0.0,0.0,0.0,0.0,0.0,0.0,0,0.0,Unknown,0.0,0.0,0.0,0.0,0.0,0,0.0,Unknown,0.0,0.0,0.0,estimated_from_squad_profile,2026-06-05T00:33:08.162006+00:00
Czechia,Jindřich Staněk,GK,Goalkeeper,Slavia Prague,Right,22.1,Goalkeeper,Sweeper keeper,Build-up keeper,0,1.0,1176,16,7,0.0,0.01,0.0,0.01,0.0,0.0,0.02,0.06,30.09,71.6,4.43,0.12,0.0,0.0,0.0,0.0,0.01,0.0,2.11,29.6,0.16,49.1,0.53,53.1,4.22,0.08,0.025,0.0,0.0,0.0,0.0,0.0,0.0,0.0,2.84,74.6,0.052,1.51,1.11,2.59,47.7,0,0.0,Unknown,0.0,0.0,0.0,0.0,0.0,0,0.0,Unknown,0.0,0.0,0.0,estimated_from_squad_profile,2026-06-05T00:33:08.162006+00:00
Czechia,Lukáš Provod,MF,Left Winger,Slavia Prague,Left,31.6,Winger,Wide creator,1v1 carry + crossing threat,1,1.0,2672,36,29,0.38,0.4,0.36,0.38,2.35,0.9,5.26,2.6,66.01,84.7,4.54,3.86,1.52,63.8,2.41,34.6,0.54,0.133,14.51,37.8,2.2,62.8,1.66,56.8,6.28,1.25,0.155,0.06,0.155,0.141,0.159,0.15,0.159,0.235,0.0,0.0,0.0,0.0,0.0,0.0,0.0,0,0.0,Unknown,0.0,0.0,0.0,0.0,0.0,0,0.0,Unknown,0.0,0.0,0.0,estimated_from_squad_profile,2026-06-05T00:33:08.162006+00:00
Czechia,Michal Sadílek,MF,Central Midfield,Slavia Prague,Right,23.4,No. 8,Box-to-box midfielder,Progression + counter-press,1,1.0,2654,36,28,0.31,0.32,0.3,0.3,1.95,0.75,4.35,1.97,65.54,84.5,4.42,2.79,1.05,60.5,0.74,32.4,0.53,0.13,14.85,37.5,2.23,62.5,1.62,56.5,6.4,1.26,0.157,0.05,0.155,0.141,0.16,0.15,0.16,0.234,0.0,0.0,0.0,0.0,0.0,0.0,0.0,0,0.0,Unknown,0.0,0.0,0.0,0.0,0.0,0,0.0,Unknown,0.0,0.0,0.0,estimated_from_squad_profile,2026-06-05T00:33:08.162006+00:00
Czechia,Tomáš Chorý,FW,Centre-Forward,Slavia Prague,Right,22.7,No. 9,Penalty-box finisher,Depth runs + shot volume,0,1.0,1219,16,7,0.28,0.12,0.27,0.11,1.74,0.67,3.88,0.68,40.33,75.0,1.96,2.61,1.38,54.5,0.63,28.7,0.15,0.037,11.99,32.5,1.24,54.5,0.99,47.5,4.06,0.89,0.111,0.31,0.07,0.09,0.1,0.16,0.22,0.36,0.0,0.0,0.0,0.0,0.0,0.0,0.0,0,0.0,Unknown,0.0,0.0,0.0,0.0,0.0,0,0.0,Unknown,0.0,0.0,0.0,estimated_from_squad_profile,2026-06-05T00:33:08.162006+00:00
Czechia,Jaroslav Zelený,DF,Centre-Back,Sparta Prague,Right,21.9,Centre-back,Ball-playing defender,Rest-defense anchor,0,1.0,1163,15,7,0.08,0.11,0.09,0.1,0.58,0.22,1.24,0.62,58.81,86.4,2.7,1.29,0.46,62.4,0.44,32.9,0.11,0.025,10.22,38.4,2.21,66.4,2.28,64.4,4.78,1.23,0.196,0.03,0.07,0.09,0.1,0.16,0.22,0.36,0.0,0.0,0.0,0.0,0.0,0.0,0.0,0,0.0,Unknown,0.0,0.0,0.0,0.0,0.0,0,0.0,Unknown,0.0,0.0,0.0,estimated_from_squad_profile,2026-06-05T00:33:08.162006+00:00
Czechia,David Douděra,DF,Right Midfield,Slavia Prague,Right,27.7,DF,Hybrid role,Balanced phase contribution,0,1.0,1214,16,7,0.13,0.17,0.13,0.17,0.86,0.33,1.89,1.09,60.21,87.0,2.93,2.22,1.04,66.4,1.85,35.7,0.12,0.027,11.56,39.4,2.37,67.4,2.52,65.4,5.54,1.19,0.191,0.03,0.07,0.09,0.1,0.16,0.22,0.36,0.0,0.0,0.0,0.0,0.0,0.0,0.0,0,0.0,Unknown,0.0,0.0,0.0,0.0,0.0,0,0.0,Unknown,0.0,0.0,0.0,estimated_from_squad_profile,2026-06-05T00:33:08.162006+00:00
Czechia,Tomáš Souček,MF,Defensive Midfield,West Ham United,Right,26.4,No. 6,Holding midfielder,Press resistance + ball winning,1,1.0,2862,39,31,0.34,0.2,0.32,0.19,2.09,0.81,4.69,1.11,71.11,86.8,5.79,3.65,1.28,64.8,0.94,35.4,0.52,0.123,16.01,41.8,3.11,66.8,2.1,60.8,7.16,1.12,0.139,0.06,0.16,0.137,0.155,0.146,0.155,0.246,0.0,0.0,0.0,0.0,0.0,0.0,0.0,0,0.0,Unknown,0.0,0.0,0.0,0.0,0.0,0,0.0,Unknown,0.0,0.0,0.0,estimated_from_squad_profile,2026-06-05T00:33:08.162006+00:00
Czechia,Lukáš Horníček,GK,Goalkeeper,Braga,Right,22.5,Goalkeeper,Sweeper keeper,Build-up keeper,0,1.0,1204,16,7,0.0,0.01,0.0,0.01,0.0,0.0,0.02,0.06,30.5,72.1,4.53,0.13,0.0,0.0,0.0,0.0,0.01,0.0,2.16,30.0,0.16,49.8,0.54,53.6,4.28,0.08,0.024,0.0,0.0,0.0,0.0,0.0,0.0,0.0,2.81,75.2,0.058,1.56,1.16,2.57,48.4,0,0.0,Unknown,0.0,0.0,0.0,0.0,0.0,0,0.0,Unknown,0.0,0.0,0.0,estimated_from_squad_profile,2026-06-05T00:33:08.162006+00:00
Czechia,Alexandr Sojka,MF,Central Midfield,Viktoria Plzeň,Right,21.7,No. 8,Box-to-box midfielder,Progression + counter-press,0,1.0,1150,15,7,0.21,0.22,0.2,0.2,1.33,0.51,2.96,1.32,62.46,83.3,3.08,1.95,0.81,58.1,0.53,30.7,0.38,0.094,12.55,35.1,1.74,60.1,1.14,54.1,5.26,1.34,0.167,0.05,0.07,0.09,0.1,0.16,0.22,0.36,0.0,0.0,0.0,0.0,0.0,0.0,0.0,0,0.0,Unknown,0.0,0.0,0.0,0.0,0.0,0,0.0,Unknown,0.0,0.0,0.0,estimated_from_squad_profile,2026-06-05T00:33:08.162006+00:00
Czechia,Hugo Sochůrek,MF,Central Midfield,Sparta Prague,Right,21.9,No. 8,Box-to-box midfielder,Progression + counter-press,0,1.0,1161,15,7,0.22,0.22,0.21,0.2,1.36,0.52,3.03,1.36,62.76,83.4,3.14,1.99,0.74,58.3,0.54,30.9,0.39,0.095,11.44,35.3,1.6,60.3,1.16,54.3,4.81,1.33,0.166,0.05,0.07,0.09,0.1,0.16,0.22,0.36,0.0,0.0,0.0,0.0,0.0,0.0,0.0,0,0.0,Unknown,0.0,0.0,0.0,0.0,0.0,0,0.0,Unknown,0.0,0.0,0.0,estimated_from_squad_profile,2026-06-05T00:33:08.162006+00:00
Czechia,Denis Višinský,FW,Attacking Midfield,Viktoria Plzeň,Right,21.8,No. 10,Central creator,Between-lines chance creation,0,1.0,1157,15,7,0.29,0.22,0.27,0.2,1.78,0.68,3.98,1.34,38.65,74.4,1.82,2.34,1.22,53.2,0.58,27.8,0.26,0.066,11.5,31.2,1.15,53.2,0.91,46.2,3.91,0.93,0.116,0.28,0.07,0.09,0.1,0.16,0.22,0.36,0.0,0.0,0.0,0.0,0.0,0.0,0.0,0,0.0,Unknown,0.0,0.0,0.0,0.0,0.0,0,0.0,Unknown,0.0,0.0,0.0,estimated_from_squad_profile,2026-06-05T00:33:08.162006+00:00
Mexico,Raúl Rangel,GK,Goalkeeper,Guadalajara,Right,22.5,Goalkeeper,Sweeper keeper,Build-up keeper,0,1.0,1205,16,7,0.0,0.01,0.0,0.01,0.0,0.0,0.02,0.06,30.52,72.1,4.54,0.13,0.0,0.0,0.0,0.0,0.01,0.0,2.16,30.0,0.16,49.8,0.54,53.6,4.29,0.08,0.024,0.0,0.0,0.0,0.0,0.0,0.0,0.0,2.81,75.2,0.059,1.56,1.16,2.57,48.4,0,0.0,Unknown,0.0,0.0,0.0,0.0,0.0,0,0.0,Unknown,0.0,0.0,0.0,estimated_from_squad_profile,2026-06-05T00:33:08.162006+00:00
Mexico,Jorge Sánchez,DF,Right-Back,PAOK,Right,29.0,Fullback,Overlapping wide defender,Width + recovery runner,0,1.0,1309,17,8,0.15,0.2,0.15,0.19,0.98,0.38,2.16,1.27,62.74,88.0,3.34,2.38,1.1,68.4,1.91,37.0,0.13,0.031,12.13,41.4,3.09,69.4,2.97,67.4,6.04,1.13,0.183,0.04,0.07,0.09,0.1,0.16,0.22,0.36,0.0,0.0,0.0,0.0,0.0,0.0,0.0,0,0.0,Unknown,0.0,0.0,0.0,0.0,0.0,0,0.0,Unknown,0.0,0.0,0.0,estimated_from_squad_profile,2026-06-05T00:33:08.162006+00:00
Mexico,César Montes,DF,Centre-Back,Lokomotiv Moscow,Right,24.9,Centre-back,Ball-playing defender,Rest-defense anchor,1,1.0,2760,37,30,0.13,0.18,0.13,0.17,0.86,0.33,1.87,0.99,64.37,88.7,4.3,1.96,0.64,66.6,0.66,35.9,0.17,0.04,12.26,42.6,3.3,70.6,3.87,68.6,6.24,1.09,0.178,0.04,0.157,0.139,0.158,0.148,0.158,0.24,0.0,0.0,0.0,0.0,0.0,0.0,0.0,0,0.0,Unknown,0.0,0.0,0.0,0.0,0.0,0,0.0,Unknown,0.0,0.0,0.0,estimated_from_squad_profile,2026-06-05T00:33:08.162006+00:00
Mexico,Edson Álvarez,DF,Defensive Midfield,Fenerbahçe,Right,26.3,No. 6,Holding midfielder,Press resistance + ball winning,1,1.0,2851,39,30,0.14,0.2,0.14,0.19,0.94,0.36,2.04,1.1,66.81,89.7,4.78,2.15,0.71,68.5,0.72,37.3,0.19,0.044,13.04,44.5,3.77,72.5,4.38,70.5,6.84,1.03,0.17,0.04,0.159,0.137,0.156,0.146,0.156,0.246,0.0,0.0,0.0,0.0,0.0,0.0,0.0,0,0.0,Unknown,0.0,0.0,0.0,0.0,0.0,0,0.0,Unknown,0.0,0.0,0.0,estimated_from_squad_profile,2026-06-05T00:33:08.162006+00:00
Mexico,Johan Vásquez,DF,Centre-Back,Genoa,Right,24.1,Centre-back,Ball-playing defender,Rest-defense anchor,1,1.0,2704,37,29,0.12,0.17,0.12,0.16,0.81,0.31,1.76,0.92,62.88,88.1,4.01,1.85,0.62,65.5,0.62,35.1,0.16,0.037,12.38,41.5,3.17,69.5,3.56,67.5,6.18,1.13,0.183,0.04,0.156,0.14,0.159,0.149,0.159,0.237,0.0,0.0,0.0,0.0,0.0,0.0,0.0,0,0.0,Unknown,0.0,0.0,0.0,0.0,0.0,0,0.0,Unknown,0.0,0.0,0.0,estimated_from_squad_profile,2026-06-05T00:33:08.162006+00:00
Mexico,Érik Lira,MF,Defensive Midfield,Cruz Azul,Right,23.1,No. 6,Holding midfielder,Press resistance + ball winning,0,1.0,1246,17,8,0.21,0.13,0.2,0.12,1.3,0.5,2.88,0.7,65.07,84.3,3.62,2.28,1.0,60.1,0.61,32.1,0.31,0.073,14.38,37.1,2.45,62.1,1.33,56.1,6.17,1.27,0.158,0.05,0.07,0.09,0.1,0.16,0.22,0.36,0.0,0.0,0.0,0.0,0.0,0.0,0.0,0,0.0,Unknown,0.0,0.0,0.0,0.0,0.0,0,0.0,Unknown,0.0,0.0,0.0,estimated_from_squad_profile,2026-06-05T00:33:08.162006+00:00
Mexico,Luis Romo,MF,Centre-Back,Guadalajara,Right,24.2,Centre-back,Ball-playing defender,Rest-defense anchor,1,1.0,2709,37,29,0.27,0.17,0.26,0.16,1.72,0.66,3.83,0.93,67.0,85.1,4.78,3.02,1.05,61.6,0.8,33.2,0.42,0.099,14.36,38.6,2.57,63.6,1.75,57.6,6.26,1.22,0.152,0.06,0.156,0.14,0.159,0.149,0.159,0.237,0.0,0.0,0.0,0.0,0.0,0.0,0.0,0,0.0,Unknown,0.0,0.0,0.0,0.0,0.0,0,0.0,Unknown,0.0,0.0,0.0,estimated_from_squad_profile,2026-06-05T00:33:08.162006+00:00
Mexico,Álvaro Fidalgo,MF,Central Midfield,Real Betis,Right,22.3,No. 8,Box-to-box midfielder,Progression + counter-press,0,1.0,1193,16,7,0.23,0.24,0.22,0.22,1.45,0.56,3.22,1.45,63.63,83.8,3.32,2.1,0.9,59.0,0.57,31.3,0.4,0.1,13.52,36.0,1.93,61.0,1.22,55.0,5.74,1.31,0.163,0.05,0.07,0.09,0.1,0.16,0.22,0.36,0.0,0.0,0.0,0.0,0.0,0.0,0.0,0,0.0,Unknown,0.0,0.0,0.0,0.0,0.0,0,0.0,Unknown,0.0,0.0,0.0,estimated_from_squad_profile,2026-06-05T00:33:08.162006+00:00
Mexico,Raúl Jiménez,FW,Centre-Forward,Fulham,Right,26.3,No. 9,Penalty-box finisher,Depth runs + shot volume,1,1.0,2856,39,31,0.49,0.2,0.46,0.19,2.99,1.15,6.73,1.1,46.95,77.8,3.0,4.4,1.84,59.6,1.03,32.3,0.25,0.062,12.87,37.6,1.45,59.6,1.57,52.6,4.29,0.73,0.09,0.41,0.16,0.137,0.155,0.146,0.155,0.246,0.0,0.0,0.0,0.0,0.0,0.0,0.0,0,0.0,Unknown,0.0,0.0,0.0,0.0,0.0,0,0.0,Unknown,0.0,0.0,0.0,estimated_from_squad_profile,2026-06-05T00:33:08.162006+00:00
Mexico,Alexis Vega,FW,Left Winger,Toluca,Left,32.2,Winger,Wide creator,1v1 carry + crossing threat,0,1.0,1321,18,8,0.45,0.36,0.42,0.34,2.7,1.04,6.09,2.33,43.05,76.2,2.19,3.9,2.21,59.6,2.11,32.2,0.3,0.076,13.54,34.6,1.45,56.6,1.13,49.6,4.55,0.82,0.102,0.35,0.07,0.09,0.1,0.16,0.22,0.36,0.0,0.0,0.0,0.0,0.0,0.0,0.0,0,0.0,Unknown,0.0,0.0,0.0,0.0,0.0,0,0.0,Unknown,0.0,0.0,0.0,estimated_from_squad_profile,2026-06-05T00:33:08.162006+00:00
Mexico,Santiago Giménez,FW,Centre-Forward,Milan,Right,24.3,No. 9,Penalty-box finisher,Depth runs + shot volume,1,1.0,2720,37,29,0.41,0.17,0.38,0.16,2.48,0.96,5.57,0.94,43.3,76.3,2.63,3.69,1.72,56.8,0.88,30.3,0.21,0.052,13.37,34.8,1.44,56.8,1.35,49.8,4.49,0.82,0.101,0.36,0.156,0.14,0.158,0.149,0.158,0.238,0.0,0.0,0.0,0.0,0.0,0.0,0.0,0,0.0,Unknown,0.0,0.0,0.0,0.0,0.0,0,0.0,Unknown,0.0,0.0,0.0,estimated_from_squad_profile,2026-06-05T00:33:08.162006+00:00
Mexico,Carlos Acevedo,GK,Goalkeeper,Santos Laguna,Right,22.0,Goalkeeper,Sweeper keeper,Build-up keeper,0,1.0,1169,16,7,0.0,0.01,0.0,0.01,0.0,0.0,0.02,0.05,29.99,71.5,4.4,0.12,0.0,0.0,0.0,0.0,0.01,0.0,2.1,29.5,0.15,49.0,0.52,53.0,4.2,0.07,0.025,0.0,0.0,0.0,0.0,0.0,0.0,0.0,2.85,74.5,0.05,1.5,1.1,2.6,47.5,0,0.0,Unknown,0.0,0.0,0.0,0.0,0.0,0,0.0,Unknown,0.0,0.0,0.0,estimated_from_squad_profile,2026-06-05T00:33:08.162006+00:00
Mexico,Guillermo Ochoa,GK,Goalkeeper,AEL Limassol,Right,23.7,Goalkeeper,Sweeper keeper,Build-up keeper,1,1.0,2675,36,29,0.0,0.01,0.0,0.01,0.0,0.0,0.02,0.06,31.69,73.6,4.85,0.14,0.0,0.0,0.0,0.0,0.01,0.0,2.3,31.1,0.18,51.5,0.57,55.0,4.48,0.08,0.022,0.0,0.0,0.0,0.0,0.0,0.0,0.0,2.72,76.9,0.078,1.7,1.31,2.49,50.5,0,0.0,Unknown,0.0,0.0,0.0,0.0,0.0,0,0.0,Unknown,0.0,0.0,0.0,estimated_from_squad_profile,2026-06-05T00:33:08.162006+00:00
Mexico,Armando González,FW,Centre-Forward,Guadalajara,Right,22.7,No. 9,Penalty-box finisher,Depth runs + shot volume,0,1.0,1216,16,7,0.28,0.12,0.26,0.11,1.73,0.66,3.86,0.67,40.25,75.0,1.95,2.6,1.37,54.5,0.63,28.7,0.15,0.036,11.97,32.5,1.23,54.5,0.99,47.5,4.06,0.89,0.111,0.31,0.07,0.09,0.1,0.16,0.22,0.36,0.0,0.0,0.0,0.0,0.0,0.0,0.0,0,0.0,Unknown,0.0,0.0,0.0,0.0,0.0,0,0.0,Unknown,0.0,0.0,0.0,estimated_from_squad_profile,2026-06-05T00:33:08.162006+00:00
Mexico,Israel Reyes,DF,Right-Back,América,Right,28.5,Fullback,Overlapping wide defender,Width + recovery runner,0,1.0,1270,17,8,0.14,0.19,0.14,0.18,0.93,0.36,2.05,1.2,61.7,87.6,3.17,2.32,1.07,67.6,1.88,36.5,0.13,0.029,11.9,40.6,2.92,68.6,2.78,66.6,5.83,1.16,0.186,0.03,0.07,0.09,0.1,0.16,0.22,0.36,0.0,0.0,0.0,0.0,0.0,0.0,0.0,0,0.0,Unknown,0.0,0.0,0.0,0.0,0.0,0,0.0,Unknown,0.0,0.0,0.0,estimated_from_squad_profile,2026-06-05T00:33:08.162006+00:00
Mexico,Julián Quiñones,FW,Centre-Forward,Al-Qadsiah,Right,23.1,No. 9,Penalty-box finisher,Depth runs + shot volume,0,1.0,1246,17,8,0.3,0.13,0.28,0.12,1.82,0.7,4.08,0.7,41.05,75.3,2.02,2.73,1.5,55.1,0.66,29.1,0.15,0.038,12.68,33.1,1.32,55.1,1.03,48.1,4.29,0.87,0.108,0.32,0.07,0.09,0.1,0.16,0.22,0.36,0.0,0.0,0.0,0.0,0.0,0.0,0.0,0,0.0,Unknown,0.0,0.0,0.0,0.0,0.0,0,0.0,Unknown,0.0,0.0,0.0,estimated_from_squad_profile,2026-06-05T00:33:08.162006+00:00
Mexico,Orbelín Pineda,MF,Central Midfield,AEK Athens,Right,25.9,No. 8,Box-to-box midfielder,Progression + counter-press,1,1.0,2826,38,30,0.41,0.42,0.38,0.39,2.49,0.96,5.6,2.55,70.15,86.4,5.56,3.51,1.25,64.0,0.91,34.9,0.64,0.157,15.93,41.0,2.62,66.0,2.02,60.0,7.09,1.15,0.142,0.06,0.159,0.138,0.156,0.147,0.156,0.244,0.0,0.0,0.0,0.0,0.0,0.0,0.0,0,0.0,Unknown,0.0,0.0,0.0,0.0,0.0,0,0.0,Unknown,0.0,0.0,0.0,estimated_from_squad_profile,2026-06-05T00:33:08.162006+00:00
Mexico,Obed Vargas,MF,Central Midfield,Atlético Madrid,Right,22.4,No. 8,Box-to-box midfielder,Progression + counter-press,0,1.0,1194,16,7,0.23,0.24,0.22,0.22,1.45,0.56,3.23,1.45,63.66,83.8,3.33,2.1,0.82,59.0,0.57,31.4,0.4,0.1,12.27,36.0,1.76,61.0,1.22,55.0,5.21,1.31,0.163,0.05,0.07,0.09,0.1,0.16,0.22,0.36,0.0,0.0,0.0,0.0,0.0,0.0,0.0,0,0.0,Unknown,0.0,0.0,0.0,0.0,0.0,0,0.0,Unknown,0.0,0.0,0.0,estimated_from_squad_profile,2026-06-05T00:33:08.162006+00:00
Mexico,Gilberto Mora,MF,Attacking Midfield,Tijuana,Right,22.5,No. 10,Central creator,Between-lines chance creation,0,1.0,1202,16,7,0.24,0.24,0.22,0.22,1.47,0.57,3.28,1.48,63.88,83.9,3.37,2.13,0.78,59.2,0.57,31.5,0.41,0.101,11.59,36.2,1.67,61.2,1.24,55.2,4.93,1.3,0.162,0.05,0.07,0.09,0.1,0.16,0.22,0.36,0.0,0.0,0.0,0.0,0.0,0.0,0.0,0,0.0,Unknown,0.0,0.0,0.0,0.0,0.0,0,0.0,Unknown,0.0,0.0,0.0,estimated_from_squad_profile,2026-06-05T00:33:08.162006+00:00
Mexico,Mateo Chávez,DF,Left-Back,AZ,Left,30.2,Fullback,Overlapping wide defender,Width + recovery runner,0,1.0,1183,16,7,0.12,0.16,0.12,0.16,0.83,0.32,1.8,1.03,59.35,86.6,2.79,2.16,0.94,65.8,1.83,35.2,0.11,0.026,10.54,38.8,2.34,66.8,2.37,64.8,4.98,1.22,0.194,0.03,0.07,0.09,0.1,0.16,0.22,0.36,0.0,0.0,0.0,0.0,0.0,0.0,0.0,0,0.0,Unknown,0.0,0.0,0.0,0.0,0.0,0,0.0,Unknown,0.0,0.0,0.0,estimated_from_squad_profile,2026-06-05T00:33:08.162006+00:00
Mexico,César Huerta,FW,Left Winger,Anderlecht,Left,31.0,Winger,Wide creator,1v1 carry + crossing threat,0,1.0,1238,16,7,0.39,0.31,0.36,0.29,2.35,0.9,5.28,2.02,40.82,75.2,2.0,3.53,1.96,57.9,2.04,31.0,0.28,0.071,12.61,32.9,1.31,54.9,1.01,47.9,4.26,0.88,0.109,0.32,0.07,0.09,0.1,0.16,0.22,0.36,0.0,0.0,0.0,0.0,0.0,0.0,0.0,0,0.0,Unknown,0.0,0.0,0.0,0.0,0.0,0,0.0,Unknown,0.0,0.0,0.0,estimated_from_squad_profile,2026-06-05T00:33:08.162006+00:00
Mexico,Guillermo Martínez,FW,Centre-Forward,Pumas UNAM,Right,22.0,No. 9,Penalty-box finisher,Depth runs + shot volume,0,1.0,1171,16,7,0.25,0.11,0.24,0.1,1.58,0.61,3.54,0.63,39.04,74.5,1.85,2.4,1.26,53.5,0.59,28.0,0.13,0.034,11.61,31.5,1.17,53.5,0.93,46.5,3.95,0.92,0.115,0.29,0.07,0.09,0.1,0.16,0.22,0.36,0.0,0.0,0.0,0.0,0.0,0.0,0.0,0,0.0,Unknown,0.0,0.0,0.0,0.0,0.0,0,0.0,Unknown,0.0,0.0,0.0,estimated_from_squad_profile,2026-06-05T00:33:08.162006+00:00
Mexico,Jesús Gallardo,DF,Left-Back,Toluca,Left,33.0,Fullback,Overlapping wide defender,Width + recovery runner,1,1.0,2768,37,30,0.2,0.26,0.19,0.26,1.27,0.49,2.81,1.68,64.59,88.8,4.34,2.98,1.08,69.8,2.31,38.0,0.18,0.04,11.85,42.8,3.21,70.8,3.92,68.8,6.05,1.09,0.177,0.04,0.157,0.139,0.157,0.148,0.157,0.241,0.0,0.0,0.0,0.0,0.0,0.0,0.0,0,0.0,Unknown,0.0,0.0,0.0,0.0,0.0,0,0.0,Unknown,0.0,0.0,0.0,estimated_from_squad_profile,2026-06-05T00:33:08.162006+00:00
Mexico,Luis Chávez,MF,Defensive Midfield,Dynamo Moscow,Right,23.8,No. 6,Holding midfielder,Press resistance + ball winning,1,1.0,2685,36,29,0.27,0.16,0.25,0.15,1.66,0.64,3.7,0.9,66.38,84.9,4.63,2.92,1.04,61.1,0.77,32.8,0.4,0.095,14.39,38.1,2.53,63.1,1.69,57.1,6.24,1.24,0.154,0.06,0.155,0.14,0.159,0.15,0.159,0.236,0.0,0.0,0.0,0.0,0.0,0.0,0.0,0,0.0,Unknown,0.0,0.0,0.0,0.0,0.0,0,0.0,Unknown,0.0,0.0,0.0,estimated_from_squad_profile,2026-06-05T00:33:08.162006+00:00
Mexico,Roberto Alvarado,FW,Right Winger,Guadalajara,Right,29.6,Winger,Wide creator,1v1 carry + crossing threat,1,1.0,2737,37,29,0.55,0.45,0.52,0.42,3.35,1.29,7.56,2.89,43.77,76.5,2.68,4.78,2.33,60.2,2.55,32.6,0.36,0.093,14.02,35.2,1.52,57.2,1.38,50.2,4.71,0.81,0.1,0.36,0.157,0.139,0.158,0.149,0.158,0.239,0.0,0.0,0.0,0.0,0.0,0.0,0.0,0,0.0,Unknown,0.0,0.0,0.0,0.0,0.0,0,0.0,Unknown,0.0,0.0,0.0,estimated_from_squad_profile,2026-06-05T00:33:08.162006+00:00
Mexico,Brian Gutiérrez,MF,Attacking Midfield,Guadalajara,Right,22.5,No. 10,Central creator,Between-lines chance creation,0,1.0,1205,16,7,0.24,0.24,0.23,0.22,1.48,0.57,3.29,1.48,63.94,83.9,3.39,2.14,0.87,59.2,0.57,31.5,0.41,0.101,12.88,36.2,1.86,61.2,1.24,55.2,5.48,1.3,0.162,0.05,0.07,0.09,0.1,0.16,0.22,0.36,0.0,0.0,0.0,0.0,0.0,0.0,0.0,0,0.0,Unknown,0.0,0.0,0.0,0.0,0.0,0,0.0,Unknown,0.0,0.0,0.0,estimated_from_squad_profile,2026-06-05T00:33:08.162006+00:00
South Africa,Ronwen Williams,GK,Goalkeeper,Mamelodi Sundowns,Right,23.4,Goalkeeper,Sweeper keeper,Build-up keeper,1,1.0,2656,36,28,0.0,0.01,0.0,0.01,0.0,0.0,0.02,0.06,31.41,73.3,4.78,0.14,0.0,0.0,0.0,0.0,0.01,0.0,2.26,30.8,0.17,51.1,0.57,54.6,4.44,0.08,0.023,0.0,0.0,0.0,0.0,0.0,0.0,0.0,2.74,76.5,0.074,1.66,1.28,2.51,50.0,0,0.0,Unknown,0.0,0.0,0.0,0.0,0.0,0,0.0,Unknown,0.0,0.0,0.0,estimated_from_squad_profile,2026-06-05T00:33:08.162006+00:00
South Africa,Thabang Matuludi,DF,Right-Back,Polokwane City,Right,26.4,Fullback,Overlapping wide defender,Width + recovery runner,0,1.0,1127,15,7,0.11,0.15,0.11,0.14,0.76,0.29,1.64,0.92,57.86,86.0,2.54,2.07,1.0,64.6,1.8,34.4,0.1,0.023,11.24,37.6,2.32,65.6,2.11,63.6,5.17,1.25,0.199,0.03,0.07,0.09,0.1,0.16,0.22,0.36,0.0,0.0,0.0,0.0,0.0,0.0,0.0,0,0.0,Unknown,0.0,0.0,0.0,0.0,0.0,0,0.0,Unknown,0.0,0.0,0.0,estimated_from_squad_profile,2026-06-05T00:33:08.162006+00:00
South Africa,Khulumani Ndamane,DF,Centre-Back,Mamelodi Sundowns,Right,21.4,Centre-back,Ball-playing defender,Rest-defense anchor,0,1.0,1131,15,7,0.08,0.11,0.08,0.1,0.55,0.21,1.18,0.59,57.96,86.1,2.56,1.23,0.45,61.7,0.42,32.4,0.1,0.024,10.25,37.7,2.13,65.7,2.13,63.7,4.73,1.25,0.198,0.03,0.07,0.09,0.1,0.16,0.22,0.36,0.0,0.0,0.0,0.0,0.0,0.0,0.0,0,0.0,Unknown,0.0,0.0,0.0,0.0,0.0,0,0.0,Unknown,0.0,0.0,0.0,estimated_from_squad_profile,2026-06-05T00:33:08.162006+00:00
South Africa,Teboho Mokoena,MF,Defensive Midfield,Mamelodi Sundowns,Right,24.1,No. 6,Holding midfielder,Press resistance + ball winning,1,1.0,2704,37,29,0.27,0.17,0.26,0.16,1.71,0.66,3.81,0.92,66.89,85.1,4.75,3.0,1.09,61.5,0.79,33.1,0.41,0.098,14.87,38.5,2.65,63.5,1.74,57.5,6.48,1.23,0.153,0.06,0.156,0.14,0.159,0.149,0.159,0.237,0.0,0.0,0.0,0.0,0.0,0.0,0.0,0,0.0,Unknown,0.0,0.0,0.0,0.0,0.0,0,0.0,Unknown,0.0,0.0,0.0,estimated_from_squad_profile,2026-06-05T00:33:08.162006+00:00
South Africa,Thalente Mbatha,MF,Central Midfield,Orlando Pirates,Right,22.2,No. 8,Box-to-box midfielder,Progression + counter-press,1,1.0,2576,35,28,0.27,0.28,0.26,0.26,1.7,0.65,3.78,1.7,63.43,83.7,3.91,2.47,0.91,58.8,0.67,31.2,0.48,0.118,13.69,35.8,1.95,60.8,1.44,54.8,5.8,1.31,0.164,0.05,0.153,0.143,0.162,0.152,0.162,0.23,0.0,0.0,0.0,0.0,0.0,0.0,0.0,0,0.0,Unknown,0.0,0.0,0.0,0.0,0.0,0,0.0,Unknown,0.0,0.0,0.0,estimated_from_squad_profile,2026-06-05T00:33:08.162006+00:00
South Africa,Aubrey Modiba,DF,Left-Back,Mamelodi Sundowns,Left,31.5,Fullback,Overlapping wide defender,Width + recovery runner,1,1.0,2661,36,28,0.17,0.23,0.17,0.22,1.11,0.43,2.45,1.43,61.73,87.6,3.78,2.76,1.03,67.6,2.24,36.5,0.15,0.035,11.47,40.6,2.81,68.6,3.32,66.6,5.63,1.16,0.186,0.03,0.155,0.141,0.16,0.15,0.16,0.235,0.0,0.0,0.0,0.0,0.0,0.0,0.0,0,0.0,Unknown,0.0,0.0,0.0,0.0,0.0,0,0.0,Unknown,0.0,0.0,0.0,estimated_from_squad_profile,2026-06-05T00:33:08.162006+00:00
South Africa,Oswin Appollis,FW,Left Winger,Orlando Pirates,Left,30.8,Winger,Wide creator,1v1 carry + crossing threat,1,1.0,2617,35,28,0.45,0.36,0.42,0.34,2.74,1.06,6.16,2.35,40.54,75.1,2.35,4.15,1.9,57.7,2.41,30.8,0.33,0.084,12.29,32.7,1.27,54.7,1.19,47.7,4.16,0.89,0.11,0.31,0.154,0.142,0.161,0.151,0.161,0.232,0.0,0.0,0.0,0.0,0.0,0.0,0.0,0,0.0,Unknown,0.0,0.0,0.0,0.0,0.0,0,0.0,Unknown,0.0,0.0,0.0,estimated_from_squad_profile,2026-06-05T00:33:08.162006+00:00
South Africa,Tshepang Moremi,FW,Left Winger,Orlando Pirates,Left,29.7,Winger,Wide creator,1v1 carry + crossing threat,0,1.0,1149,15,7,0.32,0.26,0.3,0.24,1.97,0.76,4.41,1.68,38.45,74.3,1.8,3.14,1.73,56.1,1.96,29.7,0.26,0.066,11.88,31.1,1.18,53.1,0.9,46.1,4.05,0.94,0.117,0.28,0.07,0.09,0.1,0.16,0.22,0.36,0.0,0.0,0.0,0.0,0.0,0.0,0.0,0,0.0,Unknown,0.0,0.0,0.0,0.0,0.0,0,0.0,Unknown,0.0,0.0,0.0,estimated_from_squad_profile,2026-06-05T00:33:08.162006+00:00
South Africa,Lyle Foster,FW,Centre-Forward,Burnley,Right,23.5,No. 9,Penalty-box finisher,Depth runs + shot volume,1,1.0,2662,36,28,0.37,0.16,0.35,0.15,2.27,0.87,5.08,0.87,41.76,75.6,2.48,3.39,1.57,55.6,0.81,29.5,0.19,0.048,12.9,33.6,1.36,55.6,1.26,48.6,4.35,0.86,0.106,0.33,0.155,0.141,0.16,0.15,0.16,0.235,0.0,0.0,0.0,0.0,0.0,0.0,0.0,0,0.0,Unknown,0.0,0.0,0.0,0.0,0.0,0,0.0,Unknown,0.0,0.0,0.0,estimated_from_squad_profile,2026-06-05T00:33:08.162006+00:00
South Africa,Relebohile Mofokeng,FW,Left Winger,Orlando Pirates,Left,30.0,Winger,Wide creator,1v1 carry + crossing threat,0,1.0,1171,16,7,0.34,0.27,0.32,0.26,2.06,0.79,4.63,1.77,39.05,74.5,1.85,3.24,1.65,56.5,1.98,30.0,0.26,0.067,11.16,31.5,1.12,53.5,0.93,46.5,3.8,0.92,0.115,0.29,0.07,0.09,0.1,0.16,0.22,0.36,0.0,0.0,0.0,0.0,0.0,0.0,0.0,0,0.0,Unknown,0.0,0.0,0.0,0.0,0.0,0,0.0,Unknown,0.0,0.0,0.0,estimated_from_squad_profile,2026-06-05T00:33:08.162006+00:00
South Africa,Themba Zwane,MF,Attacking Midfield,Mamelodi Sundowns,Right,23.6,No. 10,Central creator,Between-lines chance creation,1,1.0,2669,36,29,0.32,0.33,0.3,0.31,1.99,0.77,4.46,2.02,65.93,84.7,4.52,2.85,0.9,60.8,0.76,32.6,0.54,0.132,12.58,37.8,1.91,62.8,1.65,56.8,5.44,1.25,0.156,0.06,0.155,0.141,0.159,0.15,0.159,0.235,0.0,0.0,0.0,0.0,0.0,0.0,0.0,0,0.0,Unknown,0.0,0.0,0.0,0.0,0.0,0,0.0,Unknown,0.0,0.0,0.0,estimated_from_squad_profile,2026-06-05T00:33:08.162006+00:00
South Africa,Thapelo Maseko,FW,Left Winger,AEL Limassol,Left,29.6,Winger,Wide creator,1v1 carry + crossing threat,0,1.0,1142,15,7,0.31,0.26,0.3,0.24,1.93,0.74,4.34,1.65,38.25,74.2,1.79,3.11,1.62,55.9,1.95,29.6,0.25,0.065,11.16,30.9,1.11,52.9,0.89,45.9,3.8,0.94,0.117,0.28,0.07,0.09,0.1,0.16,0.22,0.36,0.0,0.0,0.0,0.0,0.0,0.0,0.0,0,0.0,Unknown,0.0,0.0,0.0,0.0,0.0,0,0.0,Unknown,0.0,0.0,0.0,estimated_from_squad_profile,2026-06-05T00:33:08.162006+00:00
South Africa,Sphephelo Sithole,MF,,Tondela,Right,17.0,No. 8,Box-to-box midfielder,Progression + counter-press,0,1.0,827,11,5,0.06,0.05,0.06,0.04,0.43,0.16,0.91,0.28,53.82,79.7,1.3,0.82,0.36,51.4,0.27,26.0,0.07,0.017,9.78,28.4,0.86,53.4,0.51,47.4,3.63,1.55,0.194,0.03,0.07,0.09,0.1,0.16,0.22,0.36,0.0,0.0,0.0,0.0,0.0,0.0,0.0,0,0.0,Unknown,0.0,0.0,0.0,0.0,0.0,0,0.0,Unknown,0.0,0.0,0.0,estimated_from_squad_profile,2026-06-05T00:33:08.162006+00:00
South Africa,Mbekezeli Mbokazi,DF,Centre-Back,Chicago Fire FC,Right,22.3,Centre-back,Ball-playing defender,Rest-defense anchor,1,1.0,2581,35,28,0.1,0.14,0.11,0.13,0.71,0.27,1.53,0.77,59.58,86.7,3.36,1.59,0.47,62.9,0.54,33.3,0.13,0.031,10.17,38.9,2.28,66.9,2.87,64.9,4.82,1.21,0.193,0.03,0.153,0.142,0.161,0.152,0.161,0.23,0.0,0.0,0.0,0.0,0.0,0.0,0.0,0,0.0,Unknown,0.0,0.0,0.0,0.0,0.0,0,0.0,Unknown,0.0,0.0,0.0,estimated_from_squad_profile,2026-06-05T00:33:08.162006+00:00
South Africa,Iqraam Rayners,FW,Centre-Forward,Mamelodi Sundowns,Right,22.4,No. 9,Penalty-box finisher,Depth runs + shot volume,0,1.0,1197,16,7,0.27,0.12,0.25,0.11,1.67,0.64,3.73,0.65,39.74,74.8,1.91,2.52,1.35,54.1,0.61,28.4,0.14,0.035,12.05,32.1,1.23,54.1,0.96,47.1,4.09,0.91,0.113,0.3,0.07,0.09,0.1,0.16,0.22,0.36,0.0,0.0,0.0,0.0,0.0,0.0,0.0,0,0.0,Unknown,0.0,0.0,0.0,0.0,0.0,0,0.0,Unknown,0.0,0.0,0.0,estimated_from_squad_profile,2026-06-05T00:33:08.162006+00:00
South Africa,Sipho Chaine,GK,Goalkeeper,Orlando Pirates,Right,21.6,Goalkeeper,Sweeper keeper,Build-up keeper,0,1.0,1141,15,7,0.0,0.01,0.0,0.01,0.0,0.0,0.02,0.05,29.58,71.0,4.29,0.11,0.0,0.0,0.0,0.0,0.01,0.0,2.05,29.1,0.15,48.4,0.51,52.5,4.13,0.07,0.026,0.0,0.0,0.0,0.0,0.0,0.0,0.0,2.88,73.9,0.043,1.45,1.05,2.63,46.8,0,0.0,Unknown,0.0,0.0,0.0,0.0,0.0,0,0.0,Unknown,0.0,0.0,0.0,estimated_from_squad_profile,2026-06-05T00:33:08.162006+00:00
South Africa,Evidence Makgopa,FW,Centre-Forward,Orlando Pirates,Right,22.6,No. 9,Penalty-box finisher,Depth runs + shot volume,1,1.0,2599,35,28,0.33,0.14,0.31,0.13,2.03,0.78,4.54,0.79,40.07,74.9,2.31,3.06,1.43,54.3,0.74,28.6,0.17,0.043,12.61,32.3,1.29,54.3,1.16,47.3,4.27,0.9,0.112,0.31,0.153,0.142,0.161,0.152,0.161,0.231,0.0,0.0,0.0,0.0,0.0,0.0,0.0,0,0.0,Unknown,0.0,0.0,0.0,0.0,0.0,0,0.0,Unknown,0.0,0.0,0.0,estimated_from_squad_profile,2026-06-05T00:33:08.162006+00:00
South Africa,Samukele Kabini,DF,Left-Back,Molde,Left,29.9,Fullback,Overlapping wide defender,Width + recovery runner,0,1.0,1161,15,7,0.12,0.16,0.12,0.15,0.8,0.3,1.74,0.99,58.77,86.4,2.69,2.13,0.93,65.3,1.82,34.9,0.11,0.025,10.42,38.3,2.25,66.3,2.27,64.3,4.87,1.23,0.196,0.03,0.07,0.09,0.1,0.16,0.22,0.36,0.0,0.0,0.0,0.0,0.0,0.0,0.0,0,0.0,Unknown,0.0,0.0,0.0,0.0,0.0,0,0.0,Unknown,0.0,0.0,0.0,estimated_from_squad_profile,2026-06-05T00:33:08.162006+00:00
South Africa,Nkosinathi Sibisi,DF,Centre-Back,Orlando Pirates,Right,22.2,Centre-back,Ball-playing defender,Rest-defense anchor,1,1.0,2572,35,27,0.1,0.14,0.1,0.13,0.7,0.27,1.51,0.76,59.32,86.6,3.31,1.58,0.5,62.8,0.53,33.2,0.13,0.031,10.95,38.8,2.43,66.8,2.82,64.8,5.17,1.22,0.194,0.03,0.153,0.143,0.162,0.152,0.162,0.229,0.0,0.0,0.0,0.0,0.0,0.0,0.0,0,0.0,Unknown,0.0,0.0,0.0,0.0,0.0,0,0.0,Unknown,0.0,0.0,0.0,estimated_from_squad_profile,2026-06-05T00:33:08.162006+00:00
South Africa,Khuliso Mudau,DF,Right-Back,Mamelodi Sundowns,Right,27.6,Fullback,Overlapping wide defender,Width + recovery runner,1,1.0,2604,35,28,0.16,0.2,0.16,0.2,1.03,0.39,2.25,1.3,60.18,87.0,3.48,2.64,0.98,66.4,2.2,35.6,0.14,0.032,10.92,39.4,2.52,67.4,3.0,65.4,5.23,1.2,0.191,0.03,0.153,0.142,0.161,0.151,0.161,0.231,0.0,0.0,0.0,0.0,0.0,0.0,0.0,0,0.0,Unknown,0.0,0.0,0.0,0.0,0.0,0,0.0,Unknown,0.0,0.0,0.0,estimated_from_squad_profile,2026-06-05T00:33:08.162006+00:00
South Africa,Ime Okon,DF,Centre-Back,Hannover 96,Right,22.0,Centre-back,Ball-playing defender,Rest-defense anchor,0,1.0,1169,16,7,0.08,0.11,0.09,0.1,0.58,0.22,1.25,0.63,58.99,86.5,2.73,1.3,0.48,62.5,0.44,33.0,0.11,0.025,10.46,38.5,2.29,66.5,2.31,64.5,4.91,1.23,0.195,0.03,0.07,0.09,0.1,0.16,0.22,0.36,0.0,0.0,0.0,0.0,0.0,0.0,0.0,0,0.0,Unknown,0.0,0.0,0.0,0.0,0.0,0,0.0,Unknown,0.0,0.0,0.0,estimated_from_squad_profile,2026-06-05T00:33:08.162006+00:00
South Africa,Ricardo Goss,GK,Goalkeeper,Siwelele,Right,21.1,Goalkeeper,Sweeper keeper,Build-up keeper,0,1.0,1107,15,7,0.0,0.01,0.0,0.01,0.0,0.0,0.02,0.05,29.08,70.3,4.15,0.11,0.0,0.0,0.0,0.0,0.01,0.0,1.99,28.7,0.14,47.6,0.5,51.9,4.05,0.07,0.027,0.0,0.0,0.0,0.0,0.0,0.0,0.0,2.92,73.2,0.035,1.39,0.98,2.66,45.9,0,0.0,Unknown,0.0,0.0,0.0,0.0,0.0,0,0.0,Unknown,0.0,0.0,0.0,estimated_from_squad_profile,2026-06-05T00:33:08.162006+00:00
South Africa,Jayden Adams,MF,Central Midfield,Mamelodi Sundowns,Right,21.6,No. 8,Box-to-box midfielder,Progression + counter-press,0,1.0,1143,15,7,0.21,0.21,0.2,0.2,1.32,0.51,2.92,1.31,62.3,83.2,3.05,1.92,0.83,58.0,0.52,30.6,0.38,0.093,12.96,35.0,1.78,60.0,1.13,54.0,5.43,1.34,0.167,0.05,0.07,0.09,0.1,0.16,0.22,0.36,0.0,0.0,0.0,0.0,0.0,0.0,0.0,0,0.0,Unknown,0.0,0.0,0.0,0.0,0.0,0,0.0,Unknown,0.0,0.0,0.0,estimated_from_squad_profile,2026-06-05T00:33:08.162006+00:00
South Africa,Olwethu Makhanya,DF,Centre-Back,Philadelphia Union,Right,21.6,Centre-back,Ball-playing defender,Rest-defense anchor,0,1.0,1143,15,7,0.08,0.11,0.08,0.1,0.56,0.21,1.2,0.6,58.3,86.2,2.62,1.26,0.46,62.0,0.43,32.6,0.1,0.024,10.32,38.0,2.18,66.0,2.19,64.0,4.79,1.24,0.197,0.03,0.07,0.09,0.1,0.16,0.22,0.36,0.0,0.0,0.0,0.0,0.0,0.0,0.0,0,0.0,Unknown,0.0,0.0,0.0,0.0,0.0,0,0.0,Unknown,0.0,0.0,0.0,estimated_from_squad_profile,2026-06-05T00:33:08.162006+00:00
South Africa,Kamogelo Sebelebele,FW,Right-Back,Orlando Pirates,Right,26.4,Fullback,Overlapping wide defender,Width + recovery runner,0,1.0,1125,15,7,0.27,0.14,0.25,0.14,1.64,0.63,3.67,0.92,37.82,74.0,1.75,3.04,1.61,55.6,1.93,29.4,0.12,0.031,11.25,30.6,1.33,52.6,0.87,45.6,3.84,0.95,0.119,0.27,0.07,0.09,0.1,0.16,0.22,0.36,0.0,0.0,0.0,0.0,0.0,0.0,0.0,0,0.0,Unknown,0.0,0.0,0.0,0.0,0.0,0,0.0,Unknown,0.0,0.0,0.0,estimated_from_squad_profile,2026-06-05T00:33:08.162006+00:00
South Africa,Bradley Cross,DF,Left-Back,Kaizer Chiefs,Left,29.2,Fullback,Overlapping wide defender,Width + recovery runner,0,1.0,1114,15,7,0.11,0.14,0.11,0.13,0.74,0.28,1.6,0.9,57.5,85.9,2.48,2.04,0.95,64.3,1.8,34.2,0.1,0.023,10.76,37.3,2.18,65.3,2.05,63.3,4.92,1.26,0.2,0.03,0.07,0.09,0.1,0.16,0.22,0.36,0.0,0.0,0.0,0.0,0.0,0.0,0.0,0,0.0,Unknown,0.0,0.0,0.0,0.0,0.0,0,0.0,Unknown,0.0,0.0,0.0,estimated_from_squad_profile,2026-06-05T00:33:08.162006+00:00
Korea Republic,Kim Seung-gyu,GK,,FC Tokyo,Right,18.9,Goalkeeper,Sweeper keeper,Build-up keeper,1,1.0,2346,32,25,0.0,0.01,0.0,0.01,0.0,0.0,0.02,0.04,26.88,67.6,3.57,0.08,0.0,0.0,0.0,0.0,0.01,0.0,1.74,26.6,0.12,44.3,0.43,49.4,3.68,0.06,0.03,0.0,0.0,0.0,0.0,0.0,0.0,0.0,3.08,70.1,-0.002,1.14,0.71,2.81,42.0,0,0.0,Unknown,0.0,0.0,0.0,0.0,0.0,0,0.0,Unknown,0.0,0.0,0.0,estimated_from_squad_profile,2026-06-05T00:33:08.162006+00:00
Korea Republic,Lee Han-beom,DF,,Midtjylland,Right,16.6,DF,Hybrid role,Balanced phase contribution,0,1.0,801,10,5,0.04,0.04,0.05,0.03,0.32,0.12,0.65,0.25,49.1,82.5,1.1,0.66,0.26,54.9,0.23,27.6,0.04,0.01,8.58,30.9,0.75,58.9,0.57,56.9,3.17,1.47,0.227,0.01,0.07,0.09,0.1,0.16,0.22,0.36,0.0,0.0,0.0,0.0,0.0,0.0,0.0,0,0.0,Unknown,0.0,0.0,0.0,0.0,0.0,0,0.0,Unknown,0.0,0.0,0.0,estimated_from_squad_profile,2026-06-05T00:33:08.162006+00:00
Korea Republic,Lee Gi-hyuk,MF,,Gangwon FC,Right,16.6,No. 8,Box-to-box midfielder,Progression + counter-press,0,1.0,801,10,5,0.05,0.04,0.06,0.03,0.38,0.14,0.78,0.25,53.1,79.5,1.15,0.73,0.3,50.9,0.24,25.6,0.06,0.014,9.13,27.9,0.75,52.9,0.46,46.9,3.34,1.57,0.197,0.03,0.07,0.09,0.1,0.16,0.22,0.36,0.0,0.0,0.0,0.0,0.0,0.0,0.0,0,0.0,Unknown,0.0,0.0,0.0,0.0,0.0,0,0.0,Unknown,0.0,0.0,0.0,estimated_from_squad_profile,2026-06-05T00:33:08.162006+00:00
Korea Republic,Kim Min-jae,DF,,Bayern Munich,Right,19.2,DF,Hybrid role,Balanced phase contribution,1,1.0,2371,32,25,0.07,0.09,0.08,0.08,0.54,0.2,1.12,0.52,53.93,84.4,2.26,1.16,0.38,58.6,0.4,30.2,0.09,0.021,9.98,34.6,1.46,62.6,1.69,60.6,4.23,1.35,0.211,0.02,0.147,0.147,0.166,0.156,0.166,0.217,0.0,0.0,0.0,0.0,0.0,0.0,0.0,0,0.0,Unknown,0.0,0.0,0.0,0.0,0.0,0,0.0,Unknown,0.0,0.0,0.0,estimated_from_squad_profile,2026-06-05T00:33:08.162006+00:00
Korea Republic,Kim Tae-hyeon,DF,,Kashima Antlers,Right,16.6,DF,Hybrid role,Balanced phase contribution,0,1.0,801,10,5,0.04,0.04,0.05,0.03,0.32,0.12,0.65,0.25,49.1,82.5,1.1,0.66,0.27,54.9,0.23,27.6,0.04,0.01,8.92,30.9,0.78,58.9,0.57,56.9,3.3,1.47,0.227,0.01,0.07,0.09,0.1,0.16,0.22,0.36,0.0,0.0,0.0,0.0,0.0,0.0,0.0,0,0.0,Unknown,0.0,0.0,0.0,0.0,0.0,0,0.0,Unknown,0.0,0.0,0.0,estimated_from_squad_profile,2026-06-05T00:33:08.162006+00:00
Korea Republic,Hwang In-beom,MF,,Feyenoord,Right,18.9,No. 8,Box-to-box midfielder,Progression + counter-press,1,1.0,2350,32,25,0.12,0.09,0.13,0.08,0.84,0.32,1.82,0.49,57.37,81.2,2.42,1.53,0.55,54.2,0.45,27.9,0.17,0.042,10.91,31.2,1.23,56.2,0.91,50.2,4.31,1.47,0.183,0.04,0.147,0.147,0.167,0.157,0.167,0.215,0.0,0.0,0.0,0.0,0.0,0.0,0.0,0,0.0,Unknown,0.0,0.0,0.0,0.0,0.0,0,0.0,Unknown,0.0,0.0,0.0,estimated_from_squad_profile,2026-06-05T00:33:08.162006+00:00
Korea Republic,Son Heung-min,FW,,Los Angeles FC,Right,20.6,FW,Hybrid role,Balanced phase contribution,1,1.0,2461,33,26,0.24,0.11,0.23,0.1,1.51,0.58,3.36,0.63,36.36,73.4,1.94,2.33,0.97,51.5,0.59,26.6,0.13,0.033,10.4,29.5,0.99,51.5,0.94,44.5,3.57,0.99,0.123,0.25,0.15,0.145,0.164,0.154,0.164,0.222,0.0,0.0,0.0,0.0,0.0,0.0,0.0,0,0.0,Unknown,0.0,0.0,0.0,0.0,0.0,0,0.0,Unknown,0.0,0.0,0.0,estimated_from_squad_profile,2026-06-05T00:33:08.162006+00:00
Korea Republic,Paik Seung-ho,MF,,Birmingham City,Right,17.1,No. 8,Box-to-box midfielder,Progression + counter-press,0,1.0,838,11,5,0.06,0.05,0.07,0.04,0.45,0.17,0.96,0.29,54.1,79.9,1.36,0.86,0.36,51.6,0.27,26.1,0.08,0.019,9.55,28.6,0.86,53.6,0.53,47.6,3.56,1.55,0.193,0.03,0.07,0.09,0.1,0.16,0.22,0.36,0.0,0.0,0.0,0.0,0.0,0.0,0.0,0,0.0,Unknown,0.0,0.0,0.0,0.0,0.0,0,0.0,Unknown,0.0,0.0,0.0,estimated_from_squad_profile,2026-06-05T00:33:08.162006+00:00
Korea Republic,Cho Gue-sung,FW,,Midtjylland,Right,18.1,FW,Hybrid role,Balanced phase contribution,1,1.0,2290,31,24,0.13,0.07,0.13,0.06,0.87,0.33,1.9,0.42,31.76,71.5,1.48,1.43,0.61,47.9,0.4,24.1,0.08,0.02,10.01,25.9,0.84,47.9,0.67,40.9,3.49,1.11,0.138,0.18,0.145,0.148,0.168,0.158,0.168,0.211,0.0,0.0,0.0,0.0,0.0,0.0,0.0,0,0.0,Unknown,0.0,0.0,0.0,0.0,0.0,0,0.0,Unknown,0.0,0.0,0.0,estimated_from_squad_profile,2026-06-05T00:33:08.162006+00:00
Korea Republic,Lee Jae-sung,MF,,Mainz 05,Right,20.0,No. 8,Box-to-box midfielder,Progression + counter-press,1,1.0,2425,33,26,0.16,0.1,0.15,0.09,1.02,0.39,2.24,0.58,59.38,82.0,2.91,1.84,0.61,55.7,0.52,29.0,0.22,0.054,10.87,32.7,1.35,57.7,1.09,51.7,4.41,1.42,0.177,0.04,0.149,0.146,0.165,0.155,0.165,0.22,0.0,0.0,0.0,0.0,0.0,0.0,0.0,0,0.0,Unknown,0.0,0.0,0.0,0.0,0.0,0,0.0,Unknown,0.0,0.0,0.0,estimated_from_squad_profile,2026-06-05T00:33:08.162006+00:00
Korea Republic,Hwang Hee-chan,MF,,Wolverhampton Wanderers,Right,20.0,No. 8,Box-to-box midfielder,Progression + counter-press,1,1.0,2421,33,26,0.15,0.1,0.15,0.09,1.02,0.39,2.22,0.58,59.29,82.0,2.89,1.83,0.64,55.6,0.51,29.0,0.22,0.053,11.49,32.6,1.42,57.6,1.08,51.6,4.66,1.42,0.177,0.04,0.149,0.146,0.165,0.155,0.165,0.22,0.0,0.0,0.0,0.0,0.0,0.0,0.0,0,0.0,Unknown,0.0,0.0,0.0,0.0,0.0,0,0.0,Unknown,0.0,0.0,0.0,estimated_from_squad_profile,2026-06-05T00:33:08.162006+00:00
Korea Republic,Song Bum-keun,GK,,Jeonbuk Hyundai Motors,Right,16.6,Goalkeeper,Sweeper keeper,Build-up keeper,0,1.0,801,10,5,0.0,0.01,0.0,0.01,0.0,0.0,0.02,0.03,24.6,64.8,2.96,0.05,0.0,0.0,0.0,0.0,0.01,0.0,1.47,24.6,0.09,40.9,0.37,46.7,3.3,0.05,0.034,0.0,0.0,0.0,0.0,0.0,0.0,0.0,3.25,66.8,-0.04,0.87,0.42,2.96,38.0,0,0.0,Unknown,0.0,0.0,0.0,0.0,0.0,0,0.0,Unknown,0.0,0.0,0.0,estimated_from_squad_profile,2026-06-05T00:33:08.162006+00:00
Korea Republic,Lee Tae-seok,DF,,Austria Wien,Right,16.6,DF,Hybrid role,Balanced phase contribution,0,1.0,804,11,5,0.04,0.04,0.05,0.03,0.33,0.12,0.66,0.25,49.19,82.5,1.12,0.67,0.26,54.9,0.23,27.6,0.04,0.01,8.6,30.9,0.76,58.9,0.59,56.9,3.19,1.47,0.226,0.01,0.07,0.09,0.1,0.16,0.22,0.36,0.0,0.0,0.0,0.0,0.0,0.0,0.0,0,0.0,Unknown,0.0,0.0,0.0,0.0,0.0,0,0.0,Unknown,0.0,0.0,0.0,estimated_from_squad_profile,2026-06-05T00:33:08.162006+00:00
Korea Republic,Cho Wi-je,DF,,Jeonbuk Hyundai Motors,Right,16.6,DF,Hybrid role,Balanced phase contribution,0,1.0,801,10,5,0.04,0.04,0.05,0.03,0.32,0.12,0.65,0.25,49.1,82.5,1.1,0.66,0.26,54.9,0.23,27.6,0.04,0.01,8.75,30.9,0.77,58.9,0.57,56.9,3.24,1.47,0.227,0.01,0.07,0.09,0.1,0.16,0.22,0.36,0.0,0.0,0.0,0.0,0.0,0.0,0.0,0,0.0,Unknown,0.0,0.0,0.0,0.0,0.0,0,0.0,Unknown,0.0,0.0,0.0,estimated_from_squad_profile,2026-06-05T00:33:08.162006+00:00
Korea Republic,Kim Moon-hwan,DF,,Daejeon Hana Citizen,Right,17.2,DF,Hybrid role,Balanced phase contribution,1,1.0,2231,30,24,0.05,0.06,0.06,0.05,0.42,0.16,0.85,0.35,50.17,82.9,1.52,0.87,0.29,55.7,0.3,28.2,0.06,0.014,8.98,31.7,0.91,59.7,0.9,57.7,3.44,1.45,0.223,0.01,0.144,0.15,0.17,0.16,0.17,0.208,0.0,0.0,0.0,0.0,0.0,0.0,0.0,0,0.0,Unknown,0.0,0.0,0.0,0.0,0.0,0,0.0,Unknown,0.0,0.0,0.0,estimated_from_squad_profile,2026-06-05T00:33:08.162006+00:00
Korea Republic,Park Jin-seob,DF,,Zhejiang,Right,16.6,DF,Hybrid role,Balanced phase contribution,0,1.0,801,10,5,0.04,0.04,0.05,0.03,0.32,0.12,0.66,0.25,49.13,82.5,1.11,0.66,0.26,54.9,0.23,27.6,0.04,0.01,8.76,30.9,0.77,58.9,0.58,56.9,3.24,1.47,0.226,0.01,0.07,0.09,0.1,0.16,0.22,0.36,0.0,0.0,0.0,0.0,0.0,0.0,0.0,0,0.0,Unknown,0.0,0.0,0.0,0.0,0.0,0,0.0,Unknown,0.0,0.0,0.0,estimated_from_squad_profile,2026-06-05T00:33:08.162006+00:00
Korea Republic,Bae Jun-ho,MF,,Stoke City,Right,16.6,No. 8,Box-to-box midfielder,Progression + counter-press,0,1.0,801,10,5,0.05,0.04,0.06,0.03,0.38,0.14,0.78,0.25,53.1,79.5,1.15,0.73,0.29,50.9,0.24,25.6,0.06,0.014,8.62,27.9,0.71,52.9,0.46,46.9,3.15,1.57,0.197,0.03,0.07,0.09,0.1,0.16,0.22,0.36,0.0,0.0,0.0,0.0,0.0,0.0,0.0,0,0.0,Unknown,0.0,0.0,0.0,0.0,0.0,0,0.0,Unknown,0.0,0.0,0.0,estimated_from_squad_profile,2026-06-05T00:33:08.162006+00:00
Korea Republic,Oh Hyeon-gyu,FW,,Beşiktaş,Right,17.2,FW,Hybrid role,Balanced phase contribution,0,1.0,841,11,5,0.08,0.05,0.08,0.04,0.55,0.21,1.17,0.29,30.19,70.9,1.11,0.95,0.45,46.7,0.29,23.2,0.05,0.013,9.35,24.7,0.74,46.7,0.49,39.7,3.29,1.15,0.143,0.15,0.07,0.09,0.1,0.16,0.22,0.36,0.0,0.0,0.0,0.0,0.0,0.0,0.0,0,0.0,Unknown,0.0,0.0,0.0,0.0,0.0,0,0.0,Unknown,0.0,0.0,0.0,estimated_from_squad_profile,2026-06-05T00:33:08.162006+00:00
Korea Republic,Lee Kang-in,MF,,Paris Saint-Germain,Right,18.4,No. 8,Box-to-box midfielder,Progression + counter-press,1,1.0,2316,31,25,0.11,0.08,0.11,0.07,0.76,0.29,1.63,0.45,56.46,80.8,2.19,1.39,0.5,53.4,0.41,27.4,0.15,0.036,10.53,30.4,1.13,55.4,0.84,49.4,4.1,1.49,0.186,0.04,0.146,0.148,0.168,0.158,0.168,0.213,0.0,0.0,0.0,0.0,0.0,0.0,0.0,0,0.0,Unknown,0.0,0.0,0.0,0.0,0.0,0,0.0,Unknown,0.0,0.0,0.0,estimated_from_squad_profile,2026-06-05T00:33:08.162006+00:00
Korea Republic,Yang Hyun-jun,MF,,Celtic,Right,16.6,No. 8,Box-to-box midfielder,Progression + counter-press,0,1.0,801,10,5,0.05,0.04,0.06,0.03,0.38,0.14,0.78,0.25,53.1,79.5,1.15,0.73,0.3,50.9,0.24,25.6,0.06,0.014,8.96,27.9,0.74,52.9,0.46,46.9,3.27,1.57,0.197,0.03,0.07,0.09,0.1,0.16,0.22,0.36,0.0,0.0,0.0,0.0,0.0,0.0,0.0,0,0.0,Unknown,0.0,0.0,0.0,0.0,0.0,0,0.0,Unknown,0.0,0.0,0.0,estimated_from_squad_profile,2026-06-05T00:33:08.162006+00:00
Korea Republic,Jo Hyeon-woo,GK,,Ulsan HD,Right,17.6,Goalkeeper,Sweeper keeper,Build-up keeper,0,1.0,871,11,5,0.0,0.01,0.0,0.01,0.0,0.0,0.02,0.04,25.63,66.0,3.23,0.06,0.0,0.0,0.0,0.0,0.01,0.0,1.59,25.5,0.1,42.4,0.4,47.9,3.47,0.06,0.032,0.0,0.0,0.0,0.0,0.0,0.0,0.0,3.18,68.3,-0.023,0.99,0.55,2.89,39.8,0,0.0,Unknown,0.0,0.0,0.0,0.0,0.0,0,0.0,Unknown,0.0,0.0,0.0,estimated_from_squad_profile,2026-06-05T00:33:08.162006+00:00
Korea Republic,Seol Young-woo,DF,,Red Star Belgrade,Right,17.2,DF,Hybrid role,Balanced phase contribution,1,1.0,2228,30,24,0.05,0.06,0.06,0.05,0.42,0.16,0.85,0.35,50.11,82.9,1.51,0.86,0.3,55.6,0.3,28.2,0.06,0.014,9.48,31.6,0.96,59.6,0.89,57.6,3.62,1.45,0.223,0.01,0.144,0.15,0.17,0.16,0.17,0.207,0.0,0.0,0.0,0.0,0.0,0.0,0.0,0,0.0,Unknown,0.0,0.0,0.0,0.0,0.0,0,0.0,Unknown,0.0,0.0,0.0,estimated_from_squad_profile,2026-06-05T00:33:08.162006+00:00
Korea Republic,Jens Castrop,DF,Central Midfield,Borussia Mönchengladbach,Right,22.5,DF,Hybrid role,Balanced phase contribution,1,1.0,2592,35,28,0.16,0.29,0.16,0.27,1.04,0.4,2.27,1.76,59.88,86.9,3.42,1.62,0.5,63.2,0.55,33.5,0.29,0.072,10.65,39.2,2.16,67.2,2.93,65.2,5.07,1.2,0.192,0.03,0.153,0.142,0.161,0.152,0.161,0.231,0.0,0.0,0.0,0.0,0.0,0.0,0.0,0,0.0,Unknown,0.0,0.0,0.0,0.0,0.0,0,0.0,Unknown,0.0,0.0,0.0,estimated_from_squad_profile,2026-06-05T00:33:08.162006+00:00
Korea Republic,Kim Jin-gyu,MF,,Jeonbuk Hyundai Motors,Right,17.0,No. 8,Box-to-box midfielder,Progression + counter-press,0,1.0,826,11,5,0.06,0.05,0.06,0.04,0.43,0.16,0.9,0.28,53.79,79.7,1.29,0.82,0.34,51.4,0.26,26.0,0.07,0.017,9.42,28.4,0.83,53.4,0.51,47.4,3.49,1.56,0.194,0.03,0.07,0.09,0.1,0.16,0.22,0.36,0.0,0.0,0.0,0.0,0.0,0.0,0.0,0,0.0,Unknown,0.0,0.0,0.0,0.0,0.0,0,0.0,Unknown,0.0,0.0,0.0,estimated_from_squad_profile,2026-06-05T00:33:08.162006+00:00
Korea Republic,Eom Ji-sung,MF,,Swansea City,Right,16.6,No. 8,Box-to-box midfielder,Progression + counter-press,0,1.0,801,10,5,0.05,0.04,0.06,0.03,0.38,0.14,0.78,0.25,53.1,79.5,1.15,0.73,0.3,50.9,0.24,25.6,0.06,0.014,8.96,27.9,0.74,52.9,0.46,46.9,3.27,1.57,0.197,0.03,0.07,0.09,0.1,0.16,0.22,0.36,0.0,0.0,0.0,0.0,0.0,0.0,0.0,0,0.0,Unknown,0.0,0.0,0.0,0.0,0.0,0,0.0,Unknown,0.0,0.0,0.0,estimated_from_squad_profile,2026-06-05T00:33:08.162006+00:00
Korea Republic,Lee Dong-gyeong,MF,,Ulsan HD,Right,16.9,No. 8,Box-to-box midfielder,Progression + counter-press,0,1.0,822,11,5,0.06,0.05,0.06,0.04,0.42,0.16,0.88,0.27,53.68,79.7,1.27,0.81,0.34,51.3,0.26,25.9,0.07,0.017,9.55,28.3,0.83,53.3,0.5,47.3,3.53,1.56,0.195,0.03,0.07,0.09,0.1,0.16,0.22,0.36,0.0,0.0,0.0,0.0,0.0,0.0,0.0,0,0.0,Unknown,0.0,0.0,0.0,0.0,0.0,0,0.0,Unknown,0.0,0.0,0.0,estimated_from_squad_profile,2026-06-05T00:33:08.162006+00:00
Bosnia and Herzegovina,Nikola Vasilj,GK,Goalkeeper,FC St. Pauli,Right,22.8,Goalkeeper,Sweeper keeper,Build-up keeper,1,1.0,2613,35,28,0.0,0.01,0.0,0.01,0.0,0.0,0.02,0.06,30.78,72.5,4.61,0.13,0.0,0.0,0.0,0.0,0.01,0.0,2.19,30.2,0.16,50.2,0.55,53.9,4.33,0.08,0.024,0.0,0.0,0.0,0.0,0.0,0.0,0.0,2.79,75.6,0.063,1.59,1.2,2.55,48.9,0,0.0,Unknown,0.0,0.0,0.0,0.0,0.0,0,0.0,Unknown,0.0,0.0,0.0,estimated_from_squad_profile,2026-06-05T00:33:08.162006+00:00
Bosnia and Herzegovina,Nihad Mujakić,DF,Centre-Back,Gaziantep,Right,21.9,Centre-back,Ball-playing defender,Rest-defense anchor,0,1.0,1165,15,7,0.08,0.11,0.09,0.1,0.58,0.22,1.24,0.62,58.88,86.5,2.71,1.29,0.51,62.4,0.44,32.9,0.11,0.025,11.27,38.4,2.45,66.4,2.29,64.4,5.28,1.23,0.195,0.03,0.07,0.09,0.1,0.16,0.22,0.36,0.0,0.0,0.0,0.0,0.0,0.0,0.0,0,0.0,Unknown,0.0,0.0,0.0,0.0,0.0,0,0.0,Unknown,0.0,0.0,0.0,estimated_from_squad_profile,2026-06-05T00:33:08.162006+00:00
Bosnia and Herzegovina,Dennis Hadžikadunić,DF,Centre-Back,Sampdoria,Right,22.5,Centre-back,Ball-playing defender,Rest-defense anchor,1,1.0,2594,35,28,0.1,0.14,0.11,0.13,0.72,0.27,1.55,0.79,59.92,86.9,3.43,1.62,0.55,63.2,0.55,33.5,0.14,0.032,11.71,39.2,2.67,67.2,2.94,65.2,5.58,1.2,0.192,0.03,0.153,0.142,0.161,0.152,0.161,0.231,0.0,0.0,0.0,0.0,0.0,0.0,0.0,0,0.0,Unknown,0.0,0.0,0.0,0.0,0.0,0,0.0,Unknown,0.0,0.0,0.0,estimated_from_squad_profile,2026-06-05T00:33:08.162006+00:00
Bosnia and Herzegovina,Tarik Muharemović,DF,Centre-Back,Sassuolo,Right,23.2,Centre-back,Ball-playing defender,Rest-defense anchor,1,1.0,2640,36,28,0.11,0.15,0.11,0.14,0.76,0.29,1.64,0.84,61.16,87.4,3.67,1.72,0.54,64.2,0.58,34.2,0.15,0.034,11.13,40.2,2.67,68.2,3.2,66.2,5.41,1.17,0.188,0.03,0.154,0.141,0.16,0.151,0.16,0.233,0.0,0.0,0.0,0.0,0.0,0.0,0.0,0,0.0,Unknown,0.0,0.0,0.0,0.0,0.0,0,0.0,Unknown,0.0,0.0,0.0,estimated_from_squad_profile,2026-06-05T00:33:08.162006+00:00
Bosnia and Herzegovina,Sead Kolašinac,DF,Centre-Back,Atalanta,Right,24.1,Centre-back,Ball-playing defender,Rest-defense anchor,1,1.0,2700,36,29,0.12,0.17,0.12,0.16,0.81,0.31,1.75,0.91,62.77,88.0,3.99,1.84,0.56,65.4,0.62,35.1,0.16,0.037,11.24,41.4,2.87,69.4,3.54,67.4,5.6,1.13,0.183,0.04,0.156,0.14,0.159,0.149,0.159,0.237,0.0,0.0,0.0,0.0,0.0,0.0,0.0,0,0.0,Unknown,0.0,0.0,0.0,0.0,0.0,0,0.0,Unknown,0.0,0.0,0.0,estimated_from_squad_profile,2026-06-05T00:33:08.162006+00:00
Bosnia and Herzegovina,Benjamin Tahirović,MF,Central Midfield,Brøndby,Right,23.0,No. 8,Box-to-box midfielder,Progression + counter-press,1,1.0,2628,36,28,0.3,0.31,0.29,0.29,1.87,0.72,4.16,1.88,64.84,84.3,4.25,2.68,0.94,59.9,0.72,32.0,0.51,0.126,13.5,36.9,1.99,61.9,1.56,55.9,5.78,1.28,0.159,0.05,0.154,0.142,0.16,0.151,0.16,0.233,0.0,0.0,0.0,0.0,0.0,0.0,0.0,0,0.0,Unknown,0.0,0.0,0.0,0.0,0.0,0,0.0,Unknown,0.0,0.0,0.0,estimated_from_squad_profile,2026-06-05T00:33:08.162006+00:00
Bosnia and Herzegovina,Amar Dedić,DF,Right-Back,Benfica,Right,28.5,Fullback,Overlapping wide defender,Width + recovery runner,1,1.0,2661,36,28,0.17,0.23,0.17,0.22,1.11,0.43,2.45,1.43,61.71,87.6,3.78,2.76,1.01,67.6,2.24,36.5,0.15,0.035,11.24,40.6,2.76,68.6,3.32,66.6,5.51,1.16,0.186,0.03,0.155,0.141,0.16,0.15,0.16,0.235,0.0,0.0,0.0,0.0,0.0,0.0,0.0,0,0.0,Unknown,0.0,0.0,0.0,0.0,0.0,0,0.0,Unknown,0.0,0.0,0.0,estimated_from_squad_profile,2026-06-05T00:33:08.162006+00:00
Bosnia and Herzegovina,Armin Gigović,MF,Central Midfield,Young Boys,Right,22.4,No. 8,Box-to-box midfielder,Progression + counter-press,0,1.0,1199,16,7,0.23,0.24,0.22,0.22,1.46,0.56,3.26,1.46,63.78,83.8,3.35,2.12,0.9,59.1,0.57,31.4,0.41,0.1,13.33,36.1,1.91,61.1,1.23,55.1,5.66,1.31,0.163,0.05,0.07,0.09,0.1,0.16,0.22,0.36,0.0,0.0,0.0,0.0,0.0,0.0,0.0,0,0.0,Unknown,0.0,0.0,0.0,0.0,0.0,0,0.0,Unknown,0.0,0.0,0.0,estimated_from_squad_profile,2026-06-05T00:33:08.162006+00:00
Bosnia and Herzegovina,Samed Baždar,FW,Centre-Forward,Jagiellonia Białystok,Right,22.0,No. 9,Penalty-box finisher,Depth runs + shot volume,0,1.0,1167,15,7,0.25,0.11,0.24,0.1,1.57,0.6,3.51,0.62,38.93,74.5,1.84,2.38,1.22,53.4,0.59,28.0,0.13,0.033,11.35,31.4,1.14,53.4,0.92,46.4,3.86,0.93,0.115,0.29,0.07,0.09,0.1,0.16,0.22,0.36,0.0,0.0,0.0,0.0,0.0,0.0,0.0,0,0.0,Unknown,0.0,0.0,0.0,0.0,0.0,0,0.0,Unknown,0.0,0.0,0.0,estimated_from_squad_profile,2026-06-05T00:33:08.162006+00:00
Bosnia and Herzegovina,Ermedin Demirović,FW,Centre-Forward,VfB Stuttgart,Right,24.1,No. 9,Penalty-box finisher,Depth runs + shot volume,1,1.0,2700,36,29,0.39,0.17,0.37,0.16,2.41,0.93,5.4,0.91,42.77,76.0,2.58,3.59,1.7,56.4,0.85,30.1,0.2,0.05,13.45,34.4,1.44,56.4,1.32,49.4,4.53,0.83,0.103,0.35,0.156,0.14,0.159,0.149,0.159,0.237,0.0,0.0,0.0,0.0,0.0,0.0,0.0,0,0.0,Unknown,0.0,0.0,0.0,0.0,0.0,0,0.0,Unknown,0.0,0.0,0.0,estimated_from_squad_profile,2026-06-05T00:33:08.162006+00:00
Bosnia and Herzegovina,Edin Džeko,FW,Centre-Forward,Schalke 04,Right,25.9,No. 9,Penalty-box finisher,Depth runs + shot volume,1,1.0,2827,38,30,0.47,0.2,0.44,0.18,2.88,1.11,6.48,1.07,46.17,77.4,2.92,4.25,1.61,59.0,0.99,31.9,0.24,0.06,11.53,37.0,1.29,59.0,1.52,52.0,3.85,0.75,0.092,0.4,0.159,0.138,0.156,0.147,0.156,0.244,0.0,0.0,0.0,0.0,0.0,0.0,0.0,0,0.0,Unknown,0.0,0.0,0.0,0.0,0.0,0,0.0,Unknown,0.0,0.0,0.0,estimated_from_squad_profile,2026-06-05T00:33:08.162006+00:00
Bosnia and Herzegovina,Mladen Jurkas,GK,Goalkeeper,Borac Banja Luka,Right,21.2,Goalkeeper,Sweeper keeper,Build-up keeper,0,1.0,1116,15,7,0.0,0.01,0.0,0.01,0.0,0.0,0.02,0.05,29.21,70.5,4.19,0.11,0.0,0.0,0.0,0.0,0.01,0.0,2.01,28.8,0.15,47.8,0.5,52.1,4.07,0.07,0.026,0.0,0.0,0.0,0.0,0.0,0.0,0.0,2.91,73.4,0.037,1.41,1.0,2.65,46.1,0,0.0,Unknown,0.0,0.0,0.0,0.0,0.0,0,0.0,Unknown,0.0,0.0,0.0,estimated_from_squad_profile,2026-06-05T00:33:08.162006+00:00
Bosnia and Herzegovina,Ivan Bašić,MF,Central Midfield,Astana,Right,22.0,No. 8,Box-to-box midfielder,Progression + counter-press,0,1.0,1167,15,7,0.22,0.23,0.21,0.21,1.38,0.53,3.07,1.37,62.93,83.5,3.18,2.01,0.85,58.4,0.54,31.0,0.39,0.096,12.98,35.4,1.82,60.4,1.17,54.4,5.47,1.33,0.165,0.05,0.07,0.09,0.1,0.16,0.22,0.36,0.0,0.0,0.0,0.0,0.0,0.0,0.0,0,0.0,Unknown,0.0,0.0,0.0,0.0,0.0,0,0.0,Unknown,0.0,0.0,0.0,estimated_from_squad_profile,2026-06-05T00:33:08.162006+00:00
Bosnia and Herzegovina,Ivan Šunjić,MF,Defensive Midfield,Pafos,Right,22.0,No. 6,Holding midfielder,Press resistance + ball winning,0,1.0,1169,16,7,0.18,0.11,0.17,0.1,1.14,0.44,2.51,0.63,62.99,83.5,3.19,2.01,0.87,58.5,0.55,31.0,0.26,0.063,13.25,35.5,2.12,60.5,1.17,54.5,5.59,1.33,0.165,0.05,0.07,0.09,0.1,0.16,0.22,0.36,0.0,0.0,0.0,0.0,0.0,0.0,0.0,0,0.0,Unknown,0.0,0.0,0.0,0.0,0.0,0,0.0,Unknown,0.0,0.0,0.0,estimated_from_squad_profile,2026-06-05T00:33:08.162006+00:00
Bosnia and Herzegovina,Amar Memić,MF,Right Midfield,Viktoria Plzeň,Right,27.4,No. 8,Box-to-box midfielder,Progression + counter-press,1,1.0,2588,35,28,0.27,0.2,0.26,0.19,1.71,0.66,3.81,1.26,63.76,83.8,3.99,3.52,1.39,62.1,2.33,33.4,0.33,0.08,13.57,36.1,1.95,61.1,1.47,55.1,5.77,1.31,0.163,0.05,0.153,0.142,0.161,0.152,0.161,0.23,0.0,0.0,0.0,0.0,0.0,0.0,0.0,0,0.0,Unknown,0.0,0.0,0.0,0.0,0.0,0,0.0,Unknown,0.0,0.0,0.0,estimated_from_squad_profile,2026-06-05T00:33:08.162006+00:00
Bosnia and Herzegovina,Amir Hadžiahmetović,MF,Defensive Midfield,Hull City,Right,23.1,No. 6,Holding midfielder,Press resistance + ball winning,1,1.0,2633,36,28,0.24,0.15,0.23,0.14,1.53,0.59,3.41,0.83,64.97,84.3,4.28,2.7,0.98,60.0,0.72,32.1,0.36,0.087,14.07,37.0,2.39,62.0,1.57,56.0,6.04,1.28,0.159,0.05,0.154,0.141,0.16,0.151,0.16,0.233,0.0,0.0,0.0,0.0,0.0,0.0,0.0,0,0.0,Unknown,0.0,0.0,0.0,0.0,0.0,0,0.0,Unknown,0.0,0.0,0.0,estimated_from_squad_profile,2026-06-05T00:33:08.162006+00:00
Bosnia and Herzegovina,Dženis Burnić,MF,Defensive Midfield,Karlsruher SC,Right,22.1,No. 6,Holding midfielder,Press resistance + ball winning,0,1.0,1174,16,7,0.18,0.11,0.17,0.1,1.15,0.44,2.54,0.63,63.12,83.5,3.22,2.03,0.89,58.6,0.55,31.1,0.27,0.064,13.55,35.6,2.18,60.6,1.18,54.6,5.72,1.32,0.165,0.05,0.07,0.09,0.1,0.16,0.22,0.36,0.0,0.0,0.0,0.0,0.0,0.0,0.0,0,0.0,Unknown,0.0,0.0,0.0,0.0,0.0,0,0.0,Unknown,0.0,0.0,0.0,estimated_from_squad_profile,2026-06-05T00:33:08.162006+00:00
Bosnia and Herzegovina,Nikola Katić,DF,Centre-Back,Schalke 04,Right,22.3,Centre-back,Ball-playing defender,Rest-defense anchor,0,1.0,1187,16,7,0.09,0.12,0.09,0.11,0.59,0.23,1.28,0.64,59.48,86.7,2.81,1.33,0.52,62.9,0.45,33.3,0.11,0.026,11.19,38.9,2.5,66.9,2.39,64.9,5.3,1.21,0.193,0.03,0.07,0.09,0.1,0.16,0.22,0.36,0.0,0.0,0.0,0.0,0.0,0.0,0.0,0,0.0,Unknown,0.0,0.0,0.0,0.0,0.0,0,0.0,Unknown,0.0,0.0,0.0,estimated_from_squad_profile,2026-06-05T00:33:08.162006+00:00
Bosnia and Herzegovina,Kerim Alajbegović,FW,Left Winger,Red Bull Salzburg,Left,30.9,Winger,Wide creator,1v1 carry + crossing threat,1,1.0,2621,35,28,0.45,0.37,0.42,0.35,2.76,1.06,6.21,2.37,40.65,75.2,2.36,4.17,1.69,57.8,2.42,30.9,0.33,0.084,10.91,32.8,1.13,54.8,1.2,47.8,3.69,0.88,0.11,0.32,0.154,0.142,0.161,0.151,0.161,0.232,0.0,0.0,0.0,0.0,0.0,0.0,0.0,0,0.0,Unknown,0.0,0.0,0.0,0.0,0.0,0,0.0,Unknown,0.0,0.0,0.0,estimated_from_squad_profile,2026-06-05T00:33:08.162006+00:00
Bosnia and Herzegovina,Esmir Bajraktarević,FW,Right Winger,PSV Eindhoven,Right,27.7,Winger,Wide creator,1v1 carry + crossing threat,0,1.0,1218,16,7,0.37,0.3,0.35,0.28,2.26,0.87,5.09,1.94,40.3,75.0,1.96,3.45,1.77,57.5,2.02,30.7,0.27,0.07,11.52,32.5,1.19,54.5,0.99,47.5,3.9,0.89,0.111,0.31,0.07,0.09,0.1,0.16,0.22,0.36,0.0,0.0,0.0,0.0,0.0,0.0,0.0,0,0.0,Unknown,0.0,0.0,0.0,0.0,0.0,0,0.0,Unknown,0.0,0.0,0.0,estimated_from_squad_profile,2026-06-05T00:33:08.162006+00:00
Bosnia and Herzegovina,Stjepan Radeljić,DF,Centre-Back,Rijeka,Right,21.9,Centre-back,Ball-playing defender,Rest-defense anchor,0,1.0,1164,15,7,0.08,0.11,0.09,0.1,0.58,0.22,1.24,0.62,58.85,86.4,2.71,1.29,0.51,62.4,0.44,32.9,0.11,0.025,11.26,38.4,2.44,66.4,2.28,64.4,5.27,1.23,0.195,0.03,0.07,0.09,0.1,0.16,0.22,0.36,0.0,0.0,0.0,0.0,0.0,0.0,0.0,0,0.0,Unknown,0.0,0.0,0.0,0.0,0.0,0,0.0,Unknown,0.0,0.0,0.0,estimated_from_squad_profile,2026-06-05T00:33:08.162006+00:00
Bosnia and Herzegovina,Martin Zlomislić,GK,Goalkeeper,Rijeka,Right,21.7,Goalkeeper,Sweeper keeper,Build-up keeper,0,1.0,1150,15,7,0.0,0.01,0.0,0.01,0.0,0.0,0.02,0.05,29.72,71.2,4.33,0.12,0.0,0.0,0.0,0.0,0.01,0.0,2.07,29.2,0.15,48.6,0.52,52.7,4.15,0.07,0.025,0.0,0.0,0.0,0.0,0.0,0.0,0.0,2.87,74.1,0.045,1.47,1.07,2.62,47.0,0,0.0,Unknown,0.0,0.0,0.0,0.0,0.0,0,0.0,Unknown,0.0,0.0,0.0,estimated_from_squad_profile,2026-06-05T00:33:08.162006+00:00
Bosnia and Herzegovina,Haris Tabaković,FW,Centre-Forward,Borussia Mönchengladbach,Right,22.4,No. 9,Penalty-box finisher,Depth runs + shot volume,0,1.0,1194,16,7,0.27,0.12,0.25,0.11,1.66,0.64,3.71,0.65,39.66,74.8,1.9,2.5,1.31,54.0,0.61,28.4,0.14,0.035,11.8,32.0,1.2,54.0,0.96,47.0,4.0,0.91,0.113,0.3,0.07,0.09,0.1,0.16,0.22,0.36,0.0,0.0,0.0,0.0,0.0,0.0,0.0,0,0.0,Unknown,0.0,0.0,0.0,0.0,0.0,0,0.0,Unknown,0.0,0.0,0.0,estimated_from_squad_profile,2026-06-05T00:33:08.162006+00:00
Bosnia and Herzegovina,Nidal Čelik,DF,Centre-Back,Lens,Right,22.1,Centre-back,Ball-playing defender,Rest-defense anchor,0,1.0,1179,16,7,0.08,0.11,0.09,0.11,0.59,0.22,1.26,0.64,59.25,86.6,2.77,1.32,0.45,62.7,0.45,33.1,0.11,0.026,9.89,38.7,2.19,66.7,2.35,64.7,4.67,1.22,0.194,0.03,0.07,0.09,0.1,0.16,0.22,0.36,0.0,0.0,0.0,0.0,0.0,0.0,0.0,0,0.0,Unknown,0.0,0.0,0.0,0.0,0.0,0,0.0,Unknown,0.0,0.0,0.0,estimated_from_squad_profile,2026-06-05T00:33:08.162006+00:00
Bosnia and Herzegovina,Jovo Lukić,FW,Centre-Forward,Universitatea Cluj,Right,21.6,No. 9,Penalty-box finisher,Depth runs + shot volume,0,1.0,1141,15,7,0.24,0.11,0.23,0.1,1.49,0.57,3.32,0.6,38.22,74.2,1.78,2.27,1.27,52.9,0.56,27.6,0.13,0.032,12.25,30.9,1.21,52.9,0.89,45.9,4.18,0.94,0.117,0.28,0.07,0.09,0.1,0.16,0.22,0.36,0.0,0.0,0.0,0.0,0.0,0.0,0.0,0,0.0,Unknown,0.0,0.0,0.0,0.0,0.0,0,0.0,Unknown,0.0,0.0,0.0,estimated_from_squad_profile,2026-06-05T00:33:08.162006+00:00
Bosnia and Herzegovina,Ermin Mahmić,MF,Attacking Midfield,Slovan Liberec,Right,22.0,No. 10,Central creator,Between-lines chance creation,0,1.0,1170,16,7,0.22,0.23,0.21,0.21,1.39,0.53,3.08,1.38,63.02,83.5,3.2,2.02,0.8,58.5,0.55,31.0,0.39,0.097,12.27,35.5,1.73,60.5,1.18,54.5,5.18,1.32,0.165,0.05,0.07,0.09,0.1,0.16,0.22,0.36,0.0,0.0,0.0,0.0,0.0,0.0,0.0,0,0.0,Unknown,0.0,0.0,0.0,0.0,0.0,0,0.0,Unknown,0.0,0.0,0.0,estimated_from_squad_profile,2026-06-05T00:33:08.162006+00:00
Canada,Dayne St. Clair,GK,Goalkeeper,Inter Miami CF,Right,22.5,Goalkeeper,Sweeper keeper,Build-up keeper,0,1.0,1205,16,7,0.0,0.01,0.0,0.01,0.0,0.0,0.02,0.06,30.51,72.1,4.54,0.13,0.0,0.0,0.0,0.0,0.01,0.0,2.16,30.0,0.16,49.8,0.54,53.6,4.29,0.08,0.024,0.0,0.0,0.0,0.0,0.0,0.0,0.0,2.81,75.2,0.059,1.56,1.16,2.57,48.4,0,0.0,Unknown,0.0,0.0,0.0,0.0,0.0,0,0.0,Unknown,0.0,0.0,0.0,estimated_from_squad_profile,2026-06-05T00:33:08.162006+00:00
Canada,Alistair Johnston,DF,Right-Back,Celtic,Right,29.2,Fullback,Overlapping wide defender,Width + recovery runner,1,1.0,2712,37,29,0.18,0.24,0.18,0.24,1.19,0.46,2.62,1.55,63.08,88.2,4.05,2.87,1.13,68.7,2.28,37.2,0.16,0.037,12.43,41.7,3.2,69.7,3.6,67.7,6.22,1.12,0.182,0.04,0.156,0.14,0.159,0.149,0.159,0.238,0.0,0.0,0.0,0.0,0.0,0.0,0.0,0,0.0,Unknown,0.0,0.0,0.0,0.0,0.0,0,0.0,Unknown,0.0,0.0,0.0,estimated_from_squad_profile,2026-06-05T00:33:08.162006+00:00
Canada,Alfie Jones,DF,Centre-Back,Middlesbrough,Right,22.1,Centre-back,Ball-playing defender,Rest-defense anchor,0,1.0,1177,16,7,0.08,0.11,0.09,0.11,0.59,0.22,1.26,0.63,59.21,86.6,2.76,1.32,0.52,62.7,0.45,33.1,0.11,0.026,11.34,38.7,2.5,66.7,2.35,64.7,5.34,1.22,0.194,0.03,0.07,0.09,0.1,0.16,0.22,0.36,0.0,0.0,0.0,0.0,0.0,0.0,0.0,0,0.0,Unknown,0.0,0.0,0.0,0.0,0.0,0,0.0,Unknown,0.0,0.0,0.0,estimated_from_squad_profile,2026-06-05T00:33:08.162006+00:00
Canada,Luc de Fougerolles,DF,Centre-Back,Dender,Right,21.8,Centre-back,Ball-playing defender,Rest-defense anchor,0,1.0,1153,15,7,0.08,0.11,0.08,0.1,0.57,0.22,1.22,0.61,58.56,86.3,2.66,1.27,0.45,62.2,0.43,32.8,0.11,0.025,9.96,38.2,2.13,66.2,2.23,64.2,4.64,1.24,0.196,0.03,0.07,0.09,0.1,0.16,0.22,0.36,0.0,0.0,0.0,0.0,0.0,0.0,0.0,0,0.0,Unknown,0.0,0.0,0.0,0.0,0.0,0,0.0,Unknown,0.0,0.0,0.0,estimated_from_squad_profile,2026-06-05T00:33:08.162006+00:00
Canada,Joel Waterman,DF,Centre-Back,Chicago Fire FC,Right,22.2,Centre-back,Ball-playing defender,Rest-defense anchor,0,1.0,1183,16,7,0.08,0.12,0.09,0.11,0.59,0.22,1.27,0.64,59.36,86.6,2.79,1.33,0.51,62.8,0.45,33.2,0.11,0.026,10.96,38.8,2.43,66.8,2.37,64.8,5.18,1.22,0.194,0.03,0.07,0.09,0.1,0.16,0.22,0.36,0.0,0.0,0.0,0.0,0.0,0.0,0.0,0,0.0,Unknown,0.0,0.0,0.0,0.0,0.0,0,0.0,Unknown,0.0,0.0,0.0,estimated_from_squad_profile,2026-06-05T00:33:08.162006+00:00
Canada,Mathieu Choinière,MF,Central Midfield,Los Angeles FC,Right,22.0,No. 8,Box-to-box midfielder,Progression + counter-press,0,1.0,1172,16,7,0.22,0.23,0.21,0.21,1.39,0.54,3.1,1.39,63.08,83.5,3.21,2.03,0.9,58.6,0.55,31.0,0.39,0.097,13.78,35.6,1.94,60.6,1.18,54.6,5.82,1.32,0.165,0.05,0.07,0.09,0.1,0.16,0.22,0.36,0.0,0.0,0.0,0.0,0.0,0.0,0.0,0,0.0,Unknown,0.0,0.0,0.0,0.0,0.0,0,0.0,Unknown,0.0,0.0,0.0,estimated_from_squad_profile,2026-06-05T00:33:08.162006+00:00
Canada,Stephen Eustáquio,MF,Central Midfield,Los Angeles FC,Right,24.2,No. 8,Box-to-box midfielder,Progression + counter-press,1,1.0,2711,37,29,0.34,0.35,0.33,0.33,2.13,0.82,4.76,2.16,67.06,85.2,4.8,3.03,1.1,61.6,0.8,33.2,0.57,0.139,14.94,38.6,2.32,63.6,1.75,57.6,6.52,1.22,0.152,0.06,0.156,0.14,0.159,0.149,0.159,0.238,0.0,0.0,0.0,0.0,0.0,0.0,0.0,0,0.0,Unknown,0.0,0.0,0.0,0.0,0.0,0,0.0,Unknown,0.0,0.0,0.0,estimated_from_squad_profile,2026-06-05T00:33:08.162006+00:00
Canada,Ismaël Koné,MF,Central Midfield,Sassuolo,Right,24.2,No. 8,Box-to-box midfielder,Progression + counter-press,1,1.0,2712,37,29,0.35,0.35,0.33,0.33,2.13,0.82,4.77,2.16,67.08,85.2,4.8,3.03,1.06,61.7,0.8,33.2,0.57,0.139,14.39,38.7,2.23,63.7,1.75,57.7,6.28,1.22,0.152,0.06,0.156,0.14,0.159,0.149,0.159,0.238,0.0,0.0,0.0,0.0,0.0,0.0,0.0,0,0.0,Unknown,0.0,0.0,0.0,0.0,0.0,0,0.0,Unknown,0.0,0.0,0.0,estimated_from_squad_profile,2026-06-05T00:33:08.162006+00:00
Canada,Cyle Larin,FW,Centre-Forward,Southampton,Right,26.0,No. 9,Penalty-box finisher,Depth runs + shot volume,1,1.0,2832,38,30,0.48,0.2,0.45,0.19,2.9,1.12,6.53,1.07,46.31,77.5,2.93,4.28,1.93,59.1,1.0,32.0,0.24,0.06,13.76,37.1,1.54,59.1,1.53,52.1,4.59,0.74,0.092,0.4,0.159,0.138,0.156,0.147,0.156,0.245,0.0,0.0,0.0,0.0,0.0,0.0,0.0,0,0.0,Unknown,0.0,0.0,0.0,0.0,0.0,0,0.0,Unknown,0.0,0.0,0.0,estimated_from_squad_profile,2026-06-05T00:33:08.162006+00:00
Canada,Jonathan David,FW,Centre-Forward,Juventus,Right,26.9,No. 9,Penalty-box finisher,Depth runs + shot volume,1,1.0,2896,39,31,0.52,0.21,0.48,0.2,3.14,1.21,7.07,1.15,48.03,78.2,3.1,4.61,2.21,60.5,1.07,32.9,0.26,0.065,15.1,38.5,1.72,60.5,1.63,53.5,5.02,0.7,0.086,0.43,0.16,0.136,0.155,0.146,0.155,0.248,0.0,0.0,0.0,0.0,0.0,0.0,0.0,0,0.0,Unknown,0.0,0.0,0.0,0.0,0.0,0,0.0,Unknown,0.0,0.0,0.0,estimated_from_squad_profile,2026-06-05T00:33:08.162006+00:00
Canada,Liam Millar,MF,Left Winger,Hull City,Left,31.2,Winger,Wide creator,1v1 carry + crossing threat,0,1.0,1252,17,8,0.3,0.32,0.29,0.3,1.88,0.72,4.2,2.07,65.21,84.4,3.65,3.14,1.5,63.2,2.0,34.2,0.44,0.108,14.44,37.2,2.15,62.2,1.34,56.2,6.21,1.27,0.158,0.05,0.07,0.09,0.1,0.16,0.22,0.36,0.0,0.0,0.0,0.0,0.0,0.0,0.0,0,0.0,Unknown,0.0,0.0,0.0,0.0,0.0,0,0.0,Unknown,0.0,0.0,0.0,estimated_from_squad_profile,2026-06-05T00:33:08.162006+00:00
Canada,Tani Oluwaseyi,FW,Centre-Forward,Villarreal,Right,23.0,No. 9,Penalty-box finisher,Depth runs + shot volume,0,1.0,1240,16,8,0.29,0.13,0.28,0.12,1.8,0.69,4.03,0.7,40.89,75.3,2.01,2.7,1.51,55.0,0.65,29.0,0.15,0.038,12.86,33.0,1.34,55.0,1.02,48.0,4.35,0.88,0.109,0.32,0.07,0.09,0.1,0.16,0.22,0.36,0.0,0.0,0.0,0.0,0.0,0.0,0.0,0,0.0,Unknown,0.0,0.0,0.0,0.0,0.0,0,0.0,Unknown,0.0,0.0,0.0,estimated_from_squad_profile,2026-06-05T00:33:08.162006+00:00
Canada,Derek Cornelius,DF,Centre-Back,Rangers,Right,23.3,Centre-back,Ball-playing defender,Rest-defense anchor,1,1.0,2649,36,28,0.11,0.16,0.11,0.14,0.77,0.29,1.65,0.85,61.39,87.5,3.72,1.73,0.57,64.3,0.58,34.3,0.15,0.034,11.83,40.3,2.87,68.3,3.25,66.3,5.77,1.17,0.187,0.03,0.155,0.141,0.16,0.151,0.16,0.234,0.0,0.0,0.0,0.0,0.0,0.0,0.0,0,0.0,Unknown,0.0,0.0,0.0,0.0,0.0,0,0.0,Unknown,0.0,0.0,0.0,estimated_from_squad_profile,2026-06-05T00:33:08.162006+00:00
Canada,Jacob Shaffelburg,MF,Left Winger,Los Angeles FC,Left,31.2,Winger,Wide creator,1v1 carry + crossing threat,0,1.0,1252,17,8,0.31,0.32,0.29,0.3,1.88,0.72,4.21,2.07,65.23,84.4,3.65,3.15,1.5,63.2,2.0,34.2,0.44,0.108,14.45,37.2,2.15,62.2,1.34,56.2,6.21,1.27,0.158,0.05,0.07,0.09,0.1,0.16,0.22,0.36,0.0,0.0,0.0,0.0,0.0,0.0,0.0,0,0.0,Unknown,0.0,0.0,0.0,0.0,0.0,0,0.0,Unknown,0.0,0.0,0.0,estimated_from_squad_profile,2026-06-05T00:33:08.162006+00:00
Canada,Moïse Bombito,DF,Centre-Back,Nice,Right,22.8,Centre-back,Ball-playing defender,Rest-defense anchor,0,1.0,1223,16,7,0.09,0.12,0.09,0.11,0.62,0.24,1.33,0.68,60.43,87.1,2.97,1.4,0.55,63.6,0.47,33.8,0.12,0.027,11.61,39.6,2.71,67.6,2.56,65.6,5.58,1.19,0.19,0.03,0.07,0.09,0.1,0.16,0.22,0.36,0.0,0.0,0.0,0.0,0.0,0.0,0.0,0,0.0,Unknown,0.0,0.0,0.0,0.0,0.0,0,0.0,Unknown,0.0,0.0,0.0,estimated_from_squad_profile,2026-06-05T00:33:08.162006+00:00
Canada,Maxime Crépeau,GK,Goalkeeper,Orlando City SC,Right,22.6,Goalkeeper,Sweeper keeper,Build-up keeper,1,1.0,2602,35,28,0.0,0.01,0.0,0.01,0.0,0.0,0.02,0.06,30.63,72.3,4.57,0.13,0.0,0.0,0.0,0.0,0.01,0.0,2.17,30.1,0.16,49.9,0.54,53.7,4.3,0.08,0.024,0.0,0.0,0.0,0.0,0.0,0.0,0.0,2.8,75.4,0.06,1.57,1.18,2.56,48.6,0,0.0,Unknown,0.0,0.0,0.0,0.0,0.0,0,0.0,Unknown,0.0,0.0,0.0,estimated_from_squad_profile,2026-06-05T00:33:08.162006+00:00
Canada,Tajon Buchanan,FW,Right Winger,Villarreal,Right,29.7,Winger,Wide creator,1v1 carry + crossing threat,1,1.0,2743,37,29,0.56,0.45,0.52,0.43,3.38,1.31,7.63,2.92,43.92,76.5,2.69,4.81,2.34,60.3,2.55,32.7,0.36,0.093,14.07,35.3,1.53,57.3,1.39,50.3,4.72,0.8,0.099,0.37,0.157,0.139,0.158,0.149,0.158,0.239,0.0,0.0,0.0,0.0,0.0,0.0,0.0,0,0.0,Unknown,0.0,0.0,0.0,0.0,0.0,0,0.0,Unknown,0.0,0.0,0.0,estimated_from_squad_profile,2026-06-05T00:33:08.162006+00:00
Canada,Owen Goodman,GK,Goalkeeper,Barnsley,Right,21.1,Goalkeeper,Sweeper keeper,Build-up keeper,0,1.0,1109,15,7,0.0,0.01,0.0,0.01,0.0,0.0,0.02,0.05,29.12,70.4,4.17,0.11,0.0,0.0,0.0,0.0,0.01,0.0,2.0,28.7,0.14,47.7,0.5,52.0,4.05,0.07,0.026,0.0,0.0,0.0,0.0,0.0,0.0,0.0,2.92,73.3,0.035,1.4,0.99,2.66,46.0,0,0.0,Unknown,0.0,0.0,0.0,0.0,0.0,0,0.0,Unknown,0.0,0.0,0.0,estimated_from_squad_profile,2026-06-05T00:33:08.162006+00:00
Canada,Alphonso Davies,DF,Left-Back,Bayern Munich,Left,34.4,Fullback,Overlapping wide defender,Width + recovery runner,1,1.0,2862,39,31,0.22,0.3,0.22,0.29,1.41,0.54,3.13,1.89,67.11,89.8,4.84,3.18,1.18,71.8,2.38,39.4,0.2,0.045,12.86,44.8,3.75,72.8,4.45,70.8,6.77,1.02,0.169,0.04,0.16,0.137,0.155,0.146,0.155,0.246,0.0,0.0,0.0,0.0,0.0,0.0,0.0,0,0.0,Unknown,0.0,0.0,0.0,0.0,0.0,0,0.0,Unknown,0.0,0.0,0.0,estimated_from_squad_profile,2026-06-05T00:33:08.162006+00:00
Canada,Ali Ahmed,FW,Left Midfield,Norwich City,Left,30.8,FW,Hybrid role,Balanced phase contribution,0,1.0,1227,16,7,0.33,0.18,0.31,0.17,2.02,0.78,4.53,1.11,40.53,75.1,1.98,3.49,1.93,57.7,2.03,30.8,0.15,0.037,12.52,32.7,1.29,54.7,1.0,47.7,4.24,0.89,0.11,0.31,0.07,0.09,0.1,0.16,0.22,0.36,0.0,0.0,0.0,0.0,0.0,0.0,0.0,0,0.0,Unknown,0.0,0.0,0.0,0.0,0.0,0,0.0,Unknown,0.0,0.0,0.0,estimated_from_squad_profile,2026-06-05T00:33:08.162006+00:00
Canada,Jonathan Osorio,MF,Central Midfield,Toronto FC,Right,25.0,No. 8,Box-to-box midfielder,Progression + counter-press,1,1.0,2764,37,30,0.37,0.38,0.35,0.36,2.3,0.88,5.15,2.34,68.49,85.7,5.15,3.25,1.09,62.7,0.85,34.0,0.6,0.147,14.38,39.7,2.29,64.7,1.87,58.7,6.33,1.19,0.148,0.06,0.157,0.139,0.157,0.148,0.157,0.241,0.0,0.0,0.0,0.0,0.0,0.0,0.0,0,0.0,Unknown,0.0,0.0,0.0,0.0,0.0,0,0.0,Unknown,0.0,0.0,0.0,estimated_from_squad_profile,2026-06-05T00:33:08.162006+00:00
Canada,Richie Laryea,DF,Right-Back,Toronto FC,Right,29.0,Fullback,Overlapping wide defender,Width + recovery runner,1,1.0,2696,36,29,0.18,0.24,0.18,0.23,1.17,0.45,2.57,1.51,62.66,88.0,3.97,2.83,1.04,68.3,2.27,37.0,0.16,0.037,11.44,41.3,2.91,69.3,3.52,67.3,5.69,1.13,0.183,0.04,0.156,0.14,0.159,0.15,0.159,0.237,0.0,0.0,0.0,0.0,0.0,0.0,0.0,0,0.0,Unknown,0.0,0.0,0.0,0.0,0.0,0,0.0,Unknown,0.0,0.0,0.0,estimated_from_squad_profile,2026-06-05T00:33:08.162006+00:00
Canada,Niko Sigur,DF,Defensive Midfield,Hajduk Split,Right,22.8,No. 6,Holding midfielder,Press resistance + ball winning,0,1.0,1223,16,7,0.09,0.12,0.09,0.11,0.62,0.24,1.33,0.68,60.43,87.1,2.96,1.39,0.51,63.6,0.47,33.8,0.12,0.027,10.76,39.6,2.51,67.6,2.56,65.6,5.17,1.19,0.19,0.03,0.07,0.09,0.1,0.16,0.22,0.36,0.0,0.0,0.0,0.0,0.0,0.0,0.0,0,0.0,Unknown,0.0,0.0,0.0,0.0,0.0,0,0.0,Unknown,0.0,0.0,0.0,estimated_from_squad_profile,2026-06-05T00:33:08.162006+00:00
Canada,Promise David,FW,Centre-Forward,Union Saint-Gilloise,Right,22.9,No. 9,Penalty-box finisher,Depth runs + shot volume,0,1.0,1231,16,7,0.29,0.12,0.27,0.12,1.77,0.68,3.97,0.69,40.64,75.2,1.99,2.66,1.43,54.8,0.64,28.9,0.15,0.037,12.32,32.8,1.28,54.8,1.01,47.8,4.17,0.88,0.11,0.32,0.07,0.09,0.1,0.16,0.22,0.36,0.0,0.0,0.0,0.0,0.0,0.0,0.0,0,0.0,Unknown,0.0,0.0,0.0,0.0,0.0,0,0.0,Unknown,0.0,0.0,0.0,estimated_from_squad_profile,2026-06-05T00:33:08.162006+00:00
Canada,Nathan Saliba,MF,,Anderlecht,Right,16.6,No. 8,Box-to-box midfielder,Progression + counter-press,0,1.0,802,10,5,0.05,0.04,0.06,0.03,0.38,0.14,0.79,0.25,53.15,79.5,1.16,0.74,0.29,50.9,0.25,25.6,0.06,0.014,8.64,27.9,0.71,52.9,0.46,46.9,3.16,1.57,0.196,0.03,0.07,0.09,0.1,0.16,0.22,0.36,0.0,0.0,0.0,0.0,0.0,0.0,0.0,0,0.0,Unknown,0.0,0.0,0.0,0.0,0.0,0,0.0,Unknown,0.0,0.0,0.0,estimated_from_squad_profile,2026-06-05T00:33:08.162006+00:00
Qatar,Mahmud Abunada,GK,,Al-Rayyan,Right,16.6,Goalkeeper,Sweeper keeper,Build-up keeper,0,1.0,801,10,5,0.0,0.01,0.0,0.01,0.0,0.0,0.02,0.03,24.6,64.8,2.96,0.05,0.0,0.0,0.0,0.0,0.01,0.0,1.47,24.6,0.09,40.9,0.37,46.7,3.3,0.05,0.034,0.0,0.0,0.0,0.0,0.0,0.0,0.0,3.25,66.8,-0.04,0.87,0.42,2.96,38.0,0,0.0,Unknown,0.0,0.0,0.0,0.0,0.0,0,0.0,Unknown,0.0,0.0,0.0,estimated_from_squad_profile,2026-06-05T00:33:08.162006+00:00
Qatar,Pedro Miguel,DF,Centre-Back,Al-Sadd,Right,23.9,Centre-back,Ball-playing defender,Rest-defense anchor,1,1.0,2690,36,29,0.12,0.16,0.12,0.15,0.8,0.31,1.73,0.9,62.51,87.9,3.94,1.82,0.52,65.2,0.61,34.9,0.16,0.036,10.53,41.2,2.66,69.2,3.48,67.2,5.22,1.14,0.184,0.04,0.156,0.14,0.159,0.15,0.159,0.236,0.0,0.0,0.0,0.0,0.0,0.0,0.0,0,0.0,Unknown,0.0,0.0,0.0,0.0,0.0,0,0.0,Unknown,0.0,0.0,0.0,estimated_from_squad_profile,2026-06-05T00:33:08.162006+00:00
Qatar,Lucas Mendes,DF,Centre-Back,Al-Wakrah,Right,21.9,Centre-back,Ball-playing defender,Rest-defense anchor,1,1.0,2555,35,27,0.1,0.13,0.1,0.12,0.69,0.26,1.48,0.74,58.87,86.4,3.23,1.54,0.45,62.4,0.52,32.9,0.13,0.03,9.82,38.4,2.13,66.4,2.72,64.4,4.6,1.23,0.195,0.03,0.152,0.143,0.162,0.152,0.162,0.228,0.0,0.0,0.0,0.0,0.0,0.0,0.0,0,0.0,Unknown,0.0,0.0,0.0,0.0,0.0,0,0.0,Unknown,0.0,0.0,0.0,estimated_from_squad_profile,2026-06-05T00:33:08.162006+00:00
Qatar,Issa Laye,DF,Centre-Back,Al-Arabi,Right,20.8,Centre-back,Ball-playing defender,Rest-defense anchor,0,1.0,1089,14,7,0.07,0.1,0.08,0.09,0.53,0.2,1.12,0.54,56.85,85.6,2.38,1.16,0.46,60.8,0.4,31.8,0.09,0.022,10.81,36.8,2.11,64.8,1.93,62.8,4.88,1.28,0.202,0.03,0.07,0.09,0.1,0.16,0.22,0.36,0.0,0.0,0.0,0.0,0.0,0.0,0.0,0,0.0,Unknown,0.0,0.0,0.0,0.0,0.0,0,0.0,Unknown,0.0,0.0,0.0,estimated_from_squad_profile,2026-06-05T00:33:08.162006+00:00
Qatar,Jassem Gaber,DF,Defensive Midfield,Al-Rayyan,Right,22.3,No. 6,Holding midfielder,Press resistance + ball winning,1,1.0,2578,35,28,0.1,0.14,0.11,0.13,0.71,0.27,1.52,0.77,59.5,86.7,3.35,1.59,0.51,62.9,0.54,33.3,0.13,0.031,10.99,38.9,2.46,66.9,2.85,64.9,5.2,1.21,0.193,0.03,0.153,0.142,0.161,0.152,0.161,0.23,0.0,0.0,0.0,0.0,0.0,0.0,0.0,0,0.0,Unknown,0.0,0.0,0.0,0.0,0.0,0,0.0,Unknown,0.0,0.0,0.0,estimated_from_squad_profile,2026-06-05T00:33:08.162006+00:00
Qatar,Abdulaziz Hatem,MF,,Al-Rayyan,Right,19.7,No. 8,Box-to-box midfielder,Progression + counter-press,0,1.0,1014,13,6,0.12,0.08,0.12,0.07,0.82,0.31,1.78,0.47,58.82,81.8,2.33,1.47,0.55,55.3,0.42,28.7,0.18,0.042,10.01,32.3,1.21,57.3,0.87,51.3,4.03,1.43,0.178,0.04,0.07,0.09,0.1,0.16,0.22,0.36,0.0,0.0,0.0,0.0,0.0,0.0,0.0,0,0.0,Unknown,0.0,0.0,0.0,0.0,0.0,0,0.0,Unknown,0.0,0.0,0.0,estimated_from_squad_profile,2026-06-05T00:33:08.162006+00:00
Qatar,Ahmed Alaaeldin,FW,Centre-Forward,Al-Rayyan,Right,23.6,No. 9,Penalty-box finisher,Depth runs + shot volume,0,1.0,1277,17,8,0.31,0.13,0.29,0.12,1.92,0.74,4.3,0.73,41.89,75.7,2.09,2.87,1.46,55.7,0.69,29.6,0.16,0.04,11.97,33.7,1.26,55.7,1.07,48.7,4.04,0.85,0.106,0.33,0.07,0.09,0.1,0.16,0.22,0.36,0.0,0.0,0.0,0.0,0.0,0.0,0.0,0,0.0,Unknown,0.0,0.0,0.0,0.0,0.0,0,0.0,Unknown,0.0,0.0,0.0,estimated_from_squad_profile,2026-06-05T00:33:08.162006+00:00
Qatar,Edmilson Junior,FW,Left Winger,Al-Duhail,Left,30.1,Winger,Wide creator,1v1 carry + crossing threat,0,1.0,1175,16,7,0.34,0.28,0.32,0.26,2.08,0.8,4.67,1.78,39.16,74.6,1.86,3.26,1.73,56.6,1.98,30.1,0.26,0.068,11.65,31.6,1.18,53.6,0.93,46.6,3.96,0.92,0.114,0.29,0.07,0.09,0.1,0.16,0.22,0.36,0.0,0.0,0.0,0.0,0.0,0.0,0.0,0,0.0,Unknown,0.0,0.0,0.0,0.0,0.0,0,0.0,Unknown,0.0,0.0,0.0,estimated_from_squad_profile,2026-06-05T00:33:08.162006+00:00
Qatar,Mohammed Muntari,FW,Centre-Forward,Al-Gharafa,Right,23.7,No. 9,Penalty-box finisher,Depth runs + shot volume,1,1.0,2679,36,29,0.38,0.16,0.36,0.15,2.33,0.9,5.22,0.89,42.2,75.8,2.52,3.48,1.52,56.0,0.83,29.7,0.19,0.049,12.3,34.0,1.31,56.0,1.29,49.0,4.15,0.85,0.105,0.34,0.155,0.141,0.159,0.15,0.159,0.236,0.0,0.0,0.0,0.0,0.0,0.0,0.0,0,0.0,Unknown,0.0,0.0,0.0,0.0,0.0,0,0.0,Unknown,0.0,0.0,0.0,estimated_from_squad_profile,2026-06-05T00:33:08.162006+00:00
Qatar,Hassan Al-Haydos,FW,,Al-Sadd,Right,20.6,FW,Hybrid role,Balanced phase contribution,0,1.0,1071,14,6,0.2,0.09,0.19,0.09,1.27,0.49,2.82,0.53,36.36,73.4,1.63,1.96,0.93,51.5,0.5,26.6,0.11,0.028,9.98,29.5,0.95,51.5,0.79,44.5,3.42,0.99,0.123,0.25,0.07,0.09,0.1,0.16,0.22,0.36,0.0,0.0,0.0,0.0,0.0,0.0,0.0,0,0.0,Unknown,0.0,0.0,0.0,0.0,0.0,0,0.0,Unknown,0.0,0.0,0.0,estimated_from_squad_profile,2026-06-05T00:33:08.162006+00:00
Qatar,Akram Afif,FW,Left Winger,Al-Sadd,Left,34.7,Winger,Wide creator,1v1 carry + crossing threat,1,1.0,2882,39,31,0.68,0.55,0.63,0.52,4.09,1.58,9.25,3.55,47.65,78.0,3.06,5.54,2.62,63.2,2.7,34.7,0.4,0.104,14.7,38.2,1.67,60.2,1.61,53.2,4.89,0.71,0.087,0.42,0.16,0.137,0.155,0.146,0.155,0.247,0.0,0.0,0.0,0.0,0.0,0.0,0.0,0,0.0,Unknown,0.0,0.0,0.0,0.0,0.0,0,0.0,Unknown,0.0,0.0,0.0,estimated_from_squad_profile,2026-06-05T00:33:08.162006+00:00
Qatar,Karim Boudiaf,MF,Defensive Midfield,Al-Duhail,Right,23.9,No. 6,Holding midfielder,Press resistance + ball winning,1,1.0,2692,36,29,0.27,0.17,0.26,0.15,1.68,0.65,3.74,0.9,66.55,85.0,4.67,2.95,0.95,61.2,0.78,32.9,0.4,0.096,13.08,38.2,2.31,63.2,1.71,57.2,5.68,1.24,0.154,0.06,0.156,0.14,0.159,0.15,0.159,0.237,0.0,0.0,0.0,0.0,0.0,0.0,0.0,0,0.0,Unknown,0.0,0.0,0.0,0.0,0.0,0,0.0,Unknown,0.0,0.0,0.0,estimated_from_squad_profile,2026-06-05T00:33:08.162006+00:00
Qatar,Ayoub Al-Oui,DF,Right-Back,Al-Gharafa,Right,26.1,Fullback,Overlapping wide defender,Width + recovery runner,0,1.0,1111,15,7,0.11,0.14,0.11,0.13,0.73,0.28,1.6,0.89,57.42,85.9,2.47,2.04,0.88,64.3,1.79,34.1,0.1,0.023,9.94,37.3,2.0,65.3,2.03,63.3,4.54,1.26,0.2,0.03,0.07,0.09,0.1,0.16,0.22,0.36,0.0,0.0,0.0,0.0,0.0,0.0,0.0,0,0.0,Unknown,0.0,0.0,0.0,0.0,0.0,0,0.0,Unknown,0.0,0.0,0.0,estimated_from_squad_profile,2026-06-05T00:33:08.162006+00:00
Qatar,Homam Ahmed,DF,,Cultural Leonesa,Right,18.7,DF,Hybrid role,Balanced phase contribution,0,1.0,943,12,6,0.06,0.07,0.06,0.06,0.42,0.16,0.88,0.4,52.93,84.0,1.73,0.91,0.37,57.8,0.31,29.7,0.07,0.016,9.94,33.8,1.34,61.8,1.24,59.8,4.11,1.38,0.214,0.02,0.07,0.09,0.1,0.16,0.22,0.36,0.0,0.0,0.0,0.0,0.0,0.0,0.0,0,0.0,Unknown,0.0,0.0,0.0,0.0,0.0,0,0.0,Unknown,0.0,0.0,0.0,estimated_from_squad_profile,2026-06-05T00:33:08.162006+00:00
Qatar,Yusuf Abdurisag,FW,Left Winger,Al-Wakrah,Left,30.3,Winger,Wide creator,1v1 carry + crossing threat,0,1.0,1189,16,7,0.35,0.28,0.33,0.27,2.14,0.82,4.8,1.83,39.51,74.7,1.89,3.32,1.87,56.9,1.99,30.3,0.27,0.068,12.43,31.9,1.26,53.9,0.95,46.9,4.22,0.91,0.113,0.3,0.07,0.09,0.1,0.16,0.22,0.36,0.0,0.0,0.0,0.0,0.0,0.0,0.0,0,0.0,Unknown,0.0,0.0,0.0,0.0,0.0,0,0.0,Unknown,0.0,0.0,0.0,estimated_from_squad_profile,2026-06-05T00:33:08.162006+00:00
Qatar,Boualem Khoukhi,DF,Centre-Back,Al-Sadd,Right,25.3,Centre-back,Ball-playing defender,Rest-defense anchor,1,1.0,2784,38,30,0.13,0.19,0.13,0.18,0.88,0.34,1.91,1.02,65.03,89.0,4.43,2.02,0.58,67.2,0.68,36.3,0.18,0.041,11.02,43.2,3.02,71.2,4.01,69.2,5.65,1.07,0.176,0.04,0.158,0.139,0.157,0.148,0.157,0.242,0.0,0.0,0.0,0.0,0.0,0.0,0.0,0,0.0,Unknown,0.0,0.0,0.0,0.0,0.0,0,0.0,Unknown,0.0,0.0,0.0,estimated_from_squad_profile,2026-06-05T00:33:08.162006+00:00
Qatar,Ahmed Al-Ganehi,MF,Right Winger,Al-Gharafa,Right,26.6,Winger,Wide creator,1v1 carry + crossing threat,1,1.0,2532,34,27,0.29,0.3,0.28,0.29,1.81,0.7,4.04,1.97,62.27,83.2,3.62,3.29,1.31,60.9,2.27,32.6,0.45,0.111,12.95,34.9,1.78,59.9,1.34,53.9,5.42,1.34,0.167,0.05,0.152,0.143,0.163,0.153,0.163,0.227,0.0,0.0,0.0,0.0,0.0,0.0,0.0,0,0.0,Unknown,0.0,0.0,0.0,0.0,0.0,0,0.0,Unknown,0.0,0.0,0.0,estimated_from_squad_profile,2026-06-05T00:33:08.162006+00:00
Qatar,Sultan Al-Brake,DF,Left-Back,Al-Duhail,Left,29.4,Fullback,Overlapping wide defender,Width + recovery runner,0,1.0,1130,15,7,0.11,0.15,0.11,0.14,0.76,0.29,1.65,0.93,57.95,86.1,2.56,2.07,0.94,64.7,1.8,34.4,0.1,0.024,10.65,37.7,2.21,65.7,2.13,63.7,4.91,1.25,0.198,0.03,0.07,0.09,0.1,0.16,0.22,0.36,0.0,0.0,0.0,0.0,0.0,0.0,0.0,0,0.0,Unknown,0.0,0.0,0.0,0.0,0.0,0,0.0,Unknown,0.0,0.0,0.0,estimated_from_squad_profile,2026-06-05T00:33:08.162006+00:00
Qatar,Almoez Ali,FW,Centre-Forward,Al-Duhail,Right,26.3,No. 9,Penalty-box finisher,Depth runs + shot volume,1,1.0,2851,39,30,0.49,0.2,0.46,0.19,2.97,1.15,6.69,1.1,46.82,77.7,2.98,4.38,2.06,59.5,1.02,32.3,0.25,0.061,14.45,37.5,1.63,59.5,1.56,52.5,4.82,0.73,0.09,0.41,0.159,0.137,0.156,0.146,0.156,0.246,0.0,0.0,0.0,0.0,0.0,0.0,0.0,0,0.0,Unknown,0.0,0.0,0.0,0.0,0.0,0,0.0,Unknown,0.0,0.0,0.0,estimated_from_squad_profile,2026-06-05T00:33:08.162006+00:00
Qatar,Ahmed Fathy,MF,,Al-Arabi,Right,17.6,No. 8,Box-to-box midfielder,Progression + counter-press,0,1.0,868,11,5,0.07,0.05,0.08,0.05,0.52,0.2,1.1,0.32,54.92,80.2,1.53,0.97,0.38,52.3,0.3,26.6,0.09,0.023,9.15,29.3,0.88,54.3,0.59,48.3,3.47,1.53,0.191,0.04,0.07,0.09,0.1,0.16,0.22,0.36,0.0,0.0,0.0,0.0,0.0,0.0,0.0,0,0.0,Unknown,0.0,0.0,0.0,0.0,0.0,0,0.0,Unknown,0.0,0.0,0.0,estimated_from_squad_profile,2026-06-05T00:33:08.162006+00:00
Qatar,Salah Zakaria,GK,Goalkeeper,Al-Duhail,Right,21.3,Goalkeeper,Sweeper keeper,Build-up keeper,0,1.0,1119,15,7,0.0,0.01,0.0,0.01,0.0,0.0,0.02,0.05,29.27,70.6,4.2,0.11,0.0,0.0,0.0,0.0,0.01,0.0,2.01,28.8,0.15,47.9,0.5,52.1,4.08,0.07,0.026,0.0,0.0,0.0,0.0,0.0,0.0,0.0,2.9,73.5,0.038,1.41,1.01,2.65,46.2,0,0.0,Unknown,0.0,0.0,0.0,0.0,0.0,0,0.0,Unknown,0.0,0.0,0.0,estimated_from_squad_profile,2026-06-05T00:33:08.162006+00:00
Qatar,Meshaal Barsham,GK,Goalkeeper,Al-Sadd,Right,23.0,Goalkeeper,Sweeper keeper,Build-up keeper,1,1.0,2626,35,28,0.0,0.01,0.0,0.01,0.0,0.0,0.02,0.06,30.97,72.7,4.66,0.13,0.0,0.0,0.0,0.0,0.01,0.0,2.21,30.4,0.17,50.5,0.55,54.1,4.36,0.08,0.023,0.0,0.0,0.0,0.0,0.0,0.0,0.0,2.78,75.9,0.066,1.61,1.22,2.54,49.2,0,0.0,Unknown,0.0,0.0,0.0,0.0,0.0,0,0.0,Unknown,0.0,0.0,0.0,estimated_from_squad_profile,2026-06-05T00:33:08.162006+00:00
Qatar,Assim Madibo,MF,Defensive Midfield,Al-Wakrah,Right,22.6,No. 6,Holding midfielder,Press resistance + ball winning,1,1.0,2603,35,28,0.23,0.14,0.22,0.13,1.46,0.56,3.24,0.8,64.17,84.0,4.09,2.58,0.93,59.4,0.69,31.6,0.34,0.082,13.74,36.4,2.28,61.4,1.5,55.4,5.86,1.3,0.161,0.05,0.153,0.142,0.161,0.151,0.161,0.231,0.0,0.0,0.0,0.0,0.0,0.0,0.0,0,0.0,Unknown,0.0,0.0,0.0,0.0,0.0,0,0.0,Unknown,0.0,0.0,0.0,estimated_from_squad_profile,2026-06-05T00:33:08.162006+00:00
Qatar,Tahsin Jamshid,FW,,Al-Duhail,Right,16.6,FW,Hybrid role,Balanced phase contribution,0,1.0,801,10,5,0.06,0.04,0.06,0.03,0.42,0.16,0.88,0.25,29.1,70.5,1.02,0.77,0.31,45.9,0.25,22.6,0.04,0.011,8.0,23.9,0.61,45.9,0.43,38.9,2.83,1.17,0.147,0.14,0.07,0.09,0.1,0.16,0.22,0.36,0.0,0.0,0.0,0.0,0.0,0.0,0.0,0,0.0,Unknown,0.0,0.0,0.0,0.0,0.0,0,0.0,Unknown,0.0,0.0,0.0,estimated_from_squad_profile,2026-06-05T00:33:08.162006+00:00
Qatar,Al-Hashmi Al-Hussain,DF,Centre-Back,Al-Arabi,Right,21.1,Centre-back,Ball-playing defender,Rest-defense anchor,0,1.0,1105,15,7,0.08,0.1,0.08,0.09,0.54,0.2,1.14,0.56,57.26,85.8,2.44,1.19,0.44,61.2,0.4,32.1,0.1,0.023,10.11,37.2,2.02,65.2,2.0,63.2,4.6,1.27,0.201,0.03,0.07,0.09,0.1,0.16,0.22,0.36,0.0,0.0,0.0,0.0,0.0,0.0,0.0,0,0.0,Unknown,0.0,0.0,0.0,0.0,0.0,0,0.0,Unknown,0.0,0.0,0.0,estimated_from_squad_profile,2026-06-05T00:33:08.162006+00:00
Qatar,Mohamed Manai,FW,,Al-Shamal,Right,16.6,FW,Hybrid role,Balanced phase contribution,0,1.0,801,10,5,0.06,0.04,0.06,0.03,0.42,0.16,0.88,0.25,29.1,70.5,1.02,0.77,0.33,45.9,0.25,22.6,0.04,0.011,8.68,23.9,0.66,45.9,0.43,38.9,3.07,1.17,0.147,0.14,0.07,0.09,0.1,0.16,0.22,0.36,0.0,0.0,0.0,0.0,0.0,0.0,0.0,0,0.0,Unknown,0.0,0.0,0.0,0.0,0.0,0,0.0,Unknown,0.0,0.0,0.0,estimated_from_squad_profile,2026-06-05T00:33:08.162006+00:00
Switzerland,Gregor Kobel,GK,Goalkeeper,Borussia Dortmund,Right,23.5,Goalkeeper,Sweeper keeper,Build-up keeper,1,1.0,2659,36,28,0.0,0.01,0.0,0.01,0.0,0.0,0.02,0.06,31.46,73.3,4.79,0.14,0.0,0.0,0.0,0.0,0.01,0.0,2.27,30.8,0.17,51.2,0.57,54.7,4.44,0.08,0.023,0.0,0.0,0.0,0.0,0.0,0.0,0.0,2.74,76.6,0.074,1.67,1.28,2.5,50.1,0,0.0,Unknown,0.0,0.0,0.0,0.0,0.0,0,0.0,Unknown,0.0,0.0,0.0,estimated_from_squad_profile,2026-06-05T00:33:08.162006+00:00
Switzerland,Miro Muheim,DF,Left-Back,Hamburger SV,Left,30.3,Fullback,Overlapping wide defender,Width + recovery runner,0,1.0,1189,16,7,0.13,0.16,0.13,0.16,0.83,0.32,1.82,1.04,59.51,86.7,2.81,2.18,1.02,65.9,1.84,35.3,0.11,0.026,11.41,38.9,2.55,66.9,2.4,64.9,5.4,1.21,0.193,0.03,0.07,0.09,0.1,0.16,0.22,0.36,0.0,0.0,0.0,0.0,0.0,0.0,0.0,0,0.0,Unknown,0.0,0.0,0.0,0.0,0.0,0,0.0,Unknown,0.0,0.0,0.0,estimated_from_squad_profile,2026-06-05T00:33:08.162006+00:00
Switzerland,Silvan Widmer,DF,Right-Back,Mainz 05,Right,29.0,Fullback,Overlapping wide defender,Width + recovery runner,0,1.0,1304,17,8,0.15,0.2,0.15,0.19,0.98,0.37,2.15,1.26,62.6,88.0,3.32,2.38,0.99,68.3,1.9,37.0,0.13,0.031,10.99,41.3,2.79,69.3,2.94,67.3,5.46,1.14,0.184,0.04,0.07,0.09,0.1,0.16,0.22,0.36,0.0,0.0,0.0,0.0,0.0,0.0,0.0,0,0.0,Unknown,0.0,0.0,0.0,0.0,0.0,0,0.0,Unknown,0.0,0.0,0.0,estimated_from_squad_profile,2026-06-05T00:33:08.162006+00:00
Switzerland,Nico Elvedi,DF,Centre-Back,Borussia Mönchengladbach,Right,24.8,Centre-back,Ball-playing defender,Rest-defense anchor,1,1.0,2752,37,29,0.13,0.18,0.13,0.17,0.85,0.33,1.85,0.98,64.16,88.6,4.26,1.95,0.63,66.5,0.65,35.8,0.17,0.039,12.22,42.5,3.26,70.5,3.83,68.5,6.2,1.1,0.179,0.04,0.157,0.139,0.158,0.148,0.158,0.24,0.0,0.0,0.0,0.0,0.0,0.0,0.0,0,0.0,Unknown,0.0,0.0,0.0,0.0,0.0,0,0.0,Unknown,0.0,0.0,0.0,estimated_from_squad_profile,2026-06-05T00:33:08.162006+00:00
Switzerland,Manuel Akanji,DF,Centre-Back,Inter Milan,Right,25.7,Centre-back,Ball-playing defender,Rest-defense anchor,1,1.0,2814,38,30,0.14,0.19,0.14,0.18,0.91,0.35,1.97,1.05,65.82,89.3,4.58,2.08,0.66,67.8,0.7,36.7,0.19,0.042,12.34,43.8,3.47,71.8,4.18,69.8,6.4,1.05,0.173,0.04,0.159,0.138,0.156,0.147,0.156,0.244,0.0,0.0,0.0,0.0,0.0,0.0,0.0,0,0.0,Unknown,0.0,0.0,0.0,0.0,0.0,0,0.0,Unknown,0.0,0.0,0.0,estimated_from_squad_profile,2026-06-05T00:33:08.162006+00:00
Switzerland,Denis Zakaria,MF,Defensive Midfield,Monaco,Right,25.0,No. 6,Holding midfielder,Press resistance + ball winning,1,1.0,2764,37,30,0.3,0.18,0.28,0.17,1.86,0.71,4.14,0.99,68.49,85.7,5.15,3.25,1.18,62.7,0.85,34.0,0.45,0.107,15.54,39.7,2.87,64.7,1.87,58.7,6.84,1.19,0.148,0.06,0.157,0.139,0.157,0.148,0.157,0.241,0.0,0.0,0.0,0.0,0.0,0.0,0.0,0,0.0,Unknown,0.0,0.0,0.0,0.0,0.0,0,0.0,Unknown,0.0,0.0,0.0,estimated_from_squad_profile,2026-06-05T00:33:08.162006+00:00
Switzerland,Breel Embolo,FW,Centre-Forward,Rennes,Right,26.4,No. 9,Penalty-box finisher,Depth runs + shot volume,1,1.0,2860,39,31,0.49,0.2,0.46,0.19,3.0,1.16,6.77,1.11,47.07,77.8,3.01,4.43,2.08,59.7,1.03,32.4,0.25,0.062,14.52,37.7,1.64,59.7,1.58,52.7,4.84,0.72,0.089,0.41,0.16,0.137,0.155,0.146,0.155,0.246,0.0,0.0,0.0,0.0,0.0,0.0,0.0,0,0.0,Unknown,0.0,0.0,0.0,0.0,0.0,0,0.0,Unknown,0.0,0.0,0.0,estimated_from_squad_profile,2026-06-05T00:33:08.162006+00:00
Switzerland,Remo Freuler,MF,Central Midfield,Bologna,Right,25.5,No. 8,Box-to-box midfielder,Progression + counter-press,1,1.0,2798,38,30,0.39,0.4,0.37,0.38,2.41,0.93,5.4,2.46,69.41,86.1,5.37,3.39,1.12,63.5,0.88,34.5,0.63,0.153,14.44,40.5,2.34,65.5,1.95,59.5,6.39,1.16,0.145,0.06,0.158,0.138,0.157,0.147,0.157,0.243,0.0,0.0,0.0,0.0,0.0,0.0,0.0,0,0.0,Unknown,0.0,0.0,0.0,0.0,0.0,0,0.0,Unknown,0.0,0.0,0.0,estimated_from_squad_profile,2026-06-05T00:33:08.162006+00:00
Switzerland,Johan Manzambi,MF,Central Midfield,SC Freiburg,Right,23.5,No. 8,Box-to-box midfielder,Progression + counter-press,0,1.0,1270,17,8,0.27,0.27,0.25,0.25,1.65,0.64,3.69,1.67,65.69,84.6,3.75,2.37,0.93,60.6,0.63,32.5,0.45,0.11,13.03,37.6,1.96,62.6,1.37,56.6,5.63,1.26,0.156,0.05,0.07,0.09,0.1,0.16,0.22,0.36,0.0,0.0,0.0,0.0,0.0,0.0,0.0,0,0.0,Unknown,0.0,0.0,0.0,0.0,0.0,0,0.0,Unknown,0.0,0.0,0.0,estimated_from_squad_profile,2026-06-05T00:33:08.162006+00:00
Switzerland,Granit Xhaka,MF,Defensive Midfield,Sunderland,Right,26.3,No. 6,Holding midfielder,Press resistance + ball winning,1,1.0,2856,39,31,0.34,0.2,0.32,0.19,2.08,0.8,4.65,1.1,70.95,86.8,5.75,3.63,1.22,64.6,0.94,35.3,0.51,0.122,15.33,41.6,2.97,66.6,2.09,60.6,6.85,1.13,0.14,0.06,0.16,0.137,0.155,0.146,0.155,0.246,0.0,0.0,0.0,0.0,0.0,0.0,0.0,0,0.0,Unknown,0.0,0.0,0.0,0.0,0.0,0,0.0,Unknown,0.0,0.0,0.0,estimated_from_squad_profile,2026-06-05T00:33:08.162006+00:00
Switzerland,Dan Ndoye,FW,Right Winger,Nottingham Forest,Right,29.0,Winger,Wide creator,1v1 carry + crossing threat,1,1.0,2699,36,29,0.52,0.42,0.49,0.4,3.16,1.22,7.11,2.72,42.73,76.0,2.57,4.58,2.14,59.4,2.5,32.0,0.35,0.09,13.2,34.4,1.41,56.4,1.32,49.4,4.44,0.83,0.103,0.35,0.156,0.14,0.159,0.149,0.159,0.237,0.0,0.0,0.0,0.0,0.0,0.0,0.0,0,0.0,Unknown,0.0,0.0,0.0,0.0,0.0,0,0.0,Unknown,0.0,0.0,0.0,estimated_from_squad_profile,2026-06-05T00:33:08.162006+00:00
Switzerland,Yvon Mvogo,GK,Goalkeeper,Lorient,Right,22.1,Goalkeeper,Sweeper keeper,Build-up keeper,0,1.0,1179,16,7,0.0,0.01,0.0,0.01,0.0,0.0,0.02,0.06,30.15,71.7,4.44,0.12,0.0,0.0,0.0,0.0,0.01,0.0,2.12,29.6,0.16,49.2,0.53,53.2,4.22,0.08,0.025,0.0,0.0,0.0,0.0,0.0,0.0,0.0,2.84,74.7,0.052,1.52,1.12,2.59,47.8,0,0.0,Unknown,0.0,0.0,0.0,0.0,0.0,0,0.0,Unknown,0.0,0.0,0.0,estimated_from_squad_profile,2026-06-05T00:33:08.162006+00:00
Switzerland,Ricardo Rodriguez,DF,Left-Back,Real Betis,Left,33.6,Fullback,Overlapping wide defender,Width + recovery runner,1,1.0,2809,38,30,0.21,0.28,0.2,0.27,1.33,0.51,2.95,1.77,65.69,89.2,4.56,3.07,1.06,70.7,2.34,38.6,0.18,0.042,11.61,43.7,3.25,71.7,4.15,69.7,6.01,1.06,0.174,0.04,0.158,0.138,0.156,0.147,0.156,0.243,0.0,0.0,0.0,0.0,0.0,0.0,0.0,0,0.0,Unknown,0.0,0.0,0.0,0.0,0.0,0,0.0,Unknown,0.0,0.0,0.0,estimated_from_squad_profile,2026-06-05T00:33:08.162006+00:00
Switzerland,Ardon Jashari,MF,Defensive Midfield,Milan,Right,22.8,No. 6,Holding midfielder,Press resistance + ball winning,0,1.0,1227,16,7,0.2,0.12,0.19,0.11,1.26,0.48,2.78,0.68,64.53,84.1,3.51,2.21,0.92,59.7,0.59,31.8,0.3,0.071,13.37,36.7,2.24,61.7,1.29,55.7,5.72,1.29,0.16,0.05,0.07,0.09,0.1,0.16,0.22,0.36,0.0,0.0,0.0,0.0,0.0,0.0,0.0,0,0.0,Unknown,0.0,0.0,0.0,0.0,0.0,0,0.0,Unknown,0.0,0.0,0.0,estimated_from_squad_profile,2026-06-05T00:33:08.162006+00:00
Switzerland,Djibril Sow,MF,Central Midfield,Sevilla,Right,23.9,No. 8,Box-to-box midfielder,Progression + counter-press,1,1.0,2687,36,29,0.33,0.34,0.31,0.32,2.05,0.79,4.59,2.08,66.41,84.9,4.64,2.93,1.06,61.1,0.77,32.9,0.55,0.135,14.67,38.1,2.25,63.1,1.69,57.1,6.37,1.24,0.154,0.06,0.156,0.14,0.159,0.15,0.159,0.236,0.0,0.0,0.0,0.0,0.0,0.0,0.0,0,0.0,Unknown,0.0,0.0,0.0,0.0,0.0,0,0.0,Unknown,0.0,0.0,0.0,estimated_from_squad_profile,2026-06-05T00:33:08.162006+00:00
Switzerland,Christian Fassnacht,FW,Attacking Midfield,Young Boys,Right,22.6,No. 10,Central creator,Between-lines chance creation,0,1.0,1210,16,7,0.32,0.25,0.3,0.23,1.98,0.76,4.44,1.5,40.1,74.9,1.94,2.57,1.33,54.3,0.63,28.6,0.27,0.07,11.69,32.3,1.2,54.3,0.98,47.3,3.96,0.9,0.112,0.31,0.07,0.09,0.1,0.16,0.22,0.36,0.0,0.0,0.0,0.0,0.0,0.0,0.0,0,0.0,Unknown,0.0,0.0,0.0,0.0,0.0,0,0.0,Unknown,0.0,0.0,0.0,estimated_from_squad_profile,2026-06-05T00:33:08.162006+00:00
Switzerland,Rubén Vargas,FW,Left Winger,Sevilla,Left,32.9,Winger,Wide creator,1v1 carry + crossing threat,1,1.0,2757,37,29,0.57,0.46,0.53,0.44,3.45,1.33,7.8,2.98,44.3,76.7,2.73,4.89,2.38,60.6,2.57,32.9,0.37,0.094,14.19,35.6,1.55,57.6,1.41,50.6,4.76,0.79,0.098,0.37,0.157,0.139,0.158,0.148,0.158,0.24,0.0,0.0,0.0,0.0,0.0,0.0,0.0,0,0.0,Unknown,0.0,0.0,0.0,0.0,0.0,0,0.0,Unknown,0.0,0.0,0.0,estimated_from_squad_profile,2026-06-05T00:33:08.162006+00:00
Switzerland,Eray Cömert,DF,Centre-Back,Valencia,Right,22.4,Centre-back,Ball-playing defender,Rest-defense anchor,0,1.0,1198,16,7,0.09,0.12,0.09,0.11,0.6,0.23,1.29,0.65,59.77,86.8,2.86,1.35,0.53,63.1,0.46,33.4,0.11,0.026,11.46,39.1,2.6,67.1,2.44,65.1,5.45,1.21,0.193,0.03,0.07,0.09,0.1,0.16,0.22,0.36,0.0,0.0,0.0,0.0,0.0,0.0,0.0,0,0.0,Unknown,0.0,0.0,0.0,0.0,0.0,0,0.0,Unknown,0.0,0.0,0.0,estimated_from_squad_profile,2026-06-05T00:33:08.162006+00:00
Switzerland,Noah Okafor,FW,Left Winger,Leeds United,Left,31.5,Winger,Wide creator,1v1 carry + crossing threat,0,1.0,1272,17,8,0.41,0.33,0.38,0.31,2.49,0.96,5.62,2.15,41.76,75.6,2.08,3.69,2.09,58.6,2.07,31.5,0.29,0.074,13.14,33.6,1.38,55.6,1.06,48.6,4.43,0.86,0.106,0.33,0.07,0.09,0.1,0.16,0.22,0.36,0.0,0.0,0.0,0.0,0.0,0.0,0.0,0,0.0,Unknown,0.0,0.0,0.0,0.0,0.0,0,0.0,Unknown,0.0,0.0,0.0,estimated_from_squad_profile,2026-06-05T00:33:08.162006+00:00
Switzerland,Michel Aebischer,MF,Central Midfield,Pisa,Right,23.4,No. 8,Box-to-box midfielder,Progression + counter-press,0,1.0,1263,17,8,0.26,0.27,0.25,0.25,1.63,0.63,3.65,1.65,65.5,84.5,3.71,2.34,1.01,60.4,0.62,32.4,0.44,0.109,14.29,37.4,2.14,62.4,1.36,56.4,6.16,1.26,0.157,0.05,0.07,0.09,0.1,0.16,0.22,0.36,0.0,0.0,0.0,0.0,0.0,0.0,0.0,0,0.0,Unknown,0.0,0.0,0.0,0.0,0.0,0,0.0,Unknown,0.0,0.0,0.0,estimated_from_squad_profile,2026-06-05T00:33:08.162006+00:00
Switzerland,Marvin Keller,GK,Goalkeeper,Young Boys,Right,22.1,Goalkeeper,Sweeper keeper,Build-up keeper,0,1.0,1175,16,7,0.0,0.01,0.0,0.01,0.0,0.0,0.02,0.06,30.08,71.6,4.42,0.12,0.0,0.0,0.0,0.0,0.01,0.0,2.11,29.6,0.16,49.1,0.53,53.1,4.21,0.08,0.025,0.0,0.0,0.0,0.0,0.0,0.0,0.0,2.84,74.6,0.051,1.51,1.11,2.59,47.6,0,0.0,Unknown,0.0,0.0,0.0,0.0,0.0,0,0.0,Unknown,0.0,0.0,0.0,estimated_from_squad_profile,2026-06-05T00:33:08.162006+00:00
Switzerland,Fabian Rieder,MF,Attacking Midfield,FC Augsburg,Right,23.3,No. 10,Central creator,Between-lines chance creation,0,1.0,1259,17,8,0.26,0.27,0.25,0.25,1.62,0.62,3.62,1.64,65.39,84.5,3.69,2.33,0.99,60.3,0.62,32.3,0.44,0.108,13.98,37.3,2.09,62.3,1.35,56.3,6.02,1.27,0.157,0.05,0.07,0.09,0.1,0.16,0.22,0.36,0.0,0.0,0.0,0.0,0.0,0.0,0.0,0,0.0,Unknown,0.0,0.0,0.0,0.0,0.0,0,0.0,Unknown,0.0,0.0,0.0,estimated_from_squad_profile,2026-06-05T00:33:08.162006+00:00
Switzerland,Zeki Amdouni,FW,Centre-Forward,Burnley,Right,23.6,No. 9,Penalty-box finisher,Depth runs + shot volume,0,1.0,1277,17,8,0.31,0.13,0.29,0.12,1.92,0.74,4.3,0.73,41.87,75.7,2.09,2.87,1.58,55.7,0.69,29.6,0.16,0.04,12.93,33.7,1.37,55.7,1.07,48.7,4.36,0.85,0.106,0.33,0.07,0.09,0.1,0.16,0.22,0.36,0.0,0.0,0.0,0.0,0.0,0.0,0.0,0,0.0,Unknown,0.0,0.0,0.0,0.0,0.0,0,0.0,Unknown,0.0,0.0,0.0,estimated_from_squad_profile,2026-06-05T00:33:08.162006+00:00
Switzerland,Aurèle Amenda,DF,Centre-Back,Eintracht Frankfurt,Right,22.4,Centre-back,Ball-playing defender,Rest-defense anchor,0,1.0,1200,16,7,0.09,0.12,0.09,0.11,0.6,0.23,1.3,0.66,59.82,86.8,2.86,1.36,0.5,63.1,0.46,33.4,0.11,0.026,10.63,39.1,2.41,67.1,2.45,65.1,5.06,1.2,0.192,0.03,0.07,0.09,0.1,0.16,0.22,0.36,0.0,0.0,0.0,0.0,0.0,0.0,0.0,0,0.0,Unknown,0.0,0.0,0.0,0.0,0.0,0,0.0,Unknown,0.0,0.0,0.0,estimated_from_squad_profile,2026-06-05T00:33:08.162006+00:00
Switzerland,Luca Jaquez,DF,Centre-Back,VfB Stuttgart,Right,22.3,Centre-back,Ball-playing defender,Rest-defense anchor,0,1.0,1193,16,7,0.09,0.12,0.09,0.11,0.6,0.23,1.28,0.65,59.63,86.8,2.83,1.34,0.5,63.0,0.45,33.3,0.11,0.026,10.81,39.0,2.43,67.0,2.42,65.0,5.13,1.21,0.193,0.03,0.07,0.09,0.1,0.16,0.22,0.36,0.0,0.0,0.0,0.0,0.0,0.0,0.0,0,0.0,Unknown,0.0,0.0,0.0,0.0,0.0,0,0.0,Unknown,0.0,0.0,0.0,estimated_from_squad_profile,2026-06-05T00:33:08.162006+00:00
Switzerland,Cedric Itten,FW,Centre-Forward,Fortuna Düsseldorf,Right,22.3,No. 9,Penalty-box finisher,Depth runs + shot volume,0,1.0,1189,16,7,0.26,0.12,0.25,0.11,1.64,0.63,3.67,0.65,39.52,74.7,1.89,2.48,1.35,53.9,0.61,28.3,0.14,0.035,12.21,31.9,1.24,53.9,0.95,46.9,4.15,0.91,0.113,0.3,0.07,0.09,0.1,0.16,0.22,0.36,0.0,0.0,0.0,0.0,0.0,0.0,0.0,0,0.0,Unknown,0.0,0.0,0.0,0.0,0.0,0,0.0,Unknown,0.0,0.0,0.0,estimated_from_squad_profile,2026-06-05T00:33:08.162006+00:00
Brazil,Alisson,GK,Goalkeeper,Liverpool,Right,25.0,Goalkeeper,Sweeper keeper,Build-up keeper,1,1.0,2765,37,30,0.0,0.01,0.0,0.01,0.0,0.0,0.02,0.07,33.01,75.3,5.2,0.16,0.0,0.0,0.0,0.0,0.01,0.0,2.45,32.3,0.19,53.5,0.61,56.5,4.7,0.09,0.02,0.0,0.0,0.0,0.0,0.0,0.0,0.0,2.62,78.8,0.1,1.85,1.48,2.4,52.8,0,0.0,Unknown,0.0,0.0,0.0,0.0,0.0,8,12.5,Right,25.0,12.5,62.5,estimated_from_squad_profile,2026-06-05T00:33:08.162006+00:00
Brazil,Wesley,DF,Right-Back,Roma,Right,28.0,Fullback,Overlapping wide defender,Width + recovery runner,1,1.0,2629,36,28,0.16,0.21,0.16,0.21,1.07,0.41,2.34,1.36,60.86,87.3,3.61,2.69,0.98,66.9,2.22,36.0,0.15,0.033,10.85,39.9,2.57,67.9,3.14,65.9,5.25,1.18,0.189,0.03,0.154,0.141,0.16,0.151,0.16,0.233,0.0,0.0,0.0,0.0,0.0,0.0,0.0,0,0.0,Unknown,0.0,0.0,0.0,0.0,0.0,0,0.0,Unknown,0.0,0.0,0.0,estimated_from_squad_profile,2026-06-05T00:33:08.162006+00:00
Brazil,Gabriel Magalhães,DF,,Arsenal,Right,16.7,DF,Hybrid role,Balanced phase contribution,0,1.0,808,11,5,0.04,0.04,0.05,0.03,0.33,0.12,0.67,0.26,49.31,82.5,1.14,0.67,0.28,55.0,0.24,27.7,0.04,0.01,9.13,31.0,0.82,59.0,0.61,57.0,3.4,1.47,0.226,0.01,0.07,0.09,0.1,0.16,0.22,0.36,0.0,0.0,0.0,0.0,0.0,0.0,0.0,0,0.0,Unknown,0.0,0.0,0.0,0.0,0.0,0,0.0,Unknown,0.0,0.0,0.0,estimated_from_squad_profile,2026-06-05T00:33:08.162006+00:00
Brazil,Marquinhos,DF,Centre-Back,Paris Saint-Germain,Right,26.5,Centre-back,Ball-playing defender,Rest-defense anchor,1,1.0,2867,39,31,0.14,0.21,0.14,0.19,0.95,0.36,2.07,1.12,67.25,89.9,4.86,2.19,0.67,68.9,0.73,37.5,0.2,0.045,12.17,44.9,3.56,72.9,4.48,70.9,6.42,1.02,0.169,0.05,0.16,0.137,0.155,0.146,0.155,0.247,0.0,0.0,0.0,0.0,0.0,0.0,0.0,0,0.0,Unknown,0.0,0.0,0.0,0.0,0.0,0,0.0,Unknown,0.0,0.0,0.0,estimated_from_squad_profile,2026-06-05T00:33:08.162006+00:00
Brazil,Casemiro,MF,Defensive Midfield,Manchester United,Right,25.6,No. 6,Holding midfielder,Press resistance + ball winning,1,1.0,2806,38,30,0.32,0.19,0.3,0.18,1.96,0.75,4.38,1.04,69.62,86.2,5.43,3.42,1.13,63.6,0.89,34.6,0.48,0.114,14.52,40.6,2.74,65.6,1.97,59.6,6.44,1.16,0.144,0.06,0.158,0.138,0.157,0.147,0.157,0.243,0.0,0.0,0.0,0.0,0.0,0.0,0.0,0,0.0,Unknown,0.0,0.0,0.0,0.0,0.0,0,0.0,Unknown,0.0,0.0,0.0,estimated_from_squad_profile,2026-06-05T00:33:08.162006+00:00
Brazil,Alex Sandro,DF,Left-Back,Flamengo,Left,31.1,Fullback,Overlapping wide defender,Width + recovery runner,0,1.0,1246,17,8,0.14,0.18,0.14,0.17,0.9,0.35,1.98,1.15,61.06,87.3,3.07,2.28,0.92,67.1,1.87,36.1,0.12,0.028,10.24,40.1,2.45,68.1,2.67,66.1,4.97,1.17,0.188,0.03,0.07,0.09,0.1,0.16,0.22,0.36,0.0,0.0,0.0,0.0,0.0,0.0,0.0,0,0.0,Unknown,0.0,0.0,0.0,0.0,0.0,0,0.0,Unknown,0.0,0.0,0.0,estimated_from_squad_profile,2026-06-05T00:33:08.162006+00:00
Brazil,Vinícius Júnior,FW,Left Winger,Real Madrid,Left,33.3,Winger,Wide creator,1v1 carry + crossing threat,1,1.0,2788,38,30,0.6,0.48,0.56,0.46,3.61,1.39,8.15,3.12,45.12,77.0,2.81,5.05,2.37,61.2,2.6,33.3,0.38,0.097,13.93,36.2,1.54,58.2,1.46,51.2,4.66,0.77,0.096,0.38,0.158,0.138,0.157,0.148,0.157,0.242,0.0,0.0,0.0,0.0,0.0,0.0,0.0,0,0.0,Unknown,0.0,0.0,0.0,0.0,0.0,0,0.0,Unknown,0.0,0.0,0.0,estimated_from_squad_profile,2026-06-05T00:33:08.162006+00:00
Brazil,Bruno Guimarães,MF,Central Midfield,Newcastle United,Right,24.6,No. 8,Box-to-box midfielder,Progression + counter-press,1,1.0,2735,37,29,0.36,0.37,0.34,0.34,2.21,0.85,4.94,2.24,67.72,85.4,4.96,3.13,1.16,62.1,0.82,33.6,0.58,0.143,15.5,39.1,2.44,64.1,1.81,58.1,6.79,1.21,0.15,0.06,0.157,0.139,0.158,0.149,0.158,0.239,0.0,0.0,0.0,0.0,0.0,0.0,0.0,0,0.0,Unknown,0.0,0.0,0.0,0.0,0.0,0,0.0,Unknown,0.0,0.0,0.0,estimated_from_squad_profile,2026-06-05T00:33:08.162006+00:00
Brazil,Matheus Cunha,FW,Left Winger,Manchester United,Left,31.8,Winger,Wide creator,1v1 carry + crossing threat,0,1.0,1294,17,8,0.43,0.34,0.4,0.33,2.59,1.0,5.83,2.23,42.33,75.9,2.13,3.78,2.18,59.1,2.09,31.8,0.29,0.075,13.56,34.1,1.44,56.1,1.09,49.1,4.57,0.84,0.104,0.34,0.07,0.09,0.1,0.16,0.22,0.36,0.0,0.0,0.0,0.0,0.0,0.0,0.0,0,0.0,Unknown,0.0,0.0,0.0,0.0,0.0,0,0.0,Unknown,0.0,0.0,0.0,estimated_from_squad_profile,2026-06-05T00:33:08.162006+00:00
Brazil,Neymar,FW,Attacking Midfield,Santos,Right,26.7,No. 10,Central creator,Between-lines chance creation,1,1.0,2882,39,31,0.6,0.45,0.56,0.42,3.61,1.39,8.15,2.74,47.65,78.0,3.06,4.54,1.94,60.2,1.05,32.7,0.4,0.104,13.33,38.2,1.52,60.2,1.61,53.2,4.44,0.71,0.087,0.42,0.16,0.137,0.155,0.146,0.155,0.247,0.0,0.0,0.0,0.0,0.0,0.0,0.0,4,100.0,Right,25.0,25.0,50.0,0.0,0.0,0,0.0,Unknown,0.0,0.0,0.0,estimated_from_squad_profile,2026-06-05T00:33:08.162006+00:00
Brazil,Raphinha,FW,Left Winger,Barcelona,Left,32.8,Winger,Wide creator,1v1 carry + crossing threat,1,1.0,2754,37,29,0.57,0.46,0.53,0.44,3.44,1.33,7.76,2.97,44.22,76.6,2.72,4.87,2.29,60.5,2.56,32.8,0.37,0.094,13.65,35.5,1.49,57.5,1.41,50.5,4.58,0.79,0.098,0.37,0.157,0.139,0.158,0.148,0.158,0.24,0.0,0.0,0.0,0.0,0.0,0.0,0.0,0,0.0,Unknown,0.0,0.0,0.0,0.0,0.0,0,0.0,Unknown,0.0,0.0,0.0,estimated_from_squad_profile,2026-06-05T00:33:08.162006+00:00
Brazil,Weverton,GK,Goalkeeper,Grêmio,Right,21.6,Goalkeeper,Sweeper keeper,Build-up keeper,0,1.0,1139,15,7,0.0,0.01,0.0,0.01,0.0,0.0,0.02,0.05,29.55,70.9,4.28,0.11,0.0,0.0,0.0,0.0,0.01,0.0,2.05,29.1,0.15,48.3,0.51,52.5,4.13,0.07,0.026,0.0,0.0,0.0,0.0,0.0,0.0,0.0,2.88,73.9,0.043,1.45,1.04,2.63,46.7,0,0.0,Unknown,0.0,0.0,0.0,0.0,0.0,0,0.0,Unknown,0.0,0.0,0.0,estimated_from_squad_profile,2026-06-05T00:33:08.162006+00:00
Brazil,Danilo Luiz,DF,,Flamengo,Right,18.5,DF,Hybrid role,Balanced phase contribution,0,1.0,929,12,5,0.05,0.07,0.06,0.06,0.41,0.16,0.86,0.38,52.54,83.9,1.67,0.88,0.32,57.5,0.31,29.5,0.06,0.015,8.77,33.5,1.14,61.5,1.18,59.5,3.59,1.39,0.216,0.02,0.07,0.09,0.1,0.16,0.22,0.36,0.0,0.0,0.0,0.0,0.0,0.0,0.0,0,0.0,Unknown,0.0,0.0,0.0,0.0,0.0,0,0.0,Unknown,0.0,0.0,0.0,estimated_from_squad_profile,2026-06-05T00:33:08.162006+00:00
Brazil,Bremer,DF,Centre-Back,Juventus,Right,23.1,Centre-back,Ball-playing defender,Rest-defense anchor,1,1.0,2635,36,28,0.11,0.15,0.11,0.14,0.76,0.29,1.63,0.84,61.03,87.3,3.65,1.71,0.55,64.1,0.58,34.1,0.15,0.034,11.53,40.1,2.75,68.1,3.17,66.1,5.6,1.17,0.189,0.03,0.154,0.141,0.16,0.151,0.16,0.233,0.0,0.0,0.0,0.0,0.0,0.0,0.0,0,0.0,Unknown,0.0,0.0,0.0,0.0,0.0,0,0.0,Unknown,0.0,0.0,0.0,estimated_from_squad_profile,2026-06-05T00:33:08.162006+00:00
Brazil,Léo Pereira,DF,Centre-Back,Flamengo,Right,22.4,Centre-back,Ball-playing defender,Rest-defense anchor,0,1.0,1198,16,7,0.09,0.12,0.09,0.11,0.6,0.23,1.29,0.65,59.76,86.8,2.85,1.35,0.51,63.1,0.46,33.4,0.11,0.026,11.04,39.1,2.5,67.1,2.44,65.1,5.25,1.21,0.193,0.03,0.07,0.09,0.1,0.16,0.22,0.36,0.0,0.0,0.0,0.0,0.0,0.0,0.0,0,0.0,Unknown,0.0,0.0,0.0,0.0,0.0,0,0.0,Unknown,0.0,0.0,0.0,estimated_from_squad_profile,2026-06-05T00:33:08.162006+00:00
Brazil,Douglas Santos,DF,Left-Back,Zenit Saint Petersburg,Left,30.3,Fullback,Overlapping wide defender,Width + recovery runner,0,1.0,1192,16,7,0.13,0.17,0.13,0.16,0.84,0.32,1.83,1.05,59.61,86.8,2.83,2.18,0.95,66.0,1.84,35.3,0.11,0.026,10.59,39.0,2.38,67.0,2.42,65.0,5.03,1.21,0.193,0.03,0.07,0.09,0.1,0.16,0.22,0.36,0.0,0.0,0.0,0.0,0.0,0.0,0.0,0,0.0,Unknown,0.0,0.0,0.0,0.0,0.0,0,0.0,Unknown,0.0,0.0,0.0,estimated_from_squad_profile,2026-06-05T00:33:08.162006+00:00
Brazil,Fabinho,MF,Defensive Midfield,Al-Ittihad,Right,23.4,No. 6,Holding midfielder,Press resistance + ball winning,1,1.0,2657,36,28,0.25,0.16,0.24,0.15,1.59,0.61,3.54,0.86,65.62,84.6,4.44,2.8,0.96,60.5,0.75,32.4,0.38,0.09,13.54,37.5,2.34,62.5,1.63,56.5,5.84,1.26,0.157,0.05,0.155,0.141,0.16,0.15,0.16,0.234,0.0,0.0,0.0,0.0,0.0,0.0,0.0,0,0.0,Unknown,0.0,0.0,0.0,0.0,0.0,0,0.0,Unknown,0.0,0.0,0.0,estimated_from_squad_profile,2026-06-05T00:33:08.162006+00:00
Brazil,Danilo Santos,MF,,Botafogo,Right,16.6,No. 8,Box-to-box midfielder,Progression + counter-press,0,1.0,801,10,5,0.05,0.04,0.06,0.03,0.38,0.14,0.78,0.25,53.1,79.5,1.15,0.73,0.3,50.9,0.24,25.6,0.06,0.014,9.13,27.9,0.75,52.9,0.46,46.9,3.34,1.57,0.197,0.03,0.07,0.09,0.1,0.16,0.22,0.36,0.0,0.0,0.0,0.0,0.0,0.0,0.0,0,0.0,Unknown,0.0,0.0,0.0,0.0,0.0,0,0.0,Unknown,0.0,0.0,0.0,estimated_from_squad_profile,2026-06-05T00:33:08.162006+00:00
Brazil,Endrick,FW,Centre-Forward,Lyon,Right,23.5,No. 9,Penalty-box finisher,Depth runs + shot volume,0,1.0,1269,17,8,0.31,0.13,0.29,0.12,1.89,0.73,4.24,0.73,41.68,75.6,2.07,2.83,1.39,55.6,0.68,29.5,0.16,0.04,11.43,33.6,1.2,55.6,1.06,48.6,3.86,0.86,0.106,0.33,0.07,0.09,0.1,0.16,0.22,0.36,0.0,0.0,0.0,0.0,0.0,0.0,0.0,0,0.0,Unknown,0.0,0.0,0.0,0.0,0.0,0,0.0,Unknown,0.0,0.0,0.0,estimated_from_squad_profile,2026-06-05T00:33:08.162006+00:00
Brazil,Lucas Paquetá,MF,Attacking Midfield,Flamengo,Right,25.8,No. 10,Central creator,Between-lines chance creation,1,1.0,2818,38,30,0.4,0.41,0.38,0.39,2.47,0.95,5.54,2.53,69.94,86.3,5.5,3.47,1.29,63.9,0.9,34.8,0.64,0.156,16.45,40.9,2.69,65.9,2.0,59.9,7.31,1.15,0.143,0.06,0.159,0.138,0.156,0.147,0.156,0.244,0.0,0.0,0.0,0.0,0.0,0.0,0.0,0,0.0,Unknown,0.0,0.0,0.0,0.0,0.0,0,0.0,Unknown,0.0,0.0,0.0,estimated_from_squad_profile,2026-06-05T00:33:08.162006+00:00
Brazil,Luiz Henrique,FW,Right Winger,Zenit Saint Petersburg,Right,28.1,Winger,Wide creator,1v1 carry + crossing threat,0,1.0,1248,17,8,0.39,0.32,0.37,0.3,2.39,0.92,5.38,2.06,41.11,75.4,2.03,3.58,1.99,58.1,2.05,31.1,0.28,0.072,12.7,33.1,1.32,55.1,1.03,48.1,4.29,0.87,0.108,0.32,0.07,0.09,0.1,0.16,0.22,0.36,0.0,0.0,0.0,0.0,0.0,0.0,0.0,0,0.0,Unknown,0.0,0.0,0.0,0.0,0.0,0,0.0,Unknown,0.0,0.0,0.0,estimated_from_squad_profile,2026-06-05T00:33:08.162006+00:00
Brazil,Gabriel Martinelli,FW,Left Winger,Arsenal,Left,31.8,Winger,Wide creator,1v1 carry + crossing threat,0,1.0,1290,17,8,0.42,0.34,0.39,0.32,2.57,0.99,5.79,2.21,42.22,75.8,2.12,3.76,2.05,59.0,2.08,31.8,0.29,0.075,12.79,34.0,1.36,56.0,1.08,49.0,4.31,0.84,0.105,0.34,0.07,0.09,0.1,0.16,0.22,0.36,0.0,0.0,0.0,0.0,0.0,0.0,0.0,0,0.0,Unknown,0.0,0.0,0.0,0.0,0.0,0,0.0,Unknown,0.0,0.0,0.0,estimated_from_squad_profile,2026-06-05T00:33:08.162006+00:00
Brazil,Ederson,GK,Goalkeeper,Fenerbahçe,Right,23.3,Goalkeeper,Sweeper keeper,Build-up keeper,0,1.0,1260,17,8,0.0,0.01,0.0,0.01,0.0,0.0,0.02,0.06,31.33,73.2,4.75,0.14,0.0,0.0,0.0,0.0,0.01,0.0,2.25,30.7,0.17,51.0,0.56,54.5,4.42,0.08,0.023,0.0,0.0,0.0,0.0,0.0,0.0,0.0,2.75,76.4,0.072,1.65,1.27,2.51,49.8,0,0.0,Unknown,0.0,0.0,0.0,0.0,0.0,0,0.0,Unknown,0.0,0.0,0.0,estimated_from_squad_profile,2026-06-05T00:33:08.162006+00:00
Brazil,Roger Ibañez,DF,Centre-Back,Al-Ahli,Right,22.7,Centre-back,Ball-playing defender,Rest-defense anchor,0,1.0,1214,16,7,0.09,0.12,0.09,0.11,0.61,0.23,1.32,0.67,60.19,87.0,2.93,1.38,0.55,63.4,0.47,33.7,0.12,0.027,11.77,39.4,2.72,67.4,2.52,65.4,5.64,1.2,0.191,0.03,0.07,0.09,0.1,0.16,0.22,0.36,0.0,0.0,0.0,0.0,0.0,0.0,0.0,0,0.0,Unknown,0.0,0.0,0.0,0.0,0.0,0,0.0,Unknown,0.0,0.0,0.0,estimated_from_squad_profile,2026-06-05T00:33:08.162006+00:00
Brazil,Igor Thiago,FW,Centre-Forward,Brentford,Right,23.2,No. 9,Penalty-box finisher,Depth runs + shot volume,0,1.0,1249,17,8,0.3,0.13,0.28,0.12,1.83,0.7,4.1,0.71,41.13,75.4,2.03,2.74,1.48,55.1,0.66,29.2,0.15,0.038,12.47,33.1,1.3,55.1,1.03,48.1,4.21,0.87,0.108,0.32,0.07,0.09,0.1,0.16,0.22,0.36,0.0,0.0,0.0,0.0,0.0,0.0,0.0,0,0.0,Unknown,0.0,0.0,0.0,0.0,0.0,0,0.0,Unknown,0.0,0.0,0.0,estimated_from_squad_profile,2026-06-05T00:33:08.162006+00:00
Brazil,Rayan,FW,Right Winger,Bournemouth,Right,28.1,Winger,Wide creator,1v1 carry + crossing threat,0,1.0,1241,17,8,0.39,0.31,0.36,0.3,2.36,0.91,5.31,2.03,40.93,75.3,2.01,3.55,1.75,58.0,2.04,31.1,0.28,0.072,11.22,33.0,1.17,55.0,1.02,48.0,3.8,0.88,0.109,0.32,0.07,0.09,0.1,0.16,0.22,0.36,0.0,0.0,0.0,0.0,0.0,0.0,0.0,0,0.0,Unknown,0.0,0.0,0.0,0.0,0.0,0,0.0,Unknown,0.0,0.0,0.0,estimated_from_squad_profile,2026-06-05T00:33:08.162006+00:00
Haiti,Johny Placide,GK,Goalkeeper,Bastia,Right,23.3,Goalkeeper,Sweeper keeper,Build-up keeper,1,1.0,2650,36,28,0.0,0.01,0.0,0.01,0.0,0.0,0.02,0.06,31.33,73.2,4.75,0.14,0.0,0.0,0.0,0.0,0.01,0.0,2.25,30.7,0.17,51.0,0.56,54.5,4.42,0.08,0.023,0.0,0.0,0.0,0.0,0.0,0.0,0.0,2.75,76.4,0.072,1.65,1.27,2.51,49.8,0,0.0,Unknown,0.0,0.0,0.0,0.0,0.0,0,0.0,Unknown,0.0,0.0,0.0,estimated_from_squad_profile,2026-06-05T00:33:08.162006+00:00
Haiti,Carlens Arcus,DF,Right-Back,Angers,Right,28.5,Fullback,Overlapping wide defender,Width + recovery runner,1,1.0,2661,36,28,0.17,0.23,0.17,0.22,1.11,0.43,2.45,1.43,61.71,87.6,3.78,2.76,1.05,67.6,2.24,36.5,0.15,0.035,11.68,40.6,2.87,68.6,3.32,66.6,5.73,1.16,0.186,0.03,0.155,0.141,0.16,0.15,0.16,0.235,0.0,0.0,0.0,0.0,0.0,0.0,0.0,0,0.0,Unknown,0.0,0.0,0.0,0.0,0.0,0,0.0,Unknown,0.0,0.0,0.0,estimated_from_squad_profile,2026-06-05T00:33:08.162006+00:00
Haiti,Keeto Thermoncy,DF,Centre-Back,Young Boys,Right,20.5,Centre-back,Ball-playing defender,Rest-defense anchor,0,1.0,1067,14,6,0.07,0.09,0.08,0.08,0.51,0.19,1.08,0.52,56.24,85.4,2.28,1.12,0.4,60.4,0.38,31.5,0.09,0.021,9.5,36.4,1.79,64.4,1.82,62.4,4.24,1.29,0.204,0.02,0.07,0.09,0.1,0.16,0.22,0.36,0.0,0.0,0.0,0.0,0.0,0.0,0.0,0,0.0,Unknown,0.0,0.0,0.0,0.0,0.0,0,0.0,Unknown,0.0,0.0,0.0,estimated_from_squad_profile,2026-06-05T00:33:08.162006+00:00
Haiti,Ricardo Adé,DF,Centre-Back,LDU Quito,Right,23.1,Centre-back,Ball-playing defender,Rest-defense anchor,1,1.0,2637,36,28,0.11,0.15,0.11,0.14,0.76,0.29,1.63,0.84,61.07,87.3,3.65,1.71,0.48,64.1,0.58,34.1,0.15,0.034,10.03,40.1,2.4,68.1,3.18,66.1,4.87,1.17,0.188,0.03,0.154,0.141,0.16,0.151,0.16,0.233,0.0,0.0,0.0,0.0,0.0,0.0,0.0,0,0.0,Unknown,0.0,0.0,0.0,0.0,0.0,0,0.0,Unknown,0.0,0.0,0.0,estimated_from_squad_profile,2026-06-05T00:33:08.162006+00:00
Haiti,Hannes Delcroix,DF,Centre-Back,Lugano,Right,21.8,Centre-back,Ball-playing defender,Rest-defense anchor,1,1.0,2547,34,27,0.1,0.13,0.1,0.12,0.68,0.26,1.46,0.73,58.67,86.4,3.19,1.52,0.52,62.2,0.52,32.8,0.13,0.029,11.43,38.2,2.46,66.2,2.68,64.2,5.33,1.23,0.196,0.03,0.152,0.143,0.162,0.153,0.162,0.228,0.0,0.0,0.0,0.0,0.0,0.0,0.0,0,0.0,Unknown,0.0,0.0,0.0,0.0,0.0,0,0.0,Unknown,0.0,0.0,0.0,estimated_from_squad_profile,2026-06-05T00:33:08.162006+00:00
Haiti,Carl Sainté,MF,Defensive Midfield,El Paso Locomotive FC,Right,21.4,No. 6,Holding midfielder,Press resistance + ball winning,0,1.0,1130,15,7,0.16,0.11,0.16,0.1,1.06,0.41,2.33,0.59,61.95,83.1,2.98,1.88,0.78,57.7,0.51,30.4,0.24,0.058,12.34,34.7,1.91,59.7,1.1,53.7,5.15,1.35,0.168,0.05,0.07,0.09,0.1,0.16,0.22,0.36,0.0,0.0,0.0,0.0,0.0,0.0,0.0,0,0.0,Unknown,0.0,0.0,0.0,0.0,0.0,0,0.0,Unknown,0.0,0.0,0.0,estimated_from_squad_profile,2026-06-05T00:33:08.162006+00:00
Haiti,Derrick Etienne Jr.,FW,Left Winger,Toronto FC,Left,31.2,Winger,Wide creator,1v1 carry + crossing threat,1,1.0,2644,36,28,0.47,0.38,0.44,0.36,2.87,1.11,6.47,2.47,41.26,75.4,2.43,4.29,2.0,58.2,2.44,31.2,0.33,0.086,12.74,33.2,1.33,55.2,1.23,48.2,4.3,0.87,0.108,0.32,0.154,0.141,0.16,0.151,0.16,0.234,0.0,0.0,0.0,0.0,0.0,0.0,0.0,0,0.0,Unknown,0.0,0.0,0.0,0.0,0.0,0,0.0,Unknown,0.0,0.0,0.0,estimated_from_squad_profile,2026-06-05T00:33:08.162006+00:00
Haiti,Martin Expérience,DF,Left-Back,Nancy,Left,29.6,Fullback,Overlapping wide defender,Width + recovery runner,0,1.0,1144,15,7,0.12,0.15,0.12,0.14,0.78,0.3,1.69,0.95,58.31,86.2,2.62,2.1,1.01,65.0,1.81,34.6,0.1,0.024,11.34,38.0,2.4,66.0,2.19,64.0,5.26,1.24,0.197,0.03,0.07,0.09,0.1,0.16,0.22,0.36,0.0,0.0,0.0,0.0,0.0,0.0,0.0,0,0.0,Unknown,0.0,0.0,0.0,0.0,0.0,0,0.0,Unknown,0.0,0.0,0.0,estimated_from_squad_profile,2026-06-05T00:33:08.162006+00:00
Haiti,Duckens Nazon,FW,Centre-Forward,Esteghlal,Right,25.6,No. 9,Penalty-box finisher,Depth runs + shot volume,1,1.0,2802,38,30,0.46,0.19,0.43,0.18,2.79,1.08,6.27,1.04,45.51,77.2,2.85,4.12,1.82,58.5,0.97,31.6,0.23,0.058,13.26,36.5,1.47,58.5,1.48,51.5,4.43,0.76,0.094,0.39,0.158,0.138,0.157,0.147,0.157,0.243,0.0,0.0,0.0,0.0,0.0,0.0,0.0,0,0.0,Unknown,0.0,0.0,0.0,0.0,0.0,0,0.0,Unknown,0.0,0.0,0.0,estimated_from_squad_profile,2026-06-05T00:33:08.162006+00:00
Haiti,Jean-Ricner Bellegarde,MF,Central Midfield,Wolverhampton Wanderers,Right,22.7,No. 8,Box-to-box midfielder,Progression + counter-press,1,1.0,2609,35,28,0.29,0.3,0.28,0.28,1.81,0.69,4.03,1.81,64.34,84.0,4.13,2.61,0.98,59.5,0.7,31.7,0.5,0.123,14.33,36.5,2.09,61.5,1.52,55.5,6.12,1.29,0.161,0.05,0.154,0.142,0.161,0.151,0.161,0.232,0.0,0.0,0.0,0.0,0.0,0.0,0.0,0,0.0,Unknown,0.0,0.0,0.0,0.0,0.0,0,0.0,Unknown,0.0,0.0,0.0,estimated_from_squad_profile,2026-06-05T00:33:08.162006+00:00
Haiti,Louicius Deedson,FW,Right Winger,FC Dallas,Right,27.9,Winger,Wide creator,1v1 carry + crossing threat,0,1.0,1234,16,7,0.38,0.31,0.36,0.29,2.33,0.9,5.24,2.0,40.72,75.2,1.99,3.52,1.95,57.8,2.03,30.9,0.28,0.071,12.58,32.8,1.3,54.8,1.01,47.8,4.26,0.88,0.11,0.32,0.07,0.09,0.1,0.16,0.22,0.36,0.0,0.0,0.0,0.0,0.0,0.0,0.0,0,0.0,Unknown,0.0,0.0,0.0,0.0,0.0,0,0.0,Unknown,0.0,0.0,0.0,estimated_from_squad_profile,2026-06-05T00:33:08.162006+00:00
Haiti,Alexandre Pierre,GK,Goalkeeper,Sochaux,Right,21.7,Goalkeeper,Sweeper keeper,Build-up keeper,0,1.0,1150,15,7,0.0,0.01,0.0,0.01,0.0,0.0,0.02,0.05,29.72,71.2,4.33,0.12,0.0,0.0,0.0,0.0,0.01,0.0,2.07,29.2,0.15,48.6,0.52,52.7,4.15,0.07,0.025,0.0,0.0,0.0,0.0,0.0,0.0,0.0,2.87,74.1,0.045,1.47,1.07,2.62,47.0,0,0.0,Unknown,0.0,0.0,0.0,0.0,0.0,0,0.0,Unknown,0.0,0.0,0.0,estimated_from_squad_profile,2026-06-05T00:33:08.162006+00:00
Haiti,Duke Lacroix,DF,Left-Back,Colorado Springs Switchbacks FC,Left,29.5,Fullback,Overlapping wide defender,Width + recovery runner,0,1.0,1134,15,7,0.11,0.15,0.11,0.14,0.76,0.29,1.66,0.93,58.04,86.1,2.57,2.08,0.91,64.8,1.81,34.5,0.1,0.024,10.27,37.8,2.14,65.8,2.14,63.8,4.74,1.25,0.198,0.03,0.07,0.09,0.1,0.16,0.22,0.36,0.0,0.0,0.0,0.0,0.0,0.0,0.0,0,0.0,Unknown,0.0,0.0,0.0,0.0,0.0,0,0.0,Unknown,0.0,0.0,0.0,estimated_from_squad_profile,2026-06-05T00:33:08.162006+00:00
Haiti,Leverton Pierre,MF,Defensive Midfield,Vizela,Right,21.8,No. 6,Holding midfielder,Press resistance + ball winning,1,1.0,2549,34,27,0.21,0.13,0.2,0.12,1.33,0.51,2.94,0.73,62.72,83.4,3.73,2.36,0.87,58.3,0.64,30.8,0.31,0.073,13.38,35.3,2.12,60.3,1.38,54.3,5.63,1.33,0.166,0.05,0.152,0.143,0.162,0.153,0.162,0.228,0.0,0.0,0.0,0.0,0.0,0.0,0.0,0,0.0,Unknown,0.0,0.0,0.0,0.0,0.0,0,0.0,Unknown,0.0,0.0,0.0,estimated_from_squad_profile,2026-06-05T00:33:08.162006+00:00
Haiti,Ruben Providence,FW,Left Winger,Almere City,Left,29.5,Winger,Wide creator,1v1 carry + crossing threat,0,1.0,1135,15,7,0.31,0.25,0.29,0.24,1.91,0.73,4.27,1.63,38.08,74.1,1.77,3.08,1.66,55.8,1.94,29.5,0.25,0.065,11.55,30.8,1.14,52.8,0.88,45.8,3.94,0.95,0.118,0.28,0.07,0.09,0.1,0.16,0.22,0.36,0.0,0.0,0.0,0.0,0.0,0.0,0.0,0,0.0,Unknown,0.0,0.0,0.0,0.0,0.0,0,0.0,Unknown,0.0,0.0,0.0,estimated_from_squad_profile,2026-06-05T00:33:08.162006+00:00
Haiti,Lenny Joseph,FW,Centre-Forward,Ferencváros,Right,21.7,No. 9,Penalty-box finisher,Depth runs + shot volume,0,1.0,1149,15,7,0.24,0.11,0.23,0.1,1.52,0.58,3.38,0.61,38.45,74.3,1.8,2.3,1.25,53.1,0.57,27.7,0.13,0.032,11.88,31.1,1.18,53.1,0.9,46.1,4.05,0.94,0.117,0.28,0.07,0.09,0.1,0.16,0.22,0.36,0.0,0.0,0.0,0.0,0.0,0.0,0.0,0,0.0,Unknown,0.0,0.0,0.0,0.0,0.0,0,0.0,Unknown,0.0,0.0,0.0,estimated_from_squad_profile,2026-06-05T00:33:08.162006+00:00
Haiti,Danley Jean Jacques,MF,Defensive Midfield,Philadelphia Union,Right,23.2,No. 6,Holding midfielder,Press resistance + ball winning,1,1.0,2643,36,28,0.25,0.15,0.24,0.14,1.56,0.6,3.46,0.85,65.23,84.4,4.35,2.74,1.01,60.2,0.73,32.2,0.37,0.088,14.45,37.2,2.47,62.2,1.59,56.2,6.21,1.27,0.158,0.05,0.154,0.141,0.16,0.151,0.16,0.234,0.0,0.0,0.0,0.0,0.0,0.0,0.0,0,0.0,Unknown,0.0,0.0,0.0,0.0,0.0,0,0.0,Unknown,0.0,0.0,0.0,estimated_from_squad_profile,2026-06-05T00:33:08.162006+00:00
Haiti,Wilson Isidor,FW,Centre-Forward,Sunderland,Right,22.6,No. 9,Penalty-box finisher,Depth runs + shot volume,0,1.0,1212,16,7,0.28,0.12,0.26,0.11,1.71,0.66,3.83,0.67,40.13,75.0,1.94,2.58,1.41,54.4,0.63,28.6,0.14,0.036,12.4,32.4,1.27,54.4,0.98,47.4,4.2,0.9,0.111,0.31,0.07,0.09,0.1,0.16,0.22,0.36,0.0,0.0,0.0,0.0,0.0,0.0,0.0,0,0.0,Unknown,0.0,0.0,0.0,0.0,0.0,0,0.0,Unknown,0.0,0.0,0.0,estimated_from_squad_profile,2026-06-05T00:33:08.162006+00:00
Haiti,Yassin Fortuné,FW,Centre-Forward,Vizela,Right,20.9,No. 9,Penalty-box finisher,Depth runs + shot volume,0,1.0,1092,14,7,0.21,0.1,0.2,0.09,1.34,0.51,2.97,0.55,36.92,73.6,1.67,2.05,1.14,51.9,0.52,26.9,0.12,0.029,11.84,29.9,1.14,51.9,0.82,44.9,4.05,0.98,0.122,0.26,0.07,0.09,0.1,0.16,0.22,0.36,0.0,0.0,0.0,0.0,0.0,0.0,0.0,0,0.0,Unknown,0.0,0.0,0.0,0.0,0.0,0,0.0,Unknown,0.0,0.0,0.0,estimated_from_squad_profile,2026-06-05T00:33:08.162006+00:00
Haiti,Frantzdy Pierrot,FW,Centre-Forward,Çaykur Rizespor,Right,24.8,No. 9,Penalty-box finisher,Depth runs + shot volume,1,1.0,2750,37,29,0.42,0.18,0.4,0.17,2.59,1.0,5.83,0.98,44.11,76.6,2.71,3.85,1.73,57.5,0.91,30.8,0.22,0.054,13.11,35.5,1.43,57.5,1.4,50.5,4.4,0.8,0.099,0.37,0.157,0.139,0.158,0.148,0.158,0.24,0.0,0.0,0.0,0.0,0.0,0.0,0.0,0,0.0,Unknown,0.0,0.0,0.0,0.0,0.0,0,0.0,Unknown,0.0,0.0,0.0,estimated_from_squad_profile,2026-06-05T00:33:08.162006+00:00
Haiti,Josué Casimir,FW,Right Winger,Auxerre,Right,27.0,Winger,Wide creator,1v1 carry + crossing threat,0,1.0,1168,16,7,0.33,0.27,0.31,0.26,2.05,0.79,4.6,1.75,38.96,74.5,1.84,3.23,1.75,56.5,1.97,30.0,0.26,0.067,11.81,31.5,1.19,53.5,0.92,46.5,4.02,0.93,0.115,0.29,0.07,0.09,0.1,0.16,0.22,0.36,0.0,0.0,0.0,0.0,0.0,0.0,0.0,0,0.0,Unknown,0.0,0.0,0.0,0.0,0.0,0,0.0,Unknown,0.0,0.0,0.0,estimated_from_squad_profile,2026-06-05T00:33:08.162006+00:00
Haiti,Jean-Kévin Duverne,DF,Centre-Back,Gent,Right,22.3,Centre-back,Ball-playing defender,Rest-defense anchor,1,1.0,2580,35,28,0.1,0.14,0.11,0.13,0.71,0.27,1.52,0.77,59.55,86.7,3.36,1.59,0.53,62.9,0.54,33.3,0.13,0.031,11.42,38.9,2.56,66.9,2.87,64.9,5.41,1.21,0.193,0.03,0.153,0.142,0.161,0.152,0.161,0.23,0.0,0.0,0.0,0.0,0.0,0.0,0.0,0,0.0,Unknown,0.0,0.0,0.0,0.0,0.0,0,0.0,Unknown,0.0,0.0,0.0,estimated_from_squad_profile,2026-06-05T00:33:08.162006+00:00
Haiti,Josué Duverger,GK,Goalkeeper,Cosmos Koblenz,Right,20.4,Goalkeeper,Sweeper keeper,Build-up keeper,0,1.0,1060,14,6,0.0,0.01,0.0,0.01,0.0,0.0,0.02,0.05,28.39,69.5,3.97,0.1,0.0,0.0,0.0,0.0,0.01,0.0,1.91,28.0,0.13,46.6,0.48,51.1,3.93,0.07,0.028,0.0,0.0,0.0,0.0,0.0,0.0,0.0,2.97,72.2,0.023,1.31,0.9,2.71,44.7,0,0.0,Unknown,0.0,0.0,0.0,0.0,0.0,0,0.0,Unknown,0.0,0.0,0.0,estimated_from_squad_profile,2026-06-05T00:33:08.162006+00:00
Haiti,Wilguens Paugain,DF,Right-Back,Zulte Waregem,Right,26.4,Fullback,Overlapping wide defender,Width + recovery runner,0,1.0,1128,15,7,0.11,0.15,0.11,0.14,0.76,0.29,1.64,0.92,57.88,86.0,2.55,2.07,0.94,64.6,1.8,34.4,0.1,0.023,10.64,37.6,2.2,65.6,2.11,63.6,4.9,1.25,0.199,0.03,0.07,0.09,0.1,0.16,0.22,0.36,0.0,0.0,0.0,0.0,0.0,0.0,0.0,0,0.0,Unknown,0.0,0.0,0.0,0.0,0.0,0,0.0,Unknown,0.0,0.0,0.0,estimated_from_squad_profile,2026-06-05T00:33:08.162006+00:00
Haiti,Dominique Simon,MF,Defensive Midfield,Tatran Prešov,Right,20.8,No. 6,Holding midfielder,Press resistance + ball winning,0,1.0,1085,14,7,0.15,0.1,0.15,0.09,0.96,0.37,2.12,0.54,60.73,82.6,2.72,1.72,0.74,56.7,0.48,29.8,0.22,0.052,12.31,33.7,1.81,58.7,1.01,52.7,5.07,1.38,0.172,0.05,0.07,0.09,0.1,0.16,0.22,0.36,0.0,0.0,0.0,0.0,0.0,0.0,0.0,0,0.0,Unknown,0.0,0.0,0.0,0.0,0.0,0,0.0,Unknown,0.0,0.0,0.0,estimated_from_squad_profile,2026-06-05T00:33:08.162006+00:00
Haiti,Woodensky Pierre,MF,Defensive Midfield,Violette,Right,20.5,No. 6,Holding midfielder,Press resistance + ball winning,0,1.0,1067,14,6,0.14,0.09,0.14,0.08,0.93,0.35,2.03,0.52,60.24,82.4,2.62,1.66,0.66,56.4,0.46,29.5,0.21,0.049,11.2,33.4,1.62,58.4,0.98,52.4,4.59,1.39,0.174,0.04,0.07,0.09,0.1,0.16,0.22,0.36,0.0,0.0,0.0,0.0,0.0,0.0,0.0,0,0.0,Unknown,0.0,0.0,0.0,0.0,0.0,0,0.0,Unknown,0.0,0.0,0.0,estimated_from_squad_profile,2026-06-05T00:33:08.162006+00:00
Morocco,Yassine Bounou,GK,Goalkeeper,Al-Hilal,Right,24.7,Goalkeeper,Sweeper keeper,Build-up keeper,1,1.0,2745,37,29,0.0,0.01,0.0,0.01,0.0,0.0,0.02,0.07,32.72,74.9,5.12,0.16,0.0,0.0,0.0,0.0,0.01,0.0,2.42,32.0,0.19,53.1,0.6,56.2,4.65,0.09,0.02,0.0,0.0,0.0,0.0,0.0,0.0,0.0,2.65,78.3,0.095,1.82,1.44,2.42,52.3,0,0.0,Unknown,0.0,0.0,0.0,0.0,0.0,0,0.0,Unknown,0.0,0.0,0.0,estimated_from_squad_profile,2026-06-05T00:33:08.162006+00:00
Morocco,Achraf Hakimi,DF,Right-Back,Paris Saint-Germain,Right,32.5,Fullback,Overlapping wide defender,Width + recovery runner,1,1.0,2933,40,31,0.24,0.32,0.23,0.32,1.52,0.58,3.38,2.06,69.03,90.6,5.21,3.32,1.28,73.2,2.43,40.5,0.21,0.048,13.78,46.2,4.21,74.2,4.85,72.2,7.41,0.97,0.163,0.05,0.161,0.136,0.154,0.145,0.154,0.25,0.0,0.0,0.0,0.0,0.0,0.0,0.0,0,0.0,Unknown,0.0,0.0,0.0,0.0,0.0,0,0.0,Unknown,0.0,0.0,0.0,estimated_from_squad_profile,2026-06-05T00:33:08.162006+00:00
Morocco,Noussair Mazraoui,DF,Right-Back,Manchester United,Right,29.2,Fullback,Overlapping wide defender,Width + recovery runner,1,1.0,2713,37,29,0.18,0.24,0.18,0.24,1.19,0.46,2.62,1.55,63.11,88.2,4.05,2.87,1.11,68.7,2.28,37.2,0.16,0.037,12.21,41.7,3.15,69.7,3.61,67.7,6.11,1.12,0.182,0.04,0.156,0.14,0.159,0.149,0.159,0.238,0.0,0.0,0.0,0.0,0.0,0.0,0.0,0,0.0,Unknown,0.0,0.0,0.0,0.0,0.0,0,0.0,Unknown,0.0,0.0,0.0,estimated_from_squad_profile,2026-06-05T00:33:08.162006+00:00
Morocco,Sofyan Amrabat,MF,Defensive Midfield,Real Betis,Right,24.8,No. 6,Holding midfielder,Press resistance + ball winning,1,1.0,2752,37,29,0.29,0.18,0.28,0.17,1.83,0.7,4.08,0.98,68.17,85.6,5.07,3.2,1.16,62.5,0.84,33.8,0.44,0.106,15.41,39.5,2.83,64.5,1.85,58.5,6.77,1.2,0.149,0.06,0.157,0.139,0.158,0.148,0.158,0.24,0.0,0.0,0.0,0.0,0.0,0.0,0.0,0,0.0,Unknown,0.0,0.0,0.0,0.0,0.0,0,0.0,Unknown,0.0,0.0,0.0,estimated_from_squad_profile,2026-06-05T00:33:08.162006+00:00
Morocco,Nayef Aguerd,DF,Centre-Back,Marseille,Right,24.8,Centre-back,Ball-playing defender,Rest-defense anchor,1,1.0,2754,37,29,0.13,0.18,0.13,0.17,0.86,0.33,1.86,0.98,64.22,88.6,4.27,1.95,0.62,66.5,0.66,35.8,0.17,0.039,12.0,42.5,3.21,70.5,3.84,68.5,6.1,1.09,0.178,0.04,0.157,0.139,0.158,0.148,0.158,0.24,0.0,0.0,0.0,0.0,0.0,0.0,0.0,0,0.0,Unknown,0.0,0.0,0.0,0.0,0.0,0,0.0,Unknown,0.0,0.0,0.0,estimated_from_squad_profile,2026-06-05T00:33:08.162006+00:00
Morocco,Ayyoub Bouaddi,MF,Central Midfield,Lille,Right,23.0,No. 8,Box-to-box midfielder,Progression + counter-press,0,1.0,1236,16,7,0.25,0.26,0.24,0.24,1.56,0.6,3.48,1.57,64.77,84.2,3.56,2.25,0.84,59.9,0.6,32.0,0.43,0.105,12.16,36.9,1.79,61.9,1.3,55.9,5.21,1.28,0.159,0.05,0.07,0.09,0.1,0.16,0.22,0.36,0.0,0.0,0.0,0.0,0.0,0.0,0.0,0,0.0,Unknown,0.0,0.0,0.0,0.0,0.0,0,0.0,Unknown,0.0,0.0,0.0,estimated_from_squad_profile,2026-06-05T00:33:08.162006+00:00
Morocco,Chemsdine Talbi,MF,Right Winger,Sunderland,Right,27.8,Winger,Wide creator,1v1 carry + crossing threat,0,1.0,1222,16,7,0.29,0.3,0.27,0.29,1.78,0.69,3.98,1.96,64.41,84.1,3.48,3.04,1.32,62.6,1.97,33.8,0.42,0.104,12.81,36.6,1.87,61.6,1.28,55.6,5.47,1.29,0.161,0.05,0.07,0.09,0.1,0.16,0.22,0.36,0.0,0.0,0.0,0.0,0.0,0.0,0.0,0,0.0,Unknown,0.0,0.0,0.0,0.0,0.0,0,0.0,Unknown,0.0,0.0,0.0,estimated_from_squad_profile,2026-06-05T00:33:08.162006+00:00
Morocco,Azzedine Ounahi,MF,Central Midfield,Girona,Right,24.6,No. 8,Box-to-box midfielder,Progression + counter-press,1,1.0,2734,37,29,0.36,0.37,0.34,0.34,2.2,0.85,4.93,2.24,67.69,85.4,4.95,3.12,1.16,62.1,0.82,33.6,0.58,0.143,15.49,39.1,2.43,64.1,1.8,58.1,6.78,1.21,0.15,0.06,0.157,0.139,0.158,0.149,0.158,0.239,0.0,0.0,0.0,0.0,0.0,0.0,0.0,0,0.0,Unknown,0.0,0.0,0.0,0.0,0.0,0,0.0,Unknown,0.0,0.0,0.0,estimated_from_squad_profile,2026-06-05T00:33:08.162006+00:00
Morocco,Soufiane Rahimi,FW,Left Winger,Al Ain,Left,31.8,Winger,Wide creator,1v1 carry + crossing threat,0,1.0,1294,17,8,0.43,0.34,0.4,0.33,2.59,1.0,5.83,2.23,42.35,75.9,2.13,3.78,2.07,59.1,2.09,31.8,0.29,0.075,12.83,34.1,1.36,56.1,1.09,49.1,4.32,0.84,0.104,0.34,0.07,0.09,0.1,0.16,0.22,0.36,0.0,0.0,0.0,0.0,0.0,0.0,0.0,0,0.0,Unknown,0.0,0.0,0.0,0.0,0.0,0,0.0,Unknown,0.0,0.0,0.0,estimated_from_squad_profile,2026-06-05T00:33:08.162006+00:00
Morocco,Brahim Díaz,FW,Right Winger,Real Madrid,Right,29.2,Winger,Wide creator,1v1 carry + crossing threat,1,1.0,2709,37,29,0.53,0.43,0.49,0.4,3.21,1.24,7.23,2.77,43.0,76.1,2.6,4.63,2.21,59.6,2.51,32.2,0.35,0.091,13.52,34.6,1.45,56.6,1.34,49.6,4.55,0.83,0.102,0.35,0.156,0.14,0.159,0.149,0.159,0.237,0.0,0.0,0.0,0.0,0.0,0.0,0.0,0,0.0,Unknown,0.0,0.0,0.0,0.0,0.0,0,0.0,Unknown,0.0,0.0,0.0,estimated_from_squad_profile,2026-06-05T00:33:08.162006+00:00
Morocco,Ismael Saibari,MF,Attacking Midfield,PSV Eindhoven,Right,24.5,No. 10,Central creator,Between-lines chance creation,1,1.0,2729,37,29,0.35,0.36,0.33,0.34,2.19,0.84,4.9,2.22,67.55,85.4,4.92,3.1,1.13,62.0,0.82,33.5,0.58,0.142,15.15,39.0,2.37,64.0,1.79,58.0,6.63,1.21,0.151,0.06,0.157,0.14,0.158,0.149,0.158,0.239,0.0,0.0,0.0,0.0,0.0,0.0,0.0,0,0.0,Unknown,0.0,0.0,0.0,0.0,0.0,0,0.0,Unknown,0.0,0.0,0.0,estimated_from_squad_profile,2026-06-05T00:33:08.162006+00:00
Morocco,Munir Mohamedi,GK,,RS Berkane,Right,17.8,Goalkeeper,Sweeper keeper,Build-up keeper,0,1.0,882,12,5,0.0,0.01,0.0,0.01,0.0,0.0,0.02,0.04,25.8,66.2,3.28,0.06,0.0,0.0,0.0,0.0,0.01,0.0,1.61,25.6,0.1,42.7,0.4,48.1,3.5,0.06,0.032,0.0,0.0,0.0,0.0,0.0,0.0,0.0,3.17,68.5,-0.02,1.01,0.57,2.88,40.1,0,0.0,Unknown,0.0,0.0,0.0,0.0,0.0,0,0.0,Unknown,0.0,0.0,0.0,estimated_from_squad_profile,2026-06-05T00:33:08.162006+00:00
Morocco,Zakaria El Ouahdi,DF,Right-Back,Genk,Right,27.5,Fullback,Overlapping wide defender,Width + recovery runner,0,1.0,1201,16,7,0.13,0.17,0.13,0.16,0.85,0.32,1.86,1.07,59.86,86.9,2.87,2.2,0.99,66.2,1.85,35.5,0.12,0.027,11.06,39.2,2.51,67.2,2.46,65.2,5.27,1.2,0.192,0.03,0.07,0.09,0.1,0.16,0.22,0.36,0.0,0.0,0.0,0.0,0.0,0.0,0.0,0,0.0,Unknown,0.0,0.0,0.0,0.0,0.0,0,0.0,Unknown,0.0,0.0,0.0,estimated_from_squad_profile,2026-06-05T00:33:08.162006+00:00
Morocco,Issa Diop,DF,Centre-Back,Fulham,Right,22.3,Centre-back,Ball-playing defender,Rest-defense anchor,0,1.0,1187,16,7,0.09,0.12,0.09,0.11,0.59,0.23,1.27,0.64,59.47,86.7,2.81,1.33,0.52,62.9,0.45,33.3,0.11,0.026,11.19,38.9,2.5,66.9,2.39,64.9,5.3,1.21,0.193,0.03,0.07,0.09,0.1,0.16,0.22,0.36,0.0,0.0,0.0,0.0,0.0,0.0,0.0,0,0.0,Unknown,0.0,0.0,0.0,0.0,0.0,0,0.0,Unknown,0.0,0.0,0.0,estimated_from_squad_profile,2026-06-05T00:33:08.162006+00:00
Morocco,Samir El Mourabet,MF,Central Midfield,Strasbourg,Right,22.6,No. 8,Box-to-box midfielder,Progression + counter-press,0,1.0,1214,16,7,0.24,0.25,0.23,0.23,1.5,0.58,3.35,1.51,64.19,84.0,3.44,2.17,0.85,59.4,0.58,31.6,0.42,0.103,12.47,36.4,1.81,61.4,1.26,55.4,5.32,1.3,0.161,0.05,0.07,0.09,0.1,0.16,0.22,0.36,0.0,0.0,0.0,0.0,0.0,0.0,0.0,0,0.0,Unknown,0.0,0.0,0.0,0.0,0.0,0,0.0,Unknown,0.0,0.0,0.0,estimated_from_squad_profile,2026-06-05T00:33:08.162006+00:00
Morocco,Gessime Yassine,MF,Right Winger,Strasbourg,Right,27.5,Winger,Wide creator,1v1 carry + crossing threat,0,1.0,1202,16,7,0.28,0.29,0.26,0.27,1.72,0.66,3.84,1.88,63.89,83.9,3.37,2.97,1.27,62.2,1.96,33.5,0.41,0.101,12.35,36.2,1.78,61.2,1.24,55.2,5.25,1.3,0.162,0.05,0.07,0.09,0.1,0.16,0.22,0.36,0.0,0.0,0.0,0.0,0.0,0.0,0.0,0,0.0,Unknown,0.0,0.0,0.0,0.0,0.0,0,0.0,Unknown,0.0,0.0,0.0,estimated_from_squad_profile,2026-06-05T00:33:08.162006+00:00
Morocco,Abde Ezzalzouli,FW,Left Winger,Real Betis,Left,32.0,Winger,Wide creator,1v1 carry + crossing threat,1,1.0,2695,36,29,0.52,0.42,0.48,0.4,3.14,1.21,7.07,2.7,42.63,76.0,2.56,4.56,2.09,59.3,2.5,32.0,0.35,0.09,12.92,34.3,1.38,56.3,1.31,49.3,4.35,0.83,0.103,0.35,0.156,0.14,0.159,0.15,0.159,0.237,0.0,0.0,0.0,0.0,0.0,0.0,0.0,0,0.0,Unknown,0.0,0.0,0.0,0.0,0.0,0,0.0,Unknown,0.0,0.0,0.0,estimated_from_squad_profile,2026-06-05T00:33:08.162006+00:00
Morocco,Chadi Riad,DF,Centre-Back,Crystal Palace,Right,22.7,Centre-back,Ball-playing defender,Rest-defense anchor,0,1.0,1218,16,7,0.09,0.12,0.09,0.11,0.62,0.23,1.32,0.67,60.3,87.0,2.94,1.39,0.51,63.5,0.47,33.7,0.12,0.027,10.73,39.5,2.49,67.5,2.54,65.5,5.15,1.19,0.191,0.03,0.07,0.09,0.1,0.16,0.22,0.36,0.0,0.0,0.0,0.0,0.0,0.0,0.0,0,0.0,Unknown,0.0,0.0,0.0,0.0,0.0,0,0.0,Unknown,0.0,0.0,0.0,estimated_from_squad_profile,2026-06-05T00:33:08.162006+00:00
Morocco,Youssef Belammari,DF,Left-Back,Al Ahly,Left,30.0,Fullback,Overlapping wide defender,Width + recovery runner,0,1.0,1172,16,7,0.12,0.16,0.12,0.15,0.81,0.31,1.77,1.01,59.06,86.5,2.74,2.15,1.03,65.5,1.83,35.0,0.11,0.025,11.51,38.5,2.52,66.5,2.32,64.5,5.41,1.22,0.195,0.03,0.07,0.09,0.1,0.16,0.22,0.36,0.0,0.0,0.0,0.0,0.0,0.0,0.0,0,0.0,Unknown,0.0,0.0,0.0,0.0,0.0,0,0.0,Unknown,0.0,0.0,0.0,estimated_from_squad_profile,2026-06-05T00:33:08.162006+00:00
Morocco,Ayoub El Kaabi,FW,Centre-Forward,Olympiacos,Right,26.1,No. 9,Penalty-box finisher,Depth runs + shot volume,1,1.0,2837,38,30,0.48,0.2,0.45,0.19,2.92,1.13,6.57,1.08,46.44,77.5,2.94,4.3,1.91,59.3,1.0,32.1,0.24,0.06,13.53,37.3,1.52,59.3,1.54,52.3,4.51,0.74,0.091,0.41,0.159,0.138,0.156,0.147,0.156,0.245,0.0,0.0,0.0,0.0,0.0,0.0,0.0,0,0.0,Unknown,0.0,0.0,0.0,0.0,0.0,0,0.0,Unknown,0.0,0.0,0.0,estimated_from_squad_profile,2026-06-05T00:33:08.162006+00:00
Morocco,Ayoube Amaimouni,FW,,Eintracht Frankfurt,Right,16.6,FW,Hybrid role,Balanced phase contribution,0,1.0,801,10,5,0.06,0.04,0.06,0.03,0.42,0.16,0.88,0.25,29.1,70.5,1.02,0.77,0.32,45.9,0.25,22.6,0.04,0.011,8.34,23.9,0.63,45.9,0.43,38.9,2.95,1.17,0.147,0.14,0.07,0.09,0.1,0.16,0.22,0.36,0.0,0.0,0.0,0.0,0.0,0.0,0.0,0,0.0,Unknown,0.0,0.0,0.0,0.0,0.0,0,0.0,Unknown,0.0,0.0,0.0,estimated_from_squad_profile,2026-06-05T00:33:08.162006+00:00
Morocco,Ahmed Reda Tagnaouti,GK,Goalkeeper,AS FAR,Right,21.4,Goalkeeper,Sweeper keeper,Build-up keeper,0,1.0,1126,15,7,0.0,0.01,0.0,0.01,0.0,0.0,0.02,0.05,29.37,70.7,4.23,0.11,0.0,0.0,0.0,0.0,0.01,0.0,2.03,28.9,0.15,48.0,0.51,52.3,4.09,0.07,0.026,0.0,0.0,0.0,0.0,0.0,0.0,0.0,2.9,73.6,0.039,1.43,1.02,2.64,46.4,0,0.0,Unknown,0.0,0.0,0.0,0.0,0.0,0,0.0,Unknown,0.0,0.0,0.0,estimated_from_squad_profile,2026-06-05T00:33:08.162006+00:00
Morocco,Bilal El Khannouss,MF,Attacking Midfield,VfB Stuttgart,Right,24.2,No. 10,Central creator,Between-lines chance creation,1,1.0,2708,37,29,0.34,0.35,0.32,0.33,2.12,0.82,4.74,2.15,66.99,85.1,4.78,3.02,1.03,61.6,0.8,33.2,0.56,0.139,14.08,38.6,2.18,63.6,1.74,57.6,6.14,1.23,0.152,0.06,0.156,0.14,0.159,0.149,0.159,0.237,0.0,0.0,0.0,0.0,0.0,0.0,0.0,0,0.0,Unknown,0.0,0.0,0.0,0.0,0.0,0,0.0,Unknown,0.0,0.0,0.0,estimated_from_squad_profile,2026-06-05T00:33:08.162006+00:00
Morocco,Neil El Aynaoui,MF,Central Midfield,Roma,Right,23.2,No. 8,Box-to-box midfielder,Progression + counter-press,0,1.0,1253,17,8,0.26,0.27,0.25,0.25,1.61,0.62,3.59,1.62,65.25,84.4,3.66,2.31,0.98,60.2,0.61,32.2,0.44,0.108,13.93,37.2,2.08,62.2,1.34,56.2,5.99,1.27,0.158,0.05,0.07,0.09,0.1,0.16,0.22,0.36,0.0,0.0,0.0,0.0,0.0,0.0,0.0,0,0.0,Unknown,0.0,0.0,0.0,0.0,0.0,0,0.0,Unknown,0.0,0.0,0.0,estimated_from_squad_profile,2026-06-05T00:33:08.162006+00:00
Morocco,Redouane Halhal,DF,Centre-Back,Mechelen,Right,21.8,Centre-back,Ball-playing defender,Rest-defense anchor,0,1.0,1159,15,7,0.08,0.11,0.09,0.1,0.57,0.22,1.23,0.62,58.71,86.4,2.68,1.28,0.48,62.3,0.44,32.8,0.11,0.025,10.61,38.3,2.29,66.3,2.26,64.3,4.96,1.23,0.196,0.03,0.07,0.09,0.1,0.16,0.22,0.36,0.0,0.0,0.0,0.0,0.0,0.0,0.0,0,0.0,Unknown,0.0,0.0,0.0,0.0,0.0,0,0.0,Unknown,0.0,0.0,0.0,estimated_from_squad_profile,2026-06-05T00:33:08.162006+00:00
Morocco,Anass Salah-Eddine,DF,Left-Back,PSV Eindhoven,Left,30.6,Fullback,Overlapping wide defender,Width + recovery runner,0,1.0,1212,16,7,0.13,0.17,0.13,0.16,0.86,0.33,1.89,1.09,60.13,87.0,2.92,2.22,1.0,66.4,1.85,35.6,0.12,0.027,11.12,39.4,2.56,67.4,2.51,65.4,5.32,1.2,0.191,0.03,0.07,0.09,0.1,0.16,0.22,0.36,0.0,0.0,0.0,0.0,0.0,0.0,0.0,0,0.0,Unknown,0.0,0.0,0.0,0.0,0.0,0,0.0,Unknown,0.0,0.0,0.0,estimated_from_squad_profile,2026-06-05T00:33:08.162006+00:00
Scotland,Angus Gunn,GK,Goalkeeper,Nottingham Forest,Right,22.1,Goalkeeper,Sweeper keeper,Build-up keeper,0,1.0,1174,16,7,0.0,0.01,0.0,0.01,0.0,0.0,0.02,0.06,30.06,71.6,4.42,0.12,0.0,0.0,0.0,0.0,0.01,0.0,2.11,29.6,0.16,49.1,0.53,53.1,4.21,0.08,0.025,0.0,0.0,0.0,0.0,0.0,0.0,0.0,2.85,74.6,0.051,1.51,1.11,2.6,47.6,0,0.0,Unknown,0.0,0.0,0.0,0.0,0.0,0,0.0,Unknown,0.0,0.0,0.0,estimated_from_squad_profile,2026-06-05T00:33:08.162006+00:00
Scotland,Aaron Hickey,DF,Right-Back,Brentford,Right,28.1,Fullback,Overlapping wide defender,Width + recovery runner,1,1.0,2635,36,28,0.16,0.22,0.16,0.21,1.08,0.41,2.36,1.37,61.02,87.3,3.65,2.71,1.02,67.1,2.23,36.1,0.15,0.034,11.31,40.1,2.7,68.1,3.17,66.1,5.49,1.17,0.189,0.03,0.154,0.141,0.16,0.151,0.16,0.233,0.0,0.0,0.0,0.0,0.0,0.0,0.0,0,0.0,Unknown,0.0,0.0,0.0,0.0,0.0,0,0.0,Unknown,0.0,0.0,0.0,estimated_from_squad_profile,2026-06-05T00:33:08.162006+00:00
Scotland,Andy Robertson,DF,,Liverpool,Right,19.4,DF,Hybrid role,Balanced phase contribution,0,1.0,995,13,6,0.06,0.08,0.07,0.07,0.46,0.17,0.97,0.45,54.31,84.6,1.96,1.0,0.37,58.9,0.34,30.4,0.08,0.018,9.49,34.9,1.42,62.9,1.49,60.9,4.06,1.34,0.21,0.02,0.07,0.09,0.1,0.16,0.22,0.36,0.0,0.0,0.0,0.0,0.0,0.0,0.0,0,0.0,Unknown,0.0,0.0,0.0,0.0,0.0,0,0.0,Unknown,0.0,0.0,0.0,estimated_from_squad_profile,2026-06-05T00:33:08.162006+00:00
Scotland,Scott McTominay,MF,Central Midfield,Napoli,Right,26.2,No. 8,Box-to-box midfielder,Progression + counter-press,1,1.0,2846,38,30,0.42,0.43,0.39,0.4,2.55,0.98,5.74,2.62,70.68,86.6,5.68,3.59,1.3,64.4,0.93,35.2,0.66,0.16,16.45,41.4,2.73,66.4,2.06,60.4,7.34,1.13,0.141,0.06,0.159,0.137,0.156,0.147,0.156,0.245,0.0,0.0,0.0,0.0,0.0,0.0,0.0,0,0.0,Unknown,0.0,0.0,0.0,0.0,0.0,0,0.0,Unknown,0.0,0.0,0.0,estimated_from_squad_profile,2026-06-05T00:33:08.162006+00:00
Scotland,Grant Hanley,DF,Centre-Back,Hibernian,Right,23.3,Centre-back,Ball-playing defender,Rest-defense anchor,0,1.0,1257,17,8,0.09,0.13,0.1,0.12,0.64,0.24,1.39,0.71,61.34,87.5,3.11,1.45,0.51,64.3,0.49,34.3,0.13,0.029,10.52,40.3,2.54,68.3,2.72,66.3,5.13,1.17,0.188,0.03,0.07,0.09,0.1,0.16,0.22,0.36,0.0,0.0,0.0,0.0,0.0,0.0,0.0,0,0.0,Unknown,0.0,0.0,0.0,0.0,0.0,0,0.0,Unknown,0.0,0.0,0.0,estimated_from_squad_profile,2026-06-05T00:33:08.162006+00:00
Scotland,Kieran Tierney,DF,Left-Back,Celtic,Left,32.3,Fullback,Overlapping wide defender,Width + recovery runner,1,1.0,2717,37,29,0.19,0.25,0.18,0.24,1.2,0.46,2.64,1.56,63.22,88.2,4.07,2.88,1.09,68.8,2.28,37.3,0.16,0.038,12.01,41.8,3.11,69.8,3.63,67.8,6.02,1.12,0.182,0.04,0.156,0.14,0.158,0.149,0.158,0.238,0.0,0.0,0.0,0.0,0.0,0.0,0.0,0,0.0,Unknown,0.0,0.0,0.0,0.0,0.0,0,0.0,Unknown,0.0,0.0,0.0,estimated_from_squad_profile,2026-06-05T00:33:08.162006+00:00
Scotland,John McGinn,MF,Central Midfield,Aston Villa,Right,26.8,No. 8,Box-to-box midfielder,Progression + counter-press,1,1.0,2884,39,31,0.44,0.45,0.41,0.42,2.68,1.03,6.02,2.75,71.71,87.1,5.94,3.75,1.31,65.2,0.97,35.8,0.68,0.166,16.25,42.2,2.74,67.2,2.15,61.2,7.29,1.11,0.137,0.07,0.16,0.137,0.155,0.146,0.155,0.248,0.0,0.0,0.0,0.0,0.0,0.0,0.0,0,0.0,Unknown,0.0,0.0,0.0,0.0,0.0,0,0.0,Unknown,0.0,0.0,0.0,estimated_from_squad_profile,2026-06-05T00:33:08.162006+00:00
Scotland,Tyler Fletcher,MF,Central Midfield,Manchester United,Right,21.5,No. 8,Box-to-box midfielder,Progression + counter-press,0,1.0,1138,15,7,0.21,0.21,0.2,0.19,1.3,0.5,2.89,1.29,62.16,83.2,3.02,1.91,0.73,57.9,0.52,30.5,0.37,0.092,11.46,34.9,1.57,59.9,1.12,53.9,4.79,1.35,0.168,0.05,0.07,0.09,0.1,0.16,0.22,0.36,0.0,0.0,0.0,0.0,0.0,0.0,0.0,0,0.0,Unknown,0.0,0.0,0.0,0.0,0.0,0,0.0,Unknown,0.0,0.0,0.0,estimated_from_squad_profile,2026-06-05T00:33:08.162006+00:00
Scotland,Lyndon Dykes,FW,Centre-Forward,Charlton Athletic,Right,23.5,No. 9,Penalty-box finisher,Depth runs + shot volume,1,1.0,2659,36,28,0.37,0.16,0.35,0.15,2.25,0.87,5.05,0.87,41.68,75.6,2.47,3.37,1.53,55.6,0.81,29.5,0.19,0.047,12.63,33.6,1.33,55.6,1.26,48.6,4.26,0.86,0.106,0.33,0.155,0.141,0.16,0.15,0.16,0.235,0.0,0.0,0.0,0.0,0.0,0.0,0.0,0,0.0,Unknown,0.0,0.0,0.0,0.0,0.0,0,0.0,Unknown,0.0,0.0,0.0,estimated_from_squad_profile,2026-06-05T00:33:08.162006+00:00
Scotland,Ché Adams,FW,Centre-Forward,Torino,Right,24.0,No. 9,Penalty-box finisher,Depth runs + shot volume,1,1.0,2699,36,29,0.39,0.17,0.37,0.16,2.4,0.93,5.39,0.91,42.75,76.0,2.58,3.58,1.66,56.4,0.85,30.0,0.2,0.05,13.2,34.4,1.41,56.4,1.32,49.4,4.44,0.83,0.103,0.35,0.156,0.14,0.159,0.149,0.159,0.237,0.0,0.0,0.0,0.0,0.0,0.0,0.0,0,0.0,Unknown,0.0,0.0,0.0,0.0,0.0,0,0.0,Unknown,0.0,0.0,0.0,estimated_from_squad_profile,2026-06-05T00:33:08.162006+00:00
Scotland,Ryan Christie,MF,Central Midfield,Bournemouth,Right,25.2,No. 8,Box-to-box midfielder,Progression + counter-press,1,1.0,2777,38,30,0.38,0.39,0.36,0.37,2.34,0.9,5.25,2.39,68.85,85.9,5.24,3.3,1.16,63.0,0.86,34.2,0.61,0.15,15.1,40.0,2.43,65.0,1.91,59.0,6.67,1.18,0.146,0.06,0.158,0.139,0.157,0.148,0.157,0.241,0.0,0.0,0.0,0.0,0.0,0.0,0.0,0,0.0,Unknown,0.0,0.0,0.0,0.0,0.0,0,0.0,Unknown,0.0,0.0,0.0,estimated_from_squad_profile,2026-06-05T00:33:08.162006+00:00
Scotland,Liam Kelly,GK,Goalkeeper,Rangers,Right,21.4,Goalkeeper,Sweeper keeper,Build-up keeper,0,1.0,1126,15,7,0.0,0.01,0.0,0.01,0.0,0.0,0.02,0.05,29.37,70.7,4.23,0.11,0.0,0.0,0.0,0.0,0.01,0.0,2.03,28.9,0.15,48.0,0.51,52.3,4.09,0.07,0.026,0.0,0.0,0.0,0.0,0.0,0.0,0.0,2.9,73.6,0.039,1.43,1.02,2.64,46.4,0,0.0,Unknown,0.0,0.0,0.0,0.0,0.0,0,0.0,Unknown,0.0,0.0,0.0,estimated_from_squad_profile,2026-06-05T00:33:08.162006+00:00
Scotland,Jack Hendry,DF,Centre-Back,Al-Ettifaq,Right,23.4,Centre-back,Ball-playing defender,Rest-defense anchor,0,1.0,1264,17,8,0.09,0.13,0.1,0.12,0.65,0.25,1.4,0.72,61.53,87.5,3.15,1.47,0.55,64.5,0.49,34.4,0.13,0.029,11.21,40.5,2.73,68.5,2.75,66.5,5.48,1.16,0.187,0.03,0.07,0.09,0.1,0.16,0.22,0.36,0.0,0.0,0.0,0.0,0.0,0.0,0.0,0,0.0,Unknown,0.0,0.0,0.0,0.0,0.0,0,0.0,Unknown,0.0,0.0,0.0,estimated_from_squad_profile,2026-06-05T00:33:08.162006+00:00
Scotland,Ross Stewart,FW,Centre-Forward,Southampton,Right,21.8,No. 9,Penalty-box finisher,Depth runs + shot volume,0,1.0,1154,15,7,0.25,0.11,0.23,0.1,1.53,0.59,3.42,0.61,38.58,74.3,1.81,2.33,1.26,53.2,0.57,27.8,0.13,0.033,11.92,31.2,1.19,53.2,0.9,46.2,4.06,0.94,0.116,0.28,0.07,0.09,0.1,0.16,0.22,0.36,0.0,0.0,0.0,0.0,0.0,0.0,0.0,0,0.0,Unknown,0.0,0.0,0.0,0.0,0.0,0,0.0,Unknown,0.0,0.0,0.0,estimated_from_squad_profile,2026-06-05T00:33:08.162006+00:00
Scotland,John Souttar,DF,Centre-Back,Rangers,Right,22.7,Centre-back,Ball-playing defender,Rest-defense anchor,0,1.0,1216,16,7,0.09,0.12,0.09,0.11,0.61,0.23,1.32,0.67,60.24,87.0,2.93,1.38,0.54,63.5,0.47,33.7,0.12,0.027,11.36,39.5,2.63,67.5,2.53,65.5,5.45,1.19,0.191,0.03,0.07,0.09,0.1,0.16,0.22,0.36,0.0,0.0,0.0,0.0,0.0,0.0,0.0,0,0.0,Unknown,0.0,0.0,0.0,0.0,0.0,0,0.0,Unknown,0.0,0.0,0.0,estimated_from_squad_profile,2026-06-05T00:33:08.162006+00:00
Scotland,Dominic Hyam,DF,Centre-Back,Wrexham,Right,21.7,Centre-back,Ball-playing defender,Rest-defense anchor,0,1.0,1150,15,7,0.08,0.11,0.08,0.1,0.57,0.22,1.22,0.61,58.49,86.3,2.65,1.27,0.48,62.1,0.43,32.7,0.11,0.024,10.77,38.1,2.3,66.1,2.22,64.1,5.01,1.24,0.197,0.03,0.07,0.09,0.1,0.16,0.22,0.36,0.0,0.0,0.0,0.0,0.0,0.0,0.0,0,0.0,Unknown,0.0,0.0,0.0,0.0,0.0,0,0.0,Unknown,0.0,0.0,0.0,estimated_from_squad_profile,2026-06-05T00:33:08.162006+00:00
Scotland,Ben Gannon-Doak,FW,Right Winger,Bournemouth,Right,27.9,Winger,Wide creator,1v1 carry + crossing threat,0,1.0,1230,16,7,0.38,0.31,0.36,0.29,2.31,0.89,5.2,1.99,40.63,75.2,1.98,3.5,1.76,57.8,2.03,30.9,0.28,0.071,11.38,32.8,1.18,54.8,1.0,47.8,3.85,0.88,0.11,0.32,0.07,0.09,0.1,0.16,0.22,0.36,0.0,0.0,0.0,0.0,0.0,0.0,0.0,0,0.0,Unknown,0.0,0.0,0.0,0.0,0.0,0,0.0,Unknown,0.0,0.0,0.0,estimated_from_squad_profile,2026-06-05T00:33:08.162006+00:00
Scotland,George Hirst,FW,Centre-Forward,Ipswich Town,Right,22.6,No. 9,Penalty-box finisher,Depth runs + shot volume,0,1.0,1210,16,7,0.28,0.12,0.26,0.11,1.71,0.66,3.82,0.67,40.09,74.9,1.94,2.57,1.46,54.3,0.63,28.6,0.14,0.036,12.85,32.3,1.32,54.3,0.98,47.3,4.35,0.9,0.112,0.31,0.07,0.09,0.1,0.16,0.22,0.36,0.0,0.0,0.0,0.0,0.0,0.0,0.0,0,0.0,Unknown,0.0,0.0,0.0,0.0,0.0,0,0.0,Unknown,0.0,0.0,0.0,estimated_from_squad_profile,2026-06-05T00:33:08.162006+00:00
Scotland,Lewis Ferguson,MF,Central Midfield,Bologna,Right,23.2,No. 8,Box-to-box midfielder,Progression + counter-press,1,1.0,2643,36,28,0.31,0.32,0.29,0.29,1.91,0.74,4.28,1.93,65.25,84.4,4.35,2.75,1.01,60.2,0.73,32.2,0.52,0.128,14.46,37.2,2.16,62.2,1.59,56.2,6.22,1.27,0.158,0.05,0.154,0.141,0.16,0.151,0.16,0.234,0.0,0.0,0.0,0.0,0.0,0.0,0.0,0,0.0,Unknown,0.0,0.0,0.0,0.0,0.0,0,0.0,Unknown,0.0,0.0,0.0,estimated_from_squad_profile,2026-06-05T00:33:08.162006+00:00
Scotland,Lawrence Shankland,FW,Centre-Forward,Heart of Midlothian,Right,22.7,No. 9,Penalty-box finisher,Depth runs + shot volume,0,1.0,1217,16,7,0.28,0.12,0.26,0.11,1.73,0.67,3.87,0.67,40.28,75.0,1.96,2.6,1.4,54.5,0.63,28.7,0.15,0.037,12.21,32.5,1.26,54.5,0.99,47.5,4.14,0.89,0.111,0.31,0.07,0.09,0.1,0.16,0.22,0.36,0.0,0.0,0.0,0.0,0.0,0.0,0.0,0,0.0,Unknown,0.0,0.0,0.0,0.0,0.0,0,0.0,Unknown,0.0,0.0,0.0,estimated_from_squad_profile,2026-06-05T00:33:08.162006+00:00
Scotland,Craig Gordon,GK,Goalkeeper,Heart of Midlothian,Right,22.8,Goalkeeper,Sweeper keeper,Build-up keeper,1,1.0,2612,35,28,0.0,0.01,0.0,0.01,0.0,0.0,0.02,0.06,30.77,72.5,4.6,0.13,0.0,0.0,0.0,0.0,0.01,0.0,2.19,30.2,0.16,50.2,0.55,53.9,4.33,0.08,0.024,0.0,0.0,0.0,0.0,0.0,0.0,0.0,2.79,75.6,0.063,1.59,1.2,2.55,48.8,0,0.0,Unknown,0.0,0.0,0.0,0.0,0.0,0,0.0,Unknown,0.0,0.0,0.0,estimated_from_squad_profile,2026-06-05T00:33:08.162006+00:00
Scotland,Nathan Patterson,DF,Right-Back,Everton,Right,28.3,Fullback,Overlapping wide defender,Width + recovery runner,1,1.0,2646,36,28,0.17,0.22,0.17,0.21,1.09,0.42,2.39,1.39,61.32,87.4,3.7,2.73,1.02,67.3,2.23,36.3,0.15,0.034,11.38,40.3,2.75,68.3,3.23,66.3,5.55,1.17,0.188,0.03,0.155,0.141,0.16,0.151,0.16,0.234,0.0,0.0,0.0,0.0,0.0,0.0,0.0,0,0.0,Unknown,0.0,0.0,0.0,0.0,0.0,0,0.0,Unknown,0.0,0.0,0.0,estimated_from_squad_profile,2026-06-05T00:33:08.162006+00:00
Scotland,Kenny McLean,MF,Central Midfield,Norwich City,Right,23.2,No. 8,Box-to-box midfielder,Progression + counter-press,0,1.0,1249,17,8,0.26,0.26,0.24,0.24,1.59,0.61,3.56,1.61,65.12,84.4,3.63,2.29,0.9,60.1,0.61,32.2,0.44,0.107,12.82,37.1,1.91,62.1,1.33,56.1,5.51,1.27,0.158,0.05,0.07,0.09,0.1,0.16,0.22,0.36,0.0,0.0,0.0,0.0,0.0,0.0,0.0,0,0.0,Unknown,0.0,0.0,0.0,0.0,0.0,0,0.0,Unknown,0.0,0.0,0.0,estimated_from_squad_profile,2026-06-05T00:33:08.162006+00:00
Scotland,Anthony Ralston,DF,Right-Back,Celtic,Right,27.5,Fullback,Overlapping wide defender,Width + recovery runner,0,1.0,1206,16,7,0.13,0.17,0.13,0.16,0.85,0.33,1.87,1.07,59.97,86.9,2.89,2.2,1.05,66.2,1.85,35.5,0.12,0.027,11.72,39.2,2.68,67.2,2.48,65.2,5.59,1.2,0.192,0.03,0.07,0.09,0.1,0.16,0.22,0.36,0.0,0.0,0.0,0.0,0.0,0.0,0.0,0,0.0,Unknown,0.0,0.0,0.0,0.0,0.0,0,0.0,Unknown,0.0,0.0,0.0,estimated_from_squad_profile,2026-06-05T00:33:08.162006+00:00
Scotland,Findlay Curtis,FW,Left Winger,Kilmarnock,Left,29.7,Winger,Wide creator,1v1 carry + crossing threat,0,1.0,1151,15,7,0.32,0.26,0.3,0.25,1.98,0.76,4.43,1.69,38.51,74.3,1.81,3.15,1.57,56.1,1.96,29.7,0.26,0.066,10.79,31.1,1.08,53.1,0.9,46.1,3.67,0.94,0.117,0.28,0.07,0.09,0.1,0.16,0.22,0.36,0.0,0.0,0.0,0.0,0.0,0.0,0.0,0,0.0,Unknown,0.0,0.0,0.0,0.0,0.0,0,0.0,Unknown,0.0,0.0,0.0,estimated_from_squad_profile,2026-06-05T00:33:08.162006+00:00
Scotland,Scott McKenna,DF,Centre-Back,Dinamo Zagreb,Right,23.7,Centre-back,Ball-playing defender,Rest-defense anchor,1,1.0,2677,36,29,0.12,0.16,0.12,0.15,0.79,0.3,1.71,0.89,62.16,87.8,3.87,1.79,0.58,64.9,0.6,34.7,0.16,0.036,11.78,40.9,2.94,68.9,3.41,66.9,5.81,1.15,0.185,0.04,0.155,0.141,0.159,0.15,0.159,0.236,0.0,0.0,0.0,0.0,0.0,0.0,0.0,0,0.0,Unknown,0.0,0.0,0.0,0.0,0.0,0,0.0,Unknown,0.0,0.0,0.0,estimated_from_squad_profile,2026-06-05T00:33:08.162006+00:00
Australia,Mathew Ryan,GK,Goalkeeper,Levante,Right,24.5,Goalkeeper,Sweeper keeper,Build-up keeper,1,1.0,2730,37,29,0.0,0.01,0.0,0.01,0.0,0.0,0.02,0.07,32.5,74.6,5.07,0.15,0.0,0.0,0.0,0.0,0.01,0.0,2.39,31.8,0.19,52.7,0.6,55.9,4.62,0.09,0.021,0.0,0.0,0.0,0.0,0.0,0.0,0.0,2.66,78.0,0.092,1.79,1.41,2.43,51.9,0,0.0,Unknown,0.0,0.0,0.0,0.0,0.0,0,0.0,Unknown,0.0,0.0,0.0,estimated_from_squad_profile,2026-06-05T00:33:08.162006+00:00
Australia,Miloš Degenek,DF,Centre-Back,APOEL,Right,23.1,Centre-back,Ball-playing defender,Rest-defense anchor,1,1.0,2633,36,28,0.11,0.15,0.11,0.14,0.75,0.29,1.63,0.83,60.98,87.3,3.64,1.7,0.52,64.0,0.57,34.1,0.15,0.034,10.87,40.0,2.59,68.0,3.16,66.0,5.27,1.18,0.189,0.03,0.154,0.141,0.16,0.151,0.16,0.233,0.0,0.0,0.0,0.0,0.0,0.0,0.0,0,0.0,Unknown,0.0,0.0,0.0,0.0,0.0,0,0.0,Unknown,0.0,0.0,0.0,estimated_from_squad_profile,2026-06-05T00:33:08.162006+00:00
Australia,Alessandro Circati,DF,Centre-Back,Parma,Right,22.9,Centre-back,Ball-playing defender,Rest-defense anchor,0,1.0,1228,16,7,0.09,0.12,0.09,0.12,0.62,0.24,1.34,0.69,60.58,87.1,2.99,1.4,0.51,63.7,0.47,33.9,0.12,0.028,10.79,39.7,2.53,67.7,2.59,65.7,5.2,1.19,0.19,0.03,0.07,0.09,0.1,0.16,0.22,0.36,0.0,0.0,0.0,0.0,0.0,0.0,0.0,0,0.0,Unknown,0.0,0.0,0.0,0.0,0.0,0,0.0,Unknown,0.0,0.0,0.0,estimated_from_squad_profile,2026-06-05T00:33:08.162006+00:00
Australia,Jacob Italiano,DF,Right-Back,GAK,Right,26.3,Fullback,Overlapping wide defender,Width + recovery runner,0,1.0,1121,15,7,0.11,0.14,0.11,0.14,0.75,0.29,1.62,0.91,57.7,86.0,2.52,2.06,0.94,64.5,1.8,34.3,0.1,0.023,10.6,37.5,2.17,65.5,2.08,63.5,4.86,1.26,0.199,0.03,0.07,0.09,0.1,0.16,0.22,0.36,0.0,0.0,0.0,0.0,0.0,0.0,0.0,0,0.0,Unknown,0.0,0.0,0.0,0.0,0.0,0,0.0,Unknown,0.0,0.0,0.0,estimated_from_squad_profile,2026-06-05T00:33:08.162006+00:00
Australia,Jordan Bos,DF,Left-Back,Feyenoord,Left,31.8,Fullback,Overlapping wide defender,Width + recovery runner,1,1.0,2679,36,29,0.18,0.23,0.17,0.22,1.14,0.44,2.51,1.47,62.22,87.8,3.88,2.8,1.03,68.0,2.26,36.8,0.16,0.036,11.35,41.0,2.84,69.0,3.42,67.0,5.61,1.14,0.185,0.04,0.155,0.141,0.159,0.15,0.159,0.236,0.0,0.0,0.0,0.0,0.0,0.0,0.0,0,0.0,Unknown,0.0,0.0,0.0,0.0,0.0,0,0.0,Unknown,0.0,0.0,0.0,estimated_from_squad_profile,2026-06-05T00:33:08.162006+00:00
Australia,Jason Geria,DF,Right-Back,Albirex Niigata,Right,26.4,Fullback,Overlapping wide defender,Width + recovery runner,0,1.0,1131,15,7,0.11,0.15,0.11,0.14,0.76,0.29,1.65,0.93,57.97,86.1,2.56,2.07,0.89,64.7,1.81,34.4,0.1,0.024,10.05,37.7,2.09,65.7,2.13,63.7,4.63,1.25,0.198,0.03,0.07,0.09,0.1,0.16,0.22,0.36,0.0,0.0,0.0,0.0,0.0,0.0,0.0,0,0.0,Unknown,0.0,0.0,0.0,0.0,0.0,0,0.0,Unknown,0.0,0.0,0.0,estimated_from_squad_profile,2026-06-05T00:33:08.162006+00:00
Australia,Mathew Leckie,FW,Left Winger,Melbourne City,Left,32.2,Winger,Wide creator,1v1 carry + crossing threat,1,1.0,2711,37,29,0.53,0.43,0.49,0.41,3.22,1.24,7.26,2.78,43.06,76.2,2.61,4.64,1.93,59.6,2.52,32.2,0.35,0.091,11.81,34.6,1.27,56.6,1.34,49.6,3.97,0.82,0.102,0.35,0.156,0.14,0.159,0.149,0.159,0.238,0.0,0.0,0.0,0.0,0.0,0.0,0.0,0,0.0,Unknown,0.0,0.0,0.0,0.0,0.0,0,0.0,Unknown,0.0,0.0,0.0,estimated_from_squad_profile,2026-06-05T00:33:08.162006+00:00
Australia,Connor Metcalfe,MF,Central Midfield,FC St. Pauli,Right,22.8,No. 8,Box-to-box midfielder,Progression + counter-press,1,1.0,2612,35,28,0.29,0.3,0.28,0.28,1.82,0.7,4.05,1.82,64.41,84.1,4.15,2.62,0.97,59.6,0.7,31.8,0.5,0.123,14.1,36.6,2.06,61.6,1.52,55.6,6.02,1.29,0.161,0.05,0.154,0.142,0.161,0.151,0.161,0.232,0.0,0.0,0.0,0.0,0.0,0.0,0.0,0,0.0,Unknown,0.0,0.0,0.0,0.0,0.0,0,0.0,Unknown,0.0,0.0,0.0,estimated_from_squad_profile,2026-06-05T00:33:08.162006+00:00
Australia,Mohamed Touré,FW,Centre-Forward,Norwich City,Right,22.0,No. 9,Penalty-box finisher,Depth runs + shot volume,0,1.0,1171,16,7,0.25,0.11,0.24,0.1,1.58,0.61,3.54,0.63,39.03,74.5,1.85,2.4,1.23,53.5,0.59,28.0,0.13,0.034,11.38,31.5,1.15,53.5,0.93,46.5,3.87,0.92,0.115,0.29,0.07,0.09,0.1,0.16,0.22,0.36,0.0,0.0,0.0,0.0,0.0,0.0,0.0,0,0.0,Unknown,0.0,0.0,0.0,0.0,0.0,0,0.0,Unknown,0.0,0.0,0.0,estimated_from_squad_profile,2026-06-05T00:33:08.162006+00:00
Australia,Ajdin Hrustic,FW,Central Midfield,Heracles Almelo,Right,22.6,FW,Hybrid role,Balanced phase contribution,0,1.0,1210,16,7,0.32,0.25,0.3,0.23,1.98,0.76,4.44,1.5,40.09,74.9,1.94,2.57,1.41,54.3,0.63,28.6,0.27,0.07,12.38,32.3,1.27,54.3,0.98,47.3,4.2,0.9,0.112,0.31,0.07,0.09,0.1,0.16,0.22,0.36,0.0,0.0,0.0,0.0,0.0,0.0,0.0,0,0.0,Unknown,0.0,0.0,0.0,0.0,0.0,0,0.0,Unknown,0.0,0.0,0.0,estimated_from_squad_profile,2026-06-05T00:33:08.162006+00:00
Australia,Awer Mabil,FW,Left Winger,Castellón,Left,30.8,Winger,Wide creator,1v1 carry + crossing threat,1,1.0,2611,35,28,0.44,0.36,0.42,0.34,2.71,1.04,6.09,2.33,40.38,75.1,2.34,4.12,1.88,57.6,2.41,30.8,0.33,0.084,12.24,32.6,1.26,54.6,1.18,47.6,4.14,0.89,0.111,0.31,0.154,0.142,0.161,0.151,0.161,0.232,0.0,0.0,0.0,0.0,0.0,0.0,0.0,0,0.0,Unknown,0.0,0.0,0.0,0.0,0.0,0,0.0,Unknown,0.0,0.0,0.0,estimated_from_squad_profile,2026-06-05T00:33:08.162006+00:00
Australia,Paul Izzo,GK,Goalkeeper,Randers,Right,21.2,Goalkeeper,Sweeper keeper,Build-up keeper,0,1.0,1116,15,7,0.0,0.01,0.0,0.01,0.0,0.0,0.02,0.05,29.22,70.5,4.19,0.11,0.0,0.0,0.0,0.0,0.01,0.0,2.01,28.8,0.15,47.8,0.5,52.1,4.07,0.07,0.026,0.0,0.0,0.0,0.0,0.0,0.0,0.0,2.91,73.4,0.037,1.41,1.0,2.65,46.1,0,0.0,Unknown,0.0,0.0,0.0,0.0,0.0,0,0.0,Unknown,0.0,0.0,0.0,estimated_from_squad_profile,2026-06-05T00:33:08.162006+00:00
Australia,Aiden O'Neill,MF,Defensive Midfield,New York City FC,Right,22.8,No. 6,Holding midfielder,Press resistance + ball winning,1,1.0,2614,35,28,0.23,0.15,0.23,0.14,1.49,0.57,3.3,0.81,64.45,84.1,4.16,2.62,0.99,59.6,0.7,31.8,0.35,0.084,14.38,36.6,2.41,61.6,1.53,55.6,6.14,1.29,0.16,0.05,0.154,0.142,0.161,0.151,0.161,0.232,0.0,0.0,0.0,0.0,0.0,0.0,0.0,0,0.0,Unknown,0.0,0.0,0.0,0.0,0.0,0,0.0,Unknown,0.0,0.0,0.0,estimated_from_squad_profile,2026-06-05T00:33:08.162006+00:00
Australia,Cammy Devlin,MF,Central Midfield,Heart of Midlothian,Right,21.8,No. 8,Box-to-box midfielder,Progression + counter-press,0,1.0,1153,15,7,0.21,0.22,0.2,0.2,1.34,0.51,2.98,1.33,62.55,83.3,3.1,1.96,0.86,58.2,0.53,30.8,0.38,0.094,13.31,35.2,1.85,60.2,1.14,54.2,5.59,1.34,0.166,0.05,0.07,0.09,0.1,0.16,0.22,0.36,0.0,0.0,0.0,0.0,0.0,0.0,0.0,0,0.0,Unknown,0.0,0.0,0.0,0.0,0.0,0,0.0,Unknown,0.0,0.0,0.0,estimated_from_squad_profile,2026-06-05T00:33:08.162006+00:00
Australia,Kai Trewin,DF,Defensive Midfield,New York City FC,Right,21.7,No. 6,Holding midfielder,Press resistance + ball winning,0,1.0,1152,15,7,0.08,0.11,0.08,0.1,0.57,0.22,1.22,0.61,58.54,86.3,2.65,1.27,0.49,62.1,0.43,32.7,0.11,0.024,10.98,38.1,2.35,66.1,2.23,64.1,5.12,1.24,0.196,0.03,0.07,0.09,0.1,0.16,0.22,0.36,0.0,0.0,0.0,0.0,0.0,0.0,0.0,0,0.0,Unknown,0.0,0.0,0.0,0.0,0.0,0,0.0,Unknown,0.0,0.0,0.0,estimated_from_squad_profile,2026-06-05T00:33:08.162006+00:00
Australia,Aziz Behich,DF,Left-Back,Melbourne City,Left,32.0,Fullback,Overlapping wide defender,Width + recovery runner,1,1.0,2699,36,29,0.18,0.24,0.18,0.23,1.17,0.45,2.58,1.52,62.75,88.0,3.98,2.84,0.96,68.4,2.27,37.0,0.16,0.037,10.57,41.4,2.7,69.4,3.53,67.4,5.26,1.13,0.183,0.04,0.156,0.14,0.159,0.149,0.159,0.237,0.0,0.0,0.0,0.0,0.0,0.0,0.0,0,0.0,Unknown,0.0,0.0,0.0,0.0,0.0,0,0.0,Unknown,0.0,0.0,0.0,estimated_from_squad_profile,2026-06-05T00:33:08.162006+00:00
Australia,Nestory Irankunda,FW,Right Winger,Watford,Right,27.9,Winger,Wide creator,1v1 carry + crossing threat,1,1.0,2619,35,28,0.45,0.36,0.42,0.34,2.75,1.06,6.18,2.36,40.58,75.1,2.36,4.16,1.76,57.7,2.41,30.9,0.33,0.084,11.37,32.7,1.18,54.7,1.19,47.7,3.85,0.89,0.11,0.31,0.154,0.142,0.161,0.151,0.161,0.232,0.0,0.0,0.0,0.0,0.0,0.0,0.0,0,0.0,Unknown,0.0,0.0,0.0,0.0,0.0,0,0.0,Unknown,0.0,0.0,0.0,estimated_from_squad_profile,2026-06-05T00:33:08.162006+00:00
Australia,Patrick Beach,GK,Goalkeeper,Melbourne City,Right,21.4,Goalkeeper,Sweeper keeper,Build-up keeper,0,1.0,1127,15,7,0.0,0.01,0.0,0.01,0.0,0.0,0.02,0.05,29.38,70.7,4.24,0.11,0.0,0.0,0.0,0.0,0.01,0.0,2.03,28.9,0.15,48.1,0.51,52.3,4.1,0.07,0.026,0.0,0.0,0.0,0.0,0.0,0.0,0.0,2.9,73.6,0.04,1.43,1.02,2.64,46.4,0,0.0,Unknown,0.0,0.0,0.0,0.0,0.0,0,0.0,Unknown,0.0,0.0,0.0,estimated_from_squad_profile,2026-06-05T00:33:08.162006+00:00
Australia,Harry Souttar,DF,Centre-Back,Leicester City,Right,24.6,Centre-back,Ball-playing defender,Rest-defense anchor,1,1.0,2739,37,29,0.12,0.18,0.13,0.16,0.84,0.32,1.83,0.96,63.82,88.5,4.19,1.92,0.65,66.2,0.65,35.6,0.17,0.039,12.6,42.2,3.33,70.2,3.76,68.2,6.36,1.1,0.18,0.04,0.157,0.139,0.158,0.149,0.158,0.239,0.0,0.0,0.0,0.0,0.0,0.0,0.0,0,0.0,Unknown,0.0,0.0,0.0,0.0,0.0,0,0.0,Unknown,0.0,0.0,0.0,estimated_from_squad_profile,2026-06-05T00:33:08.162006+00:00
Australia,Cristian Volpato,FW,Attacking Midfield,Sassuolo,Right,22.2,No. 10,Central creator,Between-lines chance creation,0,1.0,1186,16,7,0.31,0.23,0.29,0.22,1.89,0.73,4.23,1.43,39.45,74.7,1.89,2.47,1.27,53.8,0.6,28.2,0.26,0.068,11.5,31.8,1.17,53.8,0.95,46.8,3.91,0.91,0.114,0.3,0.07,0.09,0.1,0.16,0.22,0.36,0.0,0.0,0.0,0.0,0.0,0.0,0.0,0,0.0,Unknown,0.0,0.0,0.0,0.0,0.0,0,0.0,Unknown,0.0,0.0,0.0,estimated_from_squad_profile,2026-06-05T00:33:08.162006+00:00
Australia,Cameron Burgess,DF,Centre-Back,Swansea City,Right,22.4,Centre-back,Ball-playing defender,Rest-defense anchor,0,1.0,1196,16,7,0.09,0.12,0.09,0.11,0.6,0.23,1.29,0.65,59.71,86.8,2.85,1.35,0.51,63.1,0.46,33.4,0.11,0.026,11.03,39.1,2.49,67.1,2.44,65.1,5.24,1.21,0.193,0.03,0.07,0.09,0.1,0.16,0.22,0.36,0.0,0.0,0.0,0.0,0.0,0.0,0.0,0,0.0,Unknown,0.0,0.0,0.0,0.0,0.0,0,0.0,Unknown,0.0,0.0,0.0,estimated_from_squad_profile,2026-06-05T00:33:08.162006+00:00
Australia,Jackson Irvine,MF,Central Midfield,FC St. Pauli,Right,25.2,No. 8,Box-to-box midfielder,Progression + counter-press,1,1.0,2776,38,30,0.38,0.39,0.36,0.36,2.33,0.9,5.23,2.38,68.8,85.9,5.22,3.3,1.11,63.0,0.86,34.2,0.61,0.149,14.5,40.0,2.33,65.0,1.9,59.0,6.4,1.18,0.147,0.06,0.158,0.139,0.157,0.148,0.157,0.241,0.0,0.0,0.0,0.0,0.0,0.0,0.0,0,0.0,Unknown,0.0,0.0,0.0,0.0,0.0,0,0.0,Unknown,0.0,0.0,0.0,estimated_from_squad_profile,2026-06-05T00:33:08.162006+00:00
Australia,Nishan Velupillay,FW,Left Winger,Melbourne Victory,Left,29.6,Winger,Wide creator,1v1 carry + crossing threat,0,1.0,1140,15,7,0.31,0.25,0.29,0.24,1.92,0.74,4.32,1.65,38.2,74.2,1.78,3.1,1.71,55.9,1.95,29.6,0.25,0.065,11.8,30.9,1.17,52.9,0.88,45.9,4.02,0.95,0.118,0.28,0.07,0.09,0.1,0.16,0.22,0.36,0.0,0.0,0.0,0.0,0.0,0.0,0.0,0,0.0,Unknown,0.0,0.0,0.0,0.0,0.0,0,0.0,Unknown,0.0,0.0,0.0,estimated_from_squad_profile,2026-06-05T00:33:08.162006+00:00
Australia,Paul Okon-Engstler,MF,Defensive Midfield,Sydney FC,Right,21.6,No. 6,Holding midfielder,Press resistance + ball winning,0,1.0,1142,15,7,0.17,0.11,0.16,0.1,1.08,0.41,2.39,0.6,62.25,83.2,3.04,1.92,0.76,57.9,0.52,30.6,0.25,0.059,11.98,34.9,1.87,59.9,1.12,53.9,5.02,1.34,0.167,0.05,0.07,0.09,0.1,0.16,0.22,0.36,0.0,0.0,0.0,0.0,0.0,0.0,0.0,0,0.0,Unknown,0.0,0.0,0.0,0.0,0.0,0,0.0,Unknown,0.0,0.0,0.0,estimated_from_squad_profile,2026-06-05T00:33:08.162006+00:00
Australia,Lucas Herrington,DF,Centre-Back,Colorado Rapids,Right,22.0,Centre-back,Ball-playing defender,Rest-defense anchor,0,1.0,1172,16,7,0.08,0.11,0.09,0.1,0.58,0.22,1.25,0.63,59.06,86.5,2.74,1.31,0.44,62.5,0.44,33.0,0.11,0.025,9.65,38.5,2.12,66.5,2.32,64.5,4.54,1.22,0.195,0.03,0.07,0.09,0.1,0.16,0.22,0.36,0.0,0.0,0.0,0.0,0.0,0.0,0.0,0,0.0,Unknown,0.0,0.0,0.0,0.0,0.0,0,0.0,Unknown,0.0,0.0,0.0,estimated_from_squad_profile,2026-06-05T00:33:08.162006+00:00
Australia,Tete Yengi,FW,Centre-Forward,Machida Zelvia,Right,21.0,No. 9,Penalty-box finisher,Depth runs + shot volume,0,1.0,1104,15,7,0.22,0.1,0.21,0.09,1.37,0.53,3.06,0.56,37.24,73.8,1.7,2.11,1.13,52.1,0.53,27.0,0.12,0.03,11.51,30.1,1.12,52.1,0.84,45.1,3.94,0.97,0.121,0.26,0.07,0.09,0.1,0.16,0.22,0.36,0.0,0.0,0.0,0.0,0.0,0.0,0.0,0,0.0,Unknown,0.0,0.0,0.0,0.0,0.0,0,0.0,Unknown,0.0,0.0,0.0,estimated_from_squad_profile,2026-06-05T00:33:08.162006+00:00
Paraguay,Gatito Fernández,GK,,Cerro Porteño,Right,17.0,Goalkeeper,Sweeper keeper,Build-up keeper,0,1.0,829,11,5,0.0,0.01,0.0,0.01,0.0,0.0,0.02,0.03,25.02,65.3,3.07,0.05,0.0,0.0,0.0,0.0,0.01,0.0,1.52,24.9,0.09,41.5,0.38,47.2,3.37,0.05,0.033,0.0,0.0,0.0,0.0,0.0,0.0,0.0,3.22,67.4,-0.033,0.92,0.48,2.93,38.8,0,0.0,Unknown,0.0,0.0,0.0,0.0,0.0,0,0.0,Unknown,0.0,0.0,0.0,estimated_from_squad_profile,2026-06-05T00:33:08.162006+00:00
Paraguay,Gustavo Velázquez,DF,Centre-Back,Cerro Porteño,Right,21.5,Centre-back,Ball-playing defender,Rest-defense anchor,0,1.0,1138,15,7,0.08,0.11,0.08,0.1,0.56,0.21,1.2,0.59,58.16,86.2,2.59,1.25,0.43,61.9,0.42,32.5,0.1,0.024,9.68,37.9,2.03,65.9,2.16,63.9,4.48,1.25,0.198,0.03,0.07,0.09,0.1,0.16,0.22,0.36,0.0,0.0,0.0,0.0,0.0,0.0,0.0,0,0.0,Unknown,0.0,0.0,0.0,0.0,0.0,0,0.0,Unknown,0.0,0.0,0.0,estimated_from_squad_profile,2026-06-05T00:33:08.162006+00:00
Paraguay,Omar Alderete,DF,Centre-Back,Sunderland,Right,24.0,Centre-back,Ball-playing defender,Rest-defense anchor,1,1.0,2693,36,29,0.12,0.17,0.12,0.15,0.8,0.31,1.74,0.91,62.58,88.0,3.95,1.83,0.59,65.3,0.61,35.0,0.16,0.037,11.87,41.3,3.01,69.3,3.5,67.3,5.89,1.14,0.184,0.04,0.156,0.14,0.159,0.15,0.159,0.237,0.0,0.0,0.0,0.0,0.0,0.0,0.0,0,0.0,Unknown,0.0,0.0,0.0,0.0,0.0,0,0.0,Unknown,0.0,0.0,0.0,estimated_from_squad_profile,2026-06-05T00:33:08.162006+00:00
Paraguay,Juan José Cáceres,DF,Right-Back,Dynamo Moscow,Right,27.5,Fullback,Overlapping wide defender,Width + recovery runner,0,1.0,1205,16,7,0.13,0.17,0.13,0.16,0.85,0.33,1.87,1.07,59.95,86.9,2.89,2.2,1.03,66.2,1.85,35.5,0.12,0.027,11.5,39.2,2.63,67.2,2.48,65.2,5.49,1.2,0.192,0.03,0.07,0.09,0.1,0.16,0.22,0.36,0.0,0.0,0.0,0.0,0.0,0.0,0.0,0,0.0,Unknown,0.0,0.0,0.0,0.0,0.0,0,0.0,Unknown,0.0,0.0,0.0,estimated_from_squad_profile,2026-06-05T00:33:08.162006+00:00
Paraguay,Fabián Balbuena,DF,Centre-Back,Grêmio,Right,23.2,Centre-back,Ball-playing defender,Rest-defense anchor,0,1.0,1250,17,8,0.09,0.13,0.1,0.12,0.64,0.24,1.38,0.71,61.17,87.4,3.09,1.44,0.51,64.2,0.49,34.2,0.12,0.029,10.48,40.2,2.52,68.2,2.69,66.2,5.1,1.17,0.188,0.03,0.07,0.09,0.1,0.16,0.22,0.36,0.0,0.0,0.0,0.0,0.0,0.0,0.0,0,0.0,Unknown,0.0,0.0,0.0,0.0,0.0,0,0.0,Unknown,0.0,0.0,0.0,estimated_from_squad_profile,2026-06-05T00:33:08.162006+00:00
Paraguay,Júnior Alonso,DF,Centre-Back,Atlético Mineiro,Right,24.3,Centre-back,Ball-playing defender,Rest-defense anchor,1,1.0,2717,37,29,0.12,0.17,0.12,0.16,0.82,0.31,1.78,0.93,63.22,88.2,4.07,1.88,0.56,65.8,0.63,35.3,0.16,0.038,11.11,41.8,2.88,69.8,3.63,67.8,5.57,1.12,0.182,0.04,0.156,0.14,0.158,0.149,0.158,0.238,0.0,0.0,0.0,0.0,0.0,0.0,0.0,0,0.0,Unknown,0.0,0.0,0.0,0.0,0.0,0,0.0,Unknown,0.0,0.0,0.0,estimated_from_squad_profile,2026-06-05T00:33:08.162006+00:00
Paraguay,Ramón Sosa,MF,Second Striker,Palmeiras,Right,23.3,No. 9,Penalty-box finisher,Depth runs + shot volume,1,1.0,2646,36,28,0.31,0.32,0.29,0.29,1.92,0.74,4.3,1.94,65.32,84.5,4.37,2.76,1.02,60.3,0.73,32.3,0.52,0.129,14.49,37.3,2.16,62.3,1.6,56.3,6.24,1.27,0.158,0.05,0.155,0.141,0.16,0.151,0.16,0.234,0.0,0.0,0.0,0.0,0.0,0.0,0.0,0,0.0,Unknown,0.0,0.0,0.0,0.0,0.0,0,0.0,Unknown,0.0,0.0,0.0,estimated_from_squad_profile,2026-06-05T00:33:08.162006+00:00
Paraguay,Diego Gómez,MF,Central Midfield,Brighton & Hove Albion,Right,23.6,No. 8,Box-to-box midfielder,Progression + counter-press,1,1.0,2669,36,29,0.32,0.33,0.31,0.31,2.0,0.77,4.46,2.02,65.94,84.7,4.52,2.86,1.0,60.8,0.76,32.6,0.54,0.132,13.94,37.8,2.11,62.8,1.65,56.8,6.03,1.25,0.156,0.06,0.155,0.141,0.159,0.15,0.159,0.235,0.0,0.0,0.0,0.0,0.0,0.0,0.0,0,0.0,Unknown,0.0,0.0,0.0,0.0,0.0,0,0.0,Unknown,0.0,0.0,0.0,estimated_from_squad_profile,2026-06-05T00:33:08.162006+00:00
Paraguay,Antonio Sanabria,FW,Centre-Forward,Cremonese,Right,23.5,No. 9,Penalty-box finisher,Depth runs + shot volume,1,1.0,2662,36,28,0.37,0.16,0.35,0.15,2.26,0.87,5.07,0.87,41.75,75.6,2.47,3.39,1.54,55.6,0.81,29.5,0.19,0.047,12.65,33.6,1.33,55.6,1.26,48.6,4.27,0.86,0.106,0.33,0.155,0.141,0.16,0.15,0.16,0.235,0.0,0.0,0.0,0.0,0.0,0.0,0.0,0,0.0,Unknown,0.0,0.0,0.0,0.0,0.0,0,0.0,Unknown,0.0,0.0,0.0,estimated_from_squad_profile,2026-06-05T00:33:08.162006+00:00
Paraguay,Miguel Almirón,MF,Right Winger,Atlanta United FC,Right,30.3,Winger,Wide creator,1v1 carry + crossing threat,1,1.0,2787,38,30,0.46,0.48,0.43,0.46,2.79,1.08,6.27,3.12,69.11,86.0,5.3,4.34,1.6,66.2,2.52,36.3,0.62,0.151,14.91,40.2,2.41,65.2,1.93,59.2,6.59,1.17,0.146,0.06,0.158,0.138,0.157,0.148,0.157,0.242,0.0,0.0,0.0,0.0,0.0,0.0,0.0,0,0.0,Unknown,0.0,0.0,0.0,0.0,0.0,0,0.0,Unknown,0.0,0.0,0.0,estimated_from_squad_profile,2026-06-05T00:33:08.162006+00:00
Paraguay,Maurício,MF,Attacking Midfield,Palmeiras,Right,22.5,No. 10,Central creator,Between-lines chance creation,0,1.0,1201,16,7,0.24,0.24,0.22,0.22,1.47,0.57,3.28,1.47,63.86,83.9,3.37,2.13,0.9,59.2,0.57,31.5,0.41,0.101,13.36,36.2,1.92,61.2,1.24,55.2,5.68,1.3,0.162,0.05,0.07,0.09,0.1,0.16,0.22,0.36,0.0,0.0,0.0,0.0,0.0,0.0,0.0,0,0.0,Unknown,0.0,0.0,0.0,0.0,0.0,0,0.0,Unknown,0.0,0.0,0.0,estimated_from_squad_profile,2026-06-05T00:33:08.162006+00:00
Paraguay,Orlando Gill,GK,Goalkeeper,San Lorenzo,Right,22.2,Goalkeeper,Sweeper keeper,Build-up keeper,1,1.0,2574,35,27,0.0,0.01,0.0,0.01,0.0,0.0,0.02,0.06,30.21,71.8,4.46,0.12,0.0,0.0,0.0,0.0,0.01,0.0,2.13,29.7,0.16,49.3,0.53,53.3,4.24,0.08,0.025,0.0,0.0,0.0,0.0,0.0,0.0,0.0,2.83,74.8,0.054,1.53,1.13,2.59,47.9,0,0.0,Unknown,0.0,0.0,0.0,0.0,0.0,0,0.0,Unknown,0.0,0.0,0.0,estimated_from_squad_profile,2026-06-05T00:33:08.162006+00:00
Paraguay,José Canale,DF,Centre-Back,Lanús,Right,21.7,Centre-back,Ball-playing defender,Rest-defense anchor,0,1.0,1148,15,7,0.08,0.11,0.08,0.1,0.57,0.22,1.21,0.6,58.43,86.3,2.64,1.27,0.49,62.1,0.43,32.7,0.11,0.024,10.96,38.1,2.33,66.1,2.21,64.1,5.1,1.24,0.197,0.03,0.07,0.09,0.1,0.16,0.22,0.36,0.0,0.0,0.0,0.0,0.0,0.0,0.0,0,0.0,Unknown,0.0,0.0,0.0,0.0,0.0,0,0.0,Unknown,0.0,0.0,0.0,estimated_from_squad_profile,2026-06-05T00:33:08.162006+00:00
Paraguay,Andrés Cubas,MF,Defensive Midfield,Vancouver Whitecaps FC,Right,23.0,No. 6,Holding midfielder,Press resistance + ball winning,1,1.0,2629,36,28,0.24,0.15,0.23,0.14,1.52,0.59,3.39,0.83,64.87,84.3,4.26,2.69,0.96,59.9,0.72,32.0,0.36,0.086,13.77,36.9,2.33,61.9,1.56,55.9,5.9,1.28,0.159,0.05,0.154,0.141,0.16,0.151,0.16,0.233,0.0,0.0,0.0,0.0,0.0,0.0,0.0,0,0.0,Unknown,0.0,0.0,0.0,0.0,0.0,0,0.0,Unknown,0.0,0.0,0.0,estimated_from_squad_profile,2026-06-05T00:33:08.162006+00:00
Paraguay,Gustavo Gómez,DF,Centre-Back,Palmeiras,Right,25.3,Centre-back,Ball-playing defender,Rest-defense anchor,1,1.0,2783,38,30,0.13,0.19,0.13,0.17,0.88,0.34,1.91,1.02,65.01,89.0,4.42,2.01,0.6,67.1,0.68,36.3,0.18,0.041,11.48,43.1,3.15,71.1,4.01,69.1,5.89,1.07,0.176,0.04,0.158,0.139,0.157,0.148,0.157,0.242,0.0,0.0,0.0,0.0,0.0,0.0,0.0,0,0.0,Unknown,0.0,0.0,0.0,0.0,0.0,0,0.0,Unknown,0.0,0.0,0.0,estimated_from_squad_profile,2026-06-05T00:33:08.162006+00:00
Paraguay,Damián Bobadilla,MF,Central Midfield,São Paulo,Right,22.8,No. 8,Box-to-box midfielder,Progression + counter-press,0,1.0,1222,16,7,0.24,0.25,0.23,0.23,1.52,0.59,3.4,1.53,64.4,84.1,3.48,2.2,0.93,59.6,0.59,31.8,0.42,0.104,13.58,36.6,1.98,61.6,1.28,55.6,5.8,1.29,0.161,0.05,0.07,0.09,0.1,0.16,0.22,0.36,0.0,0.0,0.0,0.0,0.0,0.0,0.0,0,0.0,Unknown,0.0,0.0,0.0,0.0,0.0,0,0.0,Unknown,0.0,0.0,0.0,estimated_from_squad_profile,2026-06-05T00:33:08.162006+00:00
Paraguay,Kaku,FW,Attacking Midfield,Al Ain,Right,23.3,No. 10,Central creator,Between-lines chance creation,1,1.0,2645,36,28,0.42,0.32,0.39,0.29,2.56,0.99,5.74,1.94,41.29,75.4,2.43,3.3,1.47,55.3,0.79,29.3,0.34,0.086,12.28,33.3,1.28,55.3,1.24,48.3,4.15,0.87,0.108,0.33,0.155,0.141,0.16,0.151,0.16,0.234,0.0,0.0,0.0,0.0,0.0,0.0,0.0,0,0.0,Unknown,0.0,0.0,0.0,0.0,0.0,0,0.0,Unknown,0.0,0.0,0.0,estimated_from_squad_profile,2026-06-05T00:33:08.162006+00:00
Paraguay,Álex Arce,FW,Centre-Forward,Independiente Rivadavia,Right,22.4,No. 9,Penalty-box finisher,Depth runs + shot volume,0,1.0,1194,16,7,0.27,0.12,0.25,0.11,1.66,0.64,3.7,0.65,39.65,74.8,1.9,2.5,1.34,54.0,0.61,28.4,0.14,0.035,12.02,32.0,1.22,54.0,0.96,47.0,4.08,0.91,0.113,0.3,0.07,0.09,0.1,0.16,0.22,0.36,0.0,0.0,0.0,0.0,0.0,0.0,0.0,0,0.0,Unknown,0.0,0.0,0.0,0.0,0.0,0,0.0,Unknown,0.0,0.0,0.0,estimated_from_squad_profile,2026-06-05T00:33:08.162006+00:00
Paraguay,Julio Enciso,FW,Attacking Midfield,Strasbourg,Right,23.8,No. 10,Central creator,Between-lines chance creation,1,1.0,2685,36,29,0.45,0.34,0.42,0.32,2.73,1.05,6.15,2.07,42.36,75.9,2.54,3.51,1.53,56.1,0.84,29.8,0.35,0.089,12.35,34.1,1.31,56.1,1.3,49.1,4.16,0.84,0.104,0.34,0.155,0.14,0.159,0.15,0.159,0.236,0.0,0.0,0.0,0.0,0.0,0.0,0.0,0,0.0,Unknown,0.0,0.0,0.0,0.0,0.0,0,0.0,Unknown,0.0,0.0,0.0,estimated_from_squad_profile,2026-06-05T00:33:08.162006+00:00
Paraguay,Braian Ojeda,MF,Defensive Midfield,Orlando City SC,Right,22.4,No. 6,Holding midfielder,Press resistance + ball winning,0,1.0,1195,16,7,0.19,0.12,0.18,0.11,1.19,0.46,2.64,0.65,63.69,83.8,3.33,2.11,0.91,59.0,0.57,31.4,0.28,0.066,13.54,36.0,2.22,61.0,1.23,55.0,5.75,1.31,0.163,0.05,0.07,0.09,0.1,0.16,0.22,0.36,0.0,0.0,0.0,0.0,0.0,0.0,0.0,0,0.0,Unknown,0.0,0.0,0.0,0.0,0.0,0,0.0,Unknown,0.0,0.0,0.0,estimated_from_squad_profile,2026-06-05T00:33:08.162006+00:00
Paraguay,Gabriel Ávalos,FW,Centre-Forward,Independiente,Right,22.1,No. 9,Penalty-box finisher,Depth runs + shot volume,0,1.0,1175,16,7,0.26,0.11,0.24,0.1,1.6,0.61,3.57,0.63,39.14,74.6,1.86,2.42,1.17,53.6,0.59,28.1,0.14,0.034,10.74,31.6,1.08,53.6,0.93,46.6,3.65,0.92,0.115,0.29,0.07,0.09,0.1,0.16,0.22,0.36,0.0,0.0,0.0,0.0,0.0,0.0,0.0,0,0.0,Unknown,0.0,0.0,0.0,0.0,0.0,0,0.0,Unknown,0.0,0.0,0.0,estimated_from_squad_profile,2026-06-05T00:33:08.162006+00:00
Paraguay,Gastón Olveira,GK,Goalkeeper,Olimpia,Right,21.1,Goalkeeper,Sweeper keeper,Build-up keeper,0,1.0,1109,15,7,0.0,0.01,0.0,0.01,0.0,0.0,0.02,0.05,29.12,70.4,4.16,0.11,0.0,0.0,0.0,0.0,0.01,0.0,2.0,28.7,0.14,47.7,0.5,52.0,4.05,0.07,0.026,0.0,0.0,0.0,0.0,0.0,0.0,0.0,2.92,73.2,0.035,1.4,0.99,2.66,46.0,0,0.0,Unknown,0.0,0.0,0.0,0.0,0.0,0,0.0,Unknown,0.0,0.0,0.0,estimated_from_squad_profile,2026-06-05T00:33:08.162006+00:00
Paraguay,Matías Galarza,MF,Central Midfield,Atlanta United FC,Right,22.4,No. 8,Box-to-box midfielder,Progression + counter-press,0,1.0,1197,16,7,0.23,0.24,0.22,0.22,1.46,0.56,3.25,1.46,63.74,83.8,3.34,2.11,0.89,59.1,0.57,31.4,0.41,0.1,13.31,36.1,1.91,61.1,1.23,55.1,5.65,1.31,0.163,0.05,0.07,0.09,0.1,0.16,0.22,0.36,0.0,0.0,0.0,0.0,0.0,0.0,0.0,0,0.0,Unknown,0.0,0.0,0.0,0.0,0.0,0,0.0,Unknown,0.0,0.0,0.0,estimated_from_squad_profile,2026-06-05T00:33:08.162006+00:00
Paraguay,Gustavo Caballero,MF,Left Winger,Portsmouth,Left,29.5,Winger,Wide creator,1v1 carry + crossing threat,0,1.0,1135,15,7,0.24,0.25,0.23,0.24,1.5,0.58,3.35,1.63,62.07,83.1,3.0,2.74,1.27,60.8,1.9,32.5,0.37,0.092,12.63,34.8,1.73,59.8,1.11,53.8,5.28,1.35,0.168,0.05,0.07,0.09,0.1,0.16,0.22,0.36,0.0,0.0,0.0,0.0,0.0,0.0,0.0,0,0.0,Unknown,0.0,0.0,0.0,0.0,0.0,0,0.0,Unknown,0.0,0.0,0.0,estimated_from_squad_profile,2026-06-05T00:33:08.162006+00:00
Paraguay,Isidro Pitta,FW,Centre-Forward,Red Bull Bragantino,Right,22.3,No. 9,Penalty-box finisher,Depth runs + shot volume,0,1.0,1190,16,7,0.27,0.12,0.25,0.11,1.64,0.63,3.68,0.65,39.55,74.7,1.89,2.48,1.38,53.9,0.61,28.3,0.14,0.035,12.45,31.9,1.26,53.9,0.95,46.9,4.23,0.91,0.113,0.3,0.07,0.09,0.1,0.16,0.22,0.36,0.0,0.0,0.0,0.0,0.0,0.0,0.0,0,0.0,Unknown,0.0,0.0,0.0,0.0,0.0,0,0.0,Unknown,0.0,0.0,0.0,estimated_from_squad_profile,2026-06-05T00:33:08.162006+00:00
Paraguay,Alexandro Maidana,DF,Left-Back,Talleres,Left,29.7,Fullback,Overlapping wide defender,Width + recovery runner,0,1.0,1152,15,7,0.12,0.15,0.12,0.15,0.79,0.3,1.71,0.97,58.52,86.3,2.65,2.11,0.89,65.1,1.82,34.7,0.11,0.024,9.96,38.1,2.13,66.1,2.23,64.1,4.64,1.24,0.197,0.03,0.07,0.09,0.1,0.16,0.22,0.36,0.0,0.0,0.0,0.0,0.0,0.0,0.0,0,0.0,Unknown,0.0,0.0,0.0,0.0,0.0,0,0.0,Unknown,0.0,0.0,0.0,estimated_from_squad_profile,2026-06-05T00:33:08.162006+00:00
Turkiye,Mert Günok,GK,Goalkeeper,Fenerbahçe,Right,22.3,Goalkeeper,Sweeper keeper,Build-up keeper,0,1.0,1192,16,7,0.0,0.01,0.0,0.01,0.0,0.0,0.02,0.06,30.34,71.9,4.49,0.12,0.0,0.0,0.0,0.0,0.01,0.0,2.14,29.8,0.16,49.5,0.53,53.4,4.26,0.08,0.024,0.0,0.0,0.0,0.0,0.0,0.0,0.0,2.82,75.0,0.056,1.54,1.14,2.58,48.1,0,0.0,Unknown,0.0,0.0,0.0,0.0,0.0,0,0.0,Unknown,0.0,0.0,0.0,estimated_from_squad_profile,2026-06-05T00:33:08.162006+00:00
Turkiye,Zeki Çelik,DF,Right-Back,Roma,Right,29.8,Fullback,Overlapping wide defender,Width + recovery runner,1,1.0,2753,37,29,0.19,0.26,0.19,0.25,1.25,0.48,2.76,1.64,64.18,88.6,4.26,2.95,1.11,69.5,2.3,37.8,0.17,0.039,12.22,42.5,3.27,70.5,3.83,68.5,6.2,1.1,0.179,0.04,0.157,0.139,0.158,0.148,0.158,0.24,0.0,0.0,0.0,0.0,0.0,0.0,0.0,0,0.0,Unknown,0.0,0.0,0.0,0.0,0.0,0,0.0,Unknown,0.0,0.0,0.0,estimated_from_squad_profile,2026-06-05T00:33:08.162006+00:00
Turkiye,Merih Demiral,DF,Centre-Back,Al-Ahli,Right,25.3,Centre-back,Ball-playing defender,Rest-defense anchor,1,1.0,2784,38,30,0.13,0.19,0.13,0.17,0.88,0.34,1.91,1.02,65.01,89.0,4.43,2.01,0.66,67.1,0.68,36.3,0.18,0.041,12.64,43.1,3.47,71.1,4.01,69.1,6.48,1.07,0.176,0.04,0.158,0.139,0.157,0.148,0.157,0.242,0.0,0.0,0.0,0.0,0.0,0.0,0.0,0,0.0,Unknown,0.0,0.0,0.0,0.0,0.0,0,0.0,Unknown,0.0,0.0,0.0,estimated_from_squad_profile,2026-06-05T00:33:08.162006+00:00
Turkiye,Çağlar Söyüncü,DF,Centre-Back,Fenerbahçe,Right,24.1,Centre-back,Ball-playing defender,Rest-defense anchor,1,1.0,2706,37,29,0.12,0.17,0.12,0.16,0.82,0.31,1.76,0.92,62.94,88.1,4.02,1.85,0.59,65.5,0.62,35.1,0.16,0.037,11.73,41.5,3.01,69.5,3.57,67.5,5.85,1.13,0.182,0.04,0.156,0.14,0.159,0.149,0.159,0.237,0.0,0.0,0.0,0.0,0.0,0.0,0.0,0,0.0,Unknown,0.0,0.0,0.0,0.0,0.0,0,0.0,Unknown,0.0,0.0,0.0,estimated_from_squad_profile,2026-06-05T00:33:08.162006+00:00
Turkiye,Salih Özcan,MF,Defensive Midfield,Borussia Dortmund,Right,22.9,No. 6,Holding midfielder,Press resistance + ball winning,0,1.0,1231,16,7,0.2,0.12,0.19,0.12,1.26,0.49,2.8,0.69,64.64,84.2,3.53,2.23,0.98,59.8,0.6,31.9,0.3,0.071,14.2,36.8,2.39,61.8,1.3,55.8,6.08,1.28,0.16,0.05,0.07,0.09,0.1,0.16,0.22,0.36,0.0,0.0,0.0,0.0,0.0,0.0,0.0,0,0.0,Unknown,0.0,0.0,0.0,0.0,0.0,0,0.0,Unknown,0.0,0.0,0.0,estimated_from_squad_profile,2026-06-05T00:33:08.162006+00:00
Turkiye,Orkun Kökçü,MF,Central Midfield,Beşiktaş,Right,24.6,No. 8,Box-to-box midfielder,Progression + counter-press,1,1.0,2735,37,29,0.36,0.37,0.34,0.34,2.2,0.85,4.94,2.24,67.7,85.4,4.95,3.13,1.14,62.1,0.82,33.6,0.58,0.143,15.21,39.1,2.39,64.1,1.81,58.1,6.66,1.21,0.15,0.06,0.157,0.139,0.158,0.149,0.158,0.239,0.0,0.0,0.0,0.0,0.0,0.0,0.0,0,0.0,Unknown,0.0,0.0,0.0,0.0,0.0,0,0.0,Unknown,0.0,0.0,0.0,estimated_from_squad_profile,2026-06-05T00:33:08.162006+00:00
Turkiye,Kerem Aktürkoğlu,FW,Left Winger,Fenerbahçe,Left,32.9,Winger,Wide creator,1v1 carry + crossing threat,1,1.0,2760,37,30,0.58,0.46,0.53,0.44,3.47,1.34,7.83,3.0,44.39,76.7,2.74,4.9,2.39,60.7,2.57,32.9,0.37,0.095,14.21,35.7,1.56,57.7,1.42,50.7,4.76,0.79,0.098,0.37,0.157,0.139,0.157,0.148,0.157,0.241,0.0,0.0,0.0,0.0,0.0,0.0,0.0,0,0.0,Unknown,0.0,0.0,0.0,0.0,0.0,0,0.0,Unknown,0.0,0.0,0.0,estimated_from_squad_profile,2026-06-05T00:33:08.162006+00:00
Turkiye,Arda Güler,FW,Attacking Midfield,Real Madrid,Right,24.3,No. 10,Central creator,Between-lines chance creation,1,1.0,2718,37,29,0.47,0.36,0.44,0.33,2.88,1.11,6.49,2.18,43.26,76.2,2.63,3.68,1.58,56.8,0.87,30.3,0.36,0.092,12.36,34.8,1.33,56.8,1.35,49.8,4.15,0.82,0.101,0.36,0.156,0.14,0.158,0.149,0.158,0.238,0.0,0.0,0.0,0.0,0.0,0.0,0.0,0,0.0,Unknown,0.0,0.0,0.0,0.0,0.0,0,0.0,Unknown,0.0,0.0,0.0,estimated_from_squad_profile,2026-06-05T00:33:08.162006+00:00
Turkiye,Deniz Gül,FW,Centre-Forward,Porto,Right,22.3,No. 9,Penalty-box finisher,Depth runs + shot volume,0,1.0,1190,16,7,0.27,0.12,0.25,0.11,1.65,0.63,3.68,0.65,39.56,74.7,1.89,2.49,1.25,53.9,0.61,28.3,0.14,0.035,11.31,31.9,1.15,53.9,0.95,46.9,3.84,0.91,0.113,0.3,0.07,0.09,0.1,0.16,0.22,0.36,0.0,0.0,0.0,0.0,0.0,0.0,0.0,0,0.0,Unknown,0.0,0.0,0.0,0.0,0.0,0,0.0,Unknown,0.0,0.0,0.0,estimated_from_squad_profile,2026-06-05T00:33:08.162006+00:00
Turkiye,Hakan Çalhanoğlu,MF,Defensive Midfield,Inter Milan,Right,27.0,No. 6,Holding midfielder,Press resistance + ball winning,1,1.0,2900,39,31,0.36,0.21,0.34,0.2,2.19,0.84,4.9,1.16,72.14,87.2,6.04,3.81,1.31,65.6,0.98,36.0,0.54,0.129,16.1,42.6,3.18,67.6,2.19,61.6,7.24,1.1,0.136,0.07,0.161,0.136,0.155,0.145,0.155,0.248,0.0,0.0,0.0,0.0,0.0,0.0,0.0,0,0.0,Unknown,0.0,0.0,0.0,0.0,0.0,0,0.0,Unknown,0.0,0.0,0.0,estimated_from_squad_profile,2026-06-05T00:33:08.162006+00:00
Turkiye,Kenan Yıldız,FW,Left Winger,Juventus,Left,32.2,Winger,Wide creator,1v1 carry + crossing threat,1,1.0,2710,37,29,0.53,0.43,0.49,0.41,3.21,1.24,7.25,2.77,43.04,76.2,2.6,4.64,2.01,59.6,2.52,32.2,0.35,0.091,12.3,34.6,1.32,56.6,1.34,49.6,4.14,0.82,0.102,0.35,0.156,0.14,0.159,0.149,0.159,0.238,0.0,0.0,0.0,0.0,0.0,0.0,0.0,0,0.0,Unknown,0.0,0.0,0.0,0.0,0.0,0,0.0,Unknown,0.0,0.0,0.0,estimated_from_squad_profile,2026-06-05T00:33:08.162006+00:00
Turkiye,Altay Bayındır,GK,Goalkeeper,Manchester United,Right,22.4,Goalkeeper,Sweeper keeper,Build-up keeper,0,1.0,1196,16,7,0.0,0.01,0.0,0.01,0.0,0.0,0.02,0.06,30.38,72.0,4.5,0.13,0.0,0.0,0.0,0.0,0.01,0.0,2.14,29.8,0.16,49.6,0.54,53.4,4.26,0.08,0.024,0.0,0.0,0.0,0.0,0.0,0.0,0.0,2.82,75.0,0.056,1.54,1.15,2.57,48.2,0,0.0,Unknown,0.0,0.0,0.0,0.0,0.0,0,0.0,Unknown,0.0,0.0,0.0,estimated_from_squad_profile,2026-06-05T00:33:08.162006+00:00
Turkiye,Eren Elmalı,DF,Left-Back,Galatasaray,Left,30.7,Fullback,Overlapping wide defender,Width + recovery runner,0,1.0,1219,16,7,0.13,0.17,0.13,0.17,0.87,0.33,1.91,1.1,60.32,87.0,2.95,2.23,1.02,66.5,1.85,35.7,0.12,0.027,11.38,39.5,2.64,67.5,2.54,65.5,5.46,1.19,0.191,0.03,0.07,0.09,0.1,0.16,0.22,0.36,0.0,0.0,0.0,0.0,0.0,0.0,0.0,0,0.0,Unknown,0.0,0.0,0.0,0.0,0.0,0,0.0,Unknown,0.0,0.0,0.0,estimated_from_squad_profile,2026-06-05T00:33:08.162006+00:00
Turkiye,Abdülkerim Bardakcı,DF,Centre-Back,Galatasaray,Right,23.2,Centre-back,Ball-playing defender,Rest-defense anchor,0,1.0,1254,17,8,0.09,0.13,0.1,0.12,0.64,0.24,1.38,0.71,61.27,87.4,3.1,1.45,0.54,64.3,0.49,34.2,0.12,0.029,11.15,40.3,2.69,68.3,2.71,66.3,5.43,1.17,0.188,0.03,0.07,0.09,0.1,0.16,0.22,0.36,0.0,0.0,0.0,0.0,0.0,0.0,0.0,0,0.0,Unknown,0.0,0.0,0.0,0.0,0.0,0,0.0,Unknown,0.0,0.0,0.0,estimated_from_squad_profile,2026-06-05T00:33:08.162006+00:00
Turkiye,Ozan Kabak,DF,Centre-Back,TSG Hoffenheim,Right,23.7,Centre-back,Ball-playing defender,Rest-defense anchor,0,1.0,1283,17,8,0.1,0.13,0.1,0.13,0.66,0.25,1.43,0.74,62.05,87.7,3.23,1.5,0.59,64.9,0.51,34.7,0.13,0.03,11.97,40.9,2.97,68.9,2.85,66.9,5.9,1.15,0.185,0.04,0.07,0.09,0.1,0.16,0.22,0.36,0.0,0.0,0.0,0.0,0.0,0.0,0.0,0,0.0,Unknown,0.0,0.0,0.0,0.0,0.0,0,0.0,Unknown,0.0,0.0,0.0,estimated_from_squad_profile,2026-06-05T00:33:08.162006+00:00
Turkiye,İsmail Yüksek,MF,Defensive Midfield,Fenerbahçe,Right,23.5,No. 6,Holding midfielder,Press resistance + ball winning,0,1.0,1274,17,8,0.22,0.13,0.21,0.12,1.35,0.52,3.01,0.73,65.8,84.6,3.77,2.38,1.07,60.7,0.63,32.5,0.32,0.077,14.96,37.7,2.6,62.7,1.38,56.7,6.46,1.26,0.156,0.06,0.07,0.09,0.1,0.16,0.22,0.36,0.0,0.0,0.0,0.0,0.0,0.0,0.0,0,0.0,Unknown,0.0,0.0,0.0,0.0,0.0,0,0.0,Unknown,0.0,0.0,0.0,estimated_from_squad_profile,2026-06-05T00:33:08.162006+00:00
Turkiye,İrfan Can Kahveci,FW,Right Winger,Kasımpaşa,Right,28.6,Winger,Wide creator,1v1 carry + crossing threat,0,1.0,1280,17,8,0.42,0.34,0.39,0.32,2.53,0.98,5.69,2.18,41.96,75.7,2.1,3.72,2.03,58.8,2.08,31.6,0.29,0.074,12.72,33.8,1.34,55.8,1.07,48.8,4.29,0.85,0.106,0.34,0.07,0.09,0.1,0.16,0.22,0.36,0.0,0.0,0.0,0.0,0.0,0.0,0.0,0,0.0,Unknown,0.0,0.0,0.0,0.0,0.0,0,0.0,Unknown,0.0,0.0,0.0,estimated_from_squad_profile,2026-06-05T00:33:08.162006+00:00
Turkiye,Mert Müldür,DF,Right-Back,Fenerbahçe,Right,29.0,Fullback,Overlapping wide defender,Width + recovery runner,0,1.0,1307,17,8,0.15,0.2,0.15,0.19,0.98,0.38,2.16,1.27,62.7,88.0,3.34,2.38,1.12,68.4,1.9,37.0,0.13,0.031,12.34,41.4,3.14,69.4,2.96,67.4,6.14,1.13,0.183,0.04,0.07,0.09,0.1,0.16,0.22,0.36,0.0,0.0,0.0,0.0,0.0,0.0,0.0,0,0.0,Unknown,0.0,0.0,0.0,0.0,0.0,0,0.0,Unknown,0.0,0.0,0.0,estimated_from_squad_profile,2026-06-05T00:33:08.162006+00:00
Turkiye,Yunus Akgün,FW,Right Winger,Galatasaray,Right,28.2,Winger,Wide creator,1v1 carry + crossing threat,0,1.0,1253,17,8,0.4,0.32,0.37,0.3,2.41,0.93,5.43,2.08,41.24,75.4,2.04,3.6,2.0,58.2,2.05,31.2,0.28,0.072,12.74,33.2,1.33,55.2,1.04,48.2,4.3,0.87,0.108,0.32,0.07,0.09,0.1,0.16,0.22,0.36,0.0,0.0,0.0,0.0,0.0,0.0,0.0,0,0.0,Unknown,0.0,0.0,0.0,0.0,0.0,0,0.0,Unknown,0.0,0.0,0.0,estimated_from_squad_profile,2026-06-05T00:33:08.162006+00:00
Turkiye,Ferdi Kadıoğlu,DF,Left-Back,Brighton & Hove Albion,Left,32.0,Fullback,Overlapping wide defender,Width + recovery runner,1,1.0,2698,36,29,0.18,0.24,0.18,0.23,1.17,0.45,2.57,1.51,62.71,88.0,3.98,2.84,1.1,68.4,2.27,37.0,0.16,0.037,12.12,41.4,3.09,69.4,3.53,67.4,6.03,1.13,0.183,0.04,0.156,0.14,0.159,0.149,0.159,0.237,0.0,0.0,0.0,0.0,0.0,0.0,0.0,0,0.0,Unknown,0.0,0.0,0.0,0.0,0.0,0,0.0,Unknown,0.0,0.0,0.0,estimated_from_squad_profile,2026-06-05T00:33:08.162006+00:00
Turkiye,Barış Alper Yılmaz,FW,Left Winger,Galatasaray,Left,32.0,Winger,Wide creator,1v1 carry + crossing threat,0,1.0,1303,17,8,0.43,0.35,0.4,0.33,2.63,1.01,5.92,2.27,42.59,76.0,2.15,3.82,2.17,59.3,2.1,32.0,0.29,0.075,13.4,34.3,1.43,56.3,1.1,49.3,4.51,0.84,0.104,0.35,0.07,0.09,0.1,0.16,0.22,0.36,0.0,0.0,0.0,0.0,0.0,0.0,0.0,0,0.0,Unknown,0.0,0.0,0.0,0.0,0.0,0,0.0,Unknown,0.0,0.0,0.0,estimated_from_squad_profile,2026-06-05T00:33:08.162006+00:00
Turkiye,Kaan Ayhan,MF,Defensive Midfield,Galatasaray,Right,24.4,No. 6,Holding midfielder,Press resistance + ball winning,1,1.0,2721,37,29,0.28,0.17,0.27,0.16,1.75,0.67,3.9,0.94,67.33,85.3,4.86,3.07,1.07,61.8,0.81,33.4,0.42,0.101,14.5,38.8,2.61,63.8,1.77,57.8,6.33,1.22,0.151,0.06,0.156,0.14,0.158,0.149,0.158,0.238,0.0,0.0,0.0,0.0,0.0,0.0,0.0,0,0.0,Unknown,0.0,0.0,0.0,0.0,0.0,0,0.0,Unknown,0.0,0.0,0.0,estimated_from_squad_profile,2026-06-05T00:33:08.162006+00:00
Turkiye,Uğurcan Çakır,GK,Goalkeeper,Galatasaray,Right,23.7,Goalkeeper,Sweeper keeper,Build-up keeper,1,1.0,2675,36,29,0.0,0.01,0.0,0.01,0.0,0.0,0.02,0.06,31.69,73.6,4.85,0.14,0.0,0.0,0.0,0.0,0.01,0.0,2.3,31.0,0.18,51.5,0.57,55.0,4.48,0.08,0.022,0.0,0.0,0.0,0.0,0.0,0.0,0.0,2.72,76.9,0.078,1.7,1.31,2.49,50.5,0,0.0,Unknown,0.0,0.0,0.0,0.0,0.0,0,0.0,Unknown,0.0,0.0,0.0,estimated_from_squad_profile,2026-06-05T00:33:08.162006+00:00
Turkiye,Oğuz Aydın,FW,Right Winger,Fenerbahçe,Right,27.4,Winger,Wide creator,1v1 carry + crossing threat,0,1.0,1200,16,7,0.36,0.29,0.34,0.27,2.18,0.84,4.91,1.87,39.81,74.8,1.92,3.37,1.86,57.1,2.0,30.4,0.27,0.069,12.3,32.1,1.26,54.1,0.96,47.1,4.17,0.9,0.112,0.3,0.07,0.09,0.1,0.16,0.22,0.36,0.0,0.0,0.0,0.0,0.0,0.0,0.0,0,0.0,Unknown,0.0,0.0,0.0,0.0,0.0,0,0.0,Unknown,0.0,0.0,0.0,estimated_from_squad_profile,2026-06-05T00:33:08.162006+00:00
Turkiye,Samet Akaydin,DF,Centre-Back,Çaykur Rizespor,Right,22.2,Centre-back,Ball-playing defender,Rest-defense anchor,0,1.0,1184,16,7,0.08,0.12,0.09,0.11,0.59,0.22,1.27,0.64,59.38,86.7,2.79,1.33,0.49,62.8,0.45,33.2,0.11,0.026,10.54,38.8,2.34,66.8,2.38,64.8,4.98,1.22,0.194,0.03,0.07,0.09,0.1,0.16,0.22,0.36,0.0,0.0,0.0,0.0,0.0,0.0,0.0,0,0.0,Unknown,0.0,0.0,0.0,0.0,0.0,0,0.0,Unknown,0.0,0.0,0.0,estimated_from_squad_profile,2026-06-05T00:33:08.162006+00:00
Turkiye,Can Uzun,FW,Attacking Midfield,Eintracht Frankfurt,Right,23.0,No. 10,Central creator,Between-lines chance creation,0,1.0,1241,17,8,0.34,0.26,0.32,0.24,2.09,0.81,4.7,1.59,40.91,75.3,2.01,2.71,1.35,55.0,0.65,29.0,0.28,0.072,11.46,33.0,1.19,55.0,1.02,48.0,3.87,0.88,0.109,0.32,0.07,0.09,0.1,0.16,0.22,0.36,0.0,0.0,0.0,0.0,0.0,0.0,0.0,0,0.0,Unknown,0.0,0.0,0.0,0.0,0.0,0,0.0,Unknown,0.0,0.0,0.0,estimated_from_squad_profile,2026-06-05T00:33:08.162006+00:00
USA,Matt Turner,GK,Goalkeeper,New England Revolution,Right,23.5,Goalkeeper,Sweeper keeper,Build-up keeper,1,1.0,2664,36,28,0.0,0.01,0.0,0.01,0.0,0.0,0.02,0.06,31.54,73.4,4.81,0.14,0.0,0.0,0.0,0.0,0.01,0.0,2.28,30.9,0.17,51.3,0.57,54.8,4.46,0.08,0.022,0.0,0.0,0.0,0.0,0.0,0.0,0.0,2.73,76.7,0.076,1.68,1.29,2.5,50.2,0,0.0,Unknown,0.0,0.0,0.0,0.0,0.0,0,0.0,Unknown,0.0,0.0,0.0,estimated_from_squad_profile,2026-06-05T00:33:08.162006+00:00
USA,Sergiño Dest,DF,Right-Back,PSV Eindhoven,Right,29.2,Fullback,Overlapping wide defender,Width + recovery runner,1,1.0,2708,37,29,0.18,0.24,0.18,0.23,1.18,0.45,2.61,1.54,62.99,88.1,4.03,2.86,1.08,68.6,2.27,37.2,0.16,0.037,11.96,41.6,3.07,69.6,3.58,67.6,5.98,1.13,0.182,0.04,0.156,0.14,0.159,0.149,0.159,0.237,0.0,0.0,0.0,0.0,0.0,0.0,0.0,0,0.0,Unknown,0.0,0.0,0.0,0.0,0.0,0,0.0,Unknown,0.0,0.0,0.0,estimated_from_squad_profile,2026-06-05T00:33:08.162006+00:00
USA,Chris Richards,DF,Centre-Back,Crystal Palace,Right,24.3,Centre-back,Ball-playing defender,Rest-defense anchor,1,1.0,2715,37,29,0.12,0.17,0.12,0.16,0.82,0.31,1.78,0.93,63.18,88.2,4.07,1.87,0.62,65.7,0.63,35.3,0.16,0.038,12.23,41.7,3.16,69.7,3.62,67.7,6.12,1.12,0.182,0.04,0.156,0.14,0.158,0.149,0.158,0.238,0.0,0.0,0.0,0.0,0.0,0.0,0.0,0,0.0,Unknown,0.0,0.0,0.0,0.0,0.0,0,0.0,Unknown,0.0,0.0,0.0,estimated_from_squad_profile,2026-06-05T00:33:08.162006+00:00
USA,Tyler Adams,MF,Defensive Midfield,Bournemouth,Right,24.5,No. 6,Holding midfielder,Press resistance + ball winning,1,1.0,2733,37,29,0.29,0.17,0.27,0.16,1.78,0.68,3.97,0.96,67.67,85.4,4.95,3.12,1.18,62.1,0.82,33.5,0.43,0.103,15.77,39.1,2.86,64.1,1.8,58.1,6.9,1.21,0.15,0.06,0.157,0.139,0.158,0.149,0.158,0.239,0.0,0.0,0.0,0.0,0.0,0.0,0.0,0,0.0,Unknown,0.0,0.0,0.0,0.0,0.0,0,0.0,Unknown,0.0,0.0,0.0,estimated_from_squad_profile,2026-06-05T00:33:08.162006+00:00
USA,Antonee Robinson,DF,Left-Back,Fulham,Left,32.9,Fullback,Overlapping wide defender,Width + recovery runner,1,1.0,2758,37,29,0.2,0.26,0.19,0.25,1.26,0.48,2.78,1.65,64.32,88.7,4.29,2.96,1.14,69.6,2.31,37.9,0.17,0.04,12.48,42.6,3.35,70.6,3.86,68.6,6.35,1.09,0.178,0.04,0.157,0.139,0.158,0.148,0.158,0.24,0.0,0.0,0.0,0.0,0.0,0.0,0.0,0,0.0,Unknown,0.0,0.0,0.0,0.0,0.0,0,0.0,Unknown,0.0,0.0,0.0,estimated_from_squad_profile,2026-06-05T00:33:08.162006+00:00
USA,Auston Trusty,DF,Centre-Back,Celtic,Right,22.3,Centre-back,Ball-playing defender,Rest-defense anchor,0,1.0,1189,16,7,0.09,0.12,0.09,0.11,0.6,0.23,1.28,0.65,59.52,86.7,2.81,1.34,0.54,62.9,0.45,33.3,0.11,0.026,11.62,38.9,2.6,66.9,2.4,64.9,5.5,1.21,0.193,0.03,0.07,0.09,0.1,0.16,0.22,0.36,0.0,0.0,0.0,0.0,0.0,0.0,0.0,0,0.0,Unknown,0.0,0.0,0.0,0.0,0.0,0,0.0,Unknown,0.0,0.0,0.0,estimated_from_squad_profile,2026-06-05T00:33:08.162006+00:00
USA,Giovanni Reyna,MF,Attacking Midfield,Borussia Mönchengladbach,Right,23.8,No. 10,Central creator,Between-lines chance creation,1,1.0,2684,36,29,0.33,0.34,0.31,0.32,2.04,0.79,4.57,2.07,66.35,84.9,4.62,2.92,1.02,61.1,0.77,32.8,0.55,0.135,14.1,38.1,2.16,63.1,1.69,57.1,6.12,1.24,0.154,0.06,0.155,0.14,0.159,0.15,0.159,0.236,0.0,0.0,0.0,0.0,0.0,0.0,0.0,0,0.0,Unknown,0.0,0.0,0.0,0.0,0.0,0,0.0,Unknown,0.0,0.0,0.0,estimated_from_squad_profile,2026-06-05T00:33:08.162006+00:00
USA,Weston McKennie,MF,Central Midfield,Juventus,Right,25.8,No. 8,Box-to-box midfielder,Progression + counter-press,1,1.0,2818,38,30,0.4,0.41,0.38,0.39,2.47,0.95,5.54,2.53,69.94,86.3,5.5,3.47,1.31,63.9,0.9,34.8,0.64,0.156,16.75,40.9,2.74,65.9,2.0,59.9,7.44,1.15,0.143,0.06,0.159,0.138,0.156,0.147,0.156,0.244,0.0,0.0,0.0,0.0,0.0,0.0,0.0,0,0.0,Unknown,0.0,0.0,0.0,0.0,0.0,0,0.0,Unknown,0.0,0.0,0.0,estimated_from_squad_profile,2026-06-05T00:33:08.162006+00:00
USA,Ricardo Pepi,FW,Centre-Forward,PSV Eindhoven,Right,24.5,No. 9,Penalty-box finisher,Depth runs + shot volume,0,1.0,1340,18,8,0.35,0.15,0.32,0.14,2.12,0.82,4.75,0.8,43.57,76.4,2.23,3.14,1.68,57.0,0.75,30.5,0.18,0.044,12.95,35.0,1.4,57.0,1.15,50.0,4.35,0.81,0.1,0.36,0.07,0.09,0.1,0.16,0.22,0.36,0.0,0.0,0.0,0.0,0.0,0.0,0.0,0,0.0,Unknown,0.0,0.0,0.0,0.0,0.0,0,0.0,Unknown,0.0,0.0,0.0,estimated_from_squad_profile,2026-06-05T00:33:08.162006+00:00
USA,Christian Pulisic,FW,Right Winger,Milan,Right,32.2,Winger,Wide creator,1v1 carry + crossing threat,1,1.0,2915,39,31,0.71,0.57,0.66,0.54,4.26,1.65,9.64,3.69,48.53,78.4,3.15,5.71,2.8,63.9,2.74,35.2,0.41,0.106,15.53,38.9,1.78,60.9,1.66,53.9,5.16,0.69,0.085,0.44,0.161,0.136,0.154,0.145,0.154,0.249,0.0,0.0,0.0,0.0,0.0,0.0,0.0,0,0.0,Unknown,0.0,0.0,0.0,0.0,0.0,0,0.0,Unknown,0.0,0.0,0.0,estimated_from_squad_profile,2026-06-05T00:33:08.162006+00:00
USA,Brenden Aaronson,FW,Attacking Midfield,Leeds United,Right,24.9,No. 10,Central creator,Between-lines chance creation,1,1.0,2758,37,29,0.5,0.38,0.47,0.35,3.06,1.18,6.89,2.32,44.32,76.7,2.73,3.89,1.81,57.6,0.92,30.9,0.37,0.094,13.68,35.6,1.5,57.6,1.41,50.6,4.59,0.79,0.098,0.37,0.157,0.139,0.158,0.148,0.158,0.24,0.0,0.0,0.0,0.0,0.0,0.0,0.0,0,0.0,Unknown,0.0,0.0,0.0,0.0,0.0,0,0.0,Unknown,0.0,0.0,0.0,estimated_from_squad_profile,2026-06-05T00:33:08.162006+00:00
USA,Miles Robinson,DF,Centre-Back,FC Cincinnati,Right,23.6,Centre-back,Ball-playing defender,Rest-defense anchor,0,1.0,1277,17,8,0.1,0.13,0.1,0.12,0.66,0.25,1.42,0.74,61.89,87.7,3.2,1.49,0.58,64.7,0.5,34.6,0.13,0.03,11.72,40.7,2.89,68.7,2.82,66.7,5.76,1.15,0.186,0.04,0.07,0.09,0.1,0.16,0.22,0.36,0.0,0.0,0.0,0.0,0.0,0.0,0.0,0,0.0,Unknown,0.0,0.0,0.0,0.0,0.0,0,0.0,Unknown,0.0,0.0,0.0,estimated_from_squad_profile,2026-06-05T00:33:08.162006+00:00
USA,Tim Ream,DF,Centre-Back,Charlotte FC,Right,23.5,Centre-back,Ball-playing defender,Rest-defense anchor,0,1.0,1272,17,8,0.1,0.13,0.1,0.12,0.65,0.25,1.41,0.73,61.75,87.6,3.18,1.48,0.48,64.6,0.5,34.5,0.13,0.029,9.72,40.6,2.39,68.6,2.79,66.6,4.77,1.16,0.186,0.04,0.07,0.09,0.1,0.16,0.22,0.36,0.0,0.0,0.0,0.0,0.0,0.0,0.0,0,0.0,Unknown,0.0,0.0,0.0,0.0,0.0,0,0.0,Unknown,0.0,0.0,0.0,estimated_from_squad_profile,2026-06-05T00:33:08.162006+00:00
USA,Sebastian Berhalter,MF,Central Midfield,Vancouver Whitecaps FC,Right,22.6,No. 8,Box-to-box midfielder,Progression + counter-press,0,1.0,1213,16,7,0.24,0.25,0.23,0.23,1.5,0.58,3.35,1.51,64.17,84.0,3.43,2.17,0.93,59.4,0.58,31.6,0.42,0.102,13.74,36.4,1.99,61.4,1.26,55.4,5.86,1.3,0.161,0.05,0.07,0.09,0.1,0.16,0.22,0.36,0.0,0.0,0.0,0.0,0.0,0.0,0.0,0,0.0,Unknown,0.0,0.0,0.0,0.0,0.0,0,0.0,Unknown,0.0,0.0,0.0,estimated_from_squad_profile,2026-06-05T00:33:08.162006+00:00
USA,Cristian Roldan,MF,Central Midfield,Seattle Sounders FC,Right,23.4,No. 8,Box-to-box midfielder,Progression + counter-press,0,1.0,1265,17,8,0.26,0.27,0.25,0.25,1.64,0.63,3.66,1.65,65.56,84.5,3.72,2.35,0.98,60.5,0.62,32.4,0.44,0.109,13.78,37.5,2.07,62.5,1.36,56.5,5.94,1.26,0.157,0.05,0.07,0.09,0.1,0.16,0.22,0.36,0.0,0.0,0.0,0.0,0.0,0.0,0.0,0,0.0,Unknown,0.0,0.0,0.0,0.0,0.0,0,0.0,Unknown,0.0,0.0,0.0,estimated_from_squad_profile,2026-06-05T00:33:08.162006+00:00
USA,Alex Freeman,DF,Right-Back,Villarreal,Right,27.7,Fullback,Overlapping wide defender,Width + recovery runner,0,1.0,1214,16,7,0.13,0.17,0.13,0.17,0.86,0.33,1.89,1.09,60.21,87.0,2.93,2.22,0.94,66.4,1.85,35.7,0.12,0.027,10.5,39.4,2.42,67.4,2.52,65.4,5.03,1.19,0.191,0.03,0.07,0.09,0.1,0.16,0.22,0.36,0.0,0.0,0.0,0.0,0.0,0.0,0.0,0,0.0,Unknown,0.0,0.0,0.0,0.0,0.0,0,0.0,Unknown,0.0,0.0,0.0,estimated_from_squad_profile,2026-06-05T00:33:08.162006+00:00
USA,Malik Tillman,MF,Attacking Midfield,Bayer Leverkusen,Right,23.9,No. 10,Central creator,Between-lines chance creation,1,1.0,2688,36,29,0.33,0.34,0.31,0.32,2.06,0.79,4.6,2.08,66.45,84.9,4.65,2.93,1.04,61.2,0.78,32.9,0.55,0.135,14.42,38.2,2.21,63.2,1.7,57.2,6.26,1.24,0.154,0.06,0.156,0.14,0.159,0.15,0.159,0.236,0.0,0.0,0.0,0.0,0.0,0.0,0.0,0,0.0,Unknown,0.0,0.0,0.0,0.0,0.0,0,0.0,Unknown,0.0,0.0,0.0,estimated_from_squad_profile,2026-06-05T00:33:08.162006+00:00
USA,Maximilian Arfsten,DF,,Columbus Crew,Right,16.8,DF,Hybrid role,Balanced phase contribution,0,1.0,813,11,5,0.04,0.04,0.05,0.04,0.33,0.12,0.67,0.26,49.44,82.6,1.16,0.68,0.28,55.1,0.24,27.8,0.04,0.011,8.99,31.1,0.83,59.1,0.63,57.1,3.36,1.46,0.225,0.01,0.07,0.09,0.1,0.16,0.22,0.36,0.0,0.0,0.0,0.0,0.0,0.0,0.0,0,0.0,Unknown,0.0,0.0,0.0,0.0,0.0,0,0.0,Unknown,0.0,0.0,0.0,estimated_from_squad_profile,2026-06-05T00:33:08.162006+00:00
USA,Haji Wright,FW,Centre-Forward,Coventry City,Right,23.4,No. 9,Penalty-box finisher,Depth runs + shot volume,0,1.0,1267,17,8,0.31,0.13,0.29,0.12,1.89,0.73,4.23,0.72,41.62,75.6,2.07,2.82,1.58,55.5,0.68,29.4,0.16,0.04,13.09,33.5,1.38,55.5,1.05,48.5,4.42,0.86,0.107,0.33,0.07,0.09,0.1,0.16,0.22,0.36,0.0,0.0,0.0,0.0,0.0,0.0,0.0,0,0.0,Unknown,0.0,0.0,0.0,0.0,0.0,0,0.0,Unknown,0.0,0.0,0.0,estimated_from_squad_profile,2026-06-05T00:33:08.162006+00:00
USA,Folarin Balogun,FW,Centre-Forward,Monaco,Right,24.1,No. 9,Penalty-box finisher,Depth runs + shot volume,0,1.0,1312,17,8,0.33,0.14,0.31,0.13,2.03,0.78,4.55,0.77,42.81,76.1,2.17,3.02,1.64,56.4,0.72,30.1,0.17,0.042,12.97,34.4,1.39,56.4,1.11,49.4,4.36,0.83,0.103,0.35,0.07,0.09,0.1,0.16,0.22,0.36,0.0,0.0,0.0,0.0,0.0,0.0,0.0,0,0.0,Unknown,0.0,0.0,0.0,0.0,0.0,0,0.0,Unknown,0.0,0.0,0.0,estimated_from_squad_profile,2026-06-05T00:33:08.162006+00:00
USA,Timothy Weah,FW,Right Midfield,Marseille,Right,29.5,FW,Hybrid role,Balanced phase contribution,1,1.0,2733,37,29,0.48,0.25,0.45,0.24,2.91,1.12,6.55,1.59,43.64,76.4,2.66,4.76,2.27,60.1,2.54,32.5,0.21,0.053,13.73,35.1,1.49,57.1,1.37,50.1,4.61,0.81,0.1,0.36,0.157,0.139,0.158,0.149,0.158,0.239,0.0,0.0,0.0,0.0,0.0,0.0,0.0,0,0.0,Unknown,0.0,0.0,0.0,0.0,0.0,0,0.0,Unknown,0.0,0.0,0.0,estimated_from_squad_profile,2026-06-05T00:33:08.162006+00:00
USA,Mark McKenzie,DF,Centre-Back,Toulouse,Right,23.1,Centre-back,Ball-playing defender,Rest-defense anchor,0,1.0,1241,17,8,0.09,0.13,0.09,0.12,0.63,0.24,1.36,0.7,60.93,87.3,3.05,1.43,0.57,64.0,0.48,34.1,0.12,0.028,11.94,40.0,2.84,68.0,2.65,66.0,5.79,1.18,0.189,0.03,0.07,0.09,0.1,0.16,0.22,0.36,0.0,0.0,0.0,0.0,0.0,0.0,0.0,0,0.0,Unknown,0.0,0.0,0.0,0.0,0.0,0,0.0,Unknown,0.0,0.0,0.0,estimated_from_squad_profile,2026-06-05T00:33:08.162006+00:00
USA,Joe Scally,DF,Right-Back,Borussia Mönchengladbach,Right,28.0,Fullback,Overlapping wide defender,Width + recovery runner,0,1.0,1235,16,7,0.14,0.18,0.13,0.17,0.89,0.34,1.95,1.13,60.74,87.2,3.02,2.26,0.99,66.8,1.86,36.0,0.12,0.028,11.04,39.8,2.61,67.8,2.62,65.8,5.34,1.18,0.189,0.03,0.07,0.09,0.1,0.16,0.22,0.36,0.0,0.0,0.0,0.0,0.0,0.0,0.0,0,0.0,Unknown,0.0,0.0,0.0,0.0,0.0,0,0.0,Unknown,0.0,0.0,0.0,estimated_from_squad_profile,2026-06-05T00:33:08.162006+00:00
USA,Matt Freese,GK,Goalkeeper,New York City FC,Right,22.1,Goalkeeper,Sweeper keeper,Build-up keeper,0,1.0,1176,16,7,0.0,0.01,0.0,0.01,0.0,0.0,0.02,0.06,30.09,71.6,4.43,0.12,0.0,0.0,0.0,0.0,0.01,0.0,2.11,29.6,0.16,49.1,0.53,53.1,4.22,0.08,0.025,0.0,0.0,0.0,0.0,0.0,0.0,0.0,2.84,74.6,0.052,1.51,1.11,2.59,47.7,0,0.0,Unknown,0.0,0.0,0.0,0.0,0.0,0,0.0,Unknown,0.0,0.0,0.0,estimated_from_squad_profile,2026-06-05T00:33:08.162006+00:00
USA,Chris Brady,GK,Goalkeeper,Chicago Fire FC,Right,21.7,Goalkeeper,Sweeper keeper,Build-up keeper,0,1.0,1152,15,7,0.0,0.01,0.0,0.01,0.0,0.0,0.02,0.05,29.74,71.2,4.33,0.12,0.0,0.0,0.0,0.0,0.01,0.0,2.07,29.3,0.15,48.6,0.52,52.7,4.16,0.07,0.025,0.0,0.0,0.0,0.0,0.0,0.0,0.0,2.87,74.1,0.046,1.47,1.07,2.62,47.0,0,0.0,Unknown,0.0,0.0,0.0,0.0,0.0,0,0.0,Unknown,0.0,0.0,0.0,estimated_from_squad_profile,2026-06-05T00:33:08.162006+00:00
USA,Alejandro Zendejas,FW,,América,Right,16.6,FW,Hybrid role,Balanced phase contribution,0,1.0,801,10,5,0.06,0.04,0.06,0.03,0.42,0.16,0.88,0.25,29.1,70.5,1.02,0.77,0.35,45.9,0.25,22.6,0.04,0.011,9.18,23.9,0.7,45.9,0.43,38.9,3.25,1.17,0.147,0.14,0.07,0.09,0.1,0.16,0.22,0.36,0.0,0.0,0.0,0.0,0.0,0.0,0.0,0,0.0,Unknown,0.0,0.0,0.0,0.0,0.0,0,0.0,Unknown,0.0,0.0,0.0,estimated_from_squad_profile,2026-06-05T00:33:08.162006+00:00
Curacao,Eloy Room,GK,Goalkeeper,Miami FC,Right,23.0,Goalkeeper,Sweeper keeper,Build-up keeper,1,1.0,2629,36,28,0.0,0.01,0.0,0.01,0.0,0.0,0.02,0.06,31.02,72.8,4.67,0.13,0.0,0.0,0.0,0.0,0.01,0.0,2.22,30.4,0.17,50.5,0.55,54.2,4.37,0.08,0.023,0.0,0.0,0.0,0.0,0.0,0.0,0.0,2.77,75.9,0.067,1.62,1.23,2.53,49.3,0,0.0,Unknown,0.0,0.0,0.0,0.0,0.0,0,0.0,Unknown,0.0,0.0,0.0,estimated_from_squad_profile,2026-06-05T00:33:08.162006+00:00
Curacao,Shurandy Sambo,DF,Right-Back,Sparta Rotterdam,Right,26.7,Fullback,Overlapping wide defender,Width + recovery runner,0,1.0,1148,15,7,0.12,0.15,0.12,0.14,0.78,0.3,1.7,0.96,58.43,86.3,2.64,2.11,0.96,65.1,1.82,34.7,0.11,0.024,10.76,38.1,2.29,66.1,2.21,64.1,5.0,1.24,0.197,0.03,0.07,0.09,0.1,0.16,0.22,0.36,0.0,0.0,0.0,0.0,0.0,0.0,0.0,0,0.0,Unknown,0.0,0.0,0.0,0.0,0.0,0,0.0,Unknown,0.0,0.0,0.0,estimated_from_squad_profile,2026-06-05T00:33:08.162006+00:00
Curacao,Juriën Gaari,DF,Centre-Back,Abha,Right,23.1,Centre-back,Ball-playing defender,Rest-defense anchor,1,1.0,2637,36,28,0.11,0.15,0.11,0.14,0.76,0.29,1.63,0.84,61.08,87.4,3.66,1.71,0.53,64.1,0.58,34.1,0.15,0.034,10.9,40.1,2.61,68.1,3.19,66.1,5.29,1.17,0.188,0.03,0.154,0.141,0.16,0.151,0.16,0.233,0.0,0.0,0.0,0.0,0.0,0.0,0.0,0,0.0,Unknown,0.0,0.0,0.0,0.0,0.0,0,0.0,Unknown,0.0,0.0,0.0,estimated_from_squad_profile,2026-06-05T00:33:08.162006+00:00
Curacao,Roshon van Eijma,DF,Centre-Back,RKC Waalwijk,Right,22.0,Centre-back,Ball-playing defender,Rest-defense anchor,0,1.0,1171,16,7,0.08,0.11,0.09,0.1,0.58,0.22,1.25,0.63,59.05,86.5,2.74,1.31,0.52,62.5,0.44,33.0,0.11,0.025,11.3,38.5,2.48,66.5,2.32,64.5,5.31,1.22,0.195,0.03,0.07,0.09,0.1,0.16,0.22,0.36,0.0,0.0,0.0,0.0,0.0,0.0,0.0,0,0.0,Unknown,0.0,0.0,0.0,0.0,0.0,0,0.0,Unknown,0.0,0.0,0.0,estimated_from_squad_profile,2026-06-05T00:33:08.162006+00:00
Curacao,Sherel Floranus,DF,Left-Back,PEC Zwolle,Left,30.2,Fullback,Overlapping wide defender,Width + recovery runner,1,1.0,2572,35,27,0.15,0.19,0.15,0.18,0.98,0.37,2.14,1.22,59.33,86.6,3.31,2.58,1.03,65.8,2.18,35.2,0.13,0.031,11.57,38.8,2.57,66.8,2.82,64.8,5.47,1.22,0.194,0.03,0.153,0.143,0.162,0.152,0.162,0.229,0.0,0.0,0.0,0.0,0.0,0.0,0.0,0,0.0,Unknown,0.0,0.0,0.0,0.0,0.0,0,0.0,Unknown,0.0,0.0,0.0,estimated_from_squad_profile,2026-06-05T00:33:08.162006+00:00
Curacao,Godfried Roemeratoe,MF,Defensive Midfield,RKC Waalwijk,Right,21.9,No. 6,Holding midfielder,Press resistance + ball winning,0,1.0,1165,15,7,0.18,0.11,0.17,0.1,1.13,0.43,2.5,0.62,62.88,83.5,3.17,2.0,0.88,58.4,0.54,30.9,0.26,0.062,13.45,35.4,2.15,60.4,1.17,54.4,5.67,1.33,0.165,0.05,0.07,0.09,0.1,0.16,0.22,0.36,0.0,0.0,0.0,0.0,0.0,0.0,0.0,0,0.0,Unknown,0.0,0.0,0.0,0.0,0.0,0,0.0,Unknown,0.0,0.0,0.0,estimated_from_squad_profile,2026-06-05T00:33:08.162006+00:00
Curacao,Juninho Bacuna,MF,Central Midfield,Volendam,Right,24.3,No. 8,Box-to-box midfielder,Progression + counter-press,1,1.0,2713,37,29,0.35,0.36,0.33,0.33,2.14,0.82,4.78,2.17,67.13,85.2,4.81,3.04,1.12,61.7,0.8,33.3,0.57,0.139,15.25,38.7,2.37,63.7,1.76,57.7,6.65,1.22,0.152,0.06,0.156,0.14,0.159,0.149,0.159,0.238,0.0,0.0,0.0,0.0,0.0,0.0,0.0,0,0.0,Unknown,0.0,0.0,0.0,0.0,0.0,0,0.0,Unknown,0.0,0.0,0.0,estimated_from_squad_profile,2026-06-05T00:33:08.162006+00:00
Curacao,Livano Comenencia,MF,Right-Back,Zürich,Right,26.8,Fullback,Overlapping wide defender,Width + recovery runner,0,1.0,1156,15,7,0.21,0.15,0.2,0.15,1.33,0.51,2.95,0.98,62.64,83.4,3.12,2.81,1.25,61.2,1.92,32.8,0.26,0.061,12.37,35.2,1.96,60.2,1.15,54.2,5.2,1.33,0.166,0.05,0.07,0.09,0.1,0.16,0.22,0.36,0.0,0.0,0.0,0.0,0.0,0.0,0.0,0,0.0,Unknown,0.0,0.0,0.0,0.0,0.0,0,0.0,Unknown,0.0,0.0,0.0,estimated_from_squad_profile,2026-06-05T00:33:08.162006+00:00
Curacao,Jürgen Locadia,FW,Centre-Forward,Miami FC,Right,21.2,No. 9,Penalty-box finisher,Depth runs + shot volume,0,1.0,1116,15,7,0.23,0.1,0.22,0.09,1.41,0.54,3.14,0.57,37.56,73.9,1.73,2.16,1.1,52.4,0.54,27.2,0.12,0.03,10.96,30.4,1.07,52.4,0.85,45.4,3.74,0.96,0.12,0.27,0.07,0.09,0.1,0.16,0.22,0.36,0.0,0.0,0.0,0.0,0.0,0.0,0.0,0,0.0,Unknown,0.0,0.0,0.0,0.0,0.0,0,0.0,Unknown,0.0,0.0,0.0,estimated_from_squad_profile,2026-06-05T00:33:08.162006+00:00
Curacao,Leandro Bacuna,MF,Central Midfield,Iğdır,Right,24.4,No. 8,Box-to-box midfielder,Progression + counter-press,1,1.0,2726,37,29,0.35,0.36,0.33,0.34,2.18,0.84,4.88,2.21,67.48,85.3,4.9,3.09,1.02,62.0,0.81,33.4,0.58,0.141,13.71,39.0,2.15,64.0,1.79,58.0,5.99,1.21,0.151,0.06,0.156,0.14,0.158,0.149,0.158,0.239,0.0,0.0,0.0,0.0,0.0,0.0,0.0,0,0.0,Unknown,0.0,0.0,0.0,0.0,0.0,0,0.0,Unknown,0.0,0.0,0.0,estimated_from_squad_profile,2026-06-05T00:33:08.162006+00:00
Curacao,Jeremy Antonisse,FW,Left Winger,Kifisia,Left,30.3,Winger,Wide creator,1v1 carry + crossing threat,1,1.0,2579,35,28,0.42,0.34,0.39,0.32,2.54,0.98,5.72,2.18,39.52,74.7,2.25,3.95,1.8,56.9,2.37,30.3,0.32,0.081,11.98,31.9,1.22,53.9,1.13,46.9,4.07,0.91,0.113,0.3,0.153,0.142,0.161,0.152,0.161,0.23,0.0,0.0,0.0,0.0,0.0,0.0,0.0,0,0.0,Unknown,0.0,0.0,0.0,0.0,0.0,0,0.0,Unknown,0.0,0.0,0.0,estimated_from_squad_profile,2026-06-05T00:33:08.162006+00:00
Curacao,Sontje Hansen,FW,Right Winger,Middlesbrough,Right,27.1,Winger,Wide creator,1v1 carry + crossing threat,0,1.0,1173,16,7,0.34,0.27,0.32,0.26,2.07,0.8,4.64,1.77,39.1,74.5,1.86,3.25,1.76,56.6,1.98,30.1,0.26,0.067,11.85,31.6,1.19,53.6,0.93,46.6,4.03,0.92,0.115,0.29,0.07,0.09,0.1,0.16,0.22,0.36,0.0,0.0,0.0,0.0,0.0,0.0,0.0,0,0.0,Unknown,0.0,0.0,0.0,0.0,0.0,0,0.0,Unknown,0.0,0.0,0.0,estimated_from_squad_profile,2026-06-05T00:33:08.162006+00:00
Curacao,Tyrese Noslin,FW,Right Midfield,Telstar,Right,26.5,FW,Hybrid role,Balanced phase contribution,0,1.0,1135,15,7,0.27,0.15,0.26,0.14,1.68,0.65,3.75,0.94,38.06,74.1,1.77,3.08,1.63,55.8,1.94,29.5,0.13,0.031,11.32,30.8,1.12,52.8,0.88,45.8,3.86,0.95,0.118,0.28,0.07,0.09,0.1,0.16,0.22,0.36,0.0,0.0,0.0,0.0,0.0,0.0,0.0,0,0.0,Unknown,0.0,0.0,0.0,0.0,0.0,0,0.0,Unknown,0.0,0.0,0.0,estimated_from_squad_profile,2026-06-05T00:33:08.162006+00:00
Curacao,Kenji Gorré,FW,Left Winger,Maccabi Haifa,Left,30.7,Winger,Wide creator,1v1 carry + crossing threat,1,1.0,2609,35,28,0.44,0.36,0.41,0.34,2.7,1.04,6.06,2.32,40.32,75.0,2.33,4.11,1.84,57.5,2.4,30.7,0.32,0.084,11.99,32.5,1.23,54.5,1.18,47.5,4.06,0.89,0.111,0.31,0.154,0.142,0.161,0.151,0.161,0.232,0.0,0.0,0.0,0.0,0.0,0.0,0.0,0,0.0,Unknown,0.0,0.0,0.0,0.0,0.0,0,0.0,Unknown,0.0,0.0,0.0,estimated_from_squad_profile,2026-06-05T00:33:08.162006+00:00
Curacao,Ar'jany Martha,MF,Right Winger,Rotherham United,Right,26.6,Winger,Wide creator,1v1 carry + crossing threat,0,1.0,1145,15,7,0.25,0.26,0.23,0.24,1.53,0.59,3.42,1.67,62.33,83.2,3.05,2.77,1.24,61.0,1.91,32.6,0.38,0.093,12.25,35.0,1.69,60.0,1.13,54.0,5.13,1.34,0.167,0.05,0.07,0.09,0.1,0.16,0.22,0.36,0.0,0.0,0.0,0.0,0.0,0.0,0.0,0,0.0,Unknown,0.0,0.0,0.0,0.0,0.0,0,0.0,Unknown,0.0,0.0,0.0,estimated_from_squad_profile,2026-06-05T00:33:08.162006+00:00
Curacao,Jearl Margaritha,FW,Left Winger,Beveren,Left,30.3,Winger,Wide creator,1v1 carry + crossing threat,1,1.0,2580,35,28,0.42,0.34,0.39,0.32,2.55,0.98,5.72,2.19,39.54,74.7,2.25,3.96,1.87,56.9,2.37,30.3,0.32,0.081,12.44,31.9,1.26,53.9,1.13,46.9,4.22,0.91,0.113,0.3,0.153,0.142,0.161,0.152,0.161,0.23,0.0,0.0,0.0,0.0,0.0,0.0,0.0,0,0.0,Unknown,0.0,0.0,0.0,0.0,0.0,0,0.0,Unknown,0.0,0.0,0.0,estimated_from_squad_profile,2026-06-05T00:33:08.162006+00:00
Curacao,Brandley Kuwas,FW,Right Winger,Volendam,Right,27.1,Winger,Wide creator,1v1 carry + crossing threat,0,1.0,1174,16,7,0.34,0.27,0.32,0.26,2.07,0.8,4.65,1.78,39.11,74.5,1.86,3.25,1.66,56.6,1.98,30.1,0.26,0.067,11.18,31.6,1.13,53.6,0.93,46.6,3.8,0.92,0.115,0.29,0.07,0.09,0.1,0.16,0.22,0.36,0.0,0.0,0.0,0.0,0.0,0.0,0.0,0,0.0,Unknown,0.0,0.0,0.0,0.0,0.0,0,0.0,Unknown,0.0,0.0,0.0,estimated_from_squad_profile,2026-06-05T00:33:08.162006+00:00
Curacao,Armando Obispo,DF,Centre-Back,PSV Eindhoven,Right,22.1,Centre-back,Ball-playing defender,Rest-defense anchor,1,1.0,2563,35,27,0.1,0.14,0.1,0.12,0.7,0.26,1.49,0.75,59.11,86.5,3.27,1.56,0.53,62.6,0.53,33.1,0.13,0.03,11.52,38.6,2.53,66.6,2.77,64.6,5.42,1.22,0.195,0.03,0.152,0.143,0.162,0.152,0.162,0.229,0.0,0.0,0.0,0.0,0.0,0.0,0.0,0,0.0,Unknown,0.0,0.0,0.0,0.0,0.0,0,0.0,Unknown,0.0,0.0,0.0,estimated_from_squad_profile,2026-06-05T00:33:08.162006+00:00
Curacao,Gervane Kastaneer,FW,Centre-Forward,Terengganu,Right,22.0,No. 9,Penalty-box finisher,Depth runs + shot volume,0,1.0,1173,16,7,0.26,0.11,0.24,0.1,1.59,0.61,3.55,0.63,39.08,74.5,1.85,2.41,1.28,53.6,0.59,28.0,0.14,0.034,11.85,31.6,1.19,53.6,0.93,46.6,4.03,0.92,0.115,0.29,0.07,0.09,0.1,0.16,0.22,0.36,0.0,0.0,0.0,0.0,0.0,0.0,0.0,0,0.0,Unknown,0.0,0.0,0.0,0.0,0.0,0,0.0,Unknown,0.0,0.0,0.0,estimated_from_squad_profile,2026-06-05T00:33:08.162006+00:00
Curacao,Joshua Brenet,DF,Right-Back,Kayserispor,Right,27.1,Fullback,Overlapping wide defender,Width + recovery runner,1,1.0,2564,35,27,0.15,0.19,0.15,0.18,0.97,0.37,2.12,1.21,59.12,86.6,3.27,2.56,0.94,65.6,2.18,35.1,0.13,0.03,10.49,38.6,2.31,66.6,2.78,64.6,4.94,1.22,0.195,0.03,0.152,0.143,0.162,0.152,0.162,0.229,0.0,0.0,0.0,0.0,0.0,0.0,0.0,0,0.0,Unknown,0.0,0.0,0.0,0.0,0.0,0,0.0,Unknown,0.0,0.0,0.0,estimated_from_squad_profile,2026-06-05T00:33:08.162006+00:00
Curacao,Tahith Chong,MF,Attacking Midfield,Sheffield United,Right,22.2,No. 10,Central creator,Between-lines chance creation,1,1.0,2576,35,28,0.27,0.28,0.26,0.26,1.7,0.65,3.78,1.7,63.43,83.7,3.91,2.47,0.91,58.8,0.67,31.2,0.48,0.118,13.68,35.8,1.95,60.8,1.44,54.8,5.8,1.31,0.164,0.05,0.153,0.143,0.162,0.152,0.162,0.23,0.0,0.0,0.0,0.0,0.0,0.0,0.0,0,0.0,Unknown,0.0,0.0,0.0,0.0,0.0,0,0.0,Unknown,0.0,0.0,0.0,estimated_from_squad_profile,2026-06-05T00:33:08.162006+00:00
Curacao,Kevin Felida,MF,Defensive Midfield,Den Bosch,Right,21.7,No. 6,Holding midfielder,Press resistance + ball winning,0,1.0,1150,15,7,0.17,0.11,0.17,0.1,1.1,0.42,2.43,0.61,62.48,83.3,3.08,1.95,0.85,58.1,0.53,30.7,0.25,0.06,13.28,35.1,2.09,60.1,1.14,54.1,5.57,1.34,0.167,0.05,0.07,0.09,0.1,0.16,0.22,0.36,0.0,0.0,0.0,0.0,0.0,0.0,0.0,0,0.0,Unknown,0.0,0.0,0.0,0.0,0.0,0,0.0,Unknown,0.0,0.0,0.0,estimated_from_squad_profile,2026-06-05T00:33:08.162006+00:00
Curacao,Riechedly Bazoer,DF,Centre-Back,Konyaspor,Right,21.6,Centre-back,Ball-playing defender,Rest-defense anchor,0,1.0,1145,15,7,0.08,0.11,0.08,0.1,0.57,0.21,1.21,0.6,58.35,86.2,2.62,1.26,0.49,62.0,0.43,32.6,0.1,0.024,10.94,38.0,2.32,66.0,2.2,64.0,5.08,1.24,0.197,0.03,0.07,0.09,0.1,0.16,0.22,0.36,0.0,0.0,0.0,0.0,0.0,0.0,0.0,0,0.0,Unknown,0.0,0.0,0.0,0.0,0.0,0,0.0,Unknown,0.0,0.0,0.0,estimated_from_squad_profile,2026-06-05T00:33:08.162006+00:00
Curacao,Deveron Fonville,DF,Centre-Back,NEC,Right,21.5,Centre-back,Ball-playing defender,Rest-defense anchor,0,1.0,1138,15,7,0.08,0.11,0.08,0.1,0.56,0.21,1.2,0.59,58.16,86.2,2.59,1.25,0.47,61.9,0.42,32.5,0.1,0.024,10.49,37.9,2.2,65.9,2.16,63.9,4.86,1.25,0.198,0.03,0.07,0.09,0.1,0.16,0.22,0.36,0.0,0.0,0.0,0.0,0.0,0.0,0.0,0,0.0,Unknown,0.0,0.0,0.0,0.0,0.0,0,0.0,Unknown,0.0,0.0,0.0,estimated_from_squad_profile,2026-06-05T00:33:08.162006+00:00
Curacao,Tyrick Bodak,GK,Goalkeeper,Telstar,Right,20.1,Goalkeeper,Sweeper keeper,Build-up keeper,0,1.0,1037,14,6,0.0,0.01,0.0,0.01,0.0,0.0,0.02,0.05,28.06,69.1,3.88,0.09,0.0,0.0,0.0,0.0,0.01,0.0,1.87,27.7,0.13,46.1,0.47,50.7,3.88,0.07,0.028,0.0,0.0,0.0,0.0,0.0,0.0,0.0,3.0,71.7,0.018,1.27,0.86,2.73,44.1,0,0.0,Unknown,0.0,0.0,0.0,0.0,0.0,0,0.0,Unknown,0.0,0.0,0.0,estimated_from_squad_profile,2026-06-05T00:33:08.162006+00:00
Curacao,Trevor Doornbusch,GK,Goalkeeper,VVV-Venlo,Right,20.4,Goalkeeper,Sweeper keeper,Build-up keeper,0,1.0,1062,14,6,0.0,0.01,0.0,0.01,0.0,0.0,0.02,0.05,28.43,69.5,3.98,0.1,0.0,0.0,0.0,0.0,0.01,0.0,1.92,28.1,0.14,46.6,0.48,51.2,3.94,0.07,0.028,0.0,0.0,0.0,0.0,0.0,0.0,0.0,2.97,72.3,0.024,1.32,0.9,2.7,44.7,0,0.0,Unknown,0.0,0.0,0.0,0.0,0.0,0,0.0,Unknown,0.0,0.0,0.0,estimated_from_squad_profile,2026-06-05T00:33:08.162006+00:00
Ecuador,Hernán Galíndez,GK,Goalkeeper,Huracán,Right,22.0,Goalkeeper,Sweeper keeper,Build-up keeper,1,1.0,2562,35,27,0.0,0.01,0.0,0.01,0.0,0.0,0.02,0.06,30.04,71.5,4.41,0.12,0.0,0.0,0.0,0.0,0.01,0.0,2.1,29.5,0.16,49.1,0.53,53.0,4.21,0.08,0.025,0.0,0.0,0.0,0.0,0.0,0.0,0.0,2.85,74.6,0.051,1.5,1.1,2.6,47.6,0,0.0,Unknown,0.0,0.0,0.0,0.0,0.0,0,0.0,Unknown,0.0,0.0,0.0,estimated_from_squad_profile,2026-06-05T00:33:08.162006+00:00
Ecuador,Félix Torres,DF,Centre-Back,Internacional,Right,23.7,Centre-back,Ball-playing defender,Rest-defense anchor,0,1.0,1284,17,8,0.1,0.14,0.1,0.13,0.66,0.25,1.43,0.74,62.08,87.8,3.23,1.5,0.58,64.9,0.51,34.7,0.13,0.03,11.76,40.9,2.92,68.9,2.85,66.9,5.8,1.15,0.185,0.04,0.07,0.09,0.1,0.16,0.22,0.36,0.0,0.0,0.0,0.0,0.0,0.0,0.0,0,0.0,Unknown,0.0,0.0,0.0,0.0,0.0,0,0.0,Unknown,0.0,0.0,0.0,estimated_from_squad_profile,2026-06-05T00:33:08.162006+00:00
Ecuador,Piero Hincapié,DF,Centre-Back,Arsenal,Right,25.0,Centre-back,Ball-playing defender,Rest-defense anchor,1,1.0,2765,37,30,0.13,0.18,0.13,0.17,0.87,0.33,1.88,0.99,64.53,88.8,4.33,1.98,0.63,66.8,0.66,36.0,0.18,0.04,12.07,42.8,3.26,70.8,3.91,68.8,6.15,1.09,0.177,0.04,0.157,0.139,0.157,0.148,0.157,0.241,0.0,0.0,0.0,0.0,0.0,0.0,0.0,0,0.0,Unknown,0.0,0.0,0.0,0.0,0.0,0,0.0,Unknown,0.0,0.0,0.0,estimated_from_squad_profile,2026-06-05T00:33:08.162006+00:00
Ecuador,Joel Ordóñez,DF,Centre-Back,Club Brugge,Right,23.2,Centre-back,Ball-playing defender,Rest-defense anchor,0,1.0,1255,17,8,0.09,0.13,0.1,0.12,0.64,0.24,1.38,0.71,61.29,87.4,3.11,1.45,0.53,64.3,0.49,34.2,0.12,0.029,10.94,40.3,2.64,68.3,2.71,66.3,5.33,1.17,0.188,0.03,0.07,0.09,0.1,0.16,0.22,0.36,0.0,0.0,0.0,0.0,0.0,0.0,0.0,0,0.0,Unknown,0.0,0.0,0.0,0.0,0.0,0,0.0,Unknown,0.0,0.0,0.0,estimated_from_squad_profile,2026-06-05T00:33:08.162006+00:00
Ecuador,Jordy Alcívar,MF,Defensive Midfield,Independiente del Valle,Right,22.0,No. 6,Holding midfielder,Press resistance + ball winning,0,1.0,1172,16,7,0.18,0.11,0.17,0.1,1.14,0.44,2.53,0.63,63.06,83.5,3.21,2.02,0.89,58.5,0.55,31.0,0.27,0.063,13.53,35.5,2.17,60.5,1.18,54.5,5.71,1.32,0.165,0.05,0.07,0.09,0.1,0.16,0.22,0.36,0.0,0.0,0.0,0.0,0.0,0.0,0.0,0,0.0,Unknown,0.0,0.0,0.0,0.0,0.0,0,0.0,Unknown,0.0,0.0,0.0,estimated_from_squad_profile,2026-06-05T00:33:08.162006+00:00
Ecuador,Willian Pacho,DF,Centre-Back,Paris Saint-Germain,Right,24.5,Centre-back,Ball-playing defender,Rest-defense anchor,1,1.0,2729,37,29,0.12,0.17,0.13,0.16,0.83,0.32,1.81,0.95,63.55,88.4,4.14,1.9,0.6,66.0,0.64,35.5,0.17,0.038,11.86,42.0,3.11,70.0,3.7,68.0,5.97,1.11,0.181,0.04,0.157,0.14,0.158,0.149,0.158,0.239,0.0,0.0,0.0,0.0,0.0,0.0,0.0,0,0.0,Unknown,0.0,0.0,0.0,0.0,0.0,0,0.0,Unknown,0.0,0.0,0.0,estimated_from_squad_profile,2026-06-05T00:33:08.162006+00:00
Ecuador,Pervis Estupiñán,DF,Left-Back,Milan,Left,32.7,Fullback,Overlapping wide defender,Width + recovery runner,1,1.0,2742,37,29,0.19,0.25,0.19,0.25,1.23,0.47,2.72,1.62,63.89,88.5,4.21,2.93,1.13,69.3,2.3,37.7,0.17,0.039,12.39,42.3,3.28,70.3,3.77,68.3,6.26,1.1,0.179,0.04,0.157,0.139,0.158,0.149,0.158,0.239,0.0,0.0,0.0,0.0,0.0,0.0,0.0,0,0.0,Unknown,0.0,0.0,0.0,0.0,0.0,0,0.0,Unknown,0.0,0.0,0.0,estimated_from_squad_profile,2026-06-05T00:33:08.162006+00:00
Ecuador,Anthony Valencia,MF,Right Winger,Antwerp,Right,26.5,Winger,Wide creator,1v1 carry + crossing threat,0,1.0,1135,15,7,0.24,0.25,0.23,0.24,1.5,0.58,3.35,1.63,62.07,83.1,3.0,2.74,1.22,60.8,1.9,32.5,0.37,0.092,12.15,34.8,1.66,59.8,1.11,53.8,5.08,1.35,0.168,0.05,0.07,0.09,0.1,0.16,0.22,0.36,0.0,0.0,0.0,0.0,0.0,0.0,0.0,0,0.0,Unknown,0.0,0.0,0.0,0.0,0.0,0,0.0,Unknown,0.0,0.0,0.0,estimated_from_squad_profile,2026-06-05T00:33:08.162006+00:00
Ecuador,John Yeboah,FW,Second Striker,Venezia,Right,22.9,No. 9,Penalty-box finisher,Depth runs + shot volume,0,1.0,1228,16,7,0.33,0.25,0.31,0.24,2.05,0.79,4.59,1.55,40.58,75.1,1.98,2.65,1.45,54.7,0.64,28.9,0.27,0.071,12.53,32.7,1.3,54.7,1.0,47.7,4.24,0.89,0.11,0.31,0.07,0.09,0.1,0.16,0.22,0.36,0.0,0.0,0.0,0.0,0.0,0.0,0.0,0,0.0,Unknown,0.0,0.0,0.0,0.0,0.0,0,0.0,Unknown,0.0,0.0,0.0,estimated_from_squad_profile,2026-06-05T00:33:08.162006+00:00
Ecuador,Kendry Páez,MF,Attacking Midfield,River Plate,Right,23.2,No. 10,Central creator,Between-lines chance creation,1,1.0,2639,36,28,0.31,0.31,0.29,0.29,1.9,0.73,4.24,1.91,65.12,84.4,4.32,2.73,0.88,60.1,0.73,32.2,0.52,0.128,12.55,37.1,1.87,62.1,1.58,56.1,5.39,1.27,0.158,0.05,0.154,0.141,0.16,0.151,0.16,0.233,0.0,0.0,0.0,0.0,0.0,0.0,0.0,0,0.0,Unknown,0.0,0.0,0.0,0.0,0.0,0,0.0,Unknown,0.0,0.0,0.0,estimated_from_squad_profile,2026-06-05T00:33:08.162006+00:00
Ecuador,Kevin Rodríguez,FW,Centre-Forward,Union Saint-Gilloise,Right,23.1,No. 9,Penalty-box finisher,Depth runs + shot volume,1,1.0,2636,36,28,0.35,0.15,0.33,0.14,2.17,0.83,4.85,0.84,41.05,75.3,2.4,3.25,1.53,55.1,0.78,29.1,0.18,0.046,12.92,33.1,1.35,55.1,1.22,48.1,4.37,0.87,0.108,0.32,0.154,0.141,0.16,0.151,0.16,0.233,0.0,0.0,0.0,0.0,0.0,0.0,0.0,0,0.0,Unknown,0.0,0.0,0.0,0.0,0.0,0,0.0,Unknown,0.0,0.0,0.0,estimated_from_squad_profile,2026-06-05T00:33:08.162006+00:00
Ecuador,Moisés Ramírez,GK,Goalkeeper,Kifisia,Right,21.5,Goalkeeper,Sweeper keeper,Build-up keeper,0,1.0,1135,15,7,0.0,0.01,0.0,0.01,0.0,0.0,0.02,0.05,29.5,70.9,4.27,0.11,0.0,0.0,0.0,0.0,0.01,0.0,2.04,29.0,0.15,48.3,0.51,52.4,4.12,0.07,0.026,0.0,0.0,0.0,0.0,0.0,0.0,0.0,2.89,73.8,0.042,1.44,1.04,2.63,46.6,0,0.0,Unknown,0.0,0.0,0.0,0.0,0.0,0,0.0,Unknown,0.0,0.0,0.0,estimated_from_squad_profile,2026-06-05T00:33:08.162006+00:00
Ecuador,Enner Valencia,FW,Centre-Forward,Pachuca,Right,25.9,No. 9,Penalty-box finisher,Depth runs + shot volume,1,1.0,2827,38,30,0.47,0.2,0.44,0.18,2.88,1.11,6.48,1.07,46.17,77.4,2.92,4.25,1.73,59.0,0.99,31.9,0.24,0.06,12.39,37.0,1.39,59.0,1.52,52.0,4.14,0.75,0.092,0.4,0.159,0.138,0.156,0.147,0.156,0.244,0.0,0.0,0.0,0.0,0.0,0.0,0.0,0,0.0,Unknown,0.0,0.0,0.0,0.0,0.0,0,0.0,Unknown,0.0,0.0,0.0,estimated_from_squad_profile,2026-06-05T00:33:08.162006+00:00
Ecuador,Alan Minda,MF,Right Winger,Atlético Mineiro,Right,27.6,Winger,Wide creator,1v1 carry + crossing threat,0,1.0,1209,16,7,0.28,0.29,0.27,0.28,1.74,0.67,3.89,1.91,64.05,83.9,3.41,2.99,1.36,62.3,1.96,33.6,0.41,0.102,13.18,36.3,1.91,61.3,1.25,55.3,5.61,1.3,0.162,0.05,0.07,0.09,0.1,0.16,0.22,0.36,0.0,0.0,0.0,0.0,0.0,0.0,0.0,0,0.0,Unknown,0.0,0.0,0.0,0.0,0.0,0,0.0,Unknown,0.0,0.0,0.0,estimated_from_squad_profile,2026-06-05T00:33:08.162006+00:00
Ecuador,Pedro Vite,MF,Attacking Midfield,UNAM,Right,22.7,No. 10,Central creator,Between-lines chance creation,0,1.0,1215,16,7,0.24,0.25,0.23,0.23,1.51,0.58,3.36,1.51,64.22,84.0,3.44,2.17,0.92,59.4,0.58,31.7,0.42,0.103,13.5,36.4,1.96,61.4,1.26,55.4,5.76,1.29,0.161,0.05,0.07,0.09,0.1,0.16,0.22,0.36,0.0,0.0,0.0,0.0,0.0,0.0,0.0,0,0.0,Unknown,0.0,0.0,0.0,0.0,0.0,0,0.0,Unknown,0.0,0.0,0.0,estimated_from_squad_profile,2026-06-05T00:33:08.162006+00:00
Ecuador,Jordy Caicedo,FW,Centre-Forward,Huracán,Right,22.4,No. 9,Penalty-box finisher,Depth runs + shot volume,0,1.0,1197,16,7,0.27,0.12,0.25,0.11,1.67,0.64,3.73,0.65,39.74,74.8,1.91,2.52,1.4,54.1,0.61,28.4,0.14,0.035,12.51,32.1,1.27,54.1,0.96,47.1,4.24,0.91,0.113,0.3,0.07,0.09,0.1,0.16,0.22,0.36,0.0,0.0,0.0,0.0,0.0,0.0,0.0,0,0.0,Unknown,0.0,0.0,0.0,0.0,0.0,0,0.0,Unknown,0.0,0.0,0.0,estimated_from_squad_profile,2026-06-05T00:33:08.162006+00:00
Ecuador,Ángelo Preciado,DF,Right-Back,Atlético Mineiro,Right,28.7,Fullback,Overlapping wide defender,Width + recovery runner,1,1.0,2673,36,29,0.17,0.23,0.17,0.22,1.13,0.43,2.49,1.46,62.05,87.7,3.85,2.79,1.08,67.9,2.25,36.7,0.15,0.036,11.97,40.9,2.98,68.9,3.39,66.9,5.9,1.15,0.185,0.04,0.155,0.141,0.159,0.15,0.159,0.235,0.0,0.0,0.0,0.0,0.0,0.0,0.0,0,0.0,Unknown,0.0,0.0,0.0,0.0,0.0,0,0.0,Unknown,0.0,0.0,0.0,estimated_from_squad_profile,2026-06-05T00:33:08.162006+00:00
Ecuador,Denil Castillo,MF,Central Midfield,Midtjylland,Right,22.3,No. 8,Box-to-box midfielder,Progression + counter-press,0,1.0,1188,16,7,0.23,0.24,0.22,0.22,1.43,0.55,3.19,1.44,63.5,83.7,3.3,2.08,0.85,58.9,0.56,31.3,0.4,0.099,12.71,35.9,1.81,60.9,1.21,54.9,5.39,1.31,0.163,0.05,0.07,0.09,0.1,0.16,0.22,0.36,0.0,0.0,0.0,0.0,0.0,0.0,0.0,0,0.0,Unknown,0.0,0.0,0.0,0.0,0.0,0,0.0,Unknown,0.0,0.0,0.0,estimated_from_squad_profile,2026-06-05T00:33:08.162006+00:00
Ecuador,Gonzalo Plata,FW,Right Winger,Flamengo,Right,29.2,Winger,Wide creator,1v1 carry + crossing threat,1,1.0,2712,37,29,0.53,0.43,0.5,0.41,3.23,1.24,7.27,2.78,43.1,76.2,2.61,4.65,2.18,59.7,2.52,32.2,0.35,0.091,13.31,34.7,1.43,56.7,1.34,49.7,4.47,0.82,0.102,0.35,0.156,0.14,0.159,0.149,0.159,0.238,0.0,0.0,0.0,0.0,0.0,0.0,0.0,0,0.0,Unknown,0.0,0.0,0.0,0.0,0.0,0,0.0,Unknown,0.0,0.0,0.0,estimated_from_squad_profile,2026-06-05T00:33:08.162006+00:00
Ecuador,Nilson Angulo,FW,Left Winger,Sunderland,Left,30.9,Winger,Wide creator,1v1 carry + crossing threat,0,1.0,1233,16,7,0.38,0.31,0.36,0.29,2.33,0.9,5.24,2.0,40.71,75.2,1.99,3.52,1.84,57.8,2.03,30.9,0.28,0.071,11.87,32.8,1.23,54.8,1.01,47.8,4.02,0.88,0.11,0.32,0.07,0.09,0.1,0.16,0.22,0.36,0.0,0.0,0.0,0.0,0.0,0.0,0.0,0,0.0,Unknown,0.0,0.0,0.0,0.0,0.0,0,0.0,Unknown,0.0,0.0,0.0,estimated_from_squad_profile,2026-06-05T00:33:08.162006+00:00
Ecuador,Alan Franco,MF,Central Midfield,Atlético Mineiro,Right,23.9,No. 8,Box-to-box midfielder,Progression + counter-press,1,1.0,2692,36,29,0.33,0.34,0.32,0.32,2.07,0.8,4.63,2.1,66.56,85.0,4.67,2.95,1.11,61.2,0.78,32.9,0.55,0.136,15.29,38.2,2.35,63.2,1.71,57.2,6.64,1.24,0.154,0.06,0.156,0.14,0.159,0.15,0.159,0.237,0.0,0.0,0.0,0.0,0.0,0.0,0.0,0,0.0,Unknown,0.0,0.0,0.0,0.0,0.0,0,0.0,Unknown,0.0,0.0,0.0,estimated_from_squad_profile,2026-06-05T00:33:08.162006+00:00
Ecuador,Gonzalo Valle,GK,Goalkeeper,LDU Quito,Right,21.7,Goalkeeper,Sweeper keeper,Build-up keeper,0,1.0,1148,15,7,0.0,0.01,0.0,0.01,0.0,0.0,0.02,0.05,29.68,71.1,4.31,0.12,0.0,0.0,0.0,0.0,0.01,0.0,2.06,29.2,0.15,48.5,0.52,52.6,4.15,0.07,0.026,0.0,0.0,0.0,0.0,0.0,0.0,0.0,2.87,74.0,0.045,1.46,1.06,2.62,46.9,0,0.0,Unknown,0.0,0.0,0.0,0.0,0.0,0,0.0,Unknown,0.0,0.0,0.0,estimated_from_squad_profile,2026-06-05T00:33:08.162006+00:00
Ecuador,Moisés Caicedo,MF,Defensive Midfield,Chelsea,Right,25.4,No. 6,Holding midfielder,Press resistance + ball winning,1,1.0,2792,38,30,0.31,0.19,0.29,0.18,1.92,0.74,4.3,1.03,69.23,86.0,5.33,3.36,1.2,63.3,0.88,34.4,0.47,0.112,15.55,40.3,2.91,65.3,1.94,59.3,6.88,1.17,0.145,0.06,0.158,0.138,0.157,0.148,0.157,0.242,0.0,0.0,0.0,0.0,0.0,0.0,0.0,0,0.0,Unknown,0.0,0.0,0.0,0.0,0.0,0,0.0,Unknown,0.0,0.0,0.0,estimated_from_squad_profile,2026-06-05T00:33:08.162006+00:00
Ecuador,Jeremy Arévalo,FW,Centre-Forward,VfB Stuttgart,Right,22.2,No. 9,Penalty-box finisher,Depth runs + shot volume,0,1.0,1184,16,7,0.26,0.12,0.25,0.11,1.62,0.63,3.63,0.64,39.38,74.7,1.88,2.46,1.24,53.8,0.6,28.2,0.14,0.034,11.26,31.8,1.14,53.8,0.94,46.8,3.82,0.92,0.114,0.3,0.07,0.09,0.1,0.16,0.22,0.36,0.0,0.0,0.0,0.0,0.0,0.0,0.0,0,0.0,Unknown,0.0,0.0,0.0,0.0,0.0,0,0.0,Unknown,0.0,0.0,0.0,estimated_from_squad_profile,2026-06-05T00:33:08.162006+00:00
Ecuador,Jackson Porozo,DF,Centre-Back,Tijuana,Right,22.2,Centre-back,Ball-playing defender,Rest-defense anchor,0,1.0,1180,16,7,0.08,0.11,0.09,0.11,0.59,0.22,1.26,0.64,59.28,86.6,2.78,1.32,0.51,62.7,0.45,33.2,0.11,0.026,11.15,38.7,2.47,66.7,2.36,64.7,5.26,1.22,0.194,0.03,0.07,0.09,0.1,0.16,0.22,0.36,0.0,0.0,0.0,0.0,0.0,0.0,0.0,0,0.0,Unknown,0.0,0.0,0.0,0.0,0.0,0,0.0,Unknown,0.0,0.0,0.0,estimated_from_squad_profile,2026-06-05T00:33:08.162006+00:00
Ecuador,Yaimar Medina,DF,Left-Back,Genk,Left,30.1,Fullback,Overlapping wide defender,Width + recovery runner,0,1.0,1173,16,7,0.12,0.16,0.12,0.15,0.81,0.31,1.78,1.01,59.11,86.5,2.75,2.15,0.92,65.6,1.83,35.1,0.11,0.025,10.28,38.6,2.26,66.6,2.33,64.6,4.84,1.22,0.195,0.03,0.07,0.09,0.1,0.16,0.22,0.36,0.0,0.0,0.0,0.0,0.0,0.0,0.0,0,0.0,Unknown,0.0,0.0,0.0,0.0,0.0,0,0.0,Unknown,0.0,0.0,0.0,estimated_from_squad_profile,2026-06-05T00:33:08.162006+00:00
Germany,Manuel Neuer,GK,Goalkeeper,Bayern Munich,Right,24.8,Goalkeeper,Sweeper keeper,Build-up keeper,1,1.0,2749,37,29,0.0,0.01,0.0,0.01,0.0,0.0,0.02,0.07,32.77,75.0,5.14,0.16,0.0,0.0,0.0,0.0,0.01,0.0,2.42,32.0,0.19,53.2,0.61,56.2,4.66,0.09,0.02,0.0,0.0,0.0,0.0,0.0,0.0,0.0,2.64,78.4,0.096,1.82,1.45,2.42,52.3,0,0.0,Unknown,0.0,0.0,0.0,0.0,0.0,0,0.0,Unknown,0.0,0.0,0.0,estimated_from_squad_profile,2026-06-05T00:33:08.162006+00:00
Germany,Antonio Rüdiger,DF,Centre-Back,Real Madrid,Right,25.4,Centre-back,Ball-playing defender,Rest-defense anchor,1,1.0,2792,38,30,0.13,0.19,0.13,0.18,0.89,0.34,1.93,1.03,65.23,89.1,4.47,2.03,0.61,67.3,0.68,36.4,0.18,0.041,11.52,43.3,3.18,71.3,4.05,69.3,5.93,1.07,0.175,0.04,0.158,0.138,0.157,0.148,0.157,0.242,0.0,0.0,0.0,0.0,0.0,0.0,0.0,0,0.0,Unknown,0.0,0.0,0.0,0.0,0.0,0,0.0,Unknown,0.0,0.0,0.0,estimated_from_squad_profile,2026-06-05T00:33:08.162006+00:00
Germany,Waldemar Anton,DF,Centre-Back,Borussia Dortmund,Right,22.9,Centre-back,Ball-playing defender,Rest-defense anchor,0,1.0,1229,16,7,0.09,0.12,0.09,0.12,0.62,0.24,1.34,0.69,60.61,87.2,2.99,1.41,0.54,63.7,0.47,33.9,0.12,0.028,11.44,39.7,2.69,67.7,2.59,65.7,5.52,1.18,0.19,0.03,0.07,0.09,0.1,0.16,0.22,0.36,0.0,0.0,0.0,0.0,0.0,0.0,0.0,0,0.0,Unknown,0.0,0.0,0.0,0.0,0.0,0,0.0,Unknown,0.0,0.0,0.0,estimated_from_squad_profile,2026-06-05T00:33:08.162006+00:00
Germany,Jonathan Tah,DF,Centre-Back,Bayern Munich,Right,24.3,Centre-back,Ball-playing defender,Rest-defense anchor,1,1.0,2719,37,29,0.12,0.17,0.12,0.16,0.83,0.31,1.79,0.94,63.29,88.3,4.09,1.88,0.6,65.8,0.63,35.3,0.17,0.038,11.8,41.8,3.06,69.8,3.65,67.8,5.92,1.12,0.181,0.04,0.156,0.14,0.158,0.149,0.158,0.238,0.0,0.0,0.0,0.0,0.0,0.0,0.0,0,0.0,Unknown,0.0,0.0,0.0,0.0,0.0,0,0.0,Unknown,0.0,0.0,0.0,estimated_from_squad_profile,2026-06-05T00:33:08.162006+00:00
Germany,Aleksandar Pavlović,MF,Defensive Midfield,Bayern Munich,Right,23.5,No. 6,Holding midfielder,Press resistance + ball winning,1,1.0,2663,36,28,0.26,0.16,0.24,0.15,1.61,0.62,3.57,0.87,65.77,84.6,4.48,2.83,0.97,60.6,0.75,32.5,0.38,0.091,13.6,37.6,2.36,62.6,1.64,56.6,5.87,1.26,0.156,0.06,0.155,0.141,0.16,0.15,0.16,0.235,0.0,0.0,0.0,0.0,0.0,0.0,0.0,0,0.0,Unknown,0.0,0.0,0.0,0.0,0.0,0,0.0,Unknown,0.0,0.0,0.0,estimated_from_squad_profile,2026-06-05T00:33:08.162006+00:00
Germany,Joshua Kimmich,DF,Defensive Midfield,Bayern Munich,Right,27.0,No. 6,Holding midfielder,Press resistance + ball winning,1,1.0,2902,39,31,0.15,0.21,0.15,0.2,0.98,0.37,2.14,1.16,68.18,90.3,5.04,2.26,0.7,69.6,0.75,38.0,0.21,0.047,12.61,45.6,3.78,73.6,4.67,71.6,6.72,1.0,0.166,0.05,0.161,0.136,0.155,0.145,0.155,0.249,0.0,0.0,0.0,0.0,0.0,0.0,0.0,0,0.0,Unknown,0.0,0.0,0.0,0.0,0.0,0,0.0,Unknown,0.0,0.0,0.0,estimated_from_squad_profile,2026-06-05T00:33:08.162006+00:00
Germany,Kai Havertz,FW,Centre-Forward,Arsenal,Right,25.8,No. 9,Penalty-box finisher,Depth runs + shot volume,1,1.0,2820,38,30,0.47,0.19,0.44,0.18,2.85,1.1,6.43,1.06,45.99,77.4,2.9,4.22,2.05,58.9,0.99,31.8,0.24,0.059,14.73,36.9,1.64,58.9,1.51,51.9,4.92,0.75,0.093,0.4,0.159,0.138,0.156,0.147,0.156,0.244,0.0,0.0,0.0,0.0,0.0,0.0,0.0,0,0.0,Unknown,0.0,0.0,0.0,0.0,0.0,0,0.0,Unknown,0.0,0.0,0.0,estimated_from_squad_profile,2026-06-05T00:33:08.162006+00:00
Germany,Leon Goretzka,MF,Central Midfield,Bayern Munich,Right,25.8,No. 8,Box-to-box midfielder,Progression + counter-press,1,1.0,2819,38,30,0.4,0.41,0.38,0.39,2.47,0.95,5.55,2.53,69.96,86.3,5.51,3.48,1.22,63.9,0.9,34.8,0.64,0.156,15.55,40.9,2.55,65.9,2.0,59.9,6.91,1.15,0.143,0.06,0.159,0.138,0.156,0.147,0.156,0.244,0.0,0.0,0.0,0.0,0.0,0.0,0.0,0,0.0,Unknown,0.0,0.0,0.0,0.0,0.0,0,0.0,Unknown,0.0,0.0,0.0,estimated_from_squad_profile,2026-06-05T00:33:08.162006+00:00
Germany,Jamie Leweling,MF,Right Winger,VfB Stuttgart,Right,28.0,Winger,Wide creator,1v1 carry + crossing threat,0,1.0,1237,16,7,0.3,0.31,0.28,0.29,1.83,0.7,4.1,2.02,64.82,84.2,3.57,3.09,1.45,62.9,1.99,34.0,0.43,0.106,14.01,36.9,2.07,61.9,1.31,55.9,6.01,1.28,0.159,0.05,0.07,0.09,0.1,0.16,0.22,0.36,0.0,0.0,0.0,0.0,0.0,0.0,0.0,0,0.0,Unknown,0.0,0.0,0.0,0.0,0.0,0,0.0,Unknown,0.0,0.0,0.0,estimated_from_squad_profile,2026-06-05T00:33:08.162006+00:00
Germany,Jamal Musiala,MF,Attacking Midfield,Bayern Munich,Right,25.2,No. 10,Central creator,Between-lines chance creation,1,1.0,2779,38,30,0.38,0.39,0.36,0.37,2.34,0.9,5.26,2.39,68.89,85.9,5.24,3.31,1.16,63.0,0.86,34.2,0.61,0.15,15.12,40.0,2.43,65.0,1.91,59.0,6.67,1.18,0.146,0.06,0.158,0.139,0.157,0.148,0.157,0.242,0.0,0.0,0.0,0.0,0.0,0.0,0.0,0,0.0,Unknown,0.0,0.0,0.0,0.0,0.0,0,0.0,Unknown,0.0,0.0,0.0,estimated_from_squad_profile,2026-06-05T00:33:08.162006+00:00
Germany,Nick Woltemade,FW,Centre-Forward,Newcastle United,Right,23.5,No. 9,Penalty-box finisher,Depth runs + shot volume,0,1.0,1269,17,8,0.31,0.13,0.29,0.12,1.89,0.73,4.24,0.73,41.68,75.6,2.07,2.83,1.53,55.6,0.68,29.5,0.16,0.04,12.63,33.6,1.33,55.6,1.06,48.6,4.26,0.86,0.106,0.33,0.07,0.09,0.1,0.16,0.22,0.36,0.0,0.0,0.0,0.0,0.0,0.0,0.0,0,0.0,Unknown,0.0,0.0,0.0,0.0,0.0,0,0.0,Unknown,0.0,0.0,0.0,estimated_from_squad_profile,2026-06-05T00:33:08.162006+00:00
Germany,Oliver Baumann,GK,Goalkeeper,TSG Hoffenheim,Right,22.1,Goalkeeper,Sweeper keeper,Build-up keeper,0,1.0,1177,16,7,0.0,0.01,0.0,0.01,0.0,0.0,0.02,0.06,30.11,71.6,4.43,0.12,0.0,0.0,0.0,0.0,0.01,0.0,2.11,29.6,0.16,49.2,0.53,53.1,4.22,0.08,0.025,0.0,0.0,0.0,0.0,0.0,0.0,0.0,2.84,74.7,0.052,1.51,1.11,2.59,47.7,0,0.0,Unknown,0.0,0.0,0.0,0.0,0.0,0,0.0,Unknown,0.0,0.0,0.0,estimated_from_squad_profile,2026-06-05T00:33:08.162006+00:00
Germany,Pascal Groß,MF,Central Midfield,Brighton & Hove Albion,Right,22.4,No. 8,Box-to-box midfielder,Progression + counter-press,0,1.0,1196,16,7,0.23,0.24,0.22,0.22,1.46,0.56,3.24,1.46,63.72,83.8,3.34,2.11,0.82,59.1,0.57,31.4,0.41,0.1,12.29,36.1,1.76,61.1,1.23,55.1,5.22,1.31,0.163,0.05,0.07,0.09,0.1,0.16,0.22,0.36,0.0,0.0,0.0,0.0,0.0,0.0,0.0,0,0.0,Unknown,0.0,0.0,0.0,0.0,0.0,0,0.0,Unknown,0.0,0.0,0.0,estimated_from_squad_profile,2026-06-05T00:33:08.162006+00:00
Germany,Maximilian Beier,FW,Centre-Forward,Borussia Dortmund,Right,23.1,No. 9,Penalty-box finisher,Depth runs + shot volume,0,1.0,1241,17,8,0.29,0.13,0.28,0.12,1.81,0.7,4.04,0.7,40.93,75.3,2.01,2.71,1.43,55.0,0.65,29.1,0.15,0.038,12.17,33.0,1.27,55.0,1.02,48.0,4.11,0.88,0.109,0.32,0.07,0.09,0.1,0.16,0.22,0.36,0.0,0.0,0.0,0.0,0.0,0.0,0.0,0,0.0,Unknown,0.0,0.0,0.0,0.0,0.0,0,0.0,Unknown,0.0,0.0,0.0,estimated_from_squad_profile,2026-06-05T00:33:08.162006+00:00
Germany,Nico Schlotterbeck,DF,Centre-Back,Borussia Dortmund,Right,23.8,Centre-back,Ball-playing defender,Rest-defense anchor,0,1.0,1291,17,8,0.1,0.14,0.1,0.13,0.67,0.25,1.44,0.75,62.27,87.8,3.27,1.51,0.6,65.0,0.51,34.8,0.13,0.03,12.02,41.0,3.01,69.0,2.88,67.0,5.95,1.14,0.185,0.04,0.07,0.09,0.1,0.16,0.22,0.36,0.0,0.0,0.0,0.0,0.0,0.0,0.0,0,0.0,Unknown,0.0,0.0,0.0,0.0,0.0,0,0.0,Unknown,0.0,0.0,0.0,estimated_from_squad_profile,2026-06-05T00:33:08.162006+00:00
Germany,Angelo Stiller,MF,Defensive Midfield,VfB Stuttgart,Right,23.1,No. 6,Holding midfielder,Press resistance + ball winning,0,1.0,1242,17,8,0.2,0.13,0.2,0.12,1.29,0.49,2.86,0.7,64.95,84.3,3.59,2.27,0.98,60.0,0.61,32.1,0.31,0.073,14.07,37.0,2.39,62.0,1.32,56.0,6.04,1.28,0.159,0.05,0.07,0.09,0.1,0.16,0.22,0.36,0.0,0.0,0.0,0.0,0.0,0.0,0.0,0,0.0,Unknown,0.0,0.0,0.0,0.0,0.0,0,0.0,Unknown,0.0,0.0,0.0,estimated_from_squad_profile,2026-06-05T00:33:08.162006+00:00
Germany,Florian Wirtz,MF,Attacking Midfield,Liverpool,Right,25.3,No. 10,Central creator,Between-lines chance creation,1,1.0,2787,38,30,0.39,0.4,0.36,0.37,2.37,0.91,5.32,2.42,69.1,86.0,5.3,3.34,1.17,63.2,0.87,34.3,0.62,0.151,15.21,40.2,2.45,65.2,1.93,59.2,6.72,1.17,0.146,0.06,0.158,0.138,0.157,0.148,0.157,0.242,0.0,0.0,0.0,0.0,0.0,0.0,0.0,0,0.0,Unknown,0.0,0.0,0.0,0.0,0.0,0,0.0,Unknown,0.0,0.0,0.0,estimated_from_squad_profile,2026-06-05T00:33:08.162006+00:00
Germany,Nathaniel Brown,DF,Left-Back,Eintracht Frankfurt,Left,30.9,Fullback,Overlapping wide defender,Width + recovery runner,0,1.0,1232,16,7,0.14,0.18,0.13,0.17,0.89,0.34,1.94,1.12,60.68,87.2,3.01,2.25,0.97,66.8,1.86,35.9,0.12,0.028,10.81,39.8,2.55,67.8,2.6,65.8,5.22,1.18,0.19,0.03,0.07,0.09,0.1,0.16,0.22,0.36,0.0,0.0,0.0,0.0,0.0,0.0,0.0,0,0.0,Unknown,0.0,0.0,0.0,0.0,0.0,0,0.0,Unknown,0.0,0.0,0.0,estimated_from_squad_profile,2026-06-05T00:33:08.162006+00:00
Germany,Leroy Sané,MF,Right Winger,Galatasaray,Left,34.3,Winger,Wide creator,1v1 carry + crossing threat,1,1.0,2852,39,31,0.5,0.53,0.47,0.5,3.04,1.17,6.84,3.41,70.84,86.7,5.72,4.61,1.76,67.6,2.58,37.3,0.66,0.161,16.21,41.6,2.69,66.6,2.08,60.6,7.24,1.13,0.14,0.06,0.159,0.137,0.156,0.146,0.156,0.246,0.0,0.0,0.0,0.0,0.0,0.0,0.0,0,0.0,Unknown,0.0,0.0,0.0,0.0,0.0,0,0.0,Unknown,0.0,0.0,0.0,estimated_from_squad_profile,2026-06-05T00:33:08.162006+00:00
Germany,Nadiem Amiri,MF,Central Midfield,Mainz 05,Right,22.9,No. 8,Box-to-box midfielder,Progression + counter-press,0,1.0,1229,16,7,0.25,0.25,0.24,0.24,1.54,0.59,3.44,1.55,64.58,84.1,3.52,2.22,0.96,59.7,0.59,31.9,0.42,0.104,13.91,36.7,2.04,61.7,1.29,55.7,5.95,1.29,0.16,0.05,0.07,0.09,0.1,0.16,0.22,0.36,0.0,0.0,0.0,0.0,0.0,0.0,0.0,0,0.0,Unknown,0.0,0.0,0.0,0.0,0.0,0,0.0,Unknown,0.0,0.0,0.0,estimated_from_squad_profile,2026-06-05T00:33:08.162006+00:00
Germany,Alexander Nübel,GK,Goalkeeper,VfB Stuttgart,Right,22.4,Goalkeeper,Sweeper keeper,Build-up keeper,0,1.0,1198,16,7,0.0,0.01,0.0,0.01,0.0,0.0,0.02,0.06,30.42,72.0,4.51,0.13,0.0,0.0,0.0,0.0,0.01,0.0,2.15,29.9,0.16,49.6,0.54,53.5,4.27,0.08,0.024,0.0,0.0,0.0,0.0,0.0,0.0,0.0,2.82,75.1,0.057,1.55,1.15,2.57,48.2,0,0.0,Unknown,0.0,0.0,0.0,0.0,0.0,0,0.0,Unknown,0.0,0.0,0.0,estimated_from_squad_profile,2026-06-05T00:33:08.162006+00:00
Germany,David Raum,DF,Left-Back,RB Leipzig,Left,32.0,Fullback,Overlapping wide defender,Width + recovery runner,1,1.0,2693,36,29,0.18,0.24,0.18,0.23,1.16,0.44,2.56,1.5,62.59,88.0,3.95,2.83,1.09,68.3,2.26,37.0,0.16,0.037,12.09,41.3,3.06,69.3,3.5,67.3,6.01,1.14,0.184,0.04,0.156,0.14,0.159,0.15,0.159,0.237,0.0,0.0,0.0,0.0,0.0,0.0,0.0,0,0.0,Unknown,0.0,0.0,0.0,0.0,0.0,0,0.0,Unknown,0.0,0.0,0.0,estimated_from_squad_profile,2026-06-05T00:33:08.162006+00:00
Germany,Felix Nmecha,MF,Central Midfield,Borussia Dortmund,Right,23.2,No. 8,Box-to-box midfielder,Progression + counter-press,0,1.0,1250,17,8,0.26,0.26,0.24,0.25,1.6,0.62,3.57,1.61,65.16,84.4,3.64,2.3,0.99,60.2,0.61,32.2,0.44,0.107,14.16,37.2,2.11,62.2,1.33,56.2,6.08,1.27,0.158,0.05,0.07,0.09,0.1,0.16,0.22,0.36,0.0,0.0,0.0,0.0,0.0,0.0,0.0,0,0.0,Unknown,0.0,0.0,0.0,0.0,0.0,0,0.0,Unknown,0.0,0.0,0.0,estimated_from_squad_profile,2026-06-05T00:33:08.162006+00:00
Germany,Malick Thiaw,DF,Centre-Back,Newcastle United,Right,23.0,Centre-back,Ball-playing defender,Rest-defense anchor,0,1.0,1237,16,7,0.09,0.13,0.09,0.12,0.63,0.24,1.36,0.69,60.82,87.2,3.03,1.42,0.54,63.9,0.48,34.0,0.12,0.028,11.27,39.9,2.67,67.9,2.63,65.9,5.45,1.18,0.189,0.03,0.07,0.09,0.1,0.16,0.22,0.36,0.0,0.0,0.0,0.0,0.0,0.0,0.0,0,0.0,Unknown,0.0,0.0,0.0,0.0,0.0,0,0.0,Unknown,0.0,0.0,0.0,estimated_from_squad_profile,2026-06-05T00:33:08.162006+00:00
Germany,Lennart Karl,MF,Attacking Midfield,Bayern Munich,Right,23.0,No. 10,Central creator,Between-lines chance creation,0,1.0,1240,16,8,0.25,0.26,0.24,0.24,1.57,0.61,3.51,1.58,64.9,84.3,3.58,2.26,0.85,60.0,0.6,32.0,0.43,0.106,12.21,37.0,1.81,62.0,1.31,56.0,5.24,1.28,0.159,0.05,0.07,0.09,0.1,0.16,0.22,0.36,0.0,0.0,0.0,0.0,0.0,0.0,0.0,0,0.0,Unknown,0.0,0.0,0.0,0.0,0.0,0,0.0,Unknown,0.0,0.0,0.0,estimated_from_squad_profile,2026-06-05T00:33:08.162006+00:00
Germany,Deniz Undav,FW,Centre-Forward,VfB Stuttgart,Right,23.1,No. 9,Penalty-box finisher,Depth runs + shot volume,0,1.0,1245,17,8,0.29,0.13,0.28,0.12,1.82,0.7,4.07,0.7,41.02,75.3,2.02,2.72,1.5,55.1,0.66,29.1,0.15,0.038,12.67,33.1,1.32,55.1,1.02,48.1,4.28,0.87,0.109,0.32,0.07,0.09,0.1,0.16,0.22,0.36,0.0,0.0,0.0,0.0,0.0,0.0,0.0,0,0.0,Unknown,0.0,0.0,0.0,0.0,0.0,0,0.0,Unknown,0.0,0.0,0.0,estimated_from_squad_profile,2026-06-05T00:33:08.162006+00:00
Cote d'Ivoire,Yahia Fofana,GK,Goalkeeper,Çaykur Rizespor,Right,23.1,Goalkeeper,Sweeper keeper,Build-up keeper,1,1.0,2636,36,28,0.0,0.01,0.0,0.01,0.0,0.0,0.02,0.06,31.13,72.9,4.7,0.14,0.0,0.0,0.0,0.0,0.01,0.0,2.23,30.5,0.17,50.7,0.56,54.3,4.39,0.08,0.023,0.0,0.0,0.0,0.0,0.0,0.0,0.0,2.77,76.1,0.069,1.63,1.24,2.52,49.5,0,0.0,Unknown,0.0,0.0,0.0,0.0,0.0,0,0.0,Unknown,0.0,0.0,0.0,estimated_from_squad_profile,2026-06-05T00:33:08.162006+00:00
Cote d'Ivoire,Ousmane Diomande,DF,Centre-Back,Sporting CP,Right,23.4,Centre-back,Ball-playing defender,Rest-defense anchor,0,1.0,1266,17,8,0.09,0.13,0.1,0.12,0.65,0.25,1.4,0.72,61.59,87.6,3.16,1.47,0.54,64.5,0.5,34.4,0.13,0.029,11.0,40.5,2.69,68.5,2.76,66.5,5.39,1.16,0.187,0.03,0.07,0.09,0.1,0.16,0.22,0.36,0.0,0.0,0.0,0.0,0.0,0.0,0.0,0,0.0,Unknown,0.0,0.0,0.0,0.0,0.0,0,0.0,Unknown,0.0,0.0,0.0,estimated_from_squad_profile,2026-06-05T00:33:08.162006+00:00
Cote d'Ivoire,Ghislain Konan,DF,Left-Back,Gil Vicente,Left,31.6,Fullback,Overlapping wide defender,Width + recovery runner,1,1.0,2667,36,28,0.17,0.23,0.17,0.22,1.12,0.43,2.47,1.44,61.88,87.7,3.81,2.77,1.04,67.7,2.25,36.6,0.15,0.035,11.5,40.7,2.84,68.7,3.35,66.7,5.65,1.15,0.186,0.04,0.155,0.141,0.16,0.15,0.16,0.235,0.0,0.0,0.0,0.0,0.0,0.0,0.0,0,0.0,Unknown,0.0,0.0,0.0,0.0,0.0,0,0.0,Unknown,0.0,0.0,0.0,estimated_from_squad_profile,2026-06-05T00:33:08.162006+00:00
Cote d'Ivoire,Jean Michaël Seri,MF,Defensive Midfield,Maribor,Right,23.0,No. 6,Holding midfielder,Press resistance + ball winning,0,1.0,1236,16,7,0.2,0.13,0.19,0.12,1.27,0.49,2.83,0.69,64.77,84.2,3.56,2.25,0.88,59.9,0.6,32.0,0.3,0.072,12.69,36.9,2.14,61.9,1.3,55.9,5.44,1.28,0.159,0.05,0.07,0.09,0.1,0.16,0.22,0.36,0.0,0.0,0.0,0.0,0.0,0.0,0.0,0,0.0,Unknown,0.0,0.0,0.0,0.0,0.0,0,0.0,Unknown,0.0,0.0,0.0,estimated_from_squad_profile,2026-06-05T00:33:08.162006+00:00
Cote d'Ivoire,Wilfried Singo,DF,Centre-Back,Galatasaray,Right,23.8,Centre-back,Ball-playing defender,Rest-defense anchor,1,1.0,2684,36,29,0.12,0.16,0.12,0.15,0.8,0.3,1.72,0.9,62.34,87.9,3.9,1.81,0.59,65.1,0.61,34.8,0.16,0.036,11.82,41.1,2.97,69.1,3.45,67.1,5.85,1.14,0.184,0.04,0.155,0.14,0.159,0.15,0.159,0.236,0.0,0.0,0.0,0.0,0.0,0.0,0.0,0,0.0,Unknown,0.0,0.0,0.0,0.0,0.0,0,0.0,Unknown,0.0,0.0,0.0,estimated_from_squad_profile,2026-06-05T00:33:08.162006+00:00
Cote d'Ivoire,Seko Fofana,MF,Central Midfield,Porto,Right,23.7,No. 8,Box-to-box midfielder,Progression + counter-press,1,1.0,2678,36,29,0.33,0.34,0.31,0.31,2.03,0.78,4.53,2.05,66.19,84.8,4.58,2.89,1.01,61.0,0.77,32.7,0.54,0.134,14.04,38.0,2.14,63.0,1.68,57.0,6.08,1.25,0.155,0.06,0.155,0.141,0.159,0.15,0.159,0.236,0.0,0.0,0.0,0.0,0.0,0.0,0.0,0,0.0,Unknown,0.0,0.0,0.0,0.0,0.0,0,0.0,Unknown,0.0,0.0,0.0,estimated_from_squad_profile,2026-06-05T00:33:08.162006+00:00
Cote d'Ivoire,Odilon Kossounou,DF,Centre-Back,Atalanta,Right,23.6,Centre-back,Ball-playing defender,Rest-defense anchor,1,1.0,2668,36,29,0.11,0.16,0.12,0.15,0.78,0.3,1.69,0.88,61.91,87.7,3.82,1.77,0.58,64.7,0.6,34.6,0.15,0.035,11.72,40.7,2.9,68.7,3.36,66.7,5.77,1.15,0.186,0.04,0.155,0.141,0.159,0.15,0.159,0.235,0.0,0.0,0.0,0.0,0.0,0.0,0.0,0,0.0,Unknown,0.0,0.0,0.0,0.0,0.0,0,0.0,Unknown,0.0,0.0,0.0,estimated_from_squad_profile,2026-06-05T00:33:08.162006+00:00
Cote d'Ivoire,Franck Kessié,MF,Central Midfield,Al-Ahli,Right,26.3,No. 8,Box-to-box midfielder,Progression + counter-press,1,1.0,2856,39,31,0.42,0.44,0.4,0.41,2.59,1.0,5.81,2.65,70.95,86.8,5.75,3.63,1.32,64.6,0.94,35.3,0.66,0.162,16.57,41.6,2.76,66.6,2.09,60.6,7.4,1.13,0.14,0.06,0.16,0.137,0.155,0.146,0.155,0.246,0.0,0.0,0.0,0.0,0.0,0.0,0.0,0,0.0,Unknown,0.0,0.0,0.0,0.0,0.0,0,0.0,Unknown,0.0,0.0,0.0,estimated_from_squad_profile,2026-06-05T00:33:08.162006+00:00
Cote d'Ivoire,Ange-Yoan Bonny,FW,Centre-Forward,Inter Milan,Right,22.7,No. 9,Penalty-box finisher,Depth runs + shot volume,0,1.0,1219,16,7,0.28,0.12,0.27,0.11,1.74,0.67,3.88,0.68,40.33,75.0,1.96,2.61,1.35,54.5,0.63,28.7,0.15,0.037,11.76,32.5,1.21,54.5,0.99,47.5,3.98,0.89,0.111,0.31,0.07,0.09,0.1,0.16,0.22,0.36,0.0,0.0,0.0,0.0,0.0,0.0,0.0,0,0.0,Unknown,0.0,0.0,0.0,0.0,0.0,0,0.0,Unknown,0.0,0.0,0.0,estimated_from_squad_profile,2026-06-05T00:33:08.162006+00:00
Cote d'Ivoire,Simon Adingra,FW,Left Winger,Monaco,Left,31.7,Winger,Wide creator,1v1 carry + crossing threat,1,1.0,2678,36,29,0.5,0.41,0.47,0.38,3.05,1.18,6.87,2.63,42.17,75.8,2.52,4.47,2.05,59.0,2.48,31.7,0.34,0.089,12.78,34.0,1.36,56.0,1.29,49.0,4.31,0.85,0.105,0.34,0.155,0.141,0.159,0.15,0.159,0.236,0.0,0.0,0.0,0.0,0.0,0.0,0.0,0,0.0,Unknown,0.0,0.0,0.0,0.0,0.0,0,0.0,Unknown,0.0,0.0,0.0,estimated_from_squad_profile,2026-06-05T00:33:08.162006+00:00
Cote d'Ivoire,Yan Diomande,FW,Left Winger,RB Leipzig,Left,31.5,Winger,Wide creator,1v1 carry + crossing threat,0,1.0,1275,17,8,0.41,0.33,0.38,0.32,2.5,0.97,5.64,2.16,41.82,75.7,2.08,3.7,1.83,58.7,2.07,31.5,0.29,0.074,11.47,33.7,1.21,55.7,1.06,48.7,3.87,0.85,0.106,0.33,0.07,0.09,0.1,0.16,0.22,0.36,0.0,0.0,0.0,0.0,0.0,0.0,0.0,0,0.0,Unknown,0.0,0.0,0.0,0.0,0.0,0,0.0,Unknown,0.0,0.0,0.0,estimated_from_squad_profile,2026-06-05T00:33:08.162006+00:00
Cote d'Ivoire,Elye Wahi,FW,Centre-Forward,Nice,Right,22.5,No. 9,Penalty-box finisher,Depth runs + shot volume,0,1.0,1204,16,7,0.27,0.12,0.26,0.11,1.69,0.65,3.78,0.66,39.92,74.9,1.93,2.55,1.34,54.2,0.62,28.5,0.14,0.036,11.87,32.2,1.21,54.2,0.97,47.2,4.03,0.9,0.112,0.3,0.07,0.09,0.1,0.16,0.22,0.36,0.0,0.0,0.0,0.0,0.0,0.0,0.0,0,0.0,Unknown,0.0,0.0,0.0,0.0,0.0,0,0.0,Unknown,0.0,0.0,0.0,estimated_from_squad_profile,2026-06-05T00:33:08.162006+00:00
Cote d'Ivoire,Christopher Opéri,DF,Left-Back,İstanbul Başakşehir,Left,30.3,Fullback,Overlapping wide defender,Width + recovery runner,0,1.0,1187,16,7,0.13,0.16,0.13,0.16,0.83,0.32,1.82,1.04,59.48,86.7,2.81,2.17,1.0,65.9,1.84,35.3,0.11,0.026,11.19,38.9,2.5,66.9,2.39,64.9,5.3,1.21,0.193,0.03,0.07,0.09,0.1,0.16,0.22,0.36,0.0,0.0,0.0,0.0,0.0,0.0,0.0,0,0.0,Unknown,0.0,0.0,0.0,0.0,0.0,0,0.0,Unknown,0.0,0.0,0.0,estimated_from_squad_profile,2026-06-05T00:33:08.162006+00:00
Cote d'Ivoire,Oumar Diakité,FW,Centre-Forward,Cercle Brugge,Right,23.2,No. 9,Penalty-box finisher,Depth runs + shot volume,0,1.0,1252,17,8,0.3,0.13,0.28,0.12,1.84,0.71,4.12,0.71,41.21,75.4,2.03,2.76,1.43,55.2,0.66,29.2,0.15,0.039,12.01,33.2,1.26,55.2,1.03,48.2,4.06,0.87,0.108,0.32,0.07,0.09,0.1,0.16,0.22,0.36,0.0,0.0,0.0,0.0,0.0,0.0,0.0,0,0.0,Unknown,0.0,0.0,0.0,0.0,0.0,0,0.0,Unknown,0.0,0.0,0.0,estimated_from_squad_profile,2026-06-05T00:33:08.162006+00:00
Cote d'Ivoire,Amad Diallo,FW,Right Winger,Manchester United,Right,28.7,Winger,Wide creator,1v1 carry + crossing threat,1,1.0,2674,36,29,0.5,0.4,0.47,0.38,3.03,1.17,6.82,2.61,42.06,75.8,2.51,4.45,2.0,58.9,2.48,31.7,0.34,0.088,12.5,33.9,1.32,55.9,1.28,48.9,4.21,0.85,0.105,0.34,0.155,0.141,0.159,0.15,0.159,0.235,0.0,0.0,0.0,0.0,0.0,0.0,0.0,0,0.0,Unknown,0.0,0.0,0.0,0.0,0.0,0,0.0,Unknown,0.0,0.0,0.0,estimated_from_squad_profile,2026-06-05T00:33:08.162006+00:00
Cote d'Ivoire,Mohamed Koné,GK,Goalkeeper,Charleroi,Right,21.3,Goalkeeper,Sweeper keeper,Build-up keeper,0,1.0,1119,15,7,0.0,0.01,0.0,0.01,0.0,0.0,0.02,0.05,29.26,70.6,4.2,0.11,0.0,0.0,0.0,0.0,0.01,0.0,2.01,28.8,0.15,47.9,0.5,52.1,4.08,0.07,0.026,0.0,0.0,0.0,0.0,0.0,0.0,0.0,2.91,73.5,0.038,1.41,1.01,2.65,46.2,0,0.0,Unknown,0.0,0.0,0.0,0.0,0.0,0,0.0,Unknown,0.0,0.0,0.0,estimated_from_squad_profile,2026-06-05T00:33:08.162006+00:00
Cote d'Ivoire,Guéla Doué,DF,Right-Back,Strasbourg,Right,28.4,Fullback,Overlapping wide defender,Width + recovery runner,0,1.0,1268,17,8,0.14,0.19,0.14,0.18,0.93,0.36,2.05,1.19,61.63,87.6,3.16,2.31,1.01,67.5,1.88,36.4,0.13,0.029,11.23,40.5,2.75,68.5,2.77,66.5,5.5,1.16,0.187,0.03,0.07,0.09,0.1,0.16,0.22,0.36,0.0,0.0,0.0,0.0,0.0,0.0,0.0,0,0.0,Unknown,0.0,0.0,0.0,0.0,0.0,0,0.0,Unknown,0.0,0.0,0.0,estimated_from_squad_profile,2026-06-05T00:33:08.162006+00:00
Cote d'Ivoire,Ibrahim Sangaré,MF,Defensive Midfield,Nottingham Forest,Right,25.4,No. 6,Holding midfielder,Press resistance + ball winning,1,1.0,2789,38,30,0.31,0.19,0.29,0.18,1.92,0.74,4.28,1.02,69.16,86.0,5.31,3.35,1.24,63.3,0.87,34.4,0.47,0.111,16.11,40.3,3.02,65.3,1.93,59.3,7.12,1.17,0.145,0.06,0.158,0.138,0.157,0.148,0.157,0.242,0.0,0.0,0.0,0.0,0.0,0.0,0.0,0,0.0,Unknown,0.0,0.0,0.0,0.0,0.0,0,0.0,Unknown,0.0,0.0,0.0,estimated_from_squad_profile,2026-06-05T00:33:08.162006+00:00
Cote d'Ivoire,Nicolas Pépé,FW,Right Winger,Villarreal,Right,29.4,Winger,Wide creator,1v1 carry + crossing threat,1,1.0,2726,37,29,0.54,0.44,0.51,0.42,3.29,1.27,7.43,2.84,43.46,76.3,2.65,4.72,2.13,59.9,2.53,32.4,0.36,0.092,12.92,34.9,1.4,56.9,1.36,49.9,4.34,0.81,0.101,0.36,0.156,0.14,0.158,0.149,0.158,0.238,0.0,0.0,0.0,0.0,0.0,0.0,0.0,0,0.0,Unknown,0.0,0.0,0.0,0.0,0.0,0,0.0,Unknown,0.0,0.0,0.0,estimated_from_squad_profile,2026-06-05T00:33:08.162006+00:00
Cote d'Ivoire,Emmanuel Agbadou,DF,Centre-Back,Beşiktaş,Right,23.3,Centre-back,Ball-playing defender,Rest-defense anchor,0,1.0,1262,17,8,0.09,0.13,0.1,0.12,0.65,0.25,1.39,0.72,61.47,87.5,3.14,1.46,0.58,64.4,0.49,34.3,0.13,0.029,11.84,40.4,2.88,68.4,2.74,66.4,5.79,1.16,0.187,0.03,0.07,0.09,0.1,0.16,0.22,0.36,0.0,0.0,0.0,0.0,0.0,0.0,0.0,0,0.0,Unknown,0.0,0.0,0.0,0.0,0.0,0,0.0,Unknown,0.0,0.0,0.0,estimated_from_squad_profile,2026-06-05T00:33:08.162006+00:00
Cote d'Ivoire,Evan Ndicka,DF,Centre-Back,Roma,Right,23.7,Centre-back,Ball-playing defender,Rest-defense anchor,1,1.0,2674,36,29,0.12,0.16,0.12,0.15,0.79,0.3,1.7,0.88,62.07,87.8,3.85,1.79,0.59,64.9,0.6,34.7,0.16,0.036,11.98,40.9,2.98,68.9,3.39,66.9,5.91,1.15,0.185,0.04,0.155,0.141,0.159,0.15,0.159,0.235,0.0,0.0,0.0,0.0,0.0,0.0,0.0,0,0.0,Unknown,0.0,0.0,0.0,0.0,0.0,0,0.0,Unknown,0.0,0.0,0.0,estimated_from_squad_profile,2026-06-05T00:33:08.162006+00:00
Cote d'Ivoire,Evann Guessand,FW,Right Winger,Crystal Palace,Right,28.5,Winger,Wide creator,1v1 carry + crossing threat,0,1.0,1272,17,8,0.41,0.33,0.38,0.31,2.49,0.96,5.61,2.15,41.74,75.6,2.08,3.68,2.01,58.6,2.07,31.5,0.29,0.073,12.65,33.6,1.33,55.6,1.06,48.6,4.27,0.86,0.106,0.33,0.07,0.09,0.1,0.16,0.22,0.36,0.0,0.0,0.0,0.0,0.0,0.0,0.0,0,0.0,Unknown,0.0,0.0,0.0,0.0,0.0,0,0.0,Unknown,0.0,0.0,0.0,estimated_from_squad_profile,2026-06-05T00:33:08.162006+00:00
Cote d'Ivoire,Alban Lafont,GK,Goalkeeper,Panathinaikos,Right,21.9,Goalkeeper,Sweeper keeper,Build-up keeper,0,1.0,1163,15,7,0.0,0.01,0.0,0.01,0.0,0.0,0.02,0.05,29.91,71.4,4.38,0.12,0.0,0.0,0.0,0.0,0.01,0.0,2.09,29.4,0.15,48.9,0.52,52.9,4.19,0.07,0.025,0.0,0.0,0.0,0.0,0.0,0.0,0.0,2.86,74.4,0.049,1.49,1.09,2.61,47.3,0,0.0,Unknown,0.0,0.0,0.0,0.0,0.0,0,0.0,Unknown,0.0,0.0,0.0,estimated_from_squad_profile,2026-06-05T00:33:08.162006+00:00
Cote d'Ivoire,Bazoumana Touré,FW,Left Winger,TSG Hoffenheim,Left,31.0,Winger,Wide creator,1v1 carry + crossing threat,0,1.0,1241,17,8,0.39,0.31,0.36,0.3,2.36,0.91,5.31,2.03,40.91,75.3,2.01,3.55,1.78,58.0,2.04,31.0,0.28,0.072,11.46,33.0,1.19,55.0,1.02,48.0,3.87,0.88,0.109,0.32,0.07,0.09,0.1,0.16,0.22,0.36,0.0,0.0,0.0,0.0,0.0,0.0,0.0,0,0.0,Unknown,0.0,0.0,0.0,0.0,0.0,0,0.0,Unknown,0.0,0.0,0.0,estimated_from_squad_profile,2026-06-05T00:33:08.162006+00:00
Cote d'Ivoire,Parfait Guiagon,MF,Left Winger,Charleroi,Left,30.1,Winger,Wide creator,1v1 carry + crossing threat,0,1.0,1179,16,7,0.26,0.28,0.25,0.26,1.64,0.63,3.67,1.8,63.26,83.6,3.25,2.89,1.36,61.7,1.94,33.1,0.4,0.098,13.36,35.7,1.89,60.7,1.2,54.7,5.65,1.32,0.164,0.05,0.07,0.09,0.1,0.16,0.22,0.36,0.0,0.0,0.0,0.0,0.0,0.0,0.0,0,0.0,Unknown,0.0,0.0,0.0,0.0,0.0,0,0.0,Unknown,0.0,0.0,0.0,estimated_from_squad_profile,2026-06-05T00:33:08.162006+00:00
Cote d'Ivoire,Christ Inao Oulaï,MF,Central Midfield,Trabzonspor,Right,22.8,No. 8,Box-to-box midfielder,Progression + counter-press,0,1.0,1227,16,7,0.25,0.25,0.23,0.23,1.54,0.59,3.43,1.55,64.53,84.1,3.51,2.22,0.87,59.7,0.59,31.8,0.42,0.104,12.6,36.7,1.85,61.7,1.29,55.7,5.39,1.29,0.16,0.05,0.07,0.09,0.1,0.16,0.22,0.36,0.0,0.0,0.0,0.0,0.0,0.0,0.0,0,0.0,Unknown,0.0,0.0,0.0,0.0,0.0,0,0.0,Unknown,0.0,0.0,0.0,estimated_from_squad_profile,2026-06-05T00:33:08.162006+00:00
Japan,Zion Suzuki,GK,Goalkeeper,Parma,Right,23.3,Goalkeeper,Sweeper keeper,Build-up keeper,1,1.0,2650,36,28,0.0,0.01,0.0,0.01,0.0,0.0,0.02,0.06,31.32,73.2,4.75,0.14,0.0,0.0,0.0,0.0,0.01,0.0,2.25,30.7,0.17,51.0,0.56,54.5,4.42,0.08,0.023,0.0,0.0,0.0,0.0,0.0,0.0,0.0,2.75,76.4,0.072,1.65,1.27,2.51,49.8,0,0.0,Unknown,0.0,0.0,0.0,0.0,0.0,0,0.0,Unknown,0.0,0.0,0.0,estimated_from_squad_profile,2026-06-05T00:33:08.162006+00:00
Japan,Yukinari Sugawara,DF,Right-Back,Werder Bremen,Right,28.0,Fullback,Overlapping wide defender,Width + recovery runner,0,1.0,1238,16,7,0.14,0.18,0.14,0.17,0.89,0.34,1.96,1.14,60.84,87.3,3.03,2.26,1.03,66.9,1.87,36.0,0.12,0.028,11.49,39.9,2.72,67.9,2.63,65.9,5.56,1.18,0.189,0.03,0.07,0.09,0.1,0.16,0.22,0.36,0.0,0.0,0.0,0.0,0.0,0.0,0.0,0,0.0,Unknown,0.0,0.0,0.0,0.0,0.0,0,0.0,Unknown,0.0,0.0,0.0,estimated_from_squad_profile,2026-06-05T00:33:08.162006+00:00
Japan,Shōgo Taniguchi,DF,Centre-Back,Sint-Truiden,Right,22.7,Centre-back,Ball-playing defender,Rest-defense anchor,0,1.0,1217,16,7,0.09,0.12,0.09,0.11,0.62,0.23,1.32,0.67,60.27,87.0,2.94,1.38,0.49,63.5,0.47,33.7,0.12,0.027,10.3,39.5,2.38,67.5,2.53,65.5,4.94,1.19,0.191,0.03,0.07,0.09,0.1,0.16,0.22,0.36,0.0,0.0,0.0,0.0,0.0,0.0,0.0,0,0.0,Unknown,0.0,0.0,0.0,0.0,0.0,0,0.0,Unknown,0.0,0.0,0.0,estimated_from_squad_profile,2026-06-05T00:33:08.162006+00:00
Japan,Kō Itakura,DF,Centre-Back,Ajax,Right,23.8,Centre-back,Ball-playing defender,Rest-defense anchor,1,1.0,2682,36,29,0.12,0.16,0.12,0.15,0.8,0.3,1.72,0.89,62.28,87.8,3.89,1.8,0.59,65.0,0.61,34.8,0.16,0.036,11.81,41.0,2.96,69.0,3.44,67.0,5.84,1.14,0.185,0.04,0.155,0.14,0.159,0.15,0.159,0.236,0.0,0.0,0.0,0.0,0.0,0.0,0.0,0,0.0,Unknown,0.0,0.0,0.0,0.0,0.0,0,0.0,Unknown,0.0,0.0,0.0,estimated_from_squad_profile,2026-06-05T00:33:08.162006+00:00
Japan,Yūto Nagatomo,DF,Left-Back,FC Tokyo,Left,31.9,Fullback,Overlapping wide defender,Width + recovery runner,1,1.0,2689,36,29,0.18,0.24,0.18,0.23,1.16,0.44,2.54,1.49,62.48,87.9,3.93,2.82,0.87,68.2,2.26,36.9,0.16,0.036,9.64,41.2,2.43,69.2,3.48,67.2,4.78,1.14,0.184,0.04,0.156,0.14,0.159,0.15,0.159,0.236,0.0,0.0,0.0,0.0,0.0,0.0,0.0,0,0.0,Unknown,0.0,0.0,0.0,0.0,0.0,0,0.0,Unknown,0.0,0.0,0.0,estimated_from_squad_profile,2026-06-05T00:33:08.162006+00:00
Japan,Wataru Endo,MF,Defensive Midfield,Liverpool,Right,24.7,No. 6,Holding midfielder,Press resistance + ball winning,1,1.0,2742,37,29,0.29,0.18,0.28,0.17,1.8,0.69,4.02,0.97,67.89,85.5,5.0,3.16,1.06,62.3,0.83,33.7,0.44,0.104,14.15,39.3,2.58,64.3,1.82,58.3,6.2,1.2,0.149,0.06,0.157,0.139,0.158,0.149,0.158,0.239,0.0,0.0,0.0,0.0,0.0,0.0,0.0,0,0.0,Unknown,0.0,0.0,0.0,0.0,0.0,0,0.0,Unknown,0.0,0.0,0.0,estimated_from_squad_profile,2026-06-05T00:33:08.162006+00:00
Japan,Ao Tanaka,MF,Central Midfield,Leeds United,Right,24.2,No. 8,Box-to-box midfielder,Progression + counter-press,0,1.0,1323,18,8,0.29,0.3,0.27,0.28,1.79,0.69,4.01,1.82,67.11,85.2,4.04,2.55,1.14,61.7,0.67,33.2,0.48,0.117,15.53,38.7,2.41,63.7,1.47,57.7,6.77,1.22,0.152,0.06,0.07,0.09,0.1,0.16,0.22,0.36,0.0,0.0,0.0,0.0,0.0,0.0,0.0,0,0.0,Unknown,0.0,0.0,0.0,0.0,0.0,0,0.0,Unknown,0.0,0.0,0.0,estimated_from_squad_profile,2026-06-05T00:33:08.162006+00:00
Japan,Takefusa Kubo,MF,Right Winger,Real Sociedad,Right,29.9,Winger,Wide creator,1v1 carry + crossing threat,1,1.0,2755,37,29,0.44,0.46,0.41,0.44,2.67,1.03,5.99,2.98,68.25,85.6,5.09,4.21,1.65,65.6,2.49,35.9,0.6,0.146,15.44,39.6,2.45,64.6,1.85,58.6,6.79,1.19,0.148,0.06,0.157,0.139,0.158,0.148,0.158,0.24,0.0,0.0,0.0,0.0,0.0,0.0,0.0,0,0.0,Unknown,0.0,0.0,0.0,0.0,0.0,0,0.0,Unknown,0.0,0.0,0.0,estimated_from_squad_profile,2026-06-05T00:33:08.162006+00:00
Japan,Keisuke Gotō,FW,Centre-Forward,Sint-Truiden,Right,22.3,No. 9,Penalty-box finisher,Depth runs + shot volume,0,1.0,1189,16,7,0.26,0.12,0.25,0.11,1.64,0.63,3.67,0.65,39.54,74.7,1.89,2.48,1.25,53.9,0.61,28.3,0.14,0.035,11.3,31.9,1.15,53.9,0.95,46.9,3.84,0.91,0.113,0.3,0.07,0.09,0.1,0.16,0.22,0.36,0.0,0.0,0.0,0.0,0.0,0.0,0.0,0,0.0,Unknown,0.0,0.0,0.0,0.0,0.0,0,0.0,Unknown,0.0,0.0,0.0,estimated_from_squad_profile,2026-06-05T00:33:08.162006+00:00
Japan,Ritsu Dōan,MF,Right Winger,Eintracht Frankfurt,Right,30.5,Winger,Wide creator,1v1 carry + crossing threat,1,1.0,2798,38,30,0.47,0.49,0.43,0.46,2.83,1.09,6.37,3.17,69.4,86.1,5.37,4.39,1.78,66.4,2.53,36.5,0.62,0.153,16.51,40.4,2.68,65.4,1.95,59.4,7.31,1.17,0.145,0.06,0.158,0.138,0.157,0.147,0.157,0.243,0.0,0.0,0.0,0.0,0.0,0.0,0.0,0,0.0,Unknown,0.0,0.0,0.0,0.0,0.0,0,0.0,Unknown,0.0,0.0,0.0,estimated_from_squad_profile,2026-06-05T00:33:08.162006+00:00
Japan,Daizen Maeda,MF,Left Winger,Celtic,Left,31.6,Winger,Wide creator,1v1 carry + crossing threat,0,1.0,1276,17,8,0.32,0.33,0.3,0.32,1.95,0.75,4.38,2.16,65.87,84.7,3.78,3.23,1.54,63.7,2.02,34.6,0.45,0.111,14.72,37.7,2.23,62.7,1.38,56.7,6.36,1.25,0.156,0.06,0.07,0.09,0.1,0.16,0.22,0.36,0.0,0.0,0.0,0.0,0.0,0.0,0.0,0,0.0,Unknown,0.0,0.0,0.0,0.0,0.0,0,0.0,Unknown,0.0,0.0,0.0,estimated_from_squad_profile,2026-06-05T00:33:08.162006+00:00
Japan,Keisuke Ōsako,GK,Goalkeeper,Sanfrecce Hiroshima,Right,22.0,Goalkeeper,Sweeper keeper,Build-up keeper,0,1.0,1169,16,7,0.0,0.01,0.0,0.01,0.0,0.0,0.02,0.05,29.99,71.5,4.4,0.12,0.0,0.0,0.0,0.0,0.01,0.0,2.1,29.5,0.15,49.0,0.52,53.0,4.2,0.07,0.025,0.0,0.0,0.0,0.0,0.0,0.0,0.0,2.85,74.5,0.05,1.5,1.1,2.6,47.5,0,0.0,Unknown,0.0,0.0,0.0,0.0,0.0,0,0.0,Unknown,0.0,0.0,0.0,estimated_from_squad_profile,2026-06-05T00:33:08.162006+00:00
Japan,Keito Nakamura,MF,Left Winger,Reims,Left,31.9,Winger,Wide creator,1v1 carry + crossing threat,0,1.0,1296,17,8,0.33,0.35,0.31,0.33,2.02,0.78,4.53,2.24,66.4,84.9,3.89,3.3,1.54,64.1,2.04,34.9,0.46,0.113,14.67,38.1,2.24,63.1,1.42,57.1,6.37,1.24,0.154,0.06,0.07,0.09,0.1,0.16,0.22,0.36,0.0,0.0,0.0,0.0,0.0,0.0,0.0,0,0.0,Unknown,0.0,0.0,0.0,0.0,0.0,0,0.0,Unknown,0.0,0.0,0.0,estimated_from_squad_profile,2026-06-05T00:33:08.162006+00:00
Japan,Junya Itō,MF,Right Winger,Genk,Right,30.3,Winger,Wide creator,1v1 carry + crossing threat,1,1.0,2786,38,30,0.46,0.48,0.43,0.46,2.79,1.07,6.27,3.12,69.09,86.0,5.29,4.34,1.57,66.2,2.52,36.3,0.62,0.151,14.61,40.2,2.36,65.2,1.93,59.2,6.46,1.17,0.146,0.06,0.158,0.138,0.157,0.148,0.157,0.242,0.0,0.0,0.0,0.0,0.0,0.0,0.0,0,0.0,Unknown,0.0,0.0,0.0,0.0,0.0,0,0.0,Unknown,0.0,0.0,0.0,estimated_from_squad_profile,2026-06-05T00:33:08.162006+00:00
Japan,Daichi Kamada,MF,Attacking Midfield,Crystal Palace,Right,24.8,No. 10,Central creator,Between-lines chance creation,1,1.0,2752,37,29,0.37,0.38,0.35,0.35,2.26,0.87,5.06,2.3,68.17,85.6,5.07,3.2,1.16,62.5,0.84,33.8,0.59,0.146,15.41,39.5,2.44,64.5,1.85,58.5,6.77,1.2,0.149,0.06,0.157,0.139,0.158,0.148,0.158,0.24,0.0,0.0,0.0,0.0,0.0,0.0,0.0,0,0.0,Unknown,0.0,0.0,0.0,0.0,0.0,0,0.0,Unknown,0.0,0.0,0.0,estimated_from_squad_profile,2026-06-05T00:33:08.162006+00:00
Japan,Tsuyoshi Watanabe,DF,Centre-Back,Feyenoord,Right,22.6,Centre-back,Ball-playing defender,Rest-defense anchor,0,1.0,1212,16,7,0.09,0.12,0.09,0.11,0.61,0.23,1.31,0.67,60.13,87.0,2.92,1.38,0.53,63.4,0.46,33.6,0.12,0.027,11.33,39.4,2.61,67.4,2.51,65.4,5.42,1.2,0.191,0.03,0.07,0.09,0.1,0.16,0.22,0.36,0.0,0.0,0.0,0.0,0.0,0.0,0.0,0,0.0,Unknown,0.0,0.0,0.0,0.0,0.0,0,0.0,Unknown,0.0,0.0,0.0,estimated_from_squad_profile,2026-06-05T00:33:08.162006+00:00
Japan,Yuito Suzuki,MF,Second Striker,SC Freiburg,Right,22.8,No. 9,Penalty-box finisher,Depth runs + shot volume,0,1.0,1223,16,7,0.25,0.25,0.23,0.23,1.53,0.59,3.41,1.54,64.44,84.1,3.49,2.2,0.93,59.6,0.59,31.8,0.42,0.104,13.6,36.6,1.99,61.6,1.28,55.6,5.81,1.29,0.16,0.05,0.07,0.09,0.1,0.16,0.22,0.36,0.0,0.0,0.0,0.0,0.0,0.0,0.0,0,0.0,Unknown,0.0,0.0,0.0,0.0,0.0,0,0.0,Unknown,0.0,0.0,0.0,estimated_from_squad_profile,2026-06-05T00:33:08.162006+00:00
Japan,Ayase Ueda,FW,Centre-Forward,Feyenoord,Right,24.5,No. 9,Penalty-box finisher,Depth runs + shot volume,1,1.0,2731,37,29,0.41,0.17,0.39,0.16,2.52,0.97,5.67,0.95,43.61,76.4,2.66,3.75,1.81,57.1,0.89,30.5,0.21,0.053,13.97,35.1,1.51,57.1,1.37,50.1,4.69,0.81,0.1,0.36,0.157,0.14,0.158,0.149,0.158,0.239,0.0,0.0,0.0,0.0,0.0,0.0,0.0,0,0.0,Unknown,0.0,0.0,0.0,0.0,0.0,0,0.0,Unknown,0.0,0.0,0.0,estimated_from_squad_profile,2026-06-05T00:33:08.162006+00:00
Japan,Kōki Ogawa,FW,Centre-Forward,NEC,Right,22.6,No. 9,Penalty-box finisher,Depth runs + shot volume,0,1.0,1213,16,7,0.28,0.12,0.26,0.11,1.72,0.66,3.84,0.67,40.18,75.0,1.95,2.59,1.44,54.4,0.63,28.6,0.15,0.036,12.64,32.4,1.3,54.4,0.98,47.4,4.28,0.9,0.111,0.31,0.07,0.09,0.1,0.16,0.22,0.36,0.0,0.0,0.0,0.0,0.0,0.0,0.0,0,0.0,Unknown,0.0,0.0,0.0,0.0,0.0,0,0.0,Unknown,0.0,0.0,0.0,estimated_from_squad_profile,2026-06-05T00:33:08.162006+00:00
Japan,Ayumu Seko,DF,Centre-Back,Le Havre,Right,22.4,Centre-back,Ball-playing defender,Rest-defense anchor,0,1.0,1200,16,7,0.09,0.12,0.09,0.11,0.6,0.23,1.3,0.66,59.82,86.8,2.87,1.36,0.54,63.1,0.46,33.4,0.11,0.026,11.48,39.1,2.6,67.1,2.45,65.1,5.46,1.2,0.192,0.03,0.07,0.09,0.1,0.16,0.22,0.36,0.0,0.0,0.0,0.0,0.0,0.0,0.0,0,0.0,Unknown,0.0,0.0,0.0,0.0,0.0,0,0.0,Unknown,0.0,0.0,0.0,estimated_from_squad_profile,2026-06-05T00:33:08.162006+00:00
Japan,Hiroki Itō,DF,Centre-Back,Bayern Munich,Right,23.4,Centre-back,Ball-playing defender,Rest-defense anchor,1,1.0,2657,36,28,0.11,0.16,0.12,0.15,0.77,0.29,1.67,0.86,61.61,87.6,3.76,1.75,0.59,64.5,0.59,34.4,0.15,0.035,12.09,40.5,2.96,68.5,3.3,66.5,5.92,1.16,0.187,0.03,0.155,0.141,0.16,0.15,0.16,0.234,0.0,0.0,0.0,0.0,0.0,0.0,0.0,0,0.0,Unknown,0.0,0.0,0.0,0.0,0.0,0,0.0,Unknown,0.0,0.0,0.0,estimated_from_squad_profile,2026-06-05T00:33:08.162006+00:00
Japan,Takehiro Tomiyasu,DF,Right-Back,Ajax,Right,28.6,Fullback,Overlapping wide defender,Width + recovery runner,1,1.0,2667,36,28,0.17,0.23,0.17,0.22,1.12,0.43,2.47,1.44,61.88,87.7,3.81,2.77,1.1,67.7,2.25,36.6,0.15,0.035,12.15,40.7,3.0,68.7,3.35,66.7,5.98,1.15,0.186,0.04,0.155,0.141,0.16,0.15,0.16,0.235,0.0,0.0,0.0,0.0,0.0,0.0,0.0,0,0.0,Unknown,0.0,0.0,0.0,0.0,0.0,0,0.0,Unknown,0.0,0.0,0.0,estimated_from_squad_profile,2026-06-05T00:33:08.162006+00:00
Japan,Tomoki Hayakawa,GK,Goalkeeper,Kashima Antlers,Right,21.8,Goalkeeper,Sweeper keeper,Build-up keeper,0,1.0,1153,15,7,0.0,0.01,0.0,0.01,0.0,0.0,0.02,0.05,29.75,71.2,4.33,0.12,0.0,0.0,0.0,0.0,0.01,0.0,2.07,29.3,0.15,48.6,0.52,52.7,4.16,0.07,0.025,0.0,0.0,0.0,0.0,0.0,0.0,0.0,2.87,74.2,0.046,1.47,1.07,2.62,47.1,0,0.0,Unknown,0.0,0.0,0.0,0.0,0.0,0,0.0,Unknown,0.0,0.0,0.0,estimated_from_squad_profile,2026-06-05T00:33:08.162006+00:00
Japan,Kaishū Sano,MF,Defensive Midfield,Mainz 05,Right,23.2,No. 6,Holding midfielder,Press resistance + ball winning,0,1.0,1253,17,8,0.21,0.13,0.2,0.12,1.31,0.5,2.91,0.71,65.24,84.4,3.65,2.31,1.0,60.2,0.61,32.2,0.31,0.074,14.19,37.2,2.43,62.2,1.34,56.2,6.1,1.27,0.158,0.05,0.07,0.09,0.1,0.16,0.22,0.36,0.0,0.0,0.0,0.0,0.0,0.0,0.0,0,0.0,Unknown,0.0,0.0,0.0,0.0,0.0,0,0.0,Unknown,0.0,0.0,0.0,estimated_from_squad_profile,2026-06-05T00:33:08.162006+00:00
Japan,Junnosuke Suzuki,DF,Centre-Back,Copenhagen,Right,22.0,Centre-back,Ball-playing defender,Rest-defense anchor,0,1.0,1172,16,7,0.08,0.11,0.09,0.1,0.58,0.22,1.25,0.63,59.07,86.5,2.74,1.31,0.48,62.6,0.44,33.0,0.11,0.025,10.48,38.6,2.3,66.6,2.32,64.6,4.93,1.22,0.195,0.03,0.07,0.09,0.1,0.16,0.22,0.36,0.0,0.0,0.0,0.0,0.0,0.0,0.0,0,0.0,Unknown,0.0,0.0,0.0,0.0,0.0,0,0.0,Unknown,0.0,0.0,0.0,estimated_from_squad_profile,2026-06-05T00:33:08.162006+00:00
Japan,Kento Shiogai,FW,Centre-Forward,VfL Wolfsburg,Right,22.2,No. 9,Penalty-box finisher,Depth runs + shot volume,0,1.0,1185,16,7,0.26,0.12,0.25,0.11,1.63,0.63,3.64,0.64,39.41,74.7,1.88,2.46,1.24,53.8,0.6,28.2,0.14,0.035,11.27,31.8,1.14,53.8,0.94,46.8,3.83,0.91,0.114,0.3,0.07,0.09,0.1,0.16,0.22,0.36,0.0,0.0,0.0,0.0,0.0,0.0,0.0,0,0.0,Unknown,0.0,0.0,0.0,0.0,0.0,0,0.0,Unknown,0.0,0.0,0.0,estimated_from_squad_profile,2026-06-05T00:33:08.162006+00:00
Netherlands,Bart Verbruggen,GK,Goalkeeper,Brighton & Hove Albion,Right,23.7,Goalkeeper,Sweeper keeper,Build-up keeper,1,1.0,2678,36,29,0.0,0.01,0.0,0.01,0.0,0.0,0.02,0.06,31.73,73.7,4.86,0.14,0.0,0.0,0.0,0.0,0.01,0.0,2.3,31.1,0.18,51.6,0.58,55.0,4.49,0.08,0.022,0.0,0.0,0.0,0.0,0.0,0.0,0.0,2.72,76.9,0.079,1.7,1.32,2.48,50.5,0,0.0,Unknown,0.0,0.0,0.0,0.0,0.0,0,0.0,Unknown,0.0,0.0,0.0,estimated_from_squad_profile,2026-06-05T00:33:08.162006+00:00
Netherlands,Jurriën Timber,DF,Right-Back,Arsenal,Right,28.8,Fullback,Overlapping wide defender,Width + recovery runner,1,1.0,2683,36,29,0.18,0.23,0.17,0.23,1.15,0.44,2.52,1.48,62.32,87.9,3.9,2.81,1.05,68.1,2.26,36.8,0.16,0.036,11.59,41.1,2.91,69.1,3.44,67.1,5.74,1.14,0.184,0.04,0.155,0.14,0.159,0.15,0.159,0.236,0.0,0.0,0.0,0.0,0.0,0.0,0.0,0,0.0,Unknown,0.0,0.0,0.0,0.0,0.0,0,0.0,Unknown,0.0,0.0,0.0,estimated_from_squad_profile,2026-06-05T00:33:08.162006+00:00
Netherlands,Marten de Roon,MF,Defensive Midfield,Atalanta,Right,23.3,No. 6,Holding midfielder,Press resistance + ball winning,0,1.0,1261,17,8,0.21,0.13,0.2,0.12,1.33,0.51,2.95,0.72,65.45,84.5,3.7,2.33,0.89,60.4,0.62,32.3,0.32,0.075,12.67,37.4,2.18,62.4,1.35,56.4,5.46,1.26,0.157,0.05,0.07,0.09,0.1,0.16,0.22,0.36,0.0,0.0,0.0,0.0,0.0,0.0,0.0,0,0.0,Unknown,0.0,0.0,0.0,0.0,0.0,0,0.0,Unknown,0.0,0.0,0.0,estimated_from_squad_profile,2026-06-05T00:33:08.162006+00:00
Netherlands,Virgil van Dijk,DF,Centre-Back,Liverpool,Right,27.0,Centre-back,Ball-playing defender,Rest-defense anchor,1,1.0,2898,39,31,0.15,0.21,0.15,0.2,0.98,0.37,2.13,1.15,68.09,90.2,5.03,2.25,0.66,69.5,0.75,38.0,0.2,0.047,11.86,45.5,3.54,73.5,4.65,71.5,6.31,1.0,0.166,0.05,0.161,0.136,0.155,0.146,0.155,0.248,0.0,0.0,0.0,0.0,0.0,0.0,0.0,0,0.0,Unknown,0.0,0.0,0.0,0.0,0.0,0,0.0,Unknown,0.0,0.0,0.0,estimated_from_squad_profile,2026-06-05T00:33:08.162006+00:00
Netherlands,Nathan Aké,DF,Centre-Back,Manchester City,Right,25.0,Centre-back,Ball-playing defender,Rest-defense anchor,1,1.0,2765,37,30,0.13,0.18,0.13,0.17,0.87,0.33,1.88,0.99,64.52,88.8,4.33,1.98,0.62,66.8,0.66,36.0,0.18,0.04,11.84,42.8,3.2,70.8,3.9,68.8,6.04,1.09,0.177,0.04,0.157,0.139,0.157,0.148,0.157,0.241,0.0,0.0,0.0,0.0,0.0,0.0,0.0,0,0.0,Unknown,0.0,0.0,0.0,0.0,0.0,0,0.0,Unknown,0.0,0.0,0.0,estimated_from_squad_profile,2026-06-05T00:33:08.162006+00:00
Netherlands,Jan Paul van Hecke,DF,Centre-Back,Brighton & Hove Albion,Right,23.2,Centre-back,Ball-playing defender,Rest-defense anchor,0,1.0,1251,17,8,0.09,0.13,0.1,0.12,0.64,0.24,1.38,0.71,61.2,87.4,3.09,1.44,0.57,64.2,0.49,34.2,0.12,0.029,11.78,40.2,2.83,68.2,2.7,66.2,5.73,1.17,0.188,0.03,0.07,0.09,0.1,0.16,0.22,0.36,0.0,0.0,0.0,0.0,0.0,0.0,0.0,0,0.0,Unknown,0.0,0.0,0.0,0.0,0.0,0,0.0,Unknown,0.0,0.0,0.0,estimated_from_squad_profile,2026-06-05T00:33:08.162006+00:00
Netherlands,Justin Kluivert,MF,Attacking Midfield,Bournemouth,Right,23.0,No. 10,Central creator,Between-lines chance creation,0,1.0,1238,16,7,0.25,0.26,0.24,0.24,1.57,0.6,3.5,1.58,64.84,84.3,3.57,2.26,1.01,59.9,0.6,32.0,0.43,0.106,14.55,36.9,2.15,61.9,1.31,55.9,6.24,1.28,0.159,0.05,0.07,0.09,0.1,0.16,0.22,0.36,0.0,0.0,0.0,0.0,0.0,0.0,0.0,0,0.0,Unknown,0.0,0.0,0.0,0.0,0.0,0,0.0,Unknown,0.0,0.0,0.0,estimated_from_squad_profile,2026-06-05T00:33:08.162006+00:00
Netherlands,Ryan Gravenberch,MF,Defensive Midfield,Liverpool,Right,24.0,No. 6,Holding midfielder,Press resistance + ball winning,1,1.0,2697,36,29,0.27,0.17,0.26,0.16,1.69,0.65,3.76,0.91,66.68,85.0,4.7,2.97,1.06,61.3,0.78,33.0,0.41,0.097,14.51,38.3,2.57,63.3,1.72,57.3,6.31,1.23,0.153,0.06,0.156,0.14,0.159,0.15,0.159,0.237,0.0,0.0,0.0,0.0,0.0,0.0,0.0,0,0.0,Unknown,0.0,0.0,0.0,0.0,0.0,0,0.0,Unknown,0.0,0.0,0.0,estimated_from_squad_profile,2026-06-05T00:33:08.162006+00:00
Netherlands,Wout Weghorst,FW,Centre-Forward,Ajax,Right,24.0,No. 9,Penalty-box finisher,Depth runs + shot volume,0,1.0,1309,17,8,0.33,0.14,0.31,0.13,2.02,0.78,4.52,0.77,42.73,76.0,2.16,3.01,1.54,56.4,0.72,30.0,0.17,0.042,12.21,34.4,1.31,56.4,1.11,49.4,4.11,0.83,0.103,0.35,0.07,0.09,0.1,0.16,0.22,0.36,0.0,0.0,0.0,0.0,0.0,0.0,0.0,0,0.0,Unknown,0.0,0.0,0.0,0.0,0.0,0,0.0,Unknown,0.0,0.0,0.0,estimated_from_squad_profile,2026-06-05T00:33:08.162006+00:00
Netherlands,Memphis Depay,FW,Second Striker,Corinthians,Right,26.7,No. 9,Penalty-box finisher,Depth runs + shot volume,1,1.0,2878,39,31,0.6,0.45,0.55,0.42,3.59,1.39,8.12,2.73,47.55,78.0,3.06,4.52,2.01,60.1,1.05,32.7,0.4,0.103,13.85,38.1,1.57,60.1,1.61,53.1,4.61,0.71,0.088,0.42,0.16,0.137,0.155,0.146,0.155,0.247,0.0,0.0,0.0,0.0,0.0,0.0,0.0,4,75.0,Left,50.0,25.0,25.0,25.0,0.0,0,0.0,Unknown,0.0,0.0,0.0,estimated_from_squad_profile,2026-06-05T00:33:08.162006+00:00
Netherlands,Cody Gakpo,FW,Left Winger,Liverpool,Left,33.5,Winger,Wide creator,1v1 carry + crossing threat,1,1.0,2798,38,30,0.61,0.49,0.56,0.46,3.66,1.41,8.27,3.17,45.39,77.1,2.84,5.1,2.49,61.4,2.61,33.5,0.38,0.097,14.53,36.4,1.61,58.4,1.48,51.4,4.86,0.77,0.095,0.39,0.158,0.138,0.157,0.147,0.157,0.243,0.0,0.0,0.0,0.0,0.0,0.0,0.0,0,0.0,Unknown,0.0,0.0,0.0,0.0,0.0,0,0.0,Unknown,0.0,0.0,0.0,estimated_from_squad_profile,2026-06-05T00:33:08.162006+00:00
Netherlands,Mats Wieffer,DF,Right-Back,Brighton & Hove Albion,Right,28.2,Fullback,Overlapping wide defender,Width + recovery runner,0,1.0,1255,17,8,0.14,0.18,0.14,0.18,0.92,0.35,2.01,1.17,61.28,87.4,3.11,2.29,1.06,67.3,1.87,36.2,0.12,0.029,11.8,40.3,2.85,68.3,2.71,66.3,5.75,1.17,0.188,0.03,0.07,0.09,0.1,0.16,0.22,0.36,0.0,0.0,0.0,0.0,0.0,0.0,0.0,0,0.0,Unknown,0.0,0.0,0.0,0.0,0.0,0,0.0,Unknown,0.0,0.0,0.0,estimated_from_squad_profile,2026-06-05T00:33:08.162006+00:00
Netherlands,Robin Roefs,GK,Goalkeeper,Sunderland,Right,22.7,Goalkeeper,Sweeper keeper,Build-up keeper,0,1.0,1216,16,7,0.0,0.01,0.0,0.01,0.0,0.0,0.02,0.06,30.68,72.3,4.58,0.13,0.0,0.0,0.0,0.0,0.01,0.0,2.18,30.1,0.16,50.0,0.54,53.8,4.31,0.08,0.024,0.0,0.0,0.0,0.0,0.0,0.0,0.0,2.8,75.5,0.061,1.58,1.18,2.55,48.7,0,0.0,Unknown,0.0,0.0,0.0,0.0,0.0,0,0.0,Unknown,0.0,0.0,0.0,estimated_from_squad_profile,2026-06-05T00:33:08.162006+00:00
Netherlands,Tijjani Reijnders,MF,Central Midfield,Manchester City,Right,24.5,No. 8,Box-to-box midfielder,Progression + counter-press,1,1.0,2727,37,29,0.35,0.36,0.33,0.34,2.18,0.84,4.88,2.21,67.49,85.3,4.9,3.09,1.17,62.0,0.81,33.5,0.58,0.142,15.69,39.0,2.46,64.0,1.79,58.0,6.86,1.21,0.151,0.06,0.157,0.14,0.158,0.149,0.158,0.239,0.0,0.0,0.0,0.0,0.0,0.0,0.0,0,0.0,Unknown,0.0,0.0,0.0,0.0,0.0,0,0.0,Unknown,0.0,0.0,0.0,estimated_from_squad_profile,2026-06-05T00:33:08.162006+00:00
Netherlands,Micky van de Ven,DF,Centre-Back,Tottenham Hotspur,Right,23.7,Centre-back,Ball-playing defender,Rest-defense anchor,0,1.0,1285,17,8,0.1,0.14,0.1,0.13,0.66,0.25,1.43,0.74,62.09,87.8,3.24,1.5,0.58,64.9,0.51,34.7,0.13,0.03,11.76,40.9,2.93,68.9,2.85,66.9,5.8,1.15,0.185,0.04,0.07,0.09,0.1,0.16,0.22,0.36,0.0,0.0,0.0,0.0,0.0,0.0,0.0,0,0.0,Unknown,0.0,0.0,0.0,0.0,0.0,0,0.0,Unknown,0.0,0.0,0.0,estimated_from_squad_profile,2026-06-05T00:33:08.162006+00:00
Netherlands,Guus Til,MF,Attacking Midfield,PSV Eindhoven,Right,22.7,No. 10,Central creator,Between-lines chance creation,0,1.0,1216,16,7,0.24,0.25,0.23,0.23,1.51,0.58,3.36,1.51,64.25,84.0,3.45,2.18,0.96,59.5,0.58,31.7,0.42,0.103,14.03,36.5,2.04,61.5,1.27,55.5,5.98,1.29,0.161,0.05,0.07,0.09,0.1,0.16,0.22,0.36,0.0,0.0,0.0,0.0,0.0,0.0,0.0,0,0.0,Unknown,0.0,0.0,0.0,0.0,0.0,0,0.0,Unknown,0.0,0.0,0.0,estimated_from_squad_profile,2026-06-05T00:33:08.162006+00:00
Netherlands,Noa Lang,FW,Left Winger,Galatasaray,Left,31.2,Winger,Wide creator,1v1 carry + crossing threat,0,1.0,1251,17,8,0.4,0.32,0.37,0.3,2.4,0.93,5.41,2.07,41.19,75.4,2.03,3.59,2.03,58.2,2.05,31.2,0.28,0.072,12.96,33.2,1.35,55.2,1.03,48.2,4.38,0.87,0.108,0.32,0.07,0.09,0.1,0.16,0.22,0.36,0.0,0.0,0.0,0.0,0.0,0.0,0.0,0,0.0,Unknown,0.0,0.0,0.0,0.0,0.0,0,0.0,Unknown,0.0,0.0,0.0,estimated_from_squad_profile,2026-06-05T00:33:08.162006+00:00
Netherlands,Donyell Malen,FW,Centre-Forward,Roma,Right,25.2,No. 9,Penalty-box finisher,Depth runs + shot volume,1,1.0,2778,38,30,0.44,0.18,0.41,0.17,2.7,1.04,6.06,1.01,44.86,76.9,2.79,3.99,1.94,58.0,0.94,31.2,0.22,0.056,14.36,36.0,1.58,58.0,1.45,51.0,4.81,0.78,0.096,0.38,0.158,0.139,0.157,0.148,0.157,0.242,0.0,0.0,0.0,0.0,0.0,0.0,0.0,0,0.0,Unknown,0.0,0.0,0.0,0.0,0.0,0,0.0,Unknown,0.0,0.0,0.0,estimated_from_squad_profile,2026-06-05T00:33:08.162006+00:00
Netherlands,Brian Brobbey,FW,Centre-Forward,Sunderland,Right,23.1,No. 9,Penalty-box finisher,Depth runs + shot volume,0,1.0,1244,17,8,0.29,0.13,0.28,0.12,1.81,0.7,4.06,0.7,40.99,75.3,2.02,2.72,1.47,55.0,0.66,29.1,0.15,0.038,12.43,33.0,1.29,55.0,1.02,48.0,4.2,0.88,0.109,0.32,0.07,0.09,0.1,0.16,0.22,0.36,0.0,0.0,0.0,0.0,0.0,0.0,0.0,0,0.0,Unknown,0.0,0.0,0.0,0.0,0.0,0,0.0,Unknown,0.0,0.0,0.0,estimated_from_squad_profile,2026-06-05T00:33:08.162006+00:00
Netherlands,Teun Koopmeiners,MF,Defensive Midfield,Juventus,Right,23.6,No. 6,Holding midfielder,Press resistance + ball winning,0,1.0,1275,17,8,0.22,0.13,0.21,0.12,1.36,0.52,3.02,0.73,65.84,84.7,3.78,2.39,1.05,60.7,0.63,32.6,0.32,0.077,14.71,37.7,2.56,62.7,1.38,56.7,6.36,1.25,0.156,0.06,0.07,0.09,0.1,0.16,0.22,0.36,0.0,0.0,0.0,0.0,0.0,0.0,0.0,0,0.0,Unknown,0.0,0.0,0.0,0.0,0.0,0,0.0,Unknown,0.0,0.0,0.0,estimated_from_squad_profile,2026-06-05T00:33:08.162006+00:00
Netherlands,Frenkie de Jong,MF,Central Midfield,Barcelona,Right,25.2,No. 8,Box-to-box midfielder,Progression + counter-press,1,1.0,2777,38,30,0.38,0.39,0.36,0.36,2.34,0.9,5.24,2.38,68.83,85.9,5.23,3.3,1.2,63.0,0.86,34.2,0.61,0.149,15.68,40.0,2.52,65.0,1.9,59.0,6.92,1.18,0.146,0.06,0.158,0.139,0.157,0.148,0.157,0.241,0.0,0.0,0.0,0.0,0.0,0.0,0.0,0,0.0,Unknown,0.0,0.0,0.0,0.0,0.0,0,0.0,Unknown,0.0,0.0,0.0,estimated_from_squad_profile,2026-06-05T00:33:08.162006+00:00
Netherlands,Denzel Dumfries,DF,Right-Back,Inter Milan,Right,31.5,Fullback,Overlapping wide defender,Width + recovery runner,1,1.0,2870,39,31,0.22,0.3,0.22,0.29,1.43,0.55,3.16,1.91,67.33,89.9,4.88,3.19,1.17,71.9,2.38,39.5,0.2,0.045,12.67,44.9,3.71,72.9,4.49,70.9,6.68,1.02,0.168,0.05,0.16,0.137,0.155,0.146,0.155,0.247,0.0,0.0,0.0,0.0,0.0,0.0,0.0,0,0.0,Unknown,0.0,0.0,0.0,0.0,0.0,0,0.0,Unknown,0.0,0.0,0.0,estimated_from_squad_profile,2026-06-05T00:33:08.162006+00:00
Netherlands,Mark Flekken,GK,Goalkeeper,Bayer Leverkusen,Right,22.4,Goalkeeper,Sweeper keeper,Build-up keeper,0,1.0,1198,16,7,0.0,0.01,0.0,0.01,0.0,0.0,0.02,0.06,30.42,72.0,4.51,0.13,0.0,0.0,0.0,0.0,0.01,0.0,2.15,29.9,0.16,49.6,0.54,53.5,4.27,0.08,0.024,0.0,0.0,0.0,0.0,0.0,0.0,0.0,2.82,75.1,0.057,1.55,1.15,2.57,48.2,0,0.0,Unknown,0.0,0.0,0.0,0.0,0.0,0,0.0,Unknown,0.0,0.0,0.0,estimated_from_squad_profile,2026-06-05T00:33:08.162006+00:00
Netherlands,Crysencio Summerville,FW,Left Winger,West Ham United,Left,30.8,Winger,Wide creator,1v1 carry + crossing threat,0,1.0,1222,16,7,0.37,0.3,0.35,0.29,2.28,0.88,5.12,1.96,40.4,75.1,1.97,3.46,1.88,57.6,2.02,30.8,0.27,0.07,12.25,32.6,1.26,54.6,0.99,47.6,4.15,0.89,0.111,0.31,0.07,0.09,0.1,0.16,0.22,0.36,0.0,0.0,0.0,0.0,0.0,0.0,0.0,0,0.0,Unknown,0.0,0.0,0.0,0.0,0.0,0,0.0,Unknown,0.0,0.0,0.0,estimated_from_squad_profile,2026-06-05T00:33:08.162006+00:00
Netherlands,Jorrel Hato,DF,Left-Back,Chelsea,Left,31.1,Fullback,Overlapping wide defender,Width + recovery runner,0,1.0,1241,17,8,0.14,0.18,0.14,0.17,0.9,0.34,1.97,1.14,60.93,87.3,3.05,2.27,0.94,67.0,1.87,36.1,0.12,0.028,10.43,40.0,2.48,68.0,2.65,66.0,5.06,1.18,0.189,0.03,0.07,0.09,0.1,0.16,0.22,0.36,0.0,0.0,0.0,0.0,0.0,0.0,0.0,0,0.0,Unknown,0.0,0.0,0.0,0.0,0.0,0,0.0,Unknown,0.0,0.0,0.0,estimated_from_squad_profile,2026-06-05T00:33:08.162006+00:00
Netherlands,Quinten Timber,MF,Central Midfield,Marseille,Right,23.0,No. 8,Box-to-box midfielder,Progression + counter-press,0,1.0,1241,17,8,0.25,0.26,0.24,0.24,1.58,0.61,3.52,1.59,64.92,84.3,3.59,2.27,0.96,60.0,0.6,32.0,0.43,0.106,13.79,37.0,2.04,62.0,1.32,56.0,5.92,1.28,0.159,0.05,0.07,0.09,0.1,0.16,0.22,0.36,0.0,0.0,0.0,0.0,0.0,0.0,0.0,0,0.0,Unknown,0.0,0.0,0.0,0.0,0.0,0,0.0,Unknown,0.0,0.0,0.0,estimated_from_squad_profile,2026-06-05T00:33:08.162006+00:00
Sweden,Jacob Widell Zetterström,GK,Goalkeeper,Derby County,Right,21.8,Goalkeeper,Sweeper keeper,Build-up keeper,0,1.0,1156,15,7,0.0,0.01,0.0,0.01,0.0,0.0,0.02,0.05,29.81,71.3,4.35,0.12,0.0,0.0,0.0,0.0,0.01,0.0,2.08,29.3,0.15,48.7,0.52,52.8,4.17,0.07,0.025,0.0,0.0,0.0,0.0,0.0,0.0,0.0,2.86,74.2,0.047,1.48,1.08,2.61,47.2,0,0.0,Unknown,0.0,0.0,0.0,0.0,0.0,0,0.0,Unknown,0.0,0.0,0.0,estimated_from_squad_profile,2026-06-05T00:33:08.162006+00:00
Sweden,Gustaf Lagerbielke,DF,Centre-Back,Braga,Right,22.9,Centre-back,Ball-playing defender,Rest-defense anchor,0,1.0,1228,16,7,0.09,0.12,0.09,0.12,0.62,0.24,1.34,0.69,60.58,87.1,2.99,1.4,0.55,63.7,0.47,33.9,0.12,0.028,11.65,39.7,2.73,67.7,2.59,65.7,5.61,1.19,0.19,0.03,0.07,0.09,0.1,0.16,0.22,0.36,0.0,0.0,0.0,0.0,0.0,0.0,0.0,0,0.0,Unknown,0.0,0.0,0.0,0.0,0.0,0,0.0,Unknown,0.0,0.0,0.0,estimated_from_squad_profile,2026-06-05T00:33:08.162006+00:00
Sweden,Victor Lindelöf,DF,Centre-Back,Aston Villa,Right,25.0,Centre-back,Ball-playing defender,Rest-defense anchor,1,1.0,2762,37,30,0.13,0.18,0.13,0.17,0.86,0.33,1.87,0.99,64.44,88.7,4.31,1.97,0.61,66.7,0.66,36.0,0.17,0.04,11.82,42.7,3.19,70.7,3.89,68.7,6.02,1.09,0.178,0.04,0.157,0.139,0.157,0.148,0.157,0.241,0.0,0.0,0.0,0.0,0.0,0.0,0.0,0,0.0,Unknown,0.0,0.0,0.0,0.0,0.0,0,0.0,Unknown,0.0,0.0,0.0,estimated_from_squad_profile,2026-06-05T00:33:08.162006+00:00
Sweden,Isak Hien,DF,Centre-Back,Atalanta,Right,23.5,Centre-back,Ball-playing defender,Rest-defense anchor,1,1.0,2662,36,28,0.11,0.16,0.12,0.15,0.78,0.3,1.68,0.87,61.74,87.6,3.79,1.76,0.59,64.6,0.59,34.5,0.15,0.035,12.12,40.6,2.98,68.6,3.32,66.6,5.95,1.16,0.186,0.03,0.155,0.141,0.16,0.15,0.16,0.235,0.0,0.0,0.0,0.0,0.0,0.0,0.0,0,0.0,Unknown,0.0,0.0,0.0,0.0,0.0,0,0.0,Unknown,0.0,0.0,0.0,estimated_from_squad_profile,2026-06-05T00:33:08.162006+00:00
Sweden,Gabriel Gudmundsson,DF,Left-Back,Leeds United,Left,31.3,Fullback,Overlapping wide defender,Width + recovery runner,1,1.0,2648,36,28,0.17,0.22,0.17,0.21,1.09,0.42,2.4,1.4,61.37,87.5,3.71,2.73,1.08,67.3,2.23,36.3,0.15,0.034,12.04,40.3,2.91,68.3,3.24,66.3,5.87,1.17,0.187,0.03,0.155,0.141,0.16,0.151,0.16,0.234,0.0,0.0,0.0,0.0,0.0,0.0,0.0,0,0.0,Unknown,0.0,0.0,0.0,0.0,0.0,0,0.0,Unknown,0.0,0.0,0.0,estimated_from_squad_profile,2026-06-05T00:33:08.162006+00:00
Sweden,Herman Johansson,DF,Right Midfield,FC Dallas,Right,26.7,DF,Hybrid role,Balanced phase contribution,0,1.0,1148,15,7,0.12,0.15,0.12,0.14,0.78,0.3,1.7,0.96,58.41,86.3,2.63,2.1,0.99,65.0,1.81,34.7,0.11,0.024,11.16,38.0,2.12,66.0,2.21,64.0,5.19,1.24,0.197,0.03,0.07,0.09,0.1,0.16,0.22,0.36,0.0,0.0,0.0,0.0,0.0,0.0,0.0,0,0.0,Unknown,0.0,0.0,0.0,0.0,0.0,0,0.0,Unknown,0.0,0.0,0.0,estimated_from_squad_profile,2026-06-05T00:33:08.162006+00:00
Sweden,Lucas Bergvall,MF,Central Midfield,Tottenham Hotspur,Right,23.0,No. 8,Box-to-box midfielder,Progression + counter-press,1,1.0,2630,36,28,0.3,0.31,0.29,0.29,1.87,0.72,4.18,1.89,64.89,84.3,4.26,2.69,0.88,60.0,0.72,32.0,0.51,0.126,12.73,37.0,1.88,62.0,1.56,56.0,5.46,1.28,0.159,0.05,0.154,0.141,0.16,0.151,0.16,0.233,0.0,0.0,0.0,0.0,0.0,0.0,0.0,0,0.0,Unknown,0.0,0.0,0.0,0.0,0.0,0,0.0,Unknown,0.0,0.0,0.0,estimated_from_squad_profile,2026-06-05T00:33:08.162006+00:00
Sweden,Daniel Svensson,DF,Left-Back,Borussia Dortmund,Left,31.0,Fullback,Overlapping wide defender,Width + recovery runner,1,1.0,2625,35,28,0.16,0.21,0.16,0.2,1.06,0.41,2.32,1.35,60.75,87.2,3.59,2.69,1.01,66.9,2.22,36.0,0.14,0.033,11.26,39.9,2.66,67.9,3.12,65.9,5.44,1.18,0.189,0.03,0.154,0.142,0.16,0.151,0.16,0.233,0.0,0.0,0.0,0.0,0.0,0.0,0.0,0,0.0,Unknown,0.0,0.0,0.0,0.0,0.0,0,0.0,Unknown,0.0,0.0,0.0,estimated_from_squad_profile,2026-06-05T00:33:08.162006+00:00
Sweden,Alexander Isak,FW,Centre-Forward,Liverpool,Right,25.8,No. 9,Penalty-box finisher,Depth runs + shot volume,1,1.0,2819,38,30,0.47,0.19,0.44,0.18,2.85,1.1,6.41,1.06,45.96,77.3,2.9,4.21,2.01,58.9,0.98,31.8,0.24,0.059,14.45,36.9,1.61,58.9,1.51,51.9,4.83,0.75,0.093,0.4,0.159,0.138,0.156,0.147,0.156,0.244,0.0,0.0,0.0,0.0,0.0,0.0,0.0,0,0.0,Unknown,0.0,0.0,0.0,0.0,0.0,0,0.0,Unknown,0.0,0.0,0.0,estimated_from_squad_profile,2026-06-05T00:33:08.162006+00:00
Sweden,Benjamin Nygren,MF,Attacking Midfield,Celtic,Right,22.9,No. 10,Central creator,Between-lines chance creation,0,1.0,1234,16,7,0.25,0.26,0.24,0.24,1.56,0.6,3.47,1.57,64.73,84.2,3.55,2.24,0.95,59.8,0.6,31.9,0.43,0.105,13.71,36.8,2.02,61.8,1.3,55.8,5.87,1.28,0.16,0.05,0.07,0.09,0.1,0.16,0.22,0.36,0.0,0.0,0.0,0.0,0.0,0.0,0.0,0,0.0,Unknown,0.0,0.0,0.0,0.0,0.0,0,0.0,Unknown,0.0,0.0,0.0,estimated_from_squad_profile,2026-06-05T00:33:08.162006+00:00
Sweden,Anthony Elanga,FW,Right Winger,Newcastle United,Right,29.0,Winger,Wide creator,1v1 carry + crossing threat,1,1.0,2693,36,29,0.52,0.42,0.48,0.39,3.13,1.21,7.05,2.7,42.59,76.0,2.56,4.55,2.09,59.3,2.5,32.0,0.35,0.09,12.9,34.3,1.38,56.3,1.31,49.3,4.34,0.84,0.104,0.35,0.156,0.14,0.159,0.15,0.159,0.237,0.0,0.0,0.0,0.0,0.0,0.0,0.0,0,0.0,Unknown,0.0,0.0,0.0,0.0,0.0,0,0.0,Unknown,0.0,0.0,0.0,estimated_from_squad_profile,2026-06-05T00:33:08.162006+00:00
Sweden,Viktor Johansson,GK,Goalkeeper,Stoke City,Right,22.7,Goalkeeper,Sweeper keeper,Build-up keeper,1,1.0,2609,35,28,0.0,0.01,0.0,0.01,0.0,0.0,0.02,0.06,30.72,72.4,4.59,0.13,0.0,0.0,0.0,0.0,0.01,0.0,2.18,30.2,0.16,50.1,0.55,53.8,4.32,0.08,0.024,0.0,0.0,0.0,0.0,0.0,0.0,0.0,2.8,75.5,0.062,1.58,1.19,2.55,48.8,0,0.0,Unknown,0.0,0.0,0.0,0.0,0.0,0,0.0,Unknown,0.0,0.0,0.0,estimated_from_squad_profile,2026-06-05T00:33:08.162006+00:00
Sweden,Ken Sema,MF,Left-Back,Pafos,Left,30.8,Fullback,Overlapping wide defender,Width + recovery runner,0,1.0,1222,16,7,0.24,0.17,0.23,0.17,1.5,0.58,3.35,1.1,64.4,84.1,3.48,3.04,1.35,62.6,1.97,33.8,0.29,0.07,13.06,36.6,2.18,61.6,1.28,55.6,5.58,1.29,0.161,0.05,0.07,0.09,0.1,0.16,0.22,0.36,0.0,0.0,0.0,0.0,0.0,0.0,0.0,0,0.0,Unknown,0.0,0.0,0.0,0.0,0.0,0,0.0,Unknown,0.0,0.0,0.0,estimated_from_squad_profile,2026-06-05T00:33:08.162006+00:00
Sweden,Hjalmar Ekdal,DF,Centre-Back,Burnley,Right,22.4,Centre-back,Ball-playing defender,Rest-defense anchor,0,1.0,1196,16,7,0.09,0.12,0.09,0.11,0.6,0.23,1.29,0.65,59.7,86.8,2.84,1.35,0.54,63.0,0.46,33.4,0.11,0.026,11.66,39.0,2.63,67.0,2.43,65.0,5.54,1.21,0.193,0.03,0.07,0.09,0.1,0.16,0.22,0.36,0.0,0.0,0.0,0.0,0.0,0.0,0.0,0,0.0,Unknown,0.0,0.0,0.0,0.0,0.0,0,0.0,Unknown,0.0,0.0,0.0,estimated_from_squad_profile,2026-06-05T00:33:08.162006+00:00
Sweden,Carl Starfelt,DF,Centre-Back,Celta Vigo,Right,22.6,Centre-back,Ball-playing defender,Rest-defense anchor,0,1.0,1207,16,7,0.09,0.12,0.09,0.11,0.61,0.23,1.31,0.66,60.01,86.9,2.9,1.37,0.51,63.3,0.46,33.6,0.12,0.027,10.88,39.3,2.49,67.3,2.49,65.3,5.2,1.2,0.192,0.03,0.07,0.09,0.1,0.16,0.22,0.36,0.0,0.0,0.0,0.0,0.0,0.0,0.0,0,0.0,Unknown,0.0,0.0,0.0,0.0,0.0,0,0.0,Unknown,0.0,0.0,0.0,estimated_from_squad_profile,2026-06-05T00:33:08.162006+00:00
Sweden,Jesper Karlström,MF,Defensive Midfield,Udinese,Right,22.7,No. 6,Holding midfielder,Press resistance + ball winning,0,1.0,1217,16,7,0.2,0.12,0.19,0.11,1.24,0.47,2.74,0.67,64.29,84.0,3.46,2.18,0.92,59.5,0.59,31.7,0.29,0.069,13.53,36.5,2.26,61.5,1.27,55.5,5.77,1.29,0.161,0.05,0.07,0.09,0.1,0.16,0.22,0.36,0.0,0.0,0.0,0.0,0.0,0.0,0.0,0,0.0,Unknown,0.0,0.0,0.0,0.0,0.0,0,0.0,Unknown,0.0,0.0,0.0,estimated_from_squad_profile,2026-06-05T00:33:08.162006+00:00
Sweden,Viktor Gyökeres,FW,Centre-Forward,Arsenal,Right,24.9,No. 9,Penalty-box finisher,Depth runs + shot volume,1,1.0,2760,37,30,0.43,0.18,0.4,0.17,2.63,1.01,5.91,0.99,44.39,76.7,2.74,3.9,1.85,57.7,0.92,30.9,0.22,0.055,13.96,35.7,1.53,57.7,1.42,50.7,4.68,0.79,0.098,0.37,0.157,0.139,0.157,0.148,0.157,0.24,0.0,0.0,0.0,0.0,0.0,0.0,0.0,0,0.0,Unknown,0.0,0.0,0.0,0.0,0.0,0,0.0,Unknown,0.0,0.0,0.0,estimated_from_squad_profile,2026-06-05T00:33:08.162006+00:00
Sweden,Yasin Ayari,MF,Central Midfield,Brighton & Hove Albion,Right,23.6,No. 8,Box-to-box midfielder,Progression + counter-press,1,1.0,2671,36,29,0.32,0.33,0.31,0.31,2.0,0.77,4.48,2.03,66.0,84.7,4.54,2.86,0.98,60.8,0.76,32.6,0.54,0.133,13.69,37.8,2.08,62.8,1.66,56.8,5.92,1.25,0.155,0.06,0.155,0.141,0.159,0.15,0.159,0.235,0.0,0.0,0.0,0.0,0.0,0.0,0.0,0,0.0,Unknown,0.0,0.0,0.0,0.0,0.0,0,0.0,Unknown,0.0,0.0,0.0,estimated_from_squad_profile,2026-06-05T00:33:08.162006+00:00
Sweden,Mattias Svanberg,MF,Central Midfield,VfL Wolfsburg,Right,23.7,No. 8,Box-to-box midfielder,Progression + counter-press,1,1.0,2673,36,29,0.32,0.33,0.31,0.31,2.01,0.77,4.49,2.03,66.05,84.7,4.55,2.87,1.08,60.9,0.76,32.7,0.54,0.133,15.07,37.9,2.29,62.9,1.66,56.9,6.52,1.25,0.155,0.06,0.155,0.141,0.159,0.15,0.159,0.235,0.0,0.0,0.0,0.0,0.0,0.0,0.0,0,0.0,Unknown,0.0,0.0,0.0,0.0,0.0,0,0.0,Unknown,0.0,0.0,0.0,estimated_from_squad_profile,2026-06-05T00:33:08.162006+00:00
Sweden,Eric Smith,DF,Centre-Back,FC St. Pauli,Right,22.0,Centre-back,Ball-playing defender,Rest-defense anchor,0,1.0,1170,16,7,0.08,0.11,0.09,0.1,0.58,0.22,1.25,0.63,59.02,86.5,2.73,1.3,0.51,62.5,0.44,33.0,0.11,0.025,11.09,38.5,2.42,66.5,2.31,64.5,5.21,1.22,0.195,0.03,0.07,0.09,0.1,0.16,0.22,0.36,0.0,0.0,0.0,0.0,0.0,0.0,0.0,0,0.0,Unknown,0.0,0.0,0.0,0.0,0.0,0,0.0,Unknown,0.0,0.0,0.0,estimated_from_squad_profile,2026-06-05T00:33:08.162006+00:00
Sweden,Alexander Bernhardsson,DF,Right Winger,Holstein Kiel,Right,27.1,Winger,Wide creator,1v1 carry + crossing threat,0,1.0,1177,16,7,0.17,0.28,0.16,0.26,1.07,0.41,2.36,1.79,59.21,86.6,2.76,2.16,1.03,65.7,1.83,35.1,0.24,0.059,11.55,38.7,2.27,66.7,2.35,64.7,5.44,1.22,0.194,0.03,0.07,0.09,0.1,0.16,0.22,0.36,0.0,0.0,0.0,0.0,0.0,0.0,0.0,0,0.0,Unknown,0.0,0.0,0.0,0.0,0.0,0,0.0,Unknown,0.0,0.0,0.0,estimated_from_squad_profile,2026-06-05T00:33:08.162006+00:00
Sweden,Besfort Zeneli,MF,Central Midfield,Union Saint-Gilloise,Right,22.2,No. 8,Box-to-box midfielder,Progression + counter-press,0,1.0,1181,16,7,0.23,0.23,0.22,0.21,1.42,0.54,3.15,1.42,63.31,83.6,3.26,2.06,0.85,58.7,0.56,31.2,0.4,0.098,12.89,35.7,1.83,60.7,1.2,54.7,5.45,1.32,0.164,0.05,0.07,0.09,0.1,0.16,0.22,0.36,0.0,0.0,0.0,0.0,0.0,0.0,0.0,0,0.0,Unknown,0.0,0.0,0.0,0.0,0.0,0,0.0,Unknown,0.0,0.0,0.0,estimated_from_squad_profile,2026-06-05T00:33:08.162006+00:00
Sweden,Kristoffer Nordfeldt,GK,Goalkeeper,AIK,Right,21.4,Goalkeeper,Sweeper keeper,Build-up keeper,0,1.0,1125,15,7,0.0,0.01,0.0,0.01,0.0,0.0,0.02,0.05,29.35,70.7,4.23,0.11,0.0,0.0,0.0,0.0,0.01,0.0,2.02,28.9,0.15,48.0,0.51,52.2,4.09,0.07,0.026,0.0,0.0,0.0,0.0,0.0,0.0,0.0,2.9,73.6,0.039,1.42,1.02,2.64,46.4,0,0.0,Unknown,0.0,0.0,0.0,0.0,0.0,0,0.0,Unknown,0.0,0.0,0.0,estimated_from_squad_profile,2026-06-05T00:33:08.162006+00:00
Sweden,Elliot Stroud,DF,Left Midfield,Mjällby AIF,Left,29.8,DF,Hybrid role,Balanced phase contribution,0,1.0,1154,15,7,0.12,0.15,0.12,0.15,0.79,0.3,1.72,0.97,58.59,86.3,2.66,2.12,0.94,65.2,1.82,34.8,0.11,0.025,10.59,38.2,2.03,66.2,2.24,64.2,4.94,1.24,0.196,0.03,0.07,0.09,0.1,0.16,0.22,0.36,0.0,0.0,0.0,0.0,0.0,0.0,0.0,0,0.0,Unknown,0.0,0.0,0.0,0.0,0.0,0,0.0,Unknown,0.0,0.0,0.0,estimated_from_squad_profile,2026-06-05T00:33:08.162006+00:00
Sweden,Gustaf Nilsson,FW,Centre-Forward,Club Brugge,Right,22.1,No. 9,Penalty-box finisher,Depth runs + shot volume,0,1.0,1174,16,7,0.26,0.11,0.24,0.1,1.59,0.61,3.56,0.63,39.12,74.5,1.86,2.41,1.31,53.6,0.59,28.1,0.14,0.034,12.09,31.6,1.22,53.6,0.93,46.6,4.11,0.92,0.115,0.29,0.07,0.09,0.1,0.16,0.22,0.36,0.0,0.0,0.0,0.0,0.0,0.0,0.0,0,0.0,Unknown,0.0,0.0,0.0,0.0,0.0,0,0.0,Unknown,0.0,0.0,0.0,estimated_from_squad_profile,2026-06-05T00:33:08.162006+00:00
Sweden,Taha Ali,FW,Left Winger,Malmö FF,Left,29.5,Winger,Wide creator,1v1 carry + crossing threat,0,1.0,1132,15,7,0.31,0.25,0.29,0.24,1.89,0.73,4.24,1.62,38.0,74.1,1.76,3.07,1.75,55.7,1.94,29.5,0.25,0.065,12.18,30.7,1.2,52.7,0.87,45.7,4.15,0.95,0.118,0.27,0.07,0.09,0.1,0.16,0.22,0.36,0.0,0.0,0.0,0.0,0.0,0.0,0.0,0,0.0,Unknown,0.0,0.0,0.0,0.0,0.0,0,0.0,Unknown,0.0,0.0,0.0,estimated_from_squad_profile,2026-06-05T00:33:08.162006+00:00
Tunisia,Mouhib Chamakh,GK,,Club Africain,Right,16.6,Goalkeeper,Sweeper keeper,Build-up keeper,0,1.0,801,10,5,0.0,0.01,0.0,0.01,0.0,0.0,0.02,0.03,24.6,64.8,2.96,0.05,0.0,0.0,0.0,0.0,0.01,0.0,1.47,24.6,0.09,40.9,0.37,46.7,3.3,0.05,0.034,0.0,0.0,0.0,0.0,0.0,0.0,0.0,3.25,66.8,-0.04,0.87,0.42,2.96,38.0,0,0.0,Unknown,0.0,0.0,0.0,0.0,0.0,0,0.0,Unknown,0.0,0.0,0.0,estimated_from_squad_profile,2026-06-05T00:33:08.162006+00:00
Tunisia,Ali Abdi,DF,Left-Back,Nice,Left,32.2,Fullback,Overlapping wide defender,Width + recovery runner,1,1.0,2707,37,29,0.18,0.24,0.18,0.23,1.18,0.45,2.6,1.53,62.96,88.1,4.02,2.86,1.02,68.6,2.27,37.2,0.16,0.037,11.28,41.6,2.9,69.6,3.58,67.6,5.63,1.13,0.182,0.04,0.156,0.14,0.159,0.149,0.159,0.237,0.0,0.0,0.0,0.0,0.0,0.0,0.0,0,0.0,Unknown,0.0,0.0,0.0,0.0,0.0,0,0.0,Unknown,0.0,0.0,0.0,estimated_from_squad_profile,2026-06-05T00:33:08.162006+00:00
Tunisia,Montassar Talbi,DF,Centre-Back,Lorient,Right,24.9,Centre-back,Ball-playing defender,Rest-defense anchor,1,1.0,2754,37,29,0.13,0.18,0.13,0.17,0.86,0.33,1.86,0.98,64.23,88.6,4.27,1.95,0.64,66.5,0.66,35.9,0.17,0.04,12.46,42.5,3.34,70.5,3.84,68.5,6.33,1.09,0.178,0.04,0.157,0.139,0.158,0.148,0.158,0.24,0.0,0.0,0.0,0.0,0.0,0.0,0.0,0,0.0,Unknown,0.0,0.0,0.0,0.0,0.0,0,0.0,Unknown,0.0,0.0,0.0,estimated_from_squad_profile,2026-06-05T00:33:08.162006+00:00
Tunisia,Omar Rekik,DF,Centre-Back,Maribor,Right,21.3,Centre-back,Ball-playing defender,Rest-defense anchor,0,1.0,1118,15,7,0.08,0.1,0.08,0.09,0.55,0.21,1.16,0.57,57.63,85.9,2.5,1.21,0.46,61.4,0.41,32.3,0.1,0.023,10.58,37.4,2.16,65.4,2.07,63.4,4.85,1.26,0.199,0.03,0.07,0.09,0.1,0.16,0.22,0.36,0.0,0.0,0.0,0.0,0.0,0.0,0.0,0,0.0,Unknown,0.0,0.0,0.0,0.0,0.0,0,0.0,Unknown,0.0,0.0,0.0,estimated_from_squad_profile,2026-06-05T00:33:08.162006+00:00
Tunisia,Adem Arous,DF,Centre-Back,Kasımpaşa,Right,21.9,Centre-back,Ball-playing defender,Rest-defense anchor,0,1.0,1164,15,7,0.08,0.11,0.09,0.1,0.58,0.22,1.24,0.62,58.86,86.4,2.71,1.29,0.47,62.4,0.44,32.9,0.11,0.025,10.23,38.4,2.22,66.4,2.28,64.4,4.79,1.23,0.195,0.03,0.07,0.09,0.1,0.16,0.22,0.36,0.0,0.0,0.0,0.0,0.0,0.0,0.0,0,0.0,Unknown,0.0,0.0,0.0,0.0,0.0,0,0.0,Unknown,0.0,0.0,0.0,estimated_from_squad_profile,2026-06-05T00:33:08.162006+00:00
Tunisia,Dylan Bronn,DF,Centre-Back,Servette,Right,23.2,Centre-back,Ball-playing defender,Rest-defense anchor,1,1.0,2641,36,28,0.11,0.15,0.11,0.14,0.76,0.29,1.64,0.84,61.19,87.4,3.68,1.72,0.55,64.2,0.58,34.2,0.15,0.034,11.35,40.2,2.73,68.2,3.21,66.2,5.52,1.17,0.188,0.03,0.154,0.141,0.16,0.151,0.16,0.234,0.0,0.0,0.0,0.0,0.0,0.0,0.0,0,0.0,Unknown,0.0,0.0,0.0,0.0,0.0,0,0.0,Unknown,0.0,0.0,0.0,estimated_from_squad_profile,2026-06-05T00:33:08.162006+00:00
Tunisia,Elias Achouri,FW,Left Winger,Copenhagen,Left,30.9,Winger,Wide creator,1v1 carry + crossing threat,1,1.0,2624,35,28,0.46,0.37,0.43,0.35,2.77,1.07,6.24,2.39,40.73,75.2,2.37,4.19,2.02,57.8,2.42,30.9,0.33,0.085,13.05,32.8,1.35,54.8,1.2,47.8,4.42,0.88,0.109,0.32,0.154,0.142,0.16,0.151,0.16,0.232,0.0,0.0,0.0,0.0,0.0,0.0,0.0,0,0.0,Unknown,0.0,0.0,0.0,0.0,0.0,0,0.0,Unknown,0.0,0.0,0.0,estimated_from_squad_profile,2026-06-05T00:33:08.162006+00:00
Tunisia,Elias Saad,FW,Left Winger,Hannover 96,Left,30.3,Winger,Wide creator,1v1 carry + crossing threat,1,1.0,2581,35,28,0.42,0.34,0.39,0.32,2.55,0.98,5.74,2.19,39.58,74.7,2.26,3.96,1.87,56.9,2.37,30.3,0.32,0.082,12.46,31.9,1.27,53.9,1.13,46.9,4.23,0.91,0.113,0.3,0.153,0.142,0.161,0.152,0.161,0.23,0.0,0.0,0.0,0.0,0.0,0.0,0.0,0,0.0,Unknown,0.0,0.0,0.0,0.0,0.0,0,0.0,Unknown,0.0,0.0,0.0,estimated_from_squad_profile,2026-06-05T00:33:08.162006+00:00
Tunisia,Hazem Mastouri,FW,Centre-Forward,Dynamo Makhachkala,Right,22.1,No. 9,Penalty-box finisher,Depth runs + shot volume,0,1.0,1177,16,7,0.26,0.11,0.25,0.11,1.6,0.62,3.58,0.63,39.2,74.6,1.86,2.43,1.34,53.7,0.59,28.1,0.14,0.034,12.34,31.7,1.25,53.7,0.93,46.7,4.19,0.92,0.114,0.29,0.07,0.09,0.1,0.16,0.22,0.36,0.0,0.0,0.0,0.0,0.0,0.0,0.0,0,0.0,Unknown,0.0,0.0,0.0,0.0,0.0,0,0.0,Unknown,0.0,0.0,0.0,estimated_from_squad_profile,2026-06-05T00:33:08.162006+00:00
Tunisia,Hannibal Mejbri,MF,,Burnley,Right,17.6,No. 8,Box-to-box midfielder,Progression + counter-press,0,1.0,869,11,5,0.07,0.05,0.08,0.05,0.52,0.2,1.1,0.32,54.94,80.2,1.53,0.97,0.39,52.3,0.3,26.6,0.1,0.023,9.53,29.3,0.92,54.3,0.59,48.3,3.61,1.53,0.191,0.04,0.07,0.09,0.1,0.16,0.22,0.36,0.0,0.0,0.0,0.0,0.0,0.0,0.0,0,0.0,Unknown,0.0,0.0,0.0,0.0,0.0,0,0.0,Unknown,0.0,0.0,0.0,estimated_from_squad_profile,2026-06-05T00:33:08.162006+00:00
Tunisia,Ismaël Gharbi,MF,Left Winger,FC Augsburg,Left,30.7,Winger,Wide creator,1v1 carry + crossing threat,1,1.0,2605,35,28,0.34,0.36,0.32,0.34,2.09,0.81,4.68,2.3,64.23,84.0,4.1,3.59,1.34,62.4,2.34,33.7,0.5,0.122,12.99,36.4,1.89,61.4,1.51,55.4,5.54,1.29,0.161,0.05,0.154,0.142,0.161,0.151,0.161,0.231,0.0,0.0,0.0,0.0,0.0,0.0,0.0,0,0.0,Unknown,0.0,0.0,0.0,0.0,0.0,0,0.0,Unknown,0.0,0.0,0.0,estimated_from_squad_profile,2026-06-05T00:33:08.162006+00:00
Tunisia,Mortadha Ben Ouanes,DF,Left Winger,Kasımpaşa,Left,30.1,Winger,Wide creator,1v1 carry + crossing threat,0,1.0,1175,16,7,0.17,0.28,0.16,0.26,1.07,0.41,2.35,1.78,59.15,86.6,2.76,2.15,0.95,65.6,1.83,35.1,0.24,0.059,10.7,38.6,2.1,66.6,2.34,64.6,5.04,1.22,0.195,0.03,0.07,0.09,0.1,0.16,0.22,0.36,0.0,0.0,0.0,0.0,0.0,0.0,0.0,0,0.0,Unknown,0.0,0.0,0.0,0.0,0.0,0,0.0,Unknown,0.0,0.0,0.0,estimated_from_squad_profile,2026-06-05T00:33:08.162006+00:00
Tunisia,Rani Khedira,MF,Defensive Midfield,Union Berlin,Right,21.7,No. 6,Holding midfielder,Press resistance + ball winning,0,1.0,1150,15,7,0.17,0.11,0.17,0.1,1.1,0.42,2.43,0.61,62.49,83.3,3.09,1.95,0.79,58.1,0.53,30.7,0.25,0.06,12.31,35.1,1.94,60.1,1.14,54.1,5.17,1.34,0.167,0.05,0.07,0.09,0.1,0.16,0.22,0.36,0.0,0.0,0.0,0.0,0.0,0.0,0.0,0,0.0,Unknown,0.0,0.0,0.0,0.0,0.0,0,0.0,Unknown,0.0,0.0,0.0,estimated_from_squad_profile,2026-06-05T00:33:08.162006+00:00
Tunisia,Khalil Ayari,MF,Right Winger,Paris Saint-Germain,Right,26.5,Winger,Wide creator,1v1 carry + crossing threat,0,1.0,1132,15,7,0.24,0.25,0.23,0.24,1.49,0.57,3.32,1.62,62.0,83.1,2.99,2.73,1.2,60.7,1.9,32.5,0.37,0.092,11.88,34.7,1.62,59.7,1.1,53.7,4.96,1.35,0.168,0.05,0.07,0.09,0.1,0.16,0.22,0.36,0.0,0.0,0.0,0.0,0.0,0.0,0.0,0,0.0,Unknown,0.0,0.0,0.0,0.0,0.0,0,0.0,Unknown,0.0,0.0,0.0,estimated_from_squad_profile,2026-06-05T00:33:08.162006+00:00
Tunisia,Hadj Mahmoud,MF,,Lugano,Right,16.6,No. 8,Box-to-box midfielder,Progression + counter-press,0,1.0,801,10,5,0.05,0.04,0.06,0.03,0.38,0.14,0.78,0.25,53.1,79.5,1.15,0.73,0.31,50.9,0.24,25.6,0.06,0.014,9.3,27.9,0.76,52.9,0.46,46.9,3.4,1.57,0.197,0.03,0.07,0.09,0.1,0.16,0.22,0.36,0.0,0.0,0.0,0.0,0.0,0.0,0.0,0,0.0,Unknown,0.0,0.0,0.0,0.0,0.0,0,0.0,Unknown,0.0,0.0,0.0,estimated_from_squad_profile,2026-06-05T00:33:08.162006+00:00
Tunisia,Aymen Dahmen,GK,Goalkeeper,CS Sfaxien,Right,22.5,Goalkeeper,Sweeper keeper,Build-up keeper,1,1.0,2595,35,28,0.0,0.01,0.0,0.01,0.0,0.0,0.02,0.06,30.52,72.1,4.54,0.13,0.0,0.0,0.0,0.0,0.01,0.0,2.16,30.0,0.16,49.8,0.54,53.6,4.29,0.08,0.024,0.0,0.0,0.0,0.0,0.0,0.0,0.0,2.81,75.2,0.059,1.56,1.16,2.57,48.4,0,0.0,Unknown,0.0,0.0,0.0,0.0,0.0,0,0.0,Unknown,0.0,0.0,0.0,estimated_from_squad_profile,2026-06-05T00:33:08.162006+00:00
Tunisia,Ellyes Skhiri,MF,Defensive Midfield,Eintracht Frankfurt,Right,25.1,No. 6,Holding midfielder,Press resistance + ball winning,1,1.0,2768,37,30,0.3,0.18,0.29,0.17,1.87,0.72,4.17,1.0,68.61,85.8,5.18,3.27,1.14,62.8,0.85,34.1,0.46,0.108,15.01,39.8,2.78,64.8,1.88,58.8,6.61,1.18,0.147,0.06,0.158,0.139,0.157,0.148,0.157,0.241,0.0,0.0,0.0,0.0,0.0,0.0,0.0,0,0.0,Unknown,0.0,0.0,0.0,0.0,0.0,0,0.0,Unknown,0.0,0.0,0.0,estimated_from_squad_profile,2026-06-05T00:33:08.162006+00:00
Tunisia,Rayan Elloumi,FW,Centre-Forward,Vancouver Whitecaps FC,Right,21.4,No. 9,Penalty-box finisher,Depth runs + shot volume,0,1.0,1126,15,7,0.23,0.1,0.22,0.1,1.44,0.56,3.22,0.58,37.84,74.0,1.75,2.2,1.03,52.6,0.55,27.4,0.12,0.031,10.17,30.6,1.0,52.6,0.87,45.6,3.47,0.95,0.119,0.27,0.07,0.09,0.1,0.16,0.22,0.36,0.0,0.0,0.0,0.0,0.0,0.0,0.0,0,0.0,Unknown,0.0,0.0,0.0,0.0,0.0,0,0.0,Unknown,0.0,0.0,0.0,estimated_from_squad_profile,2026-06-05T00:33:08.162006+00:00
Tunisia,Firas Chaouat,FW,Centre-Forward,Club Africain,Right,22.7,No. 9,Penalty-box finisher,Depth runs + shot volume,1,1.0,2606,35,28,0.33,0.15,0.31,0.13,2.06,0.79,4.6,0.8,40.25,75.0,2.33,3.1,1.4,54.5,0.75,28.7,0.17,0.043,12.2,32.5,1.26,54.5,1.17,47.5,4.13,0.89,0.111,0.31,0.154,0.142,0.161,0.151,0.161,0.231,0.0,0.0,0.0,0.0,0.0,0.0,0.0,0,0.0,Unknown,0.0,0.0,0.0,0.0,0.0,0,0.0,Unknown,0.0,0.0,0.0,estimated_from_squad_profile,2026-06-05T00:33:08.162006+00:00
Tunisia,Yan Valery,DF,Right-Back,Young Boys,Right,27.3,Fullback,Overlapping wide defender,Width + recovery runner,0,1.0,1187,16,7,0.13,0.16,0.13,0.16,0.83,0.32,1.81,1.04,59.46,86.7,2.81,2.17,1.04,65.9,1.84,35.3,0.11,0.026,11.61,38.9,2.59,66.9,2.39,64.9,5.49,1.21,0.194,0.03,0.07,0.09,0.1,0.16,0.22,0.36,0.0,0.0,0.0,0.0,0.0,0.0,0.0,0,0.0,Unknown,0.0,0.0,0.0,0.0,0.0,0,0.0,Unknown,0.0,0.0,0.0,estimated_from_squad_profile,2026-06-05T00:33:08.162006+00:00
Tunisia,Mohamed Amine Ben Hamida,DF,Left-Back,Espérance de Tunis,Left,29.8,Fullback,Overlapping wide defender,Width + recovery runner,0,1.0,1153,15,7,0.12,0.15,0.12,0.15,0.79,0.3,1.72,0.97,58.56,86.3,2.66,2.11,0.96,65.2,1.82,34.8,0.11,0.025,10.78,38.2,2.31,66.2,2.23,64.2,5.02,1.24,0.196,0.03,0.07,0.09,0.1,0.16,0.22,0.36,0.0,0.0,0.0,0.0,0.0,0.0,0.0,0,0.0,Unknown,0.0,0.0,0.0,0.0,0.0,0,0.0,Unknown,0.0,0.0,0.0,estimated_from_squad_profile,2026-06-05T00:33:08.162006+00:00
Tunisia,Sabri Ben Hessen,GK,Goalkeeper,Étoile du Sahel,Right,21.2,Goalkeeper,Sweeper keeper,Build-up keeper,0,1.0,1114,15,7,0.0,0.01,0.0,0.01,0.0,0.0,0.02,0.05,29.19,70.5,4.18,0.11,0.0,0.0,0.0,0.0,0.01,0.0,2.01,28.8,0.14,47.8,0.5,52.1,4.06,0.07,0.026,0.0,0.0,0.0,0.0,0.0,0.0,0.0,2.91,73.3,0.036,1.41,1.0,2.65,46.1,0,0.0,Unknown,0.0,0.0,0.0,0.0,0.0,0,0.0,Unknown,0.0,0.0,0.0,estimated_from_squad_profile,2026-06-05T00:33:08.162006+00:00
Tunisia,Moutaz Neffati,DF,Right-Back,IFK Norrköping,Right,26.5,Fullback,Overlapping wide defender,Width + recovery runner,0,1.0,1134,15,7,0.11,0.15,0.11,0.14,0.76,0.29,1.66,0.93,58.05,86.1,2.57,2.08,0.89,64.8,1.81,34.5,0.1,0.024,10.06,37.8,2.1,65.8,2.14,63.8,4.65,1.25,0.198,0.03,0.07,0.09,0.1,0.16,0.22,0.36,0.0,0.0,0.0,0.0,0.0,0.0,0.0,0,0.0,Unknown,0.0,0.0,0.0,0.0,0.0,0,0.0,Unknown,0.0,0.0,0.0,estimated_from_squad_profile,2026-06-05T00:33:08.162006+00:00
Tunisia,Raed Chikhaoui,DF,Centre-Back,US Monastir,Right,21.2,Centre-back,Ball-playing defender,Rest-defense anchor,0,1.0,1112,15,7,0.08,0.1,0.08,0.09,0.54,0.21,1.15,0.57,57.45,85.9,2.48,1.2,0.44,61.3,0.41,32.2,0.1,0.023,10.14,37.3,2.05,65.3,2.04,63.3,4.63,1.26,0.2,0.03,0.07,0.09,0.1,0.16,0.22,0.36,0.0,0.0,0.0,0.0,0.0,0.0,0.0,0,0.0,Unknown,0.0,0.0,0.0,0.0,0.0,0,0.0,Unknown,0.0,0.0,0.0,estimated_from_squad_profile,2026-06-05T00:33:08.162006+00:00
Tunisia,Anis Ben Slimane,MF,Central Midfield,Norwich City,Right,23.5,No. 8,Box-to-box midfielder,Progression + counter-press,1,1.0,2665,36,28,0.32,0.33,0.3,0.31,1.98,0.76,4.43,2.01,65.84,84.7,4.5,2.84,1.03,60.7,0.75,32.5,0.54,0.132,14.44,37.7,2.18,62.7,1.65,56.7,6.24,1.25,0.156,0.06,0.155,0.141,0.16,0.15,0.16,0.235,0.0,0.0,0.0,0.0,0.0,0.0,0.0,0,0.0,Unknown,0.0,0.0,0.0,0.0,0.0,0,0.0,Unknown,0.0,0.0,0.0,estimated_from_squad_profile,2026-06-05T00:33:08.162006+00:00
Tunisia,Sebastian Tounekti,MF,Left Winger,Celtic,Left,30.4,Winger,Wide creator,1v1 carry + crossing threat,1,1.0,2588,35,28,0.33,0.34,0.31,0.32,2.03,0.78,4.54,2.23,63.78,83.8,3.99,3.52,1.34,62.1,2.33,33.4,0.48,0.12,13.07,36.1,1.88,61.1,1.47,55.1,5.55,1.31,0.163,0.05,0.153,0.142,0.161,0.152,0.161,0.23,0.0,0.0,0.0,0.0,0.0,0.0,0.0,0,0.0,Unknown,0.0,0.0,0.0,0.0,0.0,0,0.0,Unknown,0.0,0.0,0.0,estimated_from_squad_profile,2026-06-05T00:33:08.162006+00:00
Belgium,Thibaut Courtois,GK,Goalkeeper,Real Madrid,Right,25.4,Goalkeeper,Sweeper keeper,Build-up keeper,1,1.0,2788,38,30,0.0,0.01,0.0,0.01,0.0,0.0,0.02,0.07,33.35,75.7,5.29,0.16,0.0,0.0,0.0,0.0,0.01,0.0,2.49,32.6,0.2,54.0,0.62,56.9,4.76,0.09,0.019,0.0,0.0,0.0,0.0,0.0,0.0,0.0,2.6,79.2,0.106,1.89,1.52,2.38,53.4,0,0.0,Unknown,0.0,0.0,0.0,0.0,0.0,0,0.0,Unknown,0.0,0.0,0.0,estimated_from_squad_profile,2026-06-05T00:33:08.162006+00:00
Belgium,Zeno Debast,DF,Centre-Back,Sporting CP,Right,23.7,Centre-back,Ball-playing defender,Rest-defense anchor,0,1.0,1283,17,8,0.1,0.13,0.1,0.13,0.66,0.25,1.43,0.74,62.05,87.7,3.23,1.5,0.55,64.9,0.51,34.7,0.13,0.03,11.1,40.9,2.76,68.9,2.85,66.9,5.47,1.15,0.185,0.04,0.07,0.09,0.1,0.16,0.22,0.36,0.0,0.0,0.0,0.0,0.0,0.0,0.0,0,0.0,Unknown,0.0,0.0,0.0,0.0,0.0,0,0.0,Unknown,0.0,0.0,0.0,estimated_from_squad_profile,2026-06-05T00:33:08.162006+00:00
Belgium,Arthur Theate,DF,Centre-Back,Eintracht Frankfurt,Right,23.7,Centre-back,Ball-playing defender,Rest-defense anchor,1,1.0,2676,36,29,0.12,0.16,0.12,0.15,0.79,0.3,1.71,0.89,62.13,87.8,3.86,1.79,0.59,64.9,0.6,34.7,0.16,0.036,11.99,40.9,2.99,68.9,3.4,66.9,5.92,1.15,0.185,0.04,0.155,0.141,0.159,0.15,0.159,0.236,0.0,0.0,0.0,0.0,0.0,0.0,0.0,0,0.0,Unknown,0.0,0.0,0.0,0.0,0.0,0,0.0,Unknown,0.0,0.0,0.0,estimated_from_squad_profile,2026-06-05T00:33:08.162006+00:00
Belgium,Brandon Mechele,DF,Centre-Back,Club Brugge,Right,22.2,Centre-back,Ball-playing defender,Rest-defense anchor,0,1.0,1182,16,7,0.08,0.12,0.09,0.11,0.59,0.22,1.27,0.64,59.34,86.6,2.79,1.32,0.48,62.8,0.45,33.2,0.11,0.026,10.33,38.8,2.29,66.8,2.37,64.8,4.88,1.22,0.194,0.03,0.07,0.09,0.1,0.16,0.22,0.36,0.0,0.0,0.0,0.0,0.0,0.0,0.0,0,0.0,Unknown,0.0,0.0,0.0,0.0,0.0,0,0.0,Unknown,0.0,0.0,0.0,estimated_from_squad_profile,2026-06-05T00:33:08.162006+00:00
Belgium,Maxim De Cuyper,DF,Left-Back,Brighton & Hove Albion,Left,31.7,Fullback,Overlapping wide defender,Width + recovery runner,0,1.0,1287,17,8,0.15,0.19,0.14,0.19,0.96,0.37,2.1,1.23,62.15,87.8,3.25,2.35,1.06,67.9,1.89,36.7,0.13,0.03,11.78,40.9,2.94,68.9,2.86,66.9,5.81,1.15,0.185,0.04,0.07,0.09,0.1,0.16,0.22,0.36,0.0,0.0,0.0,0.0,0.0,0.0,0.0,0,0.0,Unknown,0.0,0.0,0.0,0.0,0.0,0,0.0,Unknown,0.0,0.0,0.0,estimated_from_squad_profile,2026-06-05T00:33:08.162006+00:00
Belgium,Axel Witsel,MF,Defensive Midfield,Girona,Right,25.3,No. 6,Holding midfielder,Press resistance + ball winning,1,1.0,2783,38,30,0.31,0.19,0.29,0.17,1.9,0.73,4.25,1.02,69.01,86.0,5.27,3.33,1.03,63.1,0.87,34.3,0.47,0.111,13.4,40.1,2.5,65.1,1.92,59.1,5.92,1.17,0.146,0.06,0.158,0.139,0.157,0.148,0.157,0.242,0.0,0.0,0.0,0.0,0.0,0.0,0.0,0,0.0,Unknown,0.0,0.0,0.0,0.0,0.0,0,0.0,Unknown,0.0,0.0,0.0,estimated_from_squad_profile,2026-06-05T00:33:08.162006+00:00
Belgium,Kevin De Bruyne,MF,Attacking Midfield,Napoli,Right,26.7,No. 10,Central creator,Between-lines chance creation,1,1.0,2882,39,31,0.44,0.45,0.41,0.42,2.67,1.03,6.0,2.74,71.65,87.0,5.92,3.74,1.23,65.2,0.96,35.7,0.68,0.166,15.28,42.2,2.57,67.2,2.15,61.2,6.86,1.11,0.137,0.07,0.16,0.137,0.155,0.146,0.155,0.247,0.0,0.0,0.0,0.0,0.0,0.0,0.0,0,0.0,Unknown,0.0,0.0,0.0,0.0,0.0,0,0.0,Unknown,0.0,0.0,0.0,estimated_from_squad_profile,2026-06-05T00:33:08.162006+00:00
Belgium,Youri Tielemans,MF,Central Midfield,Aston Villa,Right,26.5,No. 8,Box-to-box midfielder,Progression + counter-press,1,1.0,2867,39,31,0.43,0.44,0.4,0.41,2.62,1.01,5.9,2.69,71.26,86.9,5.83,3.68,1.34,64.9,0.95,35.5,0.67,0.164,16.69,41.9,2.79,66.9,2.11,60.9,7.47,1.12,0.139,0.07,0.16,0.137,0.155,0.146,0.155,0.247,0.0,0.0,0.0,0.0,0.0,0.0,0.0,0,0.0,Unknown,0.0,0.0,0.0,0.0,0.0,0,0.0,Unknown,0.0,0.0,0.0,estimated_from_squad_profile,2026-06-05T00:33:08.162006+00:00
Belgium,Romelu Lukaku,FW,Centre-Forward,Napoli,Right,26.6,No. 9,Penalty-box finisher,Depth runs + shot volume,1,1.0,2874,39,31,0.5,0.21,0.47,0.2,3.06,1.18,6.89,1.12,47.44,78.0,3.04,4.5,1.96,60.0,1.05,32.6,0.25,0.063,13.55,38.0,1.54,60.0,1.6,53.0,4.51,0.71,0.088,0.42,0.16,0.137,0.155,0.146,0.155,0.247,0.0,0.0,0.0,0.0,0.0,0.0,0.0,0,0.0,Unknown,0.0,0.0,0.0,0.0,0.0,0,0.0,Unknown,0.0,0.0,0.0,estimated_from_squad_profile,2026-06-05T00:33:08.162006+00:00
Belgium,Leandro Trossard,FW,Left Winger,Arsenal,Left,32.7,Winger,Wide creator,1v1 carry + crossing threat,1,1.0,2742,37,29,0.56,0.45,0.52,0.43,3.38,1.3,7.62,2.92,43.91,76.5,2.69,4.81,2.17,60.3,2.55,32.7,0.36,0.093,13.05,35.3,1.42,57.3,1.39,50.3,4.38,0.8,0.099,0.37,0.157,0.139,0.158,0.149,0.158,0.239,0.0,0.0,0.0,0.0,0.0,0.0,0.0,0,0.0,Unknown,0.0,0.0,0.0,0.0,0.0,0,0.0,Unknown,0.0,0.0,0.0,estimated_from_squad_profile,2026-06-05T00:33:08.162006+00:00
Belgium,Jérémy Doku,FW,Left Winger,Manchester City,Left,32.8,Winger,Wide creator,1v1 carry + crossing threat,1,1.0,2749,37,29,0.57,0.45,0.53,0.43,3.41,1.32,7.7,2.95,44.08,76.6,2.71,4.84,2.23,60.4,2.56,32.8,0.37,0.094,13.36,35.4,1.46,57.4,1.4,50.4,4.48,0.8,0.099,0.37,0.157,0.139,0.158,0.148,0.158,0.24,0.0,0.0,0.0,0.0,0.0,0.0,0.0,0,0.0,Unknown,0.0,0.0,0.0,0.0,0.0,0,0.0,Unknown,0.0,0.0,0.0,estimated_from_squad_profile,2026-06-05T00:33:08.162006+00:00
Belgium,Senne Lammens,GK,Goalkeeper,Manchester United,Right,22.8,Goalkeeper,Sweeper keeper,Build-up keeper,0,1.0,1224,16,7,0.0,0.01,0.0,0.01,0.0,0.0,0.02,0.06,30.8,72.5,4.61,0.13,0.0,0.0,0.0,0.0,0.01,0.0,2.19,30.2,0.16,50.2,0.55,53.9,4.33,0.08,0.024,0.0,0.0,0.0,0.0,0.0,0.0,0.0,2.79,75.6,0.063,1.59,1.2,2.55,48.9,0,0.0,Unknown,0.0,0.0,0.0,0.0,0.0,0,0.0,Unknown,0.0,0.0,0.0,estimated_from_squad_profile,2026-06-05T00:33:08.162006+00:00
Belgium,Mike Penders,GK,Goalkeeper,Strasbourg,Right,22.6,Goalkeeper,Sweeper keeper,Build-up keeper,0,1.0,1210,16,7,0.0,0.01,0.0,0.01,0.0,0.0,0.02,0.06,30.6,72.2,4.56,0.13,0.0,0.0,0.0,0.0,0.01,0.0,2.17,30.0,0.16,49.9,0.54,53.7,4.3,0.08,0.024,0.0,0.0,0.0,0.0,0.0,0.0,0.0,2.81,75.3,0.06,1.57,1.17,2.56,48.5,0,0.0,Unknown,0.0,0.0,0.0,0.0,0.0,0,0.0,Unknown,0.0,0.0,0.0,estimated_from_squad_profile,2026-06-05T00:33:08.162006+00:00
Belgium,Dodi Lukébakio,FW,Right Winger,Benfica,Right,28.6,Winger,Wide creator,1v1 carry + crossing threat,0,1.0,1280,17,8,0.42,0.34,0.39,0.32,2.53,0.98,5.69,2.18,41.96,75.7,2.1,3.72,2.11,58.8,2.08,31.6,0.29,0.074,13.2,33.8,1.4,55.8,1.07,48.8,4.45,0.85,0.106,0.34,0.07,0.09,0.1,0.16,0.22,0.36,0.0,0.0,0.0,0.0,0.0,0.0,0.0,0,0.0,Unknown,0.0,0.0,0.0,0.0,0.0,0,0.0,Unknown,0.0,0.0,0.0,estimated_from_squad_profile,2026-06-05T00:33:08.162006+00:00
Belgium,Thomas Meunier,DF,Right-Back,Lille,Right,30.6,Fullback,Overlapping wide defender,Width + recovery runner,1,1.0,2804,38,30,0.21,0.28,0.2,0.27,1.33,0.51,2.94,1.76,65.57,89.2,4.53,3.06,1.04,70.6,2.34,38.6,0.18,0.042,11.36,43.6,3.17,71.6,4.12,69.6,5.87,1.06,0.174,0.04,0.158,0.138,0.157,0.147,0.157,0.243,0.0,0.0,0.0,0.0,0.0,0.0,0.0,0,0.0,Unknown,0.0,0.0,0.0,0.0,0.0,0,0.0,Unknown,0.0,0.0,0.0,estimated_from_squad_profile,2026-06-05T00:33:08.162006+00:00
Belgium,Koni De Winter,DF,Centre-Back,Milan,Right,22.8,Centre-back,Ball-playing defender,Rest-defense anchor,0,1.0,1227,16,7,0.09,0.12,0.09,0.11,0.62,0.24,1.34,0.68,60.53,87.1,2.98,1.4,0.52,63.7,0.47,33.8,0.12,0.028,11.0,39.7,2.57,67.7,2.58,65.7,5.3,1.19,0.19,0.03,0.07,0.09,0.1,0.16,0.22,0.36,0.0,0.0,0.0,0.0,0.0,0.0,0.0,0,0.0,Unknown,0.0,0.0,0.0,0.0,0.0,0,0.0,Unknown,0.0,0.0,0.0,estimated_from_squad_profile,2026-06-05T00:33:08.162006+00:00
Belgium,Charles De Ketelaere,FW,Attacking Midfield,Atalanta,Right,23.9,No. 10,Central creator,Between-lines chance creation,0,1.0,1298,17,8,0.38,0.29,0.35,0.27,2.31,0.89,5.19,1.75,42.45,75.9,2.14,2.96,1.63,56.2,0.71,29.9,0.29,0.075,13.11,34.2,1.4,56.2,1.1,49.2,4.41,0.84,0.104,0.34,0.07,0.09,0.1,0.16,0.22,0.36,0.0,0.0,0.0,0.0,0.0,0.0,0.0,0,0.0,Unknown,0.0,0.0,0.0,0.0,0.0,0,0.0,Unknown,0.0,0.0,0.0,estimated_from_squad_profile,2026-06-05T00:33:08.162006+00:00
Belgium,Joaquin Seys,DF,Left-Back,Club Brugge,Left,30.6,Fullback,Overlapping wide defender,Width + recovery runner,0,1.0,1212,16,7,0.13,0.17,0.13,0.16,0.86,0.33,1.89,1.09,60.13,87.0,2.92,2.22,0.94,66.4,1.85,35.6,0.12,0.027,10.49,39.4,2.41,67.4,2.51,65.4,5.02,1.2,0.191,0.03,0.07,0.09,0.1,0.16,0.22,0.36,0.0,0.0,0.0,0.0,0.0,0.0,0.0,0,0.0,Unknown,0.0,0.0,0.0,0.0,0.0,0,0.0,Unknown,0.0,0.0,0.0,estimated_from_squad_profile,2026-06-05T00:33:08.162006+00:00
Belgium,Diego Moreira,MF,Left Midfield,Strasbourg,Left,30.7,No. 8,Box-to-box midfielder,Progression + counter-press,0,1.0,1215,16,7,0.24,0.17,0.23,0.17,1.48,0.57,3.31,1.09,64.22,84.0,3.44,3.01,1.31,62.4,1.97,33.7,0.29,0.069,12.73,36.4,1.85,61.4,1.26,55.4,5.43,1.29,0.161,0.05,0.07,0.09,0.1,0.16,0.22,0.36,0.0,0.0,0.0,0.0,0.0,0.0,0.0,0,0.0,Unknown,0.0,0.0,0.0,0.0,0.0,0,0.0,Unknown,0.0,0.0,0.0,estimated_from_squad_profile,2026-06-05T00:33:08.162006+00:00
Belgium,Hans Vanaken,MF,Attacking Midfield,Club Brugge,Right,23.7,No. 10,Central creator,Between-lines chance creation,0,1.0,1286,17,8,0.27,0.28,0.26,0.26,1.69,0.65,3.79,1.71,66.11,84.8,3.83,2.42,0.97,60.9,0.64,32.7,0.46,0.112,13.46,37.9,2.05,62.9,1.4,56.9,5.83,1.25,0.155,0.06,0.07,0.09,0.1,0.16,0.22,0.36,0.0,0.0,0.0,0.0,0.0,0.0,0.0,0,0.0,Unknown,0.0,0.0,0.0,0.0,0.0,0,0.0,Unknown,0.0,0.0,0.0,estimated_from_squad_profile,2026-06-05T00:33:08.162006+00:00
Belgium,Timothy Castagne,DF,Right-Back,Fulham,Right,29.5,Fullback,Overlapping wide defender,Width + recovery runner,1,1.0,2733,37,29,0.19,0.25,0.19,0.24,1.22,0.47,2.69,1.59,63.65,88.4,4.16,2.91,1.08,69.1,2.29,37.5,0.17,0.038,11.88,42.1,3.12,70.1,3.72,68.1,5.99,1.11,0.18,0.04,0.157,0.139,0.158,0.149,0.158,0.239,0.0,0.0,0.0,0.0,0.0,0.0,0.0,0,0.0,Unknown,0.0,0.0,0.0,0.0,0.0,0,0.0,Unknown,0.0,0.0,0.0,estimated_from_squad_profile,2026-06-05T00:33:08.162006+00:00
Belgium,Alexis Saelemaekers,MF,Right Midfield,Milan,Right,28.5,No. 8,Box-to-box midfielder,Progression + counter-press,0,1.0,1270,17,8,0.26,0.19,0.25,0.18,1.63,0.63,3.64,1.2,65.71,84.6,3.75,3.21,1.53,63.6,2.01,34.5,0.32,0.076,14.65,37.6,2.21,62.6,1.37,56.6,6.32,1.26,0.156,0.05,0.07,0.09,0.1,0.16,0.22,0.36,0.0,0.0,0.0,0.0,0.0,0.0,0.0,0,0.0,Unknown,0.0,0.0,0.0,0.0,0.0,0,0.0,Unknown,0.0,0.0,0.0,estimated_from_squad_profile,2026-06-05T00:33:08.162006+00:00
Belgium,Nicolas Raskin,MF,Defensive Midfield,Rangers,Right,22.8,No. 6,Holding midfielder,Press resistance + ball winning,0,1.0,1224,16,7,0.2,0.12,0.19,0.11,1.25,0.48,2.77,0.68,64.46,84.1,3.49,2.21,0.95,59.6,0.59,31.8,0.3,0.07,13.86,36.6,2.32,61.6,1.28,55.6,5.92,1.29,0.16,0.05,0.07,0.09,0.1,0.16,0.22,0.36,0.0,0.0,0.0,0.0,0.0,0.0,0.0,0,0.0,Unknown,0.0,0.0,0.0,0.0,0.0,0,0.0,Unknown,0.0,0.0,0.0,estimated_from_squad_profile,2026-06-05T00:33:08.162006+00:00
Belgium,Amadou Onana,MF,Defensive Midfield,Aston Villa,Right,23.9,No. 6,Holding midfielder,Press resistance + ball winning,1,1.0,2686,36,29,0.27,0.16,0.25,0.15,1.66,0.64,3.7,0.9,66.39,84.9,4.63,2.92,1.04,61.1,0.77,32.9,0.4,0.095,14.39,38.1,2.54,63.1,1.69,57.1,6.25,1.24,0.154,0.06,0.156,0.14,0.159,0.15,0.159,0.236,0.0,0.0,0.0,0.0,0.0,0.0,0.0,0,0.0,Unknown,0.0,0.0,0.0,0.0,0.0,0,0.0,Unknown,0.0,0.0,0.0,estimated_from_squad_profile,2026-06-05T00:33:08.162006+00:00
Belgium,Nathan Ngoy,DF,Centre-Back,Lille,Right,22.7,Centre-back,Ball-playing defender,Rest-defense anchor,0,1.0,1217,16,7,0.09,0.12,0.09,0.11,0.62,0.23,1.32,0.67,60.28,87.0,2.94,1.39,0.52,63.5,0.47,33.7,0.12,0.027,10.94,39.5,2.53,67.5,2.54,65.5,5.25,1.19,0.191,0.03,0.07,0.09,0.1,0.16,0.22,0.36,0.0,0.0,0.0,0.0,0.0,0.0,0.0,0,0.0,Unknown,0.0,0.0,0.0,0.0,0.0,0,0.0,Unknown,0.0,0.0,0.0,estimated_from_squad_profile,2026-06-05T00:33:08.162006+00:00
Belgium,Matias Fernandez-Pardo,FW,Centre-Forward,Lille,Right,22.8,No. 9,Penalty-box finisher,Depth runs + shot volume,0,1.0,1222,16,7,0.28,0.12,0.27,0.11,1.74,0.67,3.9,0.68,40.4,75.1,1.97,2.62,1.33,54.6,0.64,28.8,0.15,0.037,11.55,32.6,1.19,54.6,0.99,47.6,3.91,0.89,0.111,0.31,0.07,0.09,0.1,0.16,0.22,0.36,0.0,0.0,0.0,0.0,0.0,0.0,0.0,0,0.0,Unknown,0.0,0.0,0.0,0.0,0.0,0,0.0,Unknown,0.0,0.0,0.0,estimated_from_squad_profile,2026-06-05T00:33:08.162006+00:00
Egypt,Mohamed El Shenawy,GK,Goalkeeper,Al Ahly,Right,23.7,Goalkeeper,Sweeper keeper,Build-up keeper,1,1.0,2673,36,29,0.0,0.01,0.0,0.01,0.0,0.0,0.02,0.06,31.66,73.6,4.84,0.14,0.0,0.0,0.0,0.0,0.01,0.0,2.29,31.0,0.18,51.5,0.57,54.9,4.48,0.08,0.022,0.0,0.0,0.0,0.0,0.0,0.0,0.0,2.73,76.8,0.078,1.69,1.31,2.49,50.4,0,0.0,Unknown,0.0,0.0,0.0,0.0,0.0,0,0.0,Unknown,0.0,0.0,0.0,estimated_from_squad_profile,2026-06-05T00:33:08.162006+00:00
Egypt,Yasser Ibrahim,DF,Centre-Back,Al Ahly,Right,21.5,Centre-back,Ball-playing defender,Rest-defense anchor,0,1.0,1138,15,7,0.08,0.11,0.08,0.1,0.56,0.21,1.2,0.59,58.14,86.1,2.59,1.25,0.45,61.8,0.42,32.5,0.1,0.024,10.08,37.8,2.11,65.8,2.16,63.8,4.66,1.25,0.198,0.03,0.07,0.09,0.1,0.16,0.22,0.36,0.0,0.0,0.0,0.0,0.0,0.0,0.0,0,0.0,Unknown,0.0,0.0,0.0,0.0,0.0,0,0.0,Unknown,0.0,0.0,0.0,estimated_from_squad_profile,2026-06-05T00:33:08.162006+00:00
Egypt,Mohamed Hany,DF,Right-Back,Al Ahly,Right,27.9,Fullback,Overlapping wide defender,Width + recovery runner,1,1.0,2621,35,28,0.16,0.21,0.16,0.2,1.05,0.4,2.31,1.34,60.64,87.2,3.57,2.68,1.01,66.8,2.22,35.9,0.14,0.033,11.23,39.8,2.64,67.8,3.09,65.8,5.42,1.18,0.19,0.03,0.154,0.142,0.161,0.151,0.161,0.232,0.0,0.0,0.0,0.0,0.0,0.0,0.0,0,0.0,Unknown,0.0,0.0,0.0,0.0,0.0,0,0.0,Unknown,0.0,0.0,0.0,estimated_from_squad_profile,2026-06-05T00:33:08.162006+00:00
Egypt,Hossam Abdelmaguid,DF,Centre-Back,Zamalek,Right,22.1,Centre-back,Ball-playing defender,Rest-defense anchor,0,1.0,1174,16,7,0.08,0.11,0.09,0.1,0.58,0.22,1.25,0.63,59.11,86.5,2.75,1.31,0.51,62.6,0.44,33.1,0.11,0.025,11.11,38.6,2.44,66.6,2.33,64.6,5.23,1.22,0.195,0.03,0.07,0.09,0.1,0.16,0.22,0.36,0.0,0.0,0.0,0.0,0.0,0.0,0.0,0,0.0,Unknown,0.0,0.0,0.0,0.0,0.0,0,0.0,Unknown,0.0,0.0,0.0,estimated_from_squad_profile,2026-06-05T00:33:08.162006+00:00
Egypt,Ramy Rabia,DF,Centre-Back,Al Ain,Right,23.3,Centre-back,Ball-playing defender,Rest-defense anchor,1,1.0,2651,36,28,0.11,0.16,0.12,0.14,0.77,0.29,1.66,0.86,61.46,87.5,3.73,1.74,0.52,64.4,0.59,34.3,0.15,0.034,10.76,40.4,2.61,68.4,3.27,66.4,5.26,1.16,0.187,0.03,0.155,0.141,0.16,0.15,0.16,0.234,0.0,0.0,0.0,0.0,0.0,0.0,0.0,0,0.0,Unknown,0.0,0.0,0.0,0.0,0.0,0,0.0,Unknown,0.0,0.0,0.0,estimated_from_squad_profile,2026-06-05T00:33:08.162006+00:00
Egypt,Mohamed Abdelmonem,DF,Centre-Back,Nice,Right,23.3,Centre-back,Ball-playing defender,Rest-defense anchor,1,1.0,2649,36,28,0.11,0.16,0.11,0.14,0.77,0.29,1.66,0.85,61.4,87.5,3.72,1.74,0.59,64.4,0.59,34.3,0.15,0.034,12.05,40.4,2.92,68.4,3.25,66.4,5.88,1.16,0.187,0.03,0.155,0.141,0.16,0.151,0.16,0.234,0.0,0.0,0.0,0.0,0.0,0.0,0.0,0,0.0,Unknown,0.0,0.0,0.0,0.0,0.0,0,0.0,Unknown,0.0,0.0,0.0,estimated_from_squad_profile,2026-06-05T00:33:08.162006+00:00
Egypt,Trézéguet,FW,Left Winger,Al Ahly,Left,33.9,Winger,Wide creator,1v1 carry + crossing threat,1,1.0,2825,38,30,0.63,0.51,0.59,0.48,3.8,1.47,8.59,3.29,46.13,77.4,2.91,5.24,2.38,62.0,2.64,33.9,0.39,0.099,13.7,37.0,1.53,59.0,1.52,52.0,4.58,0.75,0.092,0.4,0.159,0.138,0.156,0.147,0.156,0.244,0.0,0.0,0.0,0.0,0.0,0.0,0.0,0,0.0,Unknown,0.0,0.0,0.0,0.0,0.0,0,0.0,Unknown,0.0,0.0,0.0,estimated_from_squad_profile,2026-06-05T00:33:08.162006+00:00
Egypt,Emam Ashour,MF,Central Midfield,Al Ahly,Right,22.8,No. 8,Box-to-box midfielder,Progression + counter-press,1,1.0,2617,35,28,0.29,0.3,0.28,0.28,1.83,0.7,4.08,1.84,64.53,84.1,4.18,2.64,0.97,59.7,0.71,31.8,0.5,0.124,14.15,36.7,2.07,61.7,1.53,55.7,6.05,1.29,0.16,0.05,0.154,0.142,0.161,0.151,0.161,0.232,0.0,0.0,0.0,0.0,0.0,0.0,0.0,0,0.0,Unknown,0.0,0.0,0.0,0.0,0.0,0,0.0,Unknown,0.0,0.0,0.0,estimated_from_squad_profile,2026-06-05T00:33:08.162006+00:00
Egypt,Hamza Abdelkarim,FW,Centre-Forward,Barcelona,Right,21.4,No. 9,Penalty-box finisher,Depth runs + shot volume,0,1.0,1127,15,7,0.23,0.1,0.22,0.1,1.45,0.56,3.23,0.58,37.87,74.0,1.75,2.21,1.04,52.6,0.55,27.4,0.12,0.031,10.17,30.6,1.0,52.6,0.87,45.6,3.47,0.95,0.119,0.27,0.07,0.09,0.1,0.16,0.22,0.36,0.0,0.0,0.0,0.0,0.0,0.0,0.0,0,0.0,Unknown,0.0,0.0,0.0,0.0,0.0,0,0.0,Unknown,0.0,0.0,0.0,estimated_from_squad_profile,2026-06-05T00:33:08.162006+00:00
Egypt,Mohamed Salah,FW,Right Winger,Liverpool,Left,35.1,Winger,Wide creator,1v1 carry + crossing threat,1,1.0,2909,39,31,0.7,0.56,0.65,0.54,4.23,1.63,9.56,3.67,48.36,78.3,3.14,5.68,2.49,63.7,2.73,35.1,0.41,0.106,13.81,38.7,1.58,60.7,1.65,53.7,4.59,0.69,0.085,0.43,0.161,0.136,0.154,0.145,0.154,0.249,0.0,0.0,0.0,0.0,0.0,0.0,0.0,0,0.0,Unknown,0.0,0.0,0.0,0.0,0.0,0,0.0,Unknown,0.0,0.0,0.0,estimated_from_squad_profile,2026-06-05T00:33:08.162006+00:00
Egypt,Mostafa Ziko,MF,Left Winger,Pyramids,Left,29.7,Winger,Wide creator,1v1 carry + crossing threat,0,1.0,1148,15,7,0.25,0.26,0.24,0.24,1.54,0.59,3.44,1.68,62.43,83.3,3.07,2.78,1.32,61.1,1.91,32.7,0.38,0.094,13.02,35.1,1.8,60.1,1.13,54.1,5.46,1.34,0.167,0.05,0.07,0.09,0.1,0.16,0.22,0.36,0.0,0.0,0.0,0.0,0.0,0.0,0.0,0,0.0,Unknown,0.0,0.0,0.0,0.0,0.0,0,0.0,Unknown,0.0,0.0,0.0,estimated_from_squad_profile,2026-06-05T00:33:08.162006+00:00
Egypt,Haissem Hassan,FW,Right Winger,Oviedo,Right,27.0,Winger,Wide creator,1v1 carry + crossing threat,0,1.0,1169,16,7,0.33,0.27,0.31,0.26,2.05,0.79,4.6,1.76,38.98,74.5,1.85,3.23,1.75,56.5,1.97,30.0,0.26,0.067,11.82,31.5,1.19,53.5,0.92,46.5,4.02,0.93,0.115,0.29,0.07,0.09,0.1,0.16,0.22,0.36,0.0,0.0,0.0,0.0,0.0,0.0,0.0,0,0.0,Unknown,0.0,0.0,0.0,0.0,0.0,0,0.0,Unknown,0.0,0.0,0.0,estimated_from_squad_profile,2026-06-05T00:33:08.162006+00:00
Egypt,Ahmed Fatouh,DF,Left-Back,Zamalek,Left,30.8,Fullback,Overlapping wide defender,Width + recovery runner,1,1.0,2613,35,28,0.16,0.21,0.16,0.2,1.04,0.4,2.28,1.32,60.43,87.1,3.53,2.66,1.04,66.6,2.21,35.8,0.14,0.033,11.61,39.6,2.71,67.6,3.05,65.6,5.58,1.19,0.19,0.03,0.154,0.142,0.161,0.151,0.161,0.232,0.0,0.0,0.0,0.0,0.0,0.0,0.0,0,0.0,Unknown,0.0,0.0,0.0,0.0,0.0,0,0.0,Unknown,0.0,0.0,0.0,estimated_from_squad_profile,2026-06-05T00:33:08.162006+00:00
Egypt,Hamdy Fathy,MF,Defensive Midfield,Al-Wakrah,Right,23.9,No. 6,Holding midfielder,Press resistance + ball winning,1,1.0,2690,36,29,0.27,0.16,0.26,0.15,1.67,0.64,3.73,0.9,66.5,84.9,4.66,2.94,1.03,61.2,0.78,32.9,0.4,0.096,14.16,38.2,2.5,63.2,1.7,57.2,6.15,1.24,0.154,0.06,0.156,0.14,0.159,0.15,0.159,0.236,0.0,0.0,0.0,0.0,0.0,0.0,0.0,0,0.0,Unknown,0.0,0.0,0.0,0.0,0.0,0,0.0,Unknown,0.0,0.0,0.0,estimated_from_squad_profile,2026-06-05T00:33:08.162006+00:00
Egypt,Karim Hafez,DF,Left-Back,Pyramids,Left,29.5,Fullback,Overlapping wide defender,Width + recovery runner,0,1.0,1134,15,7,0.11,0.15,0.11,0.14,0.76,0.29,1.66,0.94,58.05,86.1,2.57,2.08,0.95,64.8,1.81,34.5,0.1,0.024,10.68,37.8,2.23,65.8,2.14,63.8,4.93,1.25,0.198,0.03,0.07,0.09,0.1,0.16,0.22,0.36,0.0,0.0,0.0,0.0,0.0,0.0,0.0,0,0.0,Unknown,0.0,0.0,0.0,0.0,0.0,0,0.0,Unknown,0.0,0.0,0.0,estimated_from_squad_profile,2026-06-05T00:33:08.162006+00:00
Egypt,El Mahdy Soliman,GK,,Zamalek,Right,16.6,Goalkeeper,Sweeper keeper,Build-up keeper,0,1.0,801,10,5,0.0,0.01,0.0,0.01,0.0,0.0,0.02,0.03,24.6,64.8,2.96,0.05,0.0,0.0,0.0,0.0,0.01,0.0,1.47,24.6,0.09,40.9,0.37,46.7,3.3,0.05,0.034,0.0,0.0,0.0,0.0,0.0,0.0,0.0,3.25,66.8,-0.04,0.87,0.42,2.96,38.0,0,0.0,Unknown,0.0,0.0,0.0,0.0,0.0,0,0.0,Unknown,0.0,0.0,0.0,estimated_from_squad_profile,2026-06-05T00:33:08.162006+00:00
Egypt,Mohanad Lasheen,MF,Defensive Midfield,Pyramids,Right,22.5,No. 6,Holding midfielder,Press resistance + ball winning,1,1.0,2595,35,28,0.23,0.14,0.22,0.13,1.44,0.55,3.2,0.79,63.96,83.9,4.03,2.55,0.9,59.2,0.68,31.5,0.34,0.081,13.4,36.2,2.21,61.2,1.48,55.2,5.7,1.3,0.162,0.05,0.153,0.142,0.161,0.152,0.161,0.231,0.0,0.0,0.0,0.0,0.0,0.0,0.0,0,0.0,Unknown,0.0,0.0,0.0,0.0,0.0,0,0.0,Unknown,0.0,0.0,0.0,estimated_from_squad_profile,2026-06-05T00:33:08.162006+00:00
Egypt,Nabil Emad,MF,,Al-Najma,Right,16.6,No. 8,Box-to-box midfielder,Progression + counter-press,0,1.0,801,10,5,0.05,0.04,0.06,0.03,0.38,0.14,0.78,0.25,53.1,79.5,1.15,0.73,0.3,50.9,0.24,25.6,0.06,0.014,8.96,27.9,0.74,52.9,0.46,46.9,3.27,1.57,0.197,0.03,0.07,0.09,0.1,0.16,0.22,0.36,0.0,0.0,0.0,0.0,0.0,0.0,0.0,0,0.0,Unknown,0.0,0.0,0.0,0.0,0.0,0,0.0,Unknown,0.0,0.0,0.0,estimated_from_squad_profile,2026-06-05T00:33:08.162006+00:00
Egypt,Marwan Attia,MF,,Al Ahly,Right,17.2,No. 8,Box-to-box midfielder,Progression + counter-press,0,1.0,841,11,5,0.06,0.05,0.07,0.04,0.46,0.17,0.97,0.29,54.19,79.9,1.38,0.87,0.38,51.7,0.28,26.2,0.08,0.019,9.95,28.7,0.91,53.7,0.54,47.7,3.72,1.55,0.193,0.03,0.07,0.09,0.1,0.16,0.22,0.36,0.0,0.0,0.0,0.0,0.0,0.0,0.0,0,0.0,Unknown,0.0,0.0,0.0,0.0,0.0,0,0.0,Unknown,0.0,0.0,0.0,estimated_from_squad_profile,2026-06-05T00:33:08.162006+00:00
Egypt,Ibrahim Adel,FW,Left Winger,Nordsjælland,Left,30.6,Winger,Wide creator,1v1 carry + crossing threat,0,1.0,1212,16,7,0.37,0.3,0.34,0.28,2.24,0.86,5.03,1.92,40.15,75.0,1.94,3.42,1.89,57.4,2.01,30.6,0.27,0.07,12.4,32.4,1.27,54.4,0.98,47.4,4.2,0.9,0.111,0.31,0.07,0.09,0.1,0.16,0.22,0.36,0.0,0.0,0.0,0.0,0.0,0.0,0.0,0,0.0,Unknown,0.0,0.0,0.0,0.0,0.0,0,0.0,Unknown,0.0,0.0,0.0,estimated_from_squad_profile,2026-06-05T00:33:08.162006+00:00
Egypt,Mahmoud Saber,MF,Central Midfield,ZED,Right,22.1,No. 8,Box-to-box midfielder,Progression + counter-press,0,1.0,1176,16,7,0.22,0.23,0.21,0.21,1.4,0.54,3.12,1.4,63.17,83.6,3.23,2.04,0.86,58.6,0.55,31.1,0.39,0.097,13.08,35.6,1.85,60.6,1.19,54.6,5.52,1.32,0.164,0.05,0.07,0.09,0.1,0.16,0.22,0.36,0.0,0.0,0.0,0.0,0.0,0.0,0.0,0,0.0,Unknown,0.0,0.0,0.0,0.0,0.0,0,0.0,Unknown,0.0,0.0,0.0,estimated_from_squad_profile,2026-06-05T00:33:08.162006+00:00
Egypt,Omar Marmoush,FW,Centre-Forward,Manchester City,Right,25.0,No. 9,Penalty-box finisher,Depth runs + shot volume,1,1.0,2765,37,30,0.43,0.18,0.41,0.17,2.65,1.02,5.95,0.99,44.51,76.8,2.75,3.93,1.9,57.8,0.93,31.0,0.22,0.055,14.25,35.8,1.56,57.8,1.43,50.8,4.78,0.79,0.097,0.38,0.157,0.139,0.157,0.148,0.157,0.241,0.0,0.0,0.0,0.0,0.0,0.0,0.0,0,0.0,Unknown,0.0,0.0,0.0,0.0,0.0,0,0.0,Unknown,0.0,0.0,0.0,estimated_from_squad_profile,2026-06-05T00:33:08.162006+00:00
Egypt,Mostafa Shobeir,GK,,Al Ahly,Right,16.6,Goalkeeper,Sweeper keeper,Build-up keeper,0,1.0,801,10,5,0.0,0.01,0.0,0.01,0.0,0.0,0.02,0.03,24.6,64.8,2.96,0.05,0.0,0.0,0.0,0.0,0.01,0.0,1.47,24.6,0.09,40.9,0.37,46.7,3.3,0.05,0.034,0.0,0.0,0.0,0.0,0.0,0.0,0.0,3.25,66.8,-0.04,0.87,0.42,2.96,38.0,0,0.0,Unknown,0.0,0.0,0.0,0.0,0.0,0,0.0,Unknown,0.0,0.0,0.0,estimated_from_squad_profile,2026-06-05T00:33:08.162006+00:00
Egypt,Tarek Alaa,DF,Right-Back,ZED,Right,25.9,Fullback,Overlapping wide defender,Width + recovery runner,0,1.0,1093,14,7,0.11,0.14,0.11,0.13,0.71,0.27,1.54,0.86,56.95,85.7,2.39,2.01,0.92,63.9,1.78,33.9,0.1,0.022,10.44,36.9,2.05,64.9,1.95,62.9,4.72,1.28,0.202,0.03,0.07,0.09,0.1,0.16,0.22,0.36,0.0,0.0,0.0,0.0,0.0,0.0,0.0,0,0.0,Unknown,0.0,0.0,0.0,0.0,0.0,0,0.0,Unknown,0.0,0.0,0.0,estimated_from_squad_profile,2026-06-05T00:33:08.162006+00:00
Egypt,Zizo,FW,Right Winger,Al Ahly,Right,29.2,Winger,Wide creator,1v1 carry + crossing threat,0,1.0,1318,18,8,0.44,0.36,0.41,0.34,2.69,1.04,6.06,2.32,42.98,76.1,2.18,3.89,2.13,59.6,2.11,32.2,0.3,0.076,13.02,34.6,1.4,56.6,1.12,49.6,4.38,0.83,0.102,0.35,0.07,0.09,0.1,0.16,0.22,0.36,0.0,0.0,0.0,0.0,0.0,0.0,0.0,0,0.0,Unknown,0.0,0.0,0.0,0.0,0.0,0,0.0,Unknown,0.0,0.0,0.0,estimated_from_squad_profile,2026-06-05T00:33:08.162006+00:00
Egypt,Mohamed Alaa,GK,Goalkeeper,El Gouna,Right,21.4,Goalkeeper,Sweeper keeper,Build-up keeper,0,1.0,1130,15,7,0.0,0.01,0.0,0.01,0.0,0.0,0.02,0.05,29.42,70.8,4.25,0.11,0.0,0.0,0.0,0.0,0.01,0.0,2.03,29.0,0.15,48.1,0.51,52.3,4.1,0.07,0.026,0.0,0.0,0.0,0.0,0.0,0.0,0.0,2.89,73.7,0.04,1.43,1.03,2.64,46.5,0,0.0,Unknown,0.0,0.0,0.0,0.0,0.0,0,0.0,Unknown,0.0,0.0,0.0,estimated_from_squad_profile,2026-06-05T00:33:08.162006+00:00
IR Iran,Alireza Beiranvand,GK,Goalkeeper,Tractor,Right,24.1,Goalkeeper,Sweeper keeper,Build-up keeper,1,1.0,2701,37,29,0.0,0.01,0.0,0.01,0.0,0.0,0.02,0.06,32.06,74.1,4.95,0.15,0.0,0.0,0.0,0.0,0.01,0.0,2.34,31.4,0.18,52.1,0.59,55.4,4.54,0.08,0.022,0.0,0.0,0.0,0.0,0.0,0.0,0.0,2.7,77.4,0.084,1.74,1.36,2.46,51.1,0,0.0,Unknown,0.0,0.0,0.0,0.0,0.0,0,0.0,Unknown,0.0,0.0,0.0,estimated_from_squad_profile,2026-06-05T00:33:08.162006+00:00
IR Iran,Saleh Hardani,DF,Right-Back,Esteghlal,Right,27.0,Fullback,Overlapping wide defender,Width + recovery runner,0,1.0,1168,16,7,0.12,0.16,0.12,0.15,0.81,0.31,1.76,1.0,58.96,86.5,2.72,2.14,1.02,65.5,1.83,35.0,0.11,0.025,11.49,38.5,2.51,66.5,2.3,64.5,5.39,1.23,0.195,0.03,0.07,0.09,0.1,0.16,0.22,0.36,0.0,0.0,0.0,0.0,0.0,0.0,0.0,0,0.0,Unknown,0.0,0.0,0.0,0.0,0.0,0,0.0,Unknown,0.0,0.0,0.0,estimated_from_squad_profile,2026-06-05T00:33:08.162006+00:00
IR Iran,Ehsan Hajsafi,DF,Left-Back,Sepahan,Left,32.7,Fullback,Overlapping wide defender,Width + recovery runner,1,1.0,2742,37,29,0.19,0.25,0.19,0.25,1.24,0.47,2.72,1.62,63.9,88.5,4.21,2.93,0.96,69.3,2.3,37.7,0.17,0.039,10.57,42.3,2.8,70.3,3.78,68.3,5.35,1.1,0.179,0.04,0.157,0.139,0.158,0.149,0.158,0.239,0.0,0.0,0.0,0.0,0.0,0.0,0.0,0,0.0,Unknown,0.0,0.0,0.0,0.0,0.0,0,0.0,Unknown,0.0,0.0,0.0,estimated_from_squad_profile,2026-06-05T00:33:08.162006+00:00
IR Iran,Shojae Khalilzadeh,DF,,Tractor,Right,18.2,DF,Hybrid role,Balanced phase contribution,0,1.0,911,12,5,0.05,0.06,0.06,0.05,0.4,0.15,0.83,0.36,52.05,83.7,1.59,0.85,0.29,57.1,0.3,29.2,0.06,0.015,8.14,33.1,1.01,61.1,1.09,59.1,3.29,1.4,0.217,0.02,0.07,0.09,0.1,0.16,0.22,0.36,0.0,0.0,0.0,0.0,0.0,0.0,0.0,0,0.0,Unknown,0.0,0.0,0.0,0.0,0.0,0,0.0,Unknown,0.0,0.0,0.0,estimated_from_squad_profile,2026-06-05T00:33:08.162006+00:00
IR Iran,Milad Mohammadi,DF,Left-Back,Persepolis,Left,32.0,Fullback,Overlapping wide defender,Width + recovery runner,1,1.0,2696,36,29,0.18,0.24,0.18,0.23,1.17,0.45,2.56,1.51,62.65,88.0,3.96,2.83,1.02,68.3,2.27,37.0,0.16,0.037,11.22,41.3,2.85,69.3,3.51,67.3,5.58,1.13,0.183,0.04,0.156,0.14,0.159,0.15,0.159,0.237,0.0,0.0,0.0,0.0,0.0,0.0,0.0,0,0.0,Unknown,0.0,0.0,0.0,0.0,0.0,0,0.0,Unknown,0.0,0.0,0.0,estimated_from_squad_profile,2026-06-05T00:33:08.162006+00:00
IR Iran,Saeid Ezatolahi,MF,,Shabab Al Ahli,Right,18.9,No. 8,Box-to-box midfielder,Progression + counter-press,0,1.0,955,13,6,0.1,0.07,0.1,0.06,0.7,0.26,1.51,0.41,57.23,81.1,2.0,1.27,0.54,54.0,0.37,27.9,0.14,0.034,10.85,31.0,1.21,56.0,0.76,50.0,4.28,1.47,0.183,0.04,0.07,0.09,0.1,0.16,0.22,0.36,0.0,0.0,0.0,0.0,0.0,0.0,0.0,0,0.0,Unknown,0.0,0.0,0.0,0.0,0.0,0,0.0,Unknown,0.0,0.0,0.0,estimated_from_squad_profile,2026-06-05T00:33:08.162006+00:00
IR Iran,Alireza Jahanbakhsh,MF,Right Winger,Dender,Right,30.3,Winger,Wide creator,1v1 carry + crossing threat,1,1.0,2787,38,30,0.46,0.48,0.43,0.46,2.79,1.08,6.27,3.12,69.11,86.0,5.3,4.34,1.6,66.2,2.52,36.3,0.62,0.151,14.91,40.2,2.41,65.2,1.93,59.2,6.59,1.17,0.146,0.06,0.158,0.138,0.157,0.148,0.157,0.242,0.0,0.0,0.0,0.0,0.0,0.0,0.0,0,0.0,Unknown,0.0,0.0,0.0,0.0,0.0,0,0.0,Unknown,0.0,0.0,0.0,estimated_from_squad_profile,2026-06-05T00:33:08.162006+00:00
IR Iran,Mohammad Mohebi,MF,Left Winger,Rostov,Left,32.0,Winger,Wide creator,1v1 carry + crossing threat,1,1.0,2696,36,29,0.4,0.42,0.37,0.4,2.44,0.94,5.48,2.71,66.66,85.0,4.7,3.97,1.62,64.3,2.43,35.0,0.56,0.137,15.33,38.3,2.36,63.3,1.72,57.3,6.66,1.23,0.153,0.06,0.156,0.14,0.159,0.15,0.159,0.237,0.0,0.0,0.0,0.0,0.0,0.0,0.0,0,0.0,Unknown,0.0,0.0,0.0,0.0,0.0,0,0.0,Unknown,0.0,0.0,0.0,estimated_from_squad_profile,2026-06-05T00:33:08.162006+00:00
IR Iran,Mehdi Taremi,FW,Centre-Forward,Olympiacos,Right,26.3,No. 9,Penalty-box finisher,Depth runs + shot volume,1,1.0,2851,39,30,0.49,0.2,0.46,0.19,2.97,1.15,6.69,1.1,46.82,77.7,2.98,4.38,1.9,59.5,1.02,32.3,0.25,0.061,13.37,37.5,1.51,59.5,1.56,52.5,4.46,0.73,0.09,0.41,0.159,0.137,0.156,0.146,0.156,0.246,0.0,0.0,0.0,0.0,0.0,0.0,0.0,0,0.0,Unknown,0.0,0.0,0.0,0.0,0.0,0,0.0,Unknown,0.0,0.0,0.0,estimated_from_squad_profile,2026-06-05T00:33:08.162006+00:00
IR Iran,Mehdi Ghayedi,FW,Left Winger,Al Nasr,Left,31.4,Winger,Wide creator,1v1 carry + crossing threat,1,1.0,2654,36,28,0.48,0.39,0.45,0.37,2.93,1.13,6.59,2.52,41.54,75.5,2.45,4.35,2.1,58.5,2.45,31.4,0.34,0.087,13.31,33.5,1.4,55.5,1.25,48.5,4.49,0.86,0.107,0.33,0.155,0.141,0.16,0.15,0.16,0.234,0.0,0.0,0.0,0.0,0.0,0.0,0.0,0,0.0,Unknown,0.0,0.0,0.0,0.0,0.0,0,0.0,Unknown,0.0,0.0,0.0,estimated_from_squad_profile,2026-06-05T00:33:08.162006+00:00
IR Iran,Ali Alipour,FW,Centre-Forward,Persepolis,Right,22.0,No. 9,Penalty-box finisher,Depth runs + shot volume,0,1.0,1172,16,7,0.26,0.11,0.24,0.1,1.59,0.61,3.55,0.63,39.08,74.5,1.85,2.41,1.28,53.6,0.59,28.0,0.14,0.034,11.85,31.6,1.19,53.6,0.93,46.6,4.03,0.92,0.115,0.29,0.07,0.09,0.1,0.16,0.22,0.36,0.0,0.0,0.0,0.0,0.0,0.0,0.0,0,0.0,Unknown,0.0,0.0,0.0,0.0,0.0,0,0.0,Unknown,0.0,0.0,0.0,estimated_from_squad_profile,2026-06-05T00:33:08.162006+00:00
IR Iran,Payam Niazmand,GK,Goalkeeper,Persepolis,Right,21.7,Goalkeeper,Sweeper keeper,Build-up keeper,0,1.0,1150,15,7,0.0,0.01,0.0,0.01,0.0,0.0,0.02,0.05,29.72,71.2,4.33,0.12,0.0,0.0,0.0,0.0,0.01,0.0,2.07,29.2,0.15,48.6,0.52,52.7,4.15,0.07,0.025,0.0,0.0,0.0,0.0,0.0,0.0,0.0,2.87,74.1,0.045,1.47,1.07,2.62,47.0,0,0.0,Unknown,0.0,0.0,0.0,0.0,0.0,0,0.0,Unknown,0.0,0.0,0.0,estimated_from_squad_profile,2026-06-05T00:33:08.162006+00:00
IR Iran,Hossein Kanaanizadegan,DF,,Persepolis,Right,19.0,DF,Hybrid role,Balanced phase contribution,0,1.0,965,13,6,0.06,0.07,0.06,0.06,0.44,0.17,0.92,0.42,53.52,84.3,1.83,0.95,0.35,58.3,0.33,30.0,0.07,0.017,9.33,34.3,1.32,62.3,1.35,60.3,3.92,1.36,0.212,0.02,0.07,0.09,0.1,0.16,0.22,0.36,0.0,0.0,0.0,0.0,0.0,0.0,0.0,0,0.0,Unknown,0.0,0.0,0.0,0.0,0.0,0,0.0,Unknown,0.0,0.0,0.0,estimated_from_squad_profile,2026-06-05T00:33:08.162006+00:00
IR Iran,Saman Ghoddos,MF,Attacking Midfield,Kalba,Right,23.9,No. 10,Central creator,Between-lines chance creation,1,1.0,2691,36,29,0.33,0.34,0.32,0.32,2.06,0.79,4.62,2.09,66.52,84.9,4.66,2.94,1.01,61.2,0.78,32.9,0.55,0.136,13.9,38.2,2.13,63.2,1.7,57.2,6.04,1.24,0.154,0.06,0.156,0.14,0.159,0.15,0.159,0.236,0.0,0.0,0.0,0.0,0.0,0.0,0.0,0,0.0,Unknown,0.0,0.0,0.0,0.0,0.0,0,0.0,Unknown,0.0,0.0,0.0,estimated_from_squad_profile,2026-06-05T00:33:08.162006+00:00
IR Iran,Rouzbeh Cheshmi,MF,,Esteghlal,Right,17.6,No. 8,Box-to-box midfielder,Progression + counter-press,0,1.0,868,11,5,0.07,0.05,0.08,0.05,0.52,0.2,1.1,0.32,54.9,80.2,1.52,0.97,0.38,52.2,0.3,26.6,0.09,0.023,9.33,29.2,0.9,54.2,0.59,48.2,3.54,1.53,0.191,0.04,0.07,0.09,0.1,0.16,0.22,0.36,0.0,0.0,0.0,0.0,0.0,0.0,0.0,0,0.0,Unknown,0.0,0.0,0.0,0.0,0.0,0,0.0,Unknown,0.0,0.0,0.0,estimated_from_squad_profile,2026-06-05T00:33:08.162006+00:00
IR Iran,Mehdi Torabi,MF,Left Winger,Tractor,Left,31.7,Winger,Wide creator,1v1 carry + crossing threat,1,1.0,2677,36,29,0.39,0.4,0.36,0.38,2.37,0.91,5.31,2.62,66.15,84.8,4.57,3.89,1.47,63.9,2.41,34.7,0.54,0.134,14.02,37.9,2.13,62.9,1.67,56.9,6.07,1.25,0.155,0.06,0.155,0.141,0.159,0.15,0.159,0.236,0.0,0.0,0.0,0.0,0.0,0.0,0.0,0,0.0,Unknown,0.0,0.0,0.0,0.0,0.0,0,0.0,Unknown,0.0,0.0,0.0,estimated_from_squad_profile,2026-06-05T00:33:08.162006+00:00
IR Iran,Aria Yousefi,DF,,Sepahan,Right,16.6,DF,Hybrid role,Balanced phase contribution,0,1.0,801,10,5,0.04,0.04,0.05,0.03,0.32,0.12,0.65,0.25,49.1,82.5,1.1,0.66,0.26,54.9,0.23,27.6,0.04,0.01,8.75,30.9,0.77,58.9,0.57,56.9,3.24,1.47,0.227,0.01,0.07,0.09,0.1,0.16,0.22,0.36,0.0,0.0,0.0,0.0,0.0,0.0,0.0,0,0.0,Unknown,0.0,0.0,0.0,0.0,0.0,0,0.0,Unknown,0.0,0.0,0.0,estimated_from_squad_profile,2026-06-05T00:33:08.162006+00:00
IR Iran,Amirhossein Hosseinzadeh,FW,Centre-Forward,Tractor,Right,22.5,No. 9,Penalty-box finisher,Depth runs + shot volume,1,1.0,2591,35,28,0.32,0.14,0.31,0.13,2.0,0.77,4.47,0.78,39.85,74.8,2.29,3.02,1.38,54.2,0.73,28.5,0.17,0.042,12.31,32.2,1.26,54.2,1.15,47.2,4.18,0.9,0.112,0.3,0.153,0.142,0.161,0.152,0.161,0.231,0.0,0.0,0.0,0.0,0.0,0.0,0.0,0,0.0,Unknown,0.0,0.0,0.0,0.0,0.0,0,0.0,Unknown,0.0,0.0,0.0,estimated_from_squad_profile,2026-06-05T00:33:08.162006+00:00
IR Iran,Ali Nemati,DF,Centre-Back,Foolad,Right,21.7,Centre-back,Ball-playing defender,Rest-defense anchor,0,1.0,1146,15,7,0.08,0.11,0.08,0.1,0.57,0.21,1.21,0.6,58.38,86.2,2.63,1.26,0.48,62.0,0.43,32.7,0.1,0.024,10.75,38.0,2.28,66.0,2.2,64.0,4.99,1.24,0.197,0.03,0.07,0.09,0.1,0.16,0.22,0.36,0.0,0.0,0.0,0.0,0.0,0.0,0.0,0,0.0,Unknown,0.0,0.0,0.0,0.0,0.0,0,0.0,Unknown,0.0,0.0,0.0,estimated_from_squad_profile,2026-06-05T00:33:08.162006+00:00
IR Iran,Shahriyar Moghanlou,FW,,Kalba,Right,16.8,FW,Hybrid role,Balanced phase contribution,0,1.0,812,11,5,0.06,0.04,0.07,0.04,0.46,0.17,0.97,0.26,29.41,70.6,1.04,0.82,0.36,46.1,0.26,22.8,0.05,0.012,8.77,24.1,0.68,46.1,0.45,39.1,3.09,1.16,0.146,0.14,0.07,0.09,0.1,0.16,0.22,0.36,0.0,0.0,0.0,0.0,0.0,0.0,0.0,0,0.0,Unknown,0.0,0.0,0.0,0.0,0.0,0,0.0,Unknown,0.0,0.0,0.0,estimated_from_squad_profile,2026-06-05T00:33:08.162006+00:00
IR Iran,Mohammad Ghorbani,MF,Defensive Midfield,Al Wahda,Right,21.9,No. 6,Holding midfielder,Press resistance + ball winning,0,1.0,1165,15,7,0.18,0.11,0.17,0.1,1.13,0.43,2.49,0.62,62.87,83.4,3.17,2.0,0.84,58.4,0.54,30.9,0.26,0.062,12.95,35.4,2.07,60.4,1.17,54.4,5.46,1.33,0.165,0.05,0.07,0.09,0.1,0.16,0.22,0.36,0.0,0.0,0.0,0.0,0.0,0.0,0.0,0,0.0,Unknown,0.0,0.0,0.0,0.0,0.0,0,0.0,Unknown,0.0,0.0,0.0,estimated_from_squad_profile,2026-06-05T00:33:08.162006+00:00
IR Iran,Hossein Hosseini,GK,,Sepahan,Right,16.6,Goalkeeper,Sweeper keeper,Build-up keeper,0,1.0,801,10,5,0.0,0.01,0.0,0.01,0.0,0.0,0.02,0.03,24.6,64.8,2.96,0.05,0.0,0.0,0.0,0.0,0.01,0.0,1.47,24.6,0.09,40.9,0.37,46.7,3.3,0.05,0.034,0.0,0.0,0.0,0.0,0.0,0.0,0.0,3.25,66.8,-0.04,0.87,0.42,2.96,38.0,0,0.0,Unknown,0.0,0.0,0.0,0.0,0.0,0,0.0,Unknown,0.0,0.0,0.0,estimated_from_squad_profile,2026-06-05T00:33:08.162006+00:00
IR Iran,Ramin Rezaeian,DF,Right-Back,Foolad,Right,29.3,Fullback,Overlapping wide defender,Width + recovery runner,1,1.0,2714,37,29,0.18,0.24,0.18,0.24,1.19,0.46,2.63,1.55,63.16,88.2,4.06,2.87,0.95,68.7,2.28,37.3,0.16,0.038,10.43,41.7,2.7,69.7,3.62,67.7,5.22,1.12,0.182,0.04,0.156,0.14,0.158,0.149,0.158,0.238,0.0,0.0,0.0,0.0,0.0,0.0,0.0,0,0.0,Unknown,0.0,0.0,0.0,0.0,0.0,0,0.0,Unknown,0.0,0.0,0.0,estimated_from_squad_profile,2026-06-05T00:33:08.162006+00:00
IR Iran,Dennis Eckert,FW,,Standard Liège,Right,16.6,FW,Hybrid role,Balanced phase contribution,0,1.0,801,10,5,0.06,0.04,0.06,0.03,0.42,0.16,0.88,0.25,29.1,70.5,1.02,0.77,0.35,45.9,0.25,22.6,0.04,0.011,9.01,23.9,0.69,45.9,0.43,38.9,3.19,1.17,0.147,0.14,0.07,0.09,0.1,0.16,0.22,0.36,0.0,0.0,0.0,0.0,0.0,0.0,0.0,0,0.0,Unknown,0.0,0.0,0.0,0.0,0.0,0,0.0,Unknown,0.0,0.0,0.0,estimated_from_squad_profile,2026-06-05T00:33:08.162006+00:00
IR Iran,Danial Eiri,DF,Centre-Back,Malavan,Right,21.4,Centre-back,Ball-playing defender,Rest-defense anchor,0,1.0,1125,15,7,0.08,0.1,0.08,0.1,0.55,0.21,1.18,0.58,57.81,86.0,2.53,1.22,0.45,61.6,0.42,32.4,0.1,0.023,10.22,37.6,2.1,65.6,2.1,63.6,4.7,1.25,0.199,0.03,0.07,0.09,0.1,0.16,0.22,0.36,0.0,0.0,0.0,0.0,0.0,0.0,0.0,0,0.0,Unknown,0.0,0.0,0.0,0.0,0.0,0,0.0,Unknown,0.0,0.0,0.0,estimated_from_squad_profile,2026-06-05T00:33:08.162006+00:00
IR Iran,Amirmohammad Razzaghinia,MF,Central Midfield,Esteghlal,Right,21.5,No. 8,Box-to-box midfielder,Progression + counter-press,0,1.0,1137,15,7,0.21,0.21,0.2,0.19,1.3,0.5,2.88,1.29,62.13,83.1,3.01,1.9,0.74,57.8,0.52,30.5,0.37,0.092,11.69,34.8,1.6,59.8,1.11,53.8,4.89,1.35,0.168,0.05,0.07,0.09,0.1,0.16,0.22,0.36,0.0,0.0,0.0,0.0,0.0,0.0,0.0,0,0.0,Unknown,0.0,0.0,0.0,0.0,0.0,0,0.0,Unknown,0.0,0.0,0.0,estimated_from_squad_profile,2026-06-05T00:33:08.162006+00:00
New Zealand,Max Crocombe,GK,Goalkeeper,Millwall,Right,22.1,Goalkeeper,Sweeper keeper,Build-up keeper,1,1.0,2568,35,27,0.0,0.01,0.0,0.01,0.0,0.0,0.02,0.06,30.13,71.7,4.43,0.12,0.0,0.0,0.0,0.0,0.01,0.0,2.12,29.6,0.16,49.2,0.53,53.2,4.22,0.08,0.025,0.0,0.0,0.0,0.0,0.0,0.0,0.0,2.84,74.7,0.052,1.52,1.12,2.59,47.7,0,0.0,Unknown,0.0,0.0,0.0,0.0,0.0,0,0.0,Unknown,0.0,0.0,0.0,estimated_from_squad_profile,2026-06-05T00:33:08.162006+00:00
New Zealand,Tim Payne,DF,Right-Back,Wellington Phoenix,Right,28.1,Fullback,Overlapping wide defender,Width + recovery runner,1,1.0,2632,36,28,0.16,0.21,0.16,0.21,1.07,0.41,2.35,1.36,60.94,87.3,3.63,2.7,0.98,67.0,2.22,36.1,0.15,0.034,10.87,40.0,2.59,68.0,3.16,66.0,5.27,1.18,0.189,0.03,0.154,0.141,0.16,0.151,0.16,0.233,0.0,0.0,0.0,0.0,0.0,0.0,0.0,0,0.0,Unknown,0.0,0.0,0.0,0.0,0.0,0,0.0,Unknown,0.0,0.0,0.0,estimated_from_squad_profile,2026-06-05T00:33:08.162006+00:00
New Zealand,Francis de Vries,DF,Left-Back,Auckland FC,Left,29.9,Fullback,Overlapping wide defender,Width + recovery runner,0,1.0,1165,15,7,0.12,0.16,0.12,0.15,0.8,0.31,1.75,1.0,58.88,86.5,2.71,2.13,0.95,65.4,1.82,34.9,0.11,0.025,10.65,38.4,2.31,66.4,2.29,64.4,4.99,1.23,0.195,0.03,0.07,0.09,0.1,0.16,0.22,0.36,0.0,0.0,0.0,0.0,0.0,0.0,0.0,0,0.0,Unknown,0.0,0.0,0.0,0.0,0.0,0,0.0,Unknown,0.0,0.0,0.0,estimated_from_squad_profile,2026-06-05T00:33:08.162006+00:00
New Zealand,Tyler Bindon,DF,Centre-Back,Sheffield United,Right,23.1,Centre-back,Ball-playing defender,Rest-defense anchor,1,1.0,2633,36,28,0.11,0.15,0.11,0.14,0.75,0.29,1.62,0.83,60.96,87.3,3.63,1.7,0.51,64.0,0.57,34.1,0.15,0.034,10.66,40.0,2.54,68.0,3.16,66.0,5.17,1.18,0.189,0.03,0.154,0.141,0.16,0.151,0.16,0.233,0.0,0.0,0.0,0.0,0.0,0.0,0.0,0,0.0,Unknown,0.0,0.0,0.0,0.0,0.0,0,0.0,Unknown,0.0,0.0,0.0,estimated_from_squad_profile,2026-06-05T00:33:08.162006+00:00
New Zealand,Michael Boxall,DF,Centre-Back,Minnesota United FC,Right,22.9,Centre-back,Ball-playing defender,Rest-defense anchor,1,1.0,2618,35,28,0.11,0.15,0.11,0.14,0.74,0.28,1.6,0.82,60.57,87.1,3.56,1.67,0.46,63.7,0.56,33.9,0.14,0.033,9.72,39.7,2.28,67.7,3.08,65.7,4.69,1.19,0.19,0.03,0.154,0.142,0.161,0.151,0.161,0.232,0.0,0.0,0.0,0.0,0.0,0.0,0.0,0,0.0,Unknown,0.0,0.0,0.0,0.0,0.0,0,0.0,Unknown,0.0,0.0,0.0,estimated_from_squad_profile,2026-06-05T00:33:08.162006+00:00
New Zealand,Joe Bell,MF,Defensive Midfield,Viking,Right,23.0,No. 6,Holding midfielder,Press resistance + ball winning,1,1.0,2625,35,28,0.24,0.15,0.23,0.14,1.52,0.58,3.36,0.82,64.77,84.2,4.23,2.67,1.0,59.9,0.71,32.0,0.36,0.085,14.51,36.9,2.45,61.9,1.55,55.9,6.22,1.28,0.159,0.05,0.154,0.142,0.16,0.151,0.16,0.233,0.0,0.0,0.0,0.0,0.0,0.0,0.0,0,0.0,Unknown,0.0,0.0,0.0,0.0,0.0,0,0.0,Unknown,0.0,0.0,0.0,estimated_from_squad_profile,2026-06-05T00:33:08.162006+00:00
New Zealand,Matthew Garbett,MF,Central Midfield,Peterborough United,Right,22.6,No. 8,Box-to-box midfielder,Progression + counter-press,0,1.0,1213,16,7,0.24,0.25,0.23,0.23,1.5,0.58,3.35,1.51,64.18,84.0,3.44,2.17,0.92,59.4,0.58,31.6,0.42,0.102,13.49,36.4,1.96,61.4,1.26,55.4,5.75,1.3,0.161,0.05,0.07,0.09,0.1,0.16,0.22,0.36,0.0,0.0,0.0,0.0,0.0,0.0,0.0,0,0.0,Unknown,0.0,0.0,0.0,0.0,0.0,0,0.0,Unknown,0.0,0.0,0.0,estimated_from_squad_profile,2026-06-05T00:33:08.162006+00:00
New Zealand,Marko Stamenić,MF,Central Midfield,Swansea City,Right,23.3,No. 8,Box-to-box midfielder,Progression + counter-press,1,1.0,2648,36,28,0.31,0.32,0.29,0.3,1.93,0.74,4.31,1.95,65.37,84.5,4.38,2.77,0.98,60.3,0.74,32.3,0.52,0.129,13.98,37.3,2.09,62.3,1.6,56.3,6.02,1.27,0.157,0.05,0.155,0.141,0.16,0.151,0.16,0.234,0.0,0.0,0.0,0.0,0.0,0.0,0.0,0,0.0,Unknown,0.0,0.0,0.0,0.0,0.0,0,0.0,Unknown,0.0,0.0,0.0,estimated_from_squad_profile,2026-06-05T00:33:08.162006+00:00
New Zealand,Chris Wood,FW,Centre-Forward,Nottingham Forest,Right,26.5,No. 9,Penalty-box finisher,Depth runs + shot volume,1,1.0,2869,39,31,0.5,0.21,0.47,0.19,3.04,1.17,6.85,1.12,47.31,77.9,3.03,4.47,1.91,59.9,1.04,32.5,0.25,0.063,13.24,37.9,1.5,59.9,1.59,52.9,4.41,0.72,0.089,0.42,0.16,0.137,0.155,0.146,0.155,0.247,0.0,0.0,0.0,0.0,0.0,0.0,0.0,0,0.0,Unknown,0.0,0.0,0.0,0.0,0.0,0,0.0,Unknown,0.0,0.0,0.0,estimated_from_squad_profile,2026-06-05T00:33:08.162006+00:00
New Zealand,Sarpreet Singh,MF,Attacking Midfield,Wellington Phoenix,Right,22.2,No. 10,Central creator,Between-lines chance creation,0,1.0,1185,16,7,0.23,0.23,0.22,0.22,1.43,0.55,3.18,1.43,63.42,83.7,3.28,2.07,0.92,58.8,0.56,31.2,0.4,0.099,13.93,35.8,1.98,60.8,1.21,54.8,5.9,1.31,0.164,0.05,0.07,0.09,0.1,0.16,0.22,0.36,0.0,0.0,0.0,0.0,0.0,0.0,0.0,0,0.0,Unknown,0.0,0.0,0.0,0.0,0.0,0,0.0,Unknown,0.0,0.0,0.0,estimated_from_squad_profile,2026-06-05T00:33:08.162006+00:00
New Zealand,Elijah Just,MF,Right Winger,Motherwell,Right,28.9,Winger,Wide creator,1v1 carry + crossing threat,1,1.0,2686,36,29,0.39,0.41,0.37,0.39,2.4,0.93,5.39,2.66,66.39,84.9,4.63,3.92,1.57,64.1,2.42,34.9,0.55,0.135,14.94,38.1,2.29,63.1,1.69,57.1,6.48,1.24,0.154,0.06,0.156,0.14,0.159,0.15,0.159,0.236,0.0,0.0,0.0,0.0,0.0,0.0,0.0,0,0.0,Unknown,0.0,0.0,0.0,0.0,0.0,0,0.0,Unknown,0.0,0.0,0.0,estimated_from_squad_profile,2026-06-05T00:33:08.162006+00:00
New Zealand,Alex Paulsen,GK,Goalkeeper,Lechia Gdańsk,Right,21.5,Goalkeeper,Sweeper keeper,Build-up keeper,0,1.0,1134,15,7,0.0,0.01,0.0,0.01,0.0,0.0,0.02,0.05,29.48,70.8,4.26,0.11,0.0,0.0,0.0,0.0,0.01,0.0,2.04,29.0,0.15,48.2,0.51,52.4,4.11,0.07,0.026,0.0,0.0,0.0,0.0,0.0,0.0,0.0,2.89,73.8,0.041,1.44,1.03,2.63,46.6,0,0.0,Unknown,0.0,0.0,0.0,0.0,0.0,0,0.0,Unknown,0.0,0.0,0.0,estimated_from_squad_profile,2026-06-05T00:33:08.162006+00:00
New Zealand,Liberato Cacace,DF,Left-Back,Wrexham,Left,31.1,Fullback,Overlapping wide defender,Width + recovery runner,1,1.0,2632,36,28,0.16,0.21,0.16,0.21,1.07,0.41,2.35,1.36,60.95,87.3,3.63,2.7,1.04,67.0,2.22,36.1,0.15,0.034,11.51,40.0,2.74,68.0,3.16,66.0,5.58,1.18,0.189,0.03,0.154,0.141,0.16,0.151,0.16,0.233,0.0,0.0,0.0,0.0,0.0,0.0,0.0,0,0.0,Unknown,0.0,0.0,0.0,0.0,0.0,0,0.0,Unknown,0.0,0.0,0.0,estimated_from_squad_profile,2026-06-05T00:33:08.162006+00:00
New Zealand,Alex Rufer,MF,Defensive Midfield,Wellington Phoenix,Right,22.0,No. 6,Holding midfielder,Press resistance + ball winning,0,1.0,1170,16,7,0.18,0.11,0.17,0.1,1.14,0.44,2.52,0.63,63.0,83.5,3.19,2.02,0.87,58.5,0.55,31.0,0.26,0.063,13.26,35.5,2.12,60.5,1.18,54.5,5.59,1.32,0.165,0.05,0.07,0.09,0.1,0.16,0.22,0.36,0.0,0.0,0.0,0.0,0.0,0.0,0.0,0,0.0,Unknown,0.0,0.0,0.0,0.0,0.0,0,0.0,Unknown,0.0,0.0,0.0,estimated_from_squad_profile,2026-06-05T00:33:08.162006+00:00
New Zealand,Nando Pijnaker,DF,Centre-Back,Auckland FC,Right,21.8,Centre-back,Ball-playing defender,Rest-defense anchor,0,1.0,1156,15,7,0.08,0.11,0.09,0.1,0.57,0.22,1.23,0.61,58.65,86.4,2.67,1.28,0.52,62.2,0.43,32.8,0.11,0.025,11.42,38.2,2.45,66.2,2.25,64.2,5.33,1.23,0.196,0.03,0.07,0.09,0.1,0.16,0.22,0.36,0.0,0.0,0.0,0.0,0.0,0.0,0.0,0,0.0,Unknown,0.0,0.0,0.0,0.0,0.0,0,0.0,Unknown,0.0,0.0,0.0,estimated_from_squad_profile,2026-06-05T00:33:08.162006+00:00
New Zealand,Finn Surman,DF,Centre-Back,Portland Timbers,Right,22.5,Centre-back,Ball-playing defender,Rest-defense anchor,0,1.0,1202,16,7,0.09,0.12,0.09,0.11,0.6,0.23,1.3,0.66,59.86,86.9,2.87,1.36,0.5,63.2,0.46,33.5,0.12,0.027,10.64,39.2,2.42,67.2,2.46,65.2,5.07,1.2,0.192,0.03,0.07,0.09,0.1,0.16,0.22,0.36,0.0,0.0,0.0,0.0,0.0,0.0,0.0,0,0.0,Unknown,0.0,0.0,0.0,0.0,0.0,0,0.0,Unknown,0.0,0.0,0.0,estimated_from_squad_profile,2026-06-05T00:33:08.162006+00:00
New Zealand,Kosta Barbarouses,FW,Centre-Forward,Western Sydney Wanderers,Right,23.9,No. 9,Penalty-box finisher,Depth runs + shot volume,1,1.0,2689,36,29,0.39,0.16,0.36,0.15,2.36,0.91,5.3,0.9,42.47,75.9,2.55,3.53,1.42,56.2,0.84,29.9,0.2,0.049,11.4,34.2,1.21,56.2,1.31,49.2,3.84,0.84,0.104,0.34,0.156,0.14,0.159,0.15,0.159,0.236,0.0,0.0,0.0,0.0,0.0,0.0,0.0,0,0.0,Unknown,0.0,0.0,0.0,0.0,0.0,0,0.0,Unknown,0.0,0.0,0.0,estimated_from_squad_profile,2026-06-05T00:33:08.162006+00:00
New Zealand,Ben Waine,FW,Centre-Forward,Port Vale,Right,22.5,No. 9,Penalty-box finisher,Depth runs + shot volume,0,1.0,1201,16,7,0.27,0.12,0.26,0.11,1.68,0.65,3.76,0.66,39.86,74.8,1.92,2.53,1.38,54.2,0.62,28.5,0.14,0.036,12.31,32.2,1.26,54.2,0.97,47.2,4.18,0.9,0.112,0.3,0.07,0.09,0.1,0.16,0.22,0.36,0.0,0.0,0.0,0.0,0.0,0.0,0.0,0,0.0,Unknown,0.0,0.0,0.0,0.0,0.0,0,0.0,Unknown,0.0,0.0,0.0,estimated_from_squad_profile,2026-06-05T00:33:08.162006+00:00
New Zealand,Ben Old,MF,Left-Back,Saint-Étienne,Left,30.5,Fullback,Overlapping wide defender,Width + recovery runner,0,1.0,1204,16,7,0.23,0.17,0.22,0.16,1.46,0.56,3.24,1.07,63.94,83.9,3.39,2.98,1.35,62.2,1.96,33.5,0.28,0.068,13.14,36.2,2.17,61.2,1.24,55.2,5.59,1.3,0.162,0.05,0.07,0.09,0.1,0.16,0.22,0.36,0.0,0.0,0.0,0.0,0.0,0.0,0.0,0,0.0,Unknown,0.0,0.0,0.0,0.0,0.0,0,0.0,Unknown,0.0,0.0,0.0,estimated_from_squad_profile,2026-06-05T00:33:08.162006+00:00
New Zealand,Callum McCowatt,MF,Attacking Midfield,Silkeborg,Right,23.1,No. 10,Central creator,Between-lines chance creation,1,1.0,2632,36,28,0.3,0.31,0.29,0.29,1.88,0.72,4.19,1.89,64.95,84.3,4.28,2.7,1.02,60.0,0.72,32.1,0.51,0.127,14.59,37.0,2.16,62.0,1.57,56.0,6.26,1.28,0.159,0.05,0.154,0.141,0.16,0.151,0.16,0.233,0.0,0.0,0.0,0.0,0.0,0.0,0.0,0,0.0,Unknown,0.0,0.0,0.0,0.0,0.0,0,0.0,Unknown,0.0,0.0,0.0,estimated_from_squad_profile,2026-06-05T00:33:08.162006+00:00
New Zealand,Jesse Randall,FW,Left Winger,Auckland FC,Left,29.7,Winger,Wide creator,1v1 carry + crossing threat,0,1.0,1152,15,7,0.32,0.26,0.3,0.25,1.98,0.76,4.44,1.69,38.53,74.3,1.81,3.16,1.67,56.1,1.96,29.7,0.26,0.066,11.46,31.1,1.14,53.1,0.9,46.1,3.9,0.94,0.117,0.28,0.07,0.09,0.1,0.16,0.22,0.36,0.0,0.0,0.0,0.0,0.0,0.0,0.0,0,0.0,Unknown,0.0,0.0,0.0,0.0,0.0,0,0.0,Unknown,0.0,0.0,0.0,estimated_from_squad_profile,2026-06-05T00:33:08.162006+00:00
New Zealand,Michael Woud,GK,Goalkeeper,Auckland FC,Right,21.2,Goalkeeper,Sweeper keeper,Build-up keeper,0,1.0,1115,15,7,0.0,0.01,0.0,0.01,0.0,0.0,0.02,0.05,29.2,70.5,4.19,0.11,0.0,0.0,0.0,0.0,0.01,0.0,2.01,28.8,0.14,47.8,0.5,52.1,4.07,0.07,0.026,0.0,0.0,0.0,0.0,0.0,0.0,0.0,2.91,73.4,0.037,1.41,1.0,2.65,46.1,0,0.0,Unknown,0.0,0.0,0.0,0.0,0.0,0,0.0,Unknown,0.0,0.0,0.0,estimated_from_squad_profile,2026-06-05T00:33:08.162006+00:00
New Zealand,Ryan Thomas,MF,Defensive Midfield,PEC Zwolle,Right,22.3,No. 6,Holding midfielder,Press resistance + ball winning,0,1.0,1187,16,7,0.18,0.12,0.18,0.11,1.17,0.45,2.6,0.64,63.48,83.7,3.29,2.08,0.86,58.9,0.56,31.3,0.27,0.065,12.95,35.9,2.11,60.9,1.21,54.9,5.49,1.31,0.163,0.05,0.07,0.09,0.1,0.16,0.22,0.36,0.0,0.0,0.0,0.0,0.0,0.0,0.0,0,0.0,Unknown,0.0,0.0,0.0,0.0,0.0,0,0.0,Unknown,0.0,0.0,0.0,estimated_from_squad_profile,2026-06-05T00:33:08.162006+00:00
New Zealand,Callan Elliot,DF,Right-Back,Auckland FC,Right,26.4,Fullback,Overlapping wide defender,Width + recovery runner,0,1.0,1127,15,7,0.11,0.15,0.11,0.14,0.76,0.29,1.64,0.92,57.86,86.0,2.54,2.07,0.98,64.6,1.8,34.4,0.1,0.023,11.04,37.6,2.28,65.6,2.11,63.6,5.08,1.25,0.199,0.03,0.07,0.09,0.1,0.16,0.22,0.36,0.0,0.0,0.0,0.0,0.0,0.0,0.0,0,0.0,Unknown,0.0,0.0,0.0,0.0,0.0,0,0.0,Unknown,0.0,0.0,0.0,estimated_from_squad_profile,2026-06-05T00:33:08.162006+00:00
New Zealand,Lachlan Bayliss,MF,Central Midfield,Newcastle Jets,Right,21.2,No. 8,Box-to-box midfielder,Progression + counter-press,0,1.0,1116,15,7,0.2,0.2,0.19,0.19,1.24,0.48,2.76,1.23,61.57,82.9,2.9,1.83,0.76,57.4,0.5,30.2,0.36,0.09,12.19,34.4,1.64,59.4,1.07,53.4,5.07,1.36,0.17,0.05,0.07,0.09,0.1,0.16,0.22,0.36,0.0,0.0,0.0,0.0,0.0,0.0,0.0,0,0.0,Unknown,0.0,0.0,0.0,0.0,0.0,0,0.0,Unknown,0.0,0.0,0.0,estimated_from_squad_profile,2026-06-05T00:33:08.162006+00:00
New Zealand,Tommy Smith,DF,Centre-Back,Braintree Town,Right,22.4,Centre-back,Ball-playing defender,Rest-defense anchor,0,1.0,1195,16,7,0.09,0.12,0.09,0.11,0.6,0.23,1.29,0.65,59.67,86.8,2.84,1.35,0.45,63.0,0.46,33.4,0.11,0.026,9.77,39.0,2.2,67.0,2.43,65.0,4.64,1.21,0.193,0.03,0.07,0.09,0.1,0.16,0.22,0.36,0.0,0.0,0.0,0.0,0.0,0.0,0.0,0,0.0,Unknown,0.0,0.0,0.0,0.0,0.0,0,0.0,Unknown,0.0,0.0,0.0,estimated_from_squad_profile,2026-06-05T00:33:08.162006+00:00
Cabo Verde,Vozinha,GK,Goalkeeper,Chaves,Right,23.1,Goalkeeper,Sweeper keeper,Build-up keeper,1,1.0,2633,36,28,0.0,0.01,0.0,0.01,0.0,0.0,0.02,0.06,31.07,72.8,4.69,0.13,0.0,0.0,0.0,0.0,0.01,0.0,2.22,30.5,0.17,50.6,0.56,54.2,4.38,0.08,0.023,0.0,0.0,0.0,0.0,0.0,0.0,0.0,2.77,76.0,0.068,1.62,1.23,2.53,49.4,0,0.0,Unknown,0.0,0.0,0.0,0.0,0.0,0,0.0,Unknown,0.0,0.0,0.0,estimated_from_squad_profile,2026-06-05T00:33:08.162006+00:00
Cabo Verde,Stopira,DF,Centre-Back,Torreense,Right,22.8,Centre-back,Ball-playing defender,Rest-defense anchor,1,1.0,2615,35,28,0.11,0.15,0.11,0.14,0.74,0.28,1.59,0.81,60.5,87.1,3.54,1.67,0.45,63.7,0.56,33.8,0.14,0.033,9.5,39.7,2.22,67.7,3.06,65.7,4.57,1.19,0.19,0.03,0.154,0.142,0.161,0.151,0.161,0.232,0.0,0.0,0.0,0.0,0.0,0.0,0.0,0,0.0,Unknown,0.0,0.0,0.0,0.0,0.0,0,0.0,Unknown,0.0,0.0,0.0,estimated_from_squad_profile,2026-06-05T00:33:08.162006+00:00
Cabo Verde,Diney,DF,,Al Bataeh,Right,17.3,DF,Hybrid role,Balanced phase contribution,0,1.0,848,11,5,0.04,0.05,0.05,0.04,0.36,0.13,0.73,0.3,50.38,83.0,1.31,0.74,0.29,55.8,0.26,28.3,0.05,0.012,8.85,31.8,0.92,59.8,0.8,57.8,3.41,1.44,0.222,0.01,0.07,0.09,0.1,0.16,0.22,0.36,0.0,0.0,0.0,0.0,0.0,0.0,0.0,0,0.0,Unknown,0.0,0.0,0.0,0.0,0.0,0,0.0,Unknown,0.0,0.0,0.0,estimated_from_squad_profile,2026-06-05T00:33:08.162006+00:00
Cabo Verde,Roberto Lopes,DF,Centre-Back,Shamrock Rovers,Right,22.3,Centre-back,Ball-playing defender,Rest-defense anchor,0,1.0,1193,16,7,0.09,0.12,0.09,0.11,0.6,0.23,1.28,0.65,59.62,86.8,2.83,1.34,0.48,63.0,0.45,33.3,0.11,0.026,10.38,39.0,2.34,67.0,2.42,65.0,4.93,1.21,0.193,0.03,0.07,0.09,0.1,0.16,0.22,0.36,0.0,0.0,0.0,0.0,0.0,0.0,0.0,0,0.0,Unknown,0.0,0.0,0.0,0.0,0.0,0,0.0,Unknown,0.0,0.0,0.0,estimated_from_squad_profile,2026-06-05T00:33:08.162006+00:00
Cabo Verde,Logan Costa,DF,Centre-Back,Villarreal,Right,23.4,Centre-back,Ball-playing defender,Rest-defense anchor,1,1.0,2654,36,28,0.11,0.16,0.12,0.15,0.77,0.29,1.67,0.86,61.54,87.5,3.75,1.75,0.57,64.5,0.59,34.4,0.15,0.035,11.64,40.5,2.84,68.5,3.28,66.5,5.7,1.16,0.187,0.03,0.155,0.141,0.16,0.15,0.16,0.234,0.0,0.0,0.0,0.0,0.0,0.0,0.0,0,0.0,Unknown,0.0,0.0,0.0,0.0,0.0,0,0.0,Unknown,0.0,0.0,0.0,estimated_from_squad_profile,2026-06-05T00:33:08.162006+00:00
Cabo Verde,Kevin Pina,MF,,Krasnodar,Right,17.3,No. 8,Box-to-box midfielder,Progression + counter-press,0,1.0,847,11,5,0.06,0.05,0.07,0.04,0.47,0.18,1.0,0.3,54.35,80.0,1.41,0.89,0.37,51.8,0.28,26.3,0.08,0.02,9.65,28.8,0.89,53.8,0.55,47.8,3.62,1.54,0.193,0.03,0.07,0.09,0.1,0.16,0.22,0.36,0.0,0.0,0.0,0.0,0.0,0.0,0.0,0,0.0,Unknown,0.0,0.0,0.0,0.0,0.0,0,0.0,Unknown,0.0,0.0,0.0,estimated_from_squad_profile,2026-06-05T00:33:08.162006+00:00
Cabo Verde,Jovane Cabral,MF,Left Winger,Estrela Amadora,Left,30.4,Winger,Wide creator,1v1 carry + crossing threat,0,1.0,1196,16,7,0.27,0.29,0.26,0.27,1.7,0.65,3.79,1.86,63.71,83.8,3.34,2.95,1.44,62.0,1.95,33.4,0.41,0.1,14.05,36.0,2.01,61.0,1.23,55.0,5.97,1.31,0.163,0.05,0.07,0.09,0.1,0.16,0.22,0.36,0.0,0.0,0.0,0.0,0.0,0.0,0.0,0,0.0,Unknown,0.0,0.0,0.0,0.0,0.0,0,0.0,Unknown,0.0,0.0,0.0,estimated_from_squad_profile,2026-06-05T00:33:08.162006+00:00
Cabo Verde,João Paulo,MF,Defensive Midfield,FCSB,Right,22.7,No. 6,Holding midfielder,Press resistance + ball winning,1,1.0,2606,35,28,0.23,0.15,0.22,0.13,1.47,0.56,3.26,0.8,64.24,84.0,4.11,2.59,0.96,59.5,0.7,31.7,0.35,0.082,14.03,36.5,2.34,61.5,1.51,55.5,5.98,1.29,0.161,0.05,0.154,0.142,0.161,0.151,0.161,0.231,0.0,0.0,0.0,0.0,0.0,0.0,0.0,0,0.0,Unknown,0.0,0.0,0.0,0.0,0.0,0,0.0,Unknown,0.0,0.0,0.0,estimated_from_squad_profile,2026-06-05T00:33:08.162006+00:00
Cabo Verde,Gilson Benchimol,FW,,Akron Tolyatti,Right,17.0,FW,Hybrid role,Balanced phase contribution,0,1.0,830,11,5,0.07,0.05,0.08,0.04,0.51,0.19,1.09,0.28,29.88,70.8,1.08,0.9,0.41,46.5,0.27,23.0,0.05,0.013,9.08,24.5,0.71,46.5,0.47,39.5,3.2,1.15,0.144,0.15,0.07,0.09,0.1,0.16,0.22,0.36,0.0,0.0,0.0,0.0,0.0,0.0,0.0,0,0.0,Unknown,0.0,0.0,0.0,0.0,0.0,0,0.0,Unknown,0.0,0.0,0.0,estimated_from_squad_profile,2026-06-05T00:33:08.162006+00:00
Cabo Verde,Jamiro Monteiro,MF,Central Midfield,PEC Zwolle,Right,23.4,No. 8,Box-to-box midfielder,Progression + counter-press,1,1.0,2655,36,28,0.31,0.32,0.3,0.3,1.95,0.75,4.36,1.97,65.56,84.5,4.43,2.8,0.96,60.5,0.74,32.4,0.53,0.13,13.52,37.5,2.03,62.5,1.62,56.5,5.83,1.26,0.157,0.05,0.155,0.141,0.16,0.15,0.16,0.234,0.0,0.0,0.0,0.0,0.0,0.0,0.0,0,0.0,Unknown,0.0,0.0,0.0,0.0,0.0,0,0.0,Unknown,0.0,0.0,0.0,estimated_from_squad_profile,2026-06-05T00:33:08.162006+00:00
Cabo Verde,Garry Rodrigues,MF,Right Winger,Apollon Limassol,Right,28.6,Winger,Wide creator,1v1 carry + crossing threat,1,1.0,2667,36,28,0.38,0.4,0.36,0.38,2.33,0.9,5.22,2.58,65.88,84.7,4.51,3.85,1.34,63.7,2.4,34.6,0.54,0.132,12.83,37.7,1.94,62.7,1.65,56.7,5.55,1.25,0.156,0.06,0.155,0.141,0.16,0.15,0.16,0.235,0.0,0.0,0.0,0.0,0.0,0.0,0.0,0,0.0,Unknown,0.0,0.0,0.0,0.0,0.0,0,0.0,Unknown,0.0,0.0,0.0,estimated_from_squad_profile,2026-06-05T00:33:08.162006+00:00
Cabo Verde,Márcio Rosa,GK,Goalkeeper,Montana,Right,21.3,Goalkeeper,Sweeper keeper,Build-up keeper,0,1.0,1121,15,7,0.0,0.01,0.0,0.01,0.0,0.0,0.02,0.05,29.28,70.6,4.21,0.11,0.0,0.0,0.0,0.0,0.01,0.0,2.02,28.8,0.15,47.9,0.5,52.2,4.08,0.07,0.026,0.0,0.0,0.0,0.0,0.0,0.0,0.0,2.9,73.5,0.038,1.42,1.01,2.65,46.2,0,0.0,Unknown,0.0,0.0,0.0,0.0,0.0,0,0.0,Unknown,0.0,0.0,0.0,estimated_from_squad_profile,2026-06-05T00:33:08.162006+00:00
Cabo Verde,Sidny Lopes Cabral,DF,Left-Back,Benfica,Left,30.6,Fullback,Overlapping wide defender,Width + recovery runner,1,1.0,2601,35,28,0.16,0.2,0.15,0.2,1.03,0.39,2.24,1.29,60.12,87.0,3.47,2.64,0.98,66.4,2.2,35.6,0.14,0.032,10.91,39.4,2.51,67.4,2.98,65.4,5.22,1.2,0.191,0.03,0.153,0.142,0.161,0.151,0.161,0.231,0.0,0.0,0.0,0.0,0.0,0.0,0.0,0,0.0,Unknown,0.0,0.0,0.0,0.0,0.0,0,0.0,Unknown,0.0,0.0,0.0,estimated_from_squad_profile,2026-06-05T00:33:08.162006+00:00
Cabo Verde,Deroy Duarte,MF,Central Midfield,Ludogorets Razgrad,Right,22.6,No. 8,Box-to-box midfielder,Progression + counter-press,1,1.0,2600,35,28,0.28,0.29,0.27,0.27,1.78,0.68,3.96,1.78,64.09,83.9,4.07,2.57,0.95,59.3,0.69,31.6,0.49,0.121,13.97,36.3,2.02,61.3,1.49,55.3,5.95,1.3,0.162,0.05,0.153,0.142,0.161,0.152,0.161,0.231,0.0,0.0,0.0,0.0,0.0,0.0,0.0,0,0.0,Unknown,0.0,0.0,0.0,0.0,0.0,0,0.0,Unknown,0.0,0.0,0.0,estimated_from_squad_profile,2026-06-05T00:33:08.162006+00:00
Cabo Verde,Laros Duarte,MF,Defensive Midfield,Puskás Akadémia,Right,21.9,No. 6,Holding midfielder,Press resistance + ball winning,0,1.0,1160,15,7,0.18,0.11,0.17,0.1,1.12,0.43,2.47,0.62,62.76,83.4,3.14,1.98,0.85,58.3,0.54,30.9,0.26,0.062,13.15,35.3,2.09,60.3,1.16,54.3,5.54,1.33,0.166,0.05,0.07,0.09,0.1,0.16,0.22,0.36,0.0,0.0,0.0,0.0,0.0,0.0,0.0,0,0.0,Unknown,0.0,0.0,0.0,0.0,0.0,0,0.0,Unknown,0.0,0.0,0.0,estimated_from_squad_profile,2026-06-05T00:33:08.162006+00:00
Cabo Verde,Yannick Semedo,MF,Central Midfield,Farense,Right,21.3,No. 8,Box-to-box midfielder,Progression + counter-press,0,1.0,1122,15,7,0.2,0.2,0.19,0.19,1.26,0.48,2.79,1.25,61.72,83.0,2.93,1.85,0.78,57.5,0.51,30.3,0.36,0.09,12.48,34.5,1.69,59.5,1.08,53.5,5.2,1.36,0.169,0.05,0.07,0.09,0.1,0.16,0.22,0.36,0.0,0.0,0.0,0.0,0.0,0.0,0.0,0,0.0,Unknown,0.0,0.0,0.0,0.0,0.0,0,0.0,Unknown,0.0,0.0,0.0,estimated_from_squad_profile,2026-06-05T00:33:08.162006+00:00
Cabo Verde,Willy Semedo,MF,Left Winger,Omonia,Left,30.8,Winger,Wide creator,1v1 carry + crossing threat,1,1.0,2611,35,28,0.34,0.36,0.32,0.34,2.12,0.81,4.74,2.33,64.39,84.1,4.14,3.61,1.35,62.6,2.35,33.8,0.5,0.123,13.06,36.6,1.91,61.6,1.52,55.6,5.58,1.29,0.161,0.05,0.154,0.142,0.161,0.151,0.161,0.232,0.0,0.0,0.0,0.0,0.0,0.0,0.0,0,0.0,Unknown,0.0,0.0,0.0,0.0,0.0,0,0.0,Unknown,0.0,0.0,0.0,estimated_from_squad_profile,2026-06-05T00:33:08.162006+00:00
Cabo Verde,Telmo Arcanjo,MF,Right Winger,Vitória de Guimarães,Right,27.4,Winger,Wide creator,1v1 carry + crossing threat,0,1.0,1194,16,7,0.27,0.29,0.26,0.27,1.69,0.65,3.78,1.85,63.66,83.8,3.33,2.94,1.36,62.0,1.95,33.4,0.4,0.1,13.28,36.0,1.9,61.0,1.22,55.0,5.63,1.31,0.163,0.05,0.07,0.09,0.1,0.16,0.22,0.36,0.0,0.0,0.0,0.0,0.0,0.0,0.0,0,0.0,Unknown,0.0,0.0,0.0,0.0,0.0,0,0.0,Unknown,0.0,0.0,0.0,estimated_from_squad_profile,2026-06-05T00:33:08.162006+00:00
Cabo Verde,Dailon Livramento,FW,Centre-Forward,Casa Pia,Right,22.3,No. 9,Penalty-box finisher,Depth runs + shot volume,0,1.0,1190,16,7,0.27,0.12,0.25,0.11,1.65,0.63,3.68,0.65,39.56,74.7,1.89,2.49,1.35,53.9,0.61,28.3,0.14,0.035,12.22,31.9,1.24,53.9,0.95,46.9,4.15,0.91,0.113,0.3,0.07,0.09,0.1,0.16,0.22,0.36,0.0,0.0,0.0,0.0,0.0,0.0,0.0,0,0.0,Unknown,0.0,0.0,0.0,0.0,0.0,0,0.0,Unknown,0.0,0.0,0.0,estimated_from_squad_profile,2026-06-05T00:33:08.162006+00:00
Cabo Verde,Ryan Mendes,FW,Left Winger,Iğdır,Left,32.6,Winger,Wide creator,1v1 carry + crossing threat,1,1.0,2740,37,29,0.56,0.45,0.52,0.43,3.36,1.3,7.59,2.91,43.83,76.5,2.68,4.79,1.96,60.2,2.55,32.6,0.36,0.093,11.76,35.2,1.28,57.2,1.39,50.2,3.95,0.8,0.1,0.36,0.157,0.139,0.158,0.149,0.158,0.239,0.0,0.0,0.0,0.0,0.0,0.0,0.0,0,0.0,Unknown,0.0,0.0,0.0,0.0,0.0,0,0.0,Unknown,0.0,0.0,0.0,estimated_from_squad_profile,2026-06-05T00:33:08.162006+00:00
Cabo Verde,Nuno da Costa,MF,Centre-Forward,İstanbul Başakşehir,Right,21.3,No. 9,Penalty-box finisher,Depth runs + shot volume,0,1.0,1125,15,7,0.16,0.1,0.16,0.1,1.05,0.4,2.31,0.58,61.8,83.0,2.94,1.86,0.71,57.6,0.51,30.3,0.24,0.057,11.33,34.6,1.53,59.6,1.09,53.6,4.72,1.36,0.169,0.05,0.07,0.09,0.1,0.16,0.22,0.36,0.0,0.0,0.0,0.0,0.0,0.0,0.0,0,0.0,Unknown,0.0,0.0,0.0,0.0,0.0,0,0.0,Unknown,0.0,0.0,0.0,estimated_from_squad_profile,2026-06-05T00:33:08.162006+00:00
Cabo Verde,Steven Moreira,DF,Right-Back,Columbus Crew,Right,27.2,Fullback,Overlapping wide defender,Width + recovery runner,0,1.0,1180,16,7,0.12,0.16,0.12,0.15,0.82,0.31,1.79,1.02,59.28,86.6,2.78,2.16,0.96,65.7,1.83,35.2,0.11,0.026,10.73,38.7,2.38,66.7,2.36,64.7,5.06,1.22,0.194,0.03,0.07,0.09,0.1,0.16,0.22,0.36,0.0,0.0,0.0,0.0,0.0,0.0,0.0,0,0.0,Unknown,0.0,0.0,0.0,0.0,0.0,0,0.0,Unknown,0.0,0.0,0.0,estimated_from_squad_profile,2026-06-05T00:33:08.162006+00:00
Cabo Verde,CJ dos Santos,GK,Goalkeeper,San Diego FC,Right,21.4,Goalkeeper,Sweeper keeper,Build-up keeper,0,1.0,1127,15,7,0.0,0.01,0.0,0.01,0.0,0.0,0.02,0.05,29.38,70.7,4.24,0.11,0.0,0.0,0.0,0.0,0.01,0.0,2.03,28.9,0.15,48.1,0.51,52.3,4.1,0.07,0.026,0.0,0.0,0.0,0.0,0.0,0.0,0.0,2.9,73.6,0.04,1.43,1.02,2.64,46.4,0,0.0,Unknown,0.0,0.0,0.0,0.0,0.0,0,0.0,Unknown,0.0,0.0,0.0,estimated_from_squad_profile,2026-06-05T00:33:08.162006+00:00
Cabo Verde,Wagner Pina,DF,Right-Back,Trabzonspor,Right,27.7,Fullback,Overlapping wide defender,Width + recovery runner,1,1.0,2609,35,28,0.16,0.21,0.16,0.2,1.04,0.4,2.27,1.31,60.32,87.0,3.51,2.65,0.98,66.5,2.21,35.7,0.14,0.032,10.95,39.5,2.54,67.5,3.03,65.5,5.26,1.19,0.191,0.03,0.154,0.142,0.161,0.151,0.161,0.232,0.0,0.0,0.0,0.0,0.0,0.0,0.0,0,0.0,Unknown,0.0,0.0,0.0,0.0,0.0,0,0.0,Unknown,0.0,0.0,0.0,estimated_from_squad_profile,2026-06-05T00:33:08.162006+00:00
Cabo Verde,Kelvin Pires,DF,Centre-Back,SJK,Right,21.2,Centre-back,Ball-playing defender,Rest-defense anchor,0,1.0,1114,15,7,0.08,0.1,0.08,0.09,0.54,0.21,1.16,0.57,57.52,85.9,2.49,1.21,0.48,61.4,0.41,32.2,0.1,0.023,10.96,37.4,2.22,65.4,2.05,63.4,5.01,1.26,0.2,0.03,0.07,0.09,0.1,0.16,0.22,0.36,0.0,0.0,0.0,0.0,0.0,0.0,0.0,0,0.0,Unknown,0.0,0.0,0.0,0.0,0.0,0,0.0,Unknown,0.0,0.0,0.0,estimated_from_squad_profile,2026-06-05T00:33:08.162006+00:00
Cabo Verde,Hélio Varela,MF,Left Winger,Maccabi Tel Aviv,Left,30.1,Winger,Wide creator,1v1 carry + crossing threat,0,1.0,1176,16,7,0.26,0.28,0.25,0.26,1.63,0.63,3.65,1.79,63.18,83.6,3.23,2.88,1.33,61.6,1.94,33.1,0.39,0.098,13.08,35.6,1.85,60.6,1.19,54.6,5.53,1.32,0.164,0.05,0.07,0.09,0.1,0.16,0.22,0.36,0.0,0.0,0.0,0.0,0.0,0.0,0.0,0,0.0,Unknown,0.0,0.0,0.0,0.0,0.0,0,0.0,Unknown,0.0,0.0,0.0,estimated_from_squad_profile,2026-06-05T00:33:08.162006+00:00
Saudi Arabia,Nawaf Al-Aqidi,GK,Goalkeeper,Al-Nassr,Right,22.0,Goalkeeper,Sweeper keeper,Build-up keeper,0,1.0,1167,15,7,0.0,0.01,0.0,0.01,0.0,0.0,0.02,0.05,29.96,71.4,4.39,0.12,0.0,0.0,0.0,0.0,0.01,0.0,2.1,29.5,0.15,48.9,0.52,53.0,4.19,0.07,0.025,0.0,0.0,0.0,0.0,0.0,0.0,0.0,2.85,74.4,0.049,1.5,1.09,2.6,47.4,0,0.0,Unknown,0.0,0.0,0.0,0.0,0.0,0,0.0,Unknown,0.0,0.0,0.0,estimated_from_squad_profile,2026-06-05T00:33:08.162006+00:00
Saudi Arabia,Ali Majrashi,DF,Right-Back,Al-Ahli,Right,27.1,Fullback,Overlapping wide defender,Width + recovery runner,0,1.0,1176,16,7,0.12,0.16,0.12,0.15,0.82,0.31,1.78,1.02,59.18,86.6,2.76,2.15,1.01,65.6,1.83,35.1,0.11,0.025,11.33,38.6,2.5,66.6,2.34,64.6,5.34,1.22,0.194,0.03,0.07,0.09,0.1,0.16,0.22,0.36,0.0,0.0,0.0,0.0,0.0,0.0,0.0,0,0.0,Unknown,0.0,0.0,0.0,0.0,0.0,0,0.0,Unknown,0.0,0.0,0.0,estimated_from_squad_profile,2026-06-05T00:33:08.162006+00:00
Saudi Arabia,Ali Lajami,DF,Centre-Back,Al-Hilal,Right,22.1,Centre-back,Ball-playing defender,Rest-defense anchor,0,1.0,1175,16,7,0.08,0.11,0.09,0.11,0.59,0.22,1.26,0.63,59.15,86.6,2.75,1.31,0.5,62.6,0.44,33.1,0.11,0.025,10.91,38.6,2.4,66.6,2.34,64.6,5.14,1.22,0.195,0.03,0.07,0.09,0.1,0.16,0.22,0.36,0.0,0.0,0.0,0.0,0.0,0.0,0.0,0,0.0,Unknown,0.0,0.0,0.0,0.0,0.0,0,0.0,Unknown,0.0,0.0,0.0,estimated_from_squad_profile,2026-06-05T00:33:08.162006+00:00
Saudi Arabia,Abdulelah Al-Amri,DF,Centre-Back,Al-Nassr,Right,22.9,Centre-back,Ball-playing defender,Rest-defense anchor,1,1.0,2620,35,28,0.11,0.15,0.11,0.14,0.74,0.28,1.6,0.82,60.61,87.2,3.57,1.67,0.54,63.7,0.57,33.9,0.14,0.033,11.44,39.7,2.69,67.7,3.09,65.7,5.52,1.18,0.19,0.03,0.154,0.142,0.161,0.151,0.161,0.232,0.0,0.0,0.0,0.0,0.0,0.0,0.0,0,0.0,Unknown,0.0,0.0,0.0,0.0,0.0,0,0.0,Unknown,0.0,0.0,0.0,estimated_from_squad_profile,2026-06-05T00:33:08.162006+00:00
Saudi Arabia,Hassan Al-Tambakti,DF,,Al-Hilal,Right,17.7,DF,Hybrid role,Balanced phase contribution,0,1.0,878,12,5,0.05,0.06,0.05,0.05,0.38,0.14,0.78,0.33,51.17,83.3,1.44,0.79,0.33,56.4,0.28,28.7,0.06,0.013,9.72,32.4,1.11,60.4,0.93,58.4,3.83,1.42,0.22,0.02,0.07,0.09,0.1,0.16,0.22,0.36,0.0,0.0,0.0,0.0,0.0,0.0,0.0,0,0.0,Unknown,0.0,0.0,0.0,0.0,0.0,0,0.0,Unknown,0.0,0.0,0.0,estimated_from_squad_profile,2026-06-05T00:33:08.162006+00:00
Saudi Arabia,Nasser Al-Dawsari,MF,Central Midfield,Al-Hilal,Right,22.7,No. 8,Box-to-box midfielder,Progression + counter-press,1,1.0,2606,35,28,0.29,0.3,0.27,0.27,1.8,0.69,4.01,1.8,64.26,84.0,4.11,2.59,0.97,59.5,0.7,31.7,0.5,0.122,14.29,36.5,2.08,61.5,1.51,55.5,6.1,1.29,0.161,0.05,0.154,0.142,0.161,0.151,0.161,0.231,0.0,0.0,0.0,0.0,0.0,0.0,0.0,0,0.0,Unknown,0.0,0.0,0.0,0.0,0.0,0,0.0,Unknown,0.0,0.0,0.0,estimated_from_squad_profile,2026-06-05T00:33:08.162006+00:00
Saudi Arabia,Musab Al-Juwayr,MF,Central Midfield,Al-Qadsiah,Right,23.5,No. 8,Box-to-box midfielder,Progression + counter-press,1,1.0,2663,36,28,0.32,0.33,0.3,0.3,1.98,0.76,4.41,2.0,65.77,84.6,4.48,2.83,0.97,60.6,0.75,32.5,0.53,0.131,13.6,37.6,2.05,62.6,1.64,56.6,5.87,1.26,0.156,0.06,0.155,0.141,0.16,0.15,0.16,0.235,0.0,0.0,0.0,0.0,0.0,0.0,0.0,0,0.0,Unknown,0.0,0.0,0.0,0.0,0.0,0,0.0,Unknown,0.0,0.0,0.0,estimated_from_squad_profile,2026-06-05T00:33:08.162006+00:00
Saudi Arabia,Ayman Yahya,FW,Left-Back,Al-Nassr,Left,30.3,Fullback,Overlapping wide defender,Width + recovery runner,0,1.0,1192,16,7,0.31,0.17,0.29,0.16,1.89,0.73,4.23,1.05,39.6,74.7,1.9,3.33,1.84,57.0,1.99,30.3,0.14,0.035,12.23,32.0,1.52,54.0,0.95,47.0,4.15,0.91,0.113,0.3,0.07,0.09,0.1,0.16,0.22,0.36,0.0,0.0,0.0,0.0,0.0,0.0,0.0,0,0.0,Unknown,0.0,0.0,0.0,0.0,0.0,0,0.0,Unknown,0.0,0.0,0.0,estimated_from_squad_profile,2026-06-05T00:33:08.162006+00:00
Saudi Arabia,Firas Al-Buraikan,FW,Centre-Forward,Al-Ahli,Right,24.9,No. 9,Penalty-box finisher,Depth runs + shot volume,1,1.0,2759,37,29,0.43,0.18,0.4,0.17,2.63,1.01,5.91,0.99,44.36,76.7,2.74,3.9,1.85,57.6,0.92,30.9,0.22,0.055,13.95,35.6,1.53,57.6,1.42,50.6,4.68,0.79,0.098,0.37,0.157,0.139,0.158,0.148,0.158,0.24,0.0,0.0,0.0,0.0,0.0,0.0,0.0,0,0.0,Unknown,0.0,0.0,0.0,0.0,0.0,0,0.0,Unknown,0.0,0.0,0.0,estimated_from_squad_profile,2026-06-05T00:33:08.162006+00:00
Saudi Arabia,Salem Al-Dawsari,FW,Left Winger,Al-Hilal,Left,33.5,Winger,Wide creator,1v1 carry + crossing threat,1,1.0,2802,38,30,0.61,0.49,0.57,0.47,3.68,1.42,8.32,3.19,45.5,77.2,2.85,5.12,2.19,61.5,2.62,33.5,0.38,0.098,12.73,36.5,1.41,58.5,1.48,51.5,4.26,0.76,0.094,0.39,0.158,0.138,0.157,0.147,0.157,0.243,0.0,0.0,0.0,0.0,0.0,0.0,0.0,0,0.0,Unknown,0.0,0.0,0.0,0.0,0.0,0,0.0,Unknown,0.0,0.0,0.0,estimated_from_squad_profile,2026-06-05T00:33:08.162006+00:00
Saudi Arabia,Saleh Al-Shehri,FW,Centre-Forward,Al-Ittihad,Right,23.8,No. 9,Penalty-box finisher,Depth runs + shot volume,1,1.0,2684,36,29,0.38,0.16,0.36,0.15,2.35,0.9,5.26,0.9,42.34,75.9,2.53,3.5,1.53,56.1,0.84,29.8,0.2,0.049,12.34,34.1,1.31,56.1,1.3,49.1,4.16,0.84,0.104,0.34,0.155,0.14,0.159,0.15,0.159,0.236,0.0,0.0,0.0,0.0,0.0,0.0,0.0,0,0.0,Unknown,0.0,0.0,0.0,0.0,0.0,0,0.0,Unknown,0.0,0.0,0.0,estimated_from_squad_profile,2026-06-05T00:33:08.162006+00:00
Saudi Arabia,Saud Abdulhamid,DF,Right-Back,Lens,Right,29.1,Fullback,Overlapping wide defender,Width + recovery runner,1,1.0,2706,37,29,0.18,0.24,0.18,0.23,1.18,0.45,2.6,1.53,62.92,88.1,4.02,2.85,1.1,68.5,2.27,37.1,0.16,0.037,12.17,41.5,3.12,69.5,3.57,67.5,6.07,1.13,0.183,0.04,0.156,0.14,0.159,0.149,0.159,0.237,0.0,0.0,0.0,0.0,0.0,0.0,0.0,0,0.0,Unknown,0.0,0.0,0.0,0.0,0.0,0,0.0,Unknown,0.0,0.0,0.0,estimated_from_squad_profile,2026-06-05T00:33:08.162006+00:00
Saudi Arabia,Nawaf Boushal,DF,Right-Back,Al-Nassr,Right,27.3,Fullback,Overlapping wide defender,Width + recovery runner,1,1.0,2580,35,28,0.15,0.2,0.15,0.19,0.99,0.38,2.17,1.24,59.54,86.7,3.36,2.59,1.02,65.9,2.19,35.3,0.13,0.031,11.41,38.9,2.56,66.9,2.86,64.9,5.41,1.21,0.193,0.03,0.153,0.142,0.161,0.152,0.161,0.23,0.0,0.0,0.0,0.0,0.0,0.0,0.0,0,0.0,Unknown,0.0,0.0,0.0,0.0,0.0,0,0.0,Unknown,0.0,0.0,0.0,estimated_from_squad_profile,2026-06-05T00:33:08.162006+00:00
Saudi Arabia,Hassan Kadesh,DF,Left-Back,Al-Ittihad,Left,29.8,Fullback,Overlapping wide defender,Width + recovery runner,0,1.0,1156,15,7,0.12,0.15,0.12,0.15,0.79,0.3,1.73,0.98,58.65,86.4,2.67,2.12,0.91,65.2,1.82,34.8,0.11,0.025,10.19,38.2,2.19,66.2,2.25,64.2,4.75,1.23,0.196,0.03,0.07,0.09,0.1,0.16,0.22,0.36,0.0,0.0,0.0,0.0,0.0,0.0,0.0,0,0.0,Unknown,0.0,0.0,0.0,0.0,0.0,0,0.0,Unknown,0.0,0.0,0.0,estimated_from_squad_profile,2026-06-05T00:33:08.162006+00:00
Saudi Arabia,Abdullah Al-Khaibari,MF,Defensive Midfield,Al-Nassr,Right,22.6,No. 6,Holding midfielder,Press resistance + ball winning,1,1.0,2597,35,28,0.23,0.14,0.22,0.13,1.45,0.56,3.21,0.79,64.01,83.9,4.05,2.56,0.93,59.3,0.69,31.6,0.34,0.081,13.68,36.3,2.26,61.3,1.49,55.3,5.82,1.3,0.162,0.05,0.153,0.142,0.161,0.152,0.161,0.231,0.0,0.0,0.0,0.0,0.0,0.0,0.0,0,0.0,Unknown,0.0,0.0,0.0,0.0,0.0,0,0.0,Unknown,0.0,0.0,0.0,estimated_from_squad_profile,2026-06-05T00:33:08.162006+00:00
Saudi Arabia,Ziyad Al-Johani,MF,Defensive Midfield,Al-Ahli,Right,21.6,No. 6,Holding midfielder,Press resistance + ball winning,0,1.0,1145,15,7,0.17,0.11,0.16,0.1,1.09,0.42,2.4,0.6,62.33,83.2,3.05,1.93,0.81,58.0,0.53,30.6,0.25,0.06,12.74,35.0,1.99,60.0,1.13,54.0,5.34,1.34,0.167,0.05,0.07,0.09,0.1,0.16,0.22,0.36,0.0,0.0,0.0,0.0,0.0,0.0,0.0,0,0.0,Unknown,0.0,0.0,0.0,0.0,0.0,0,0.0,Unknown,0.0,0.0,0.0,estimated_from_squad_profile,2026-06-05T00:33:08.162006+00:00
Saudi Arabia,Khalid Al-Ghannam,FW,Left Winger,Al-Ettifaq,Left,29.5,Winger,Wide creator,1v1 carry + crossing threat,0,1.0,1134,15,7,0.31,0.25,0.29,0.24,1.9,0.73,4.26,1.63,38.05,74.1,1.77,3.08,1.69,55.8,1.94,29.5,0.25,0.065,11.76,30.8,1.16,52.8,0.88,45.8,4.01,0.95,0.118,0.28,0.07,0.09,0.1,0.16,0.22,0.36,0.0,0.0,0.0,0.0,0.0,0.0,0.0,0,0.0,Unknown,0.0,0.0,0.0,0.0,0.0,0,0.0,Unknown,0.0,0.0,0.0,estimated_from_squad_profile,2026-06-05T00:33:08.162006+00:00
Saudi Arabia,Alaa Al-Hejji,MF,,Neom,Right,16.6,No. 8,Box-to-box midfielder,Progression + counter-press,0,1.0,801,10,5,0.05,0.04,0.06,0.03,0.38,0.14,0.78,0.25,53.1,79.5,1.15,0.73,0.3,50.9,0.24,25.6,0.06,0.014,8.96,27.9,0.74,52.9,0.46,46.9,3.27,1.57,0.197,0.03,0.07,0.09,0.1,0.16,0.22,0.36,0.0,0.0,0.0,0.0,0.0,0.0,0.0,0,0.0,Unknown,0.0,0.0,0.0,0.0,0.0,0,0.0,Unknown,0.0,0.0,0.0,estimated_from_squad_profile,2026-06-05T00:33:08.162006+00:00
Saudi Arabia,Abdullah Al-Hamdan,FW,Centre-Forward,Al-Nassr,Right,23.1,No. 9,Penalty-box finisher,Depth runs + shot volume,0,1.0,1242,17,8,0.29,0.13,0.28,0.12,1.81,0.7,4.05,0.7,40.93,75.3,2.01,2.71,1.52,55.0,0.65,29.1,0.15,0.038,12.88,33.0,1.34,55.0,1.02,48.0,4.35,0.88,0.109,0.32,0.07,0.09,0.1,0.16,0.22,0.36,0.0,0.0,0.0,0.0,0.0,0.0,0.0,0,0.0,Unknown,0.0,0.0,0.0,0.0,0.0,0,0.0,Unknown,0.0,0.0,0.0,estimated_from_squad_profile,2026-06-05T00:33:08.162006+00:00
Saudi Arabia,Sultan Mandash,FW,Right Winger,Al-Hilal,Right,26.2,Winger,Wide creator,1v1 carry + crossing threat,0,1.0,1116,15,7,0.3,0.24,0.28,0.23,1.82,0.7,4.08,1.56,37.56,73.9,1.73,3.0,1.58,55.4,1.92,29.2,0.25,0.064,11.17,30.4,1.09,52.4,0.85,45.4,3.82,0.96,0.12,0.27,0.07,0.09,0.1,0.16,0.22,0.36,0.0,0.0,0.0,0.0,0.0,0.0,0.0,0,0.0,Unknown,0.0,0.0,0.0,0.0,0.0,0,0.0,Unknown,0.0,0.0,0.0,estimated_from_squad_profile,2026-06-05T00:33:08.162006+00:00
Saudi Arabia,Mohammed Al-Owais,GK,Goalkeeper,Al-Ula,Right,23.0,Goalkeeper,Sweeper keeper,Build-up keeper,1,1.0,2629,36,28,0.0,0.01,0.0,0.01,0.0,0.0,0.02,0.06,31.02,72.8,4.67,0.13,0.0,0.0,0.0,0.0,0.01,0.0,2.22,30.4,0.17,50.5,0.55,54.2,4.37,0.08,0.023,0.0,0.0,0.0,0.0,0.0,0.0,0.0,2.77,75.9,0.067,1.62,1.23,2.53,49.3,0,0.0,Unknown,0.0,0.0,0.0,0.0,0.0,0,0.0,Unknown,0.0,0.0,0.0,estimated_from_squad_profile,2026-06-05T00:33:08.162006+00:00
Saudi Arabia,Ahmed Al-Kassar,GK,Goalkeeper,Al-Qadsiah,Right,20.9,Goalkeeper,Sweeper keeper,Build-up keeper,0,1.0,1098,15,7,0.0,0.01,0.0,0.01,0.0,0.0,0.02,0.05,28.95,70.2,4.12,0.11,0.0,0.0,0.0,0.0,0.01,0.0,1.98,28.5,0.14,47.4,0.49,51.8,4.02,0.07,0.027,0.0,0.0,0.0,0.0,0.0,0.0,0.0,2.93,73.0,0.032,1.38,0.97,2.67,45.7,0,0.0,Unknown,0.0,0.0,0.0,0.0,0.0,0,0.0,Unknown,0.0,0.0,0.0,estimated_from_squad_profile,2026-06-05T00:33:08.162006+00:00
Saudi Arabia,Mohamed Kanno,MF,Central Midfield,Al-Hilal,Right,24.5,No. 8,Box-to-box midfielder,Progression + counter-press,1,1.0,2728,37,29,0.35,0.36,0.33,0.34,2.18,0.84,4.89,2.22,67.51,85.3,4.91,3.1,1.08,62.0,0.81,33.5,0.58,0.142,14.57,39.0,2.28,64.0,1.79,58.0,6.37,1.21,0.151,0.06,0.157,0.14,0.158,0.149,0.158,0.239,0.0,0.0,0.0,0.0,0.0,0.0,0.0,0,0.0,Unknown,0.0,0.0,0.0,0.0,0.0,0,0.0,Unknown,0.0,0.0,0.0,estimated_from_squad_profile,2026-06-05T00:33:08.162006+00:00
Saudi Arabia,Moteb Al-Harbi,DF,Left-Back,Al-Hilal,Left,29.8,Fullback,Overlapping wide defender,Width + recovery runner,0,1.0,1155,15,7,0.12,0.15,0.12,0.15,0.79,0.3,1.72,0.98,58.62,86.3,2.67,2.12,1.0,65.2,1.82,34.8,0.11,0.025,11.21,38.2,2.41,66.2,2.24,64.2,5.23,1.23,0.196,0.03,0.07,0.09,0.1,0.16,0.22,0.36,0.0,0.0,0.0,0.0,0.0,0.0,0.0,0,0.0,Unknown,0.0,0.0,0.0,0.0,0.0,0,0.0,Unknown,0.0,0.0,0.0,estimated_from_squad_profile,2026-06-05T00:33:08.162006+00:00
Saudi Arabia,Jehad Thakri,DF,Centre-Back,Al-Qadsiah,Right,21.5,Centre-back,Ball-playing defender,Rest-defense anchor,0,1.0,1136,15,7,0.08,0.11,0.08,0.1,0.56,0.21,1.19,0.59,58.11,86.1,2.58,1.24,0.48,61.8,0.42,32.5,0.1,0.024,10.69,37.8,2.23,65.8,2.15,63.8,4.94,1.25,0.198,0.03,0.07,0.09,0.1,0.16,0.22,0.36,0.0,0.0,0.0,0.0,0.0,0.0,0.0,0,0.0,Unknown,0.0,0.0,0.0,0.0,0.0,0,0.0,Unknown,0.0,0.0,0.0,estimated_from_squad_profile,2026-06-05T00:33:08.162006+00:00
Saudi Arabia,Mohammed Abu Al-Shamat,DF,Right-Back,Al-Qadsiah,Right,26.7,Fullback,Overlapping wide defender,Width + recovery runner,0,1.0,1146,15,7,0.12,0.15,0.12,0.14,0.78,0.3,1.7,0.96,58.36,86.2,2.62,2.1,0.94,65.0,1.81,34.7,0.1,0.024,10.54,38.0,2.23,66.0,2.2,64.0,4.89,1.24,0.197,0.03,0.07,0.09,0.1,0.16,0.22,0.36,0.0,0.0,0.0,0.0,0.0,0.0,0.0,0,0.0,Unknown,0.0,0.0,0.0,0.0,0.0,0,0.0,Unknown,0.0,0.0,0.0,estimated_from_squad_profile,2026-06-05T00:33:08.162006+00:00
Spain,David Raya,GK,Goalkeeper,Arsenal,Right,23.1,Goalkeeper,Sweeper keeper,Build-up keeper,0,1.0,1243,17,8,0.0,0.01,0.0,0.01,0.0,0.0,0.02,0.06,31.07,72.8,4.69,0.13,0.0,0.0,0.0,0.0,0.01,0.0,2.23,30.5,0.17,50.6,0.56,54.3,4.38,0.08,0.023,0.0,0.0,0.0,0.0,0.0,0.0,0.0,2.77,76.0,0.068,1.63,1.23,2.53,49.4,0,0.0,Unknown,0.0,0.0,0.0,0.0,0.0,0,0.0,Unknown,0.0,0.0,0.0,estimated_from_squad_profile,2026-06-05T00:33:08.162006+00:00
Spain,Marc Pubill,DF,Centre-Back,Atlético Madrid,Right,22.6,Centre-back,Ball-playing defender,Rest-defense anchor,0,1.0,1213,16,7,0.09,0.12,0.09,0.11,0.61,0.23,1.32,0.67,60.18,87.0,2.92,1.38,0.5,63.4,0.47,33.6,0.12,0.027,10.71,39.4,2.47,67.4,2.52,65.4,5.13,1.2,0.191,0.03,0.07,0.09,0.1,0.16,0.22,0.36,0.0,0.0,0.0,0.0,0.0,0.0,0.0,0,0.0,Unknown,0.0,0.0,0.0,0.0,0.0,0,0.0,Unknown,0.0,0.0,0.0,estimated_from_squad_profile,2026-06-05T00:33:08.162006+00:00
Spain,Álex Grimaldo,DF,,Bayer Leverkusen,Right,16.6,DF,Hybrid role,Balanced phase contribution,0,1.0,801,10,5,0.04,0.04,0.05,0.03,0.32,0.12,0.65,0.25,49.1,82.5,1.1,0.66,0.26,54.9,0.23,27.6,0.04,0.01,8.75,30.9,0.77,58.9,0.57,56.9,3.24,1.47,0.227,0.01,0.07,0.09,0.1,0.16,0.22,0.36,0.0,0.0,0.0,0.0,0.0,0.0,0.0,0,0.0,Unknown,0.0,0.0,0.0,0.0,0.0,0,0.0,Unknown,0.0,0.0,0.0,estimated_from_squad_profile,2026-06-05T00:33:08.162006+00:00
Spain,Eric García,DF,Centre-Back,Barcelona,Right,23.4,Centre-back,Ball-playing defender,Rest-defense anchor,0,1.0,1263,17,8,0.09,0.13,0.1,0.12,0.65,0.25,1.4,0.72,61.51,87.5,3.14,1.47,0.57,64.4,0.49,34.4,0.13,0.029,11.64,40.4,2.83,68.4,2.75,66.4,5.69,1.16,0.187,0.03,0.07,0.09,0.1,0.16,0.22,0.36,0.0,0.0,0.0,0.0,0.0,0.0,0.0,0,0.0,Unknown,0.0,0.0,0.0,0.0,0.0,0,0.0,Unknown,0.0,0.0,0.0,estimated_from_squad_profile,2026-06-05T00:33:08.162006+00:00
Spain,Marcos Llorente,DF,Right-Back,Atlético Madrid,Right,28.3,Fullback,Overlapping wide defender,Width + recovery runner,0,1.0,1260,17,8,0.14,0.19,0.14,0.18,0.92,0.35,2.02,1.18,61.43,87.5,3.13,2.3,1.01,67.4,1.88,36.3,0.13,0.029,11.19,40.4,2.71,68.4,2.74,66.4,5.46,1.16,0.187,0.03,0.07,0.09,0.1,0.16,0.22,0.36,0.0,0.0,0.0,0.0,0.0,0.0,0.0,0,0.0,Unknown,0.0,0.0,0.0,0.0,0.0,0,0.0,Unknown,0.0,0.0,0.0,estimated_from_squad_profile,2026-06-05T00:33:08.162006+00:00
Spain,Mikel Merino,MF,Central Midfield,Arsenal,Right,24.8,No. 8,Box-to-box midfielder,Progression + counter-press,1,1.0,2747,37,29,0.36,0.37,0.34,0.35,2.24,0.86,5.03,2.28,68.04,85.6,5.04,3.18,1.15,62.4,0.83,33.8,0.59,0.145,15.35,39.4,2.43,64.4,1.84,58.4,6.74,1.2,0.149,0.06,0.157,0.139,0.158,0.148,0.158,0.24,0.0,0.0,0.0,0.0,0.0,0.0,0.0,0,0.0,Unknown,0.0,0.0,0.0,0.0,0.0,0,0.0,Unknown,0.0,0.0,0.0,estimated_from_squad_profile,2026-06-05T00:33:08.162006+00:00
Spain,Ferran Torres,FW,Centre-Forward,Barcelona,Right,25.8,No. 9,Penalty-box finisher,Depth runs + shot volume,1,1.0,2819,38,30,0.47,0.19,0.44,0.18,2.85,1.1,6.42,1.06,45.97,77.4,2.9,4.21,2.01,58.9,0.99,31.8,0.24,0.059,14.45,36.9,1.61,58.9,1.51,51.9,4.83,0.75,0.093,0.4,0.159,0.138,0.156,0.147,0.156,0.244,0.0,0.0,0.0,0.0,0.0,0.0,0.0,0,0.0,Unknown,0.0,0.0,0.0,0.0,0.0,0,0.0,Unknown,0.0,0.0,0.0,estimated_from_squad_profile,2026-06-05T00:33:08.162006+00:00
Spain,Fabián Ruiz,MF,Central Midfield,Paris Saint-Germain,Right,24.5,No. 8,Box-to-box midfielder,Progression + counter-press,1,1.0,2731,37,29,0.36,0.37,0.34,0.34,2.19,0.84,4.91,2.23,67.61,85.4,4.93,3.11,1.11,62.1,0.82,33.5,0.58,0.142,14.89,39.1,2.34,64.1,1.8,58.1,6.52,1.21,0.15,0.06,0.157,0.14,0.158,0.149,0.158,0.239,0.0,0.0,0.0,0.0,0.0,0.0,0.0,0,0.0,Unknown,0.0,0.0,0.0,0.0,0.0,0,0.0,Unknown,0.0,0.0,0.0,estimated_from_squad_profile,2026-06-05T00:33:08.162006+00:00
Spain,Gavi,MF,Central Midfield,Barcelona,Right,24.0,No. 8,Box-to-box midfielder,Progression + counter-press,0,1.0,1306,17,8,0.28,0.29,0.27,0.27,1.75,0.67,3.91,1.77,66.66,85.0,3.95,2.49,1.0,61.3,0.66,33.0,0.47,0.115,13.68,38.3,2.1,63.3,1.44,57.3,5.95,1.23,0.153,0.06,0.07,0.09,0.1,0.16,0.22,0.36,0.0,0.0,0.0,0.0,0.0,0.0,0.0,0,0.0,Unknown,0.0,0.0,0.0,0.0,0.0,0,0.0,Unknown,0.0,0.0,0.0,estimated_from_squad_profile,2026-06-05T00:33:08.162006+00:00
Spain,Dani Olmo,FW,Attacking Midfield,Barcelona,Right,25.1,No. 10,Central creator,Between-lines chance creation,1,1.0,2773,37,30,0.52,0.39,0.48,0.36,3.13,1.21,7.04,2.37,44.73,76.8,2.77,3.97,1.89,57.9,0.93,31.1,0.37,0.096,14.06,35.9,1.55,57.9,1.44,50.9,4.71,0.78,0.097,0.38,0.158,0.139,0.157,0.148,0.157,0.241,0.0,0.0,0.0,0.0,0.0,0.0,0.0,0,0.0,Unknown,0.0,0.0,0.0,0.0,0.0,0,0.0,Unknown,0.0,0.0,0.0,estimated_from_squad_profile,2026-06-05T00:33:08.162006+00:00
Spain,Yéremy Pino,FW,Right Winger,Crystal Palace,Right,28.6,Winger,Wide creator,1v1 carry + crossing threat,0,1.0,1277,17,8,0.41,0.33,0.39,0.32,2.51,0.97,5.66,2.16,41.87,75.7,2.09,3.71,1.98,58.7,2.07,31.6,0.29,0.074,12.45,33.7,1.31,55.7,1.07,48.7,4.2,0.85,0.106,0.33,0.07,0.09,0.1,0.16,0.22,0.36,0.0,0.0,0.0,0.0,0.0,0.0,0.0,0,0.0,Unknown,0.0,0.0,0.0,0.0,0.0,0,0.0,Unknown,0.0,0.0,0.0,estimated_from_squad_profile,2026-06-05T00:33:08.162006+00:00
Spain,Pedro Porro,DF,Right-Back,Tottenham Hotspur,Right,28.3,Fullback,Overlapping wide defender,Width + recovery runner,0,1.0,1256,17,8,0.14,0.18,0.14,0.18,0.92,0.35,2.01,1.17,61.33,87.5,3.11,2.29,1.06,67.3,1.88,36.3,0.13,0.029,11.81,40.3,2.86,68.3,2.72,66.3,5.76,1.17,0.188,0.03,0.07,0.09,0.1,0.16,0.22,0.36,0.0,0.0,0.0,0.0,0.0,0.0,0.0,0,0.0,Unknown,0.0,0.0,0.0,0.0,0.0,0,0.0,Unknown,0.0,0.0,0.0,estimated_from_squad_profile,2026-06-05T00:33:08.162006+00:00
Spain,Joan Garcia,GK,Goalkeeper,Barcelona,Right,22.8,Goalkeeper,Sweeper keeper,Build-up keeper,0,1.0,1225,16,7,0.0,0.01,0.0,0.01,0.0,0.0,0.02,0.06,30.81,72.5,4.62,0.13,0.0,0.0,0.0,0.0,0.01,0.0,2.19,30.2,0.17,50.2,0.55,53.9,4.34,0.08,0.024,0.0,0.0,0.0,0.0,0.0,0.0,0.0,2.79,75.7,0.064,1.59,1.2,2.55,48.9,0,0.0,Unknown,0.0,0.0,0.0,0.0,0.0,0,0.0,Unknown,0.0,0.0,0.0,estimated_from_squad_profile,2026-06-05T00:33:08.162006+00:00
Spain,Aymeric Laporte,DF,Centre-Back,Athletic Bilbao,Right,24.0,Centre-back,Ball-playing defender,Rest-defense anchor,1,1.0,2694,36,29,0.12,0.17,0.12,0.15,0.81,0.31,1.74,0.91,62.62,88.0,3.96,1.83,0.56,65.3,0.62,35.0,0.16,0.037,11.21,41.3,2.84,69.3,3.51,67.3,5.57,1.13,0.183,0.04,0.156,0.14,0.159,0.15,0.159,0.237,0.0,0.0,0.0,0.0,0.0,0.0,0.0,0,0.0,Unknown,0.0,0.0,0.0,0.0,0.0,0,0.0,Unknown,0.0,0.0,0.0,estimated_from_squad_profile,2026-06-05T00:33:08.162006+00:00
Spain,Álex Baena,MF,Left Winger,Atlético Madrid,Left,31.5,Winger,Wide creator,1v1 carry + crossing threat,0,1.0,1271,17,8,0.32,0.33,0.3,0.31,1.94,0.75,4.34,2.14,65.72,84.6,3.75,3.21,1.48,63.6,2.02,34.5,0.45,0.11,14.12,37.6,2.13,62.6,1.37,56.6,6.1,1.26,0.156,0.05,0.07,0.09,0.1,0.16,0.22,0.36,0.0,0.0,0.0,0.0,0.0,0.0,0.0,0,0.0,Unknown,0.0,0.0,0.0,0.0,0.0,0,0.0,Unknown,0.0,0.0,0.0,estimated_from_squad_profile,2026-06-05T00:33:08.162006+00:00
Spain,Rodri,MF,Defensive Midfield,Manchester City,Right,25.2,No. 6,Holding midfielder,Press resistance + ball winning,1,1.0,2781,38,30,0.31,0.19,0.29,0.17,1.9,0.73,4.24,1.01,68.94,85.9,5.26,3.32,1.21,63.1,0.87,34.2,0.46,0.11,15.73,40.1,2.93,65.1,1.91,59.1,6.94,1.18,0.146,0.06,0.158,0.139,0.157,0.148,0.157,0.242,0.0,0.0,0.0,0.0,0.0,0.0,0.0,0,0.0,Unknown,0.0,0.0,0.0,0.0,0.0,0,0.0,Unknown,0.0,0.0,0.0,estimated_from_squad_profile,2026-06-05T00:33:08.162006+00:00
Spain,Nico Williams,FW,Left Winger,Athletic Bilbao,Left,32.2,Winger,Wide creator,1v1 carry + crossing threat,0,1.0,1317,18,8,0.44,0.36,0.41,0.34,2.69,1.04,6.06,2.32,42.96,76.1,2.18,3.88,2.08,59.6,2.11,32.2,0.3,0.076,12.77,34.6,1.37,56.6,1.12,49.6,4.3,0.83,0.102,0.35,0.07,0.09,0.1,0.16,0.22,0.36,0.0,0.0,0.0,0.0,0.0,0.0,0.0,0,0.0,Unknown,0.0,0.0,0.0,0.0,0.0,0,0.0,Unknown,0.0,0.0,0.0,estimated_from_squad_profile,2026-06-05T00:33:08.162006+00:00
Spain,Martín Zubimendi,MF,Defensive Midfield,Arsenal,Right,24.1,No. 6,Holding midfielder,Press resistance + ball winning,0,1.0,1313,17,8,0.23,0.14,0.22,0.13,1.43,0.55,3.19,0.77,66.85,85.1,3.99,2.52,1.13,61.5,0.66,33.1,0.35,0.082,15.41,38.5,2.75,63.5,1.46,57.5,6.71,1.23,0.153,0.06,0.07,0.09,0.1,0.16,0.22,0.36,0.0,0.0,0.0,0.0,0.0,0.0,0.0,0,0.0,Unknown,0.0,0.0,0.0,0.0,0.0,0,0.0,Unknown,0.0,0.0,0.0,estimated_from_squad_profile,2026-06-05T00:33:08.162006+00:00
Spain,Lamine Yamal,FW,Right Winger,Barcelona,Left,32.5,Winger,Wide creator,1v1 carry + crossing threat,0,1.0,1342,18,8,0.46,0.37,0.43,0.35,2.8,1.08,6.31,2.41,43.64,76.4,2.24,4.0,1.94,60.1,2.13,32.5,0.3,0.078,11.71,35.1,1.27,57.1,1.15,50.1,3.93,0.81,0.1,0.36,0.07,0.09,0.1,0.16,0.22,0.36,0.0,0.0,0.0,0.0,0.0,0.0,0.0,0,0.0,Unknown,0.0,0.0,0.0,0.0,0.0,0,0.0,Unknown,0.0,0.0,0.0,estimated_from_squad_profile,2026-06-05T00:33:08.162006+00:00
Spain,Pedri,MF,Central Midfield,Barcelona,Right,25.0,No. 8,Box-to-box midfielder,Progression + counter-press,1,1.0,2766,37,30,0.37,0.39,0.35,0.36,2.3,0.89,5.17,2.35,68.55,85.8,5.16,3.26,1.14,62.8,0.85,34.0,0.6,0.148,14.99,39.8,2.39,64.8,1.88,58.8,6.6,1.19,0.147,0.06,0.157,0.139,0.157,0.148,0.157,0.241,0.0,0.0,0.0,0.0,0.0,0.0,0.0,4,100.0,Left,50.0,25.0,25.0,0.0,0.0,0,0.0,Unknown,0.0,0.0,0.0,estimated_from_squad_profile,2026-06-05T00:33:08.162006+00:00
Spain,Mikel Oyarzabal,FW,Centre-Forward,Real Sociedad,Right,25.5,No. 9,Penalty-box finisher,Depth runs + shot volume,1,1.0,2797,38,30,0.45,0.19,0.43,0.18,2.77,1.07,6.23,1.03,45.38,77.1,2.84,4.1,1.92,58.4,0.96,31.5,0.23,0.057,14.01,36.4,1.55,58.4,1.48,51.4,4.68,0.77,0.095,0.39,0.158,0.138,0.157,0.147,0.157,0.243,0.0,0.0,0.0,0.0,0.0,0.0,0.0,0,0.0,Unknown,0.0,0.0,0.0,0.0,0.0,0,0.0,Unknown,0.0,0.0,0.0,estimated_from_squad_profile,2026-06-05T00:33:08.162006+00:00
Spain,Pau Cubarsí,DF,Centre-Back,Barcelona,Right,23.4,Centre-back,Ball-playing defender,Rest-defense anchor,1,1.0,2657,36,28,0.11,0.16,0.12,0.15,0.77,0.29,1.67,0.86,61.6,87.6,3.76,1.75,0.51,64.5,0.59,34.4,0.15,0.035,10.35,40.5,2.53,68.5,3.29,66.5,5.07,1.16,0.187,0.03,0.155,0.141,0.16,0.15,0.16,0.234,0.0,0.0,0.0,0.0,0.0,0.0,0.0,0,0.0,Unknown,0.0,0.0,0.0,0.0,0.0,0,0.0,Unknown,0.0,0.0,0.0,estimated_from_squad_profile,2026-06-05T00:33:08.162006+00:00
Spain,Unai Simón,GK,Goalkeeper,Athletic Bilbao,Right,24.5,Goalkeeper,Sweeper keeper,Build-up keeper,1,1.0,2732,37,29,0.0,0.01,0.0,0.01,0.0,0.0,0.02,0.07,32.53,74.7,5.07,0.15,0.0,0.0,0.0,0.0,0.01,0.0,2.4,31.8,0.19,52.8,0.6,56.0,4.62,0.09,0.021,0.0,0.0,0.0,0.0,0.0,0.0,0.0,2.66,78.1,0.092,1.8,1.42,2.43,51.9,0,0.0,Unknown,0.0,0.0,0.0,0.0,0.0,0,0.0,Unknown,0.0,0.0,0.0,estimated_from_squad_profile,2026-06-05T00:33:08.162006+00:00
Spain,Marc Cucurella,DF,Left-Back,Chelsea,Left,31.8,Fullback,Overlapping wide defender,Width + recovery runner,1,1.0,2682,36,29,0.18,0.23,0.17,0.22,1.14,0.44,2.52,1.48,62.27,87.8,3.89,2.8,1.11,68.0,2.26,36.8,0.16,0.036,12.24,41.0,3.07,69.0,3.43,67.0,6.05,1.14,0.185,0.04,0.155,0.14,0.159,0.15,0.159,0.236,0.0,0.0,0.0,0.0,0.0,0.0,0.0,0,0.0,Unknown,0.0,0.0,0.0,0.0,0.0,0,0.0,Unknown,0.0,0.0,0.0,estimated_from_squad_profile,2026-06-05T00:33:08.162006+00:00
Spain,Víctor Muñoz,FW,Left Winger,Osasuna,Left,30.6,Winger,Wide creator,1v1 carry + crossing threat,0,1.0,1212,16,7,0.37,0.3,0.34,0.28,2.24,0.86,5.03,1.92,40.15,75.0,1.94,3.42,1.79,57.4,2.01,30.6,0.27,0.07,11.71,32.4,1.2,54.4,0.98,47.4,3.97,0.9,0.111,0.31,0.07,0.09,0.1,0.16,0.22,0.36,0.0,0.0,0.0,0.0,0.0,0.0,0.0,0,0.0,Unknown,0.0,0.0,0.0,0.0,0.0,0,0.0,Unknown,0.0,0.0,0.0,estimated_from_squad_profile,2026-06-05T00:33:08.162006+00:00
Spain,Borja Iglesias,FW,Centre-Forward,Celta Vigo,Right,22.0,No. 9,Penalty-box finisher,Depth runs + shot volume,0,1.0,1168,16,7,0.25,0.11,0.24,0.1,1.58,0.61,3.52,0.62,38.96,74.5,1.84,2.39,1.2,53.5,0.59,28.0,0.13,0.034,11.14,31.5,1.12,53.5,0.92,46.5,3.79,0.93,0.115,0.29,0.07,0.09,0.1,0.16,0.22,0.36,0.0,0.0,0.0,0.0,0.0,0.0,0.0,0,0.0,Unknown,0.0,0.0,0.0,0.0,0.0,0,0.0,Unknown,0.0,0.0,0.0,estimated_from_squad_profile,2026-06-05T00:33:08.162006+00:00
Uruguay,Sergio Rochet,GK,Goalkeeper,Internacional,Right,22.8,Goalkeeper,Sweeper keeper,Build-up keeper,0,1.0,1222,16,7,0.0,0.01,0.0,0.01,0.0,0.0,0.02,0.06,30.76,72.5,4.6,0.13,0.0,0.0,0.0,0.0,0.01,0.0,2.19,30.2,0.16,50.1,0.55,53.9,4.33,0.08,0.024,0.0,0.0,0.0,0.0,0.0,0.0,0.0,2.79,75.6,0.063,1.59,1.2,2.55,48.8,0,0.0,Unknown,0.0,0.0,0.0,0.0,0.0,0,0.0,Unknown,0.0,0.0,0.0,estimated_from_squad_profile,2026-06-05T00:33:08.162006+00:00
Uruguay,José María Giménez,DF,Centre-Back,Atlético Madrid,Right,26.3,Centre-back,Ball-playing defender,Rest-defense anchor,1,1.0,2854,39,31,0.14,0.2,0.14,0.19,0.94,0.36,2.05,1.1,66.91,89.7,4.8,2.16,0.67,68.6,0.72,37.3,0.19,0.044,12.34,44.6,3.57,72.6,4.4,70.6,6.48,1.03,0.17,0.04,0.16,0.137,0.156,0.146,0.156,0.246,0.0,0.0,0.0,0.0,0.0,0.0,0.0,0,0.0,Unknown,0.0,0.0,0.0,0.0,0.0,0,0.0,Unknown,0.0,0.0,0.0,estimated_from_squad_profile,2026-06-05T00:33:08.162006+00:00
Uruguay,Sebastián Cáceres,DF,Centre-Back,América,Right,22.7,Centre-back,Ball-playing defender,Rest-defense anchor,0,1.0,1221,16,7,0.09,0.12,0.09,0.11,0.62,0.23,1.33,0.68,60.37,87.1,2.95,1.39,0.55,63.6,0.47,33.7,0.12,0.027,11.6,39.6,2.7,67.6,2.55,65.6,5.57,1.19,0.191,0.03,0.07,0.09,0.1,0.16,0.22,0.36,0.0,0.0,0.0,0.0,0.0,0.0,0.0,0,0.0,Unknown,0.0,0.0,0.0,0.0,0.0,0,0.0,Unknown,0.0,0.0,0.0,estimated_from_squad_profile,2026-06-05T00:33:08.162006+00:00
Uruguay,Ronald Araújo,DF,Centre-Back,Barcelona,Right,23.6,Centre-back,Ball-playing defender,Rest-defense anchor,1,1.0,2667,36,28,0.11,0.16,0.12,0.15,0.78,0.3,1.69,0.87,61.87,87.7,3.81,1.77,0.6,64.7,0.6,34.6,0.15,0.035,12.15,40.7,3.0,68.7,3.35,66.7,5.97,1.15,0.186,0.04,0.155,0.141,0.16,0.15,0.16,0.235,0.0,0.0,0.0,0.0,0.0,0.0,0.0,0,0.0,Unknown,0.0,0.0,0.0,0.0,0.0,0,0.0,Unknown,0.0,0.0,0.0,estimated_from_squad_profile,2026-06-05T00:33:08.162006+00:00
Uruguay,Manuel Ugarte,MF,Defensive Midfield,Manchester United,Right,23.9,No. 6,Holding midfielder,Press resistance + ball winning,1,1.0,2689,36,29,0.27,0.16,0.25,0.15,1.67,0.64,3.72,0.9,66.47,84.9,4.65,2.94,1.07,61.2,0.78,32.9,0.4,0.096,14.7,38.2,2.6,63.2,1.7,57.2,6.38,1.24,0.154,0.06,0.156,0.14,0.159,0.15,0.159,0.236,0.0,0.0,0.0,0.0,0.0,0.0,0.0,0,0.0,Unknown,0.0,0.0,0.0,0.0,0.0,0,0.0,Unknown,0.0,0.0,0.0,estimated_from_squad_profile,2026-06-05T00:33:08.162006+00:00
Uruguay,Rodrigo Bentancur,MF,Defensive Midfield,Tottenham Hotspur,Right,25.2,No. 6,Holding midfielder,Press resistance + ball winning,1,1.0,2781,38,30,0.31,0.19,0.29,0.17,1.9,0.73,4.24,1.01,68.95,85.9,5.26,3.32,1.23,63.1,0.87,34.2,0.46,0.11,16.03,40.1,2.99,65.1,1.91,59.1,7.08,1.18,0.146,0.06,0.158,0.139,0.157,0.148,0.157,0.242,0.0,0.0,0.0,0.0,0.0,0.0,0.0,0,0.0,Unknown,0.0,0.0,0.0,0.0,0.0,0,0.0,Unknown,0.0,0.0,0.0,estimated_from_squad_profile,2026-06-05T00:33:08.162006+00:00
Uruguay,Nicolás de la Cruz,MF,Central Midfield,Flamengo,Right,23.7,No. 8,Box-to-box midfielder,Progression + counter-press,1,1.0,2675,36,29,0.33,0.33,0.31,0.31,2.01,0.78,4.5,2.04,66.1,84.8,4.56,2.88,1.04,60.9,0.76,32.7,0.54,0.133,14.54,37.9,2.21,62.9,1.67,56.9,6.3,1.25,0.155,0.06,0.155,0.141,0.159,0.15,0.159,0.236,0.0,0.0,0.0,0.0,0.0,0.0,0.0,0,0.0,Unknown,0.0,0.0,0.0,0.0,0.0,0,0.0,Unknown,0.0,0.0,0.0,estimated_from_squad_profile,2026-06-05T00:33:08.162006+00:00
Uruguay,Federico Valverde,MF,Central Midfield,Real Madrid,Right,26.4,No. 8,Box-to-box midfielder,Progression + counter-press,1,1.0,2858,39,31,0.42,0.44,0.4,0.41,2.59,1.0,5.83,2.66,71.0,86.8,5.76,3.64,1.37,64.7,0.94,35.4,0.67,0.162,17.21,41.7,2.87,66.7,2.09,60.7,7.69,1.12,0.14,0.06,0.16,0.137,0.155,0.146,0.155,0.246,0.0,0.0,0.0,0.0,0.0,0.0,0.0,0,0.0,Unknown,0.0,0.0,0.0,0.0,0.0,0,0.0,Unknown,0.0,0.0,0.0,estimated_from_squad_profile,2026-06-05T00:33:08.162006+00:00
Uruguay,Darwin Núñez,FW,Centre-Forward,Al-Hilal,Right,24.5,No. 9,Penalty-box finisher,Depth runs + shot volume,1,1.0,2730,37,29,0.41,0.17,0.39,0.16,2.52,0.97,5.65,0.95,43.57,76.4,2.66,3.74,1.77,57.0,0.89,30.5,0.21,0.052,13.7,35.0,1.48,57.0,1.37,50.0,4.6,0.81,0.1,0.36,0.157,0.14,0.158,0.149,0.158,0.239,0.0,0.0,0.0,0.0,0.0,0.0,0.0,0,0.0,Unknown,0.0,0.0,0.0,0.0,0.0,0,0.0,Unknown,0.0,0.0,0.0,estimated_from_squad_profile,2026-06-05T00:33:08.162006+00:00
Uruguay,Giorgian de Arrascaeta,MF,Attacking Midfield,Flamengo,Right,25.4,No. 10,Central creator,Between-lines chance creation,1,1.0,2792,38,30,0.39,0.4,0.37,0.37,2.38,0.92,5.35,2.44,69.23,86.0,5.33,3.36,1.15,63.3,0.88,34.4,0.62,0.152,14.96,40.3,2.42,65.3,1.94,59.3,6.62,1.17,0.145,0.06,0.158,0.138,0.157,0.148,0.157,0.242,0.0,0.0,0.0,0.0,0.0,0.0,0.0,0,0.0,Unknown,0.0,0.0,0.0,0.0,0.0,0,0.0,Unknown,0.0,0.0,0.0,estimated_from_squad_profile,2026-06-05T00:33:08.162006+00:00
Uruguay,Facundo Pellistri,FW,Right Winger,Panathinaikos,Right,28.5,Winger,Wide creator,1v1 carry + crossing threat,1,1.0,2659,36,28,0.49,0.39,0.45,0.37,2.95,1.14,6.65,2.54,41.68,75.6,2.47,4.37,2.0,58.6,2.46,31.5,0.34,0.087,12.63,33.6,1.33,55.6,1.26,48.6,4.26,0.86,0.106,0.33,0.155,0.141,0.16,0.15,0.16,0.235,0.0,0.0,0.0,0.0,0.0,0.0,0.0,0,0.0,Unknown,0.0,0.0,0.0,0.0,0.0,0,0.0,Unknown,0.0,0.0,0.0,estimated_from_squad_profile,2026-06-05T00:33:08.162006+00:00
Uruguay,Santiago Mele,GK,Goalkeeper,Monterrey,Right,21.9,Goalkeeper,Sweeper keeper,Build-up keeper,0,1.0,1162,15,7,0.0,0.01,0.0,0.01,0.0,0.0,0.02,0.05,29.89,71.4,4.37,0.12,0.0,0.0,0.0,0.0,0.01,0.0,2.09,29.4,0.15,48.8,0.52,52.9,4.18,0.07,0.025,0.0,0.0,0.0,0.0,0.0,0.0,0.0,2.86,74.3,0.048,1.49,1.09,2.61,47.3,0,0.0,Unknown,0.0,0.0,0.0,0.0,0.0,0,0.0,Unknown,0.0,0.0,0.0,estimated_from_squad_profile,2026-06-05T00:33:08.162006+00:00
Uruguay,Guillermo Varela,DF,Right-Back,Flamengo,Right,27.3,Fullback,Overlapping wide defender,Width + recovery runner,0,1.0,1190,16,7,0.13,0.16,0.13,0.16,0.83,0.32,1.82,1.04,59.55,86.7,2.82,2.18,0.93,65.9,1.84,35.3,0.11,0.026,10.37,38.9,2.32,66.9,2.41,64.9,4.91,1.21,0.193,0.03,0.07,0.09,0.1,0.16,0.22,0.36,0.0,0.0,0.0,0.0,0.0,0.0,0.0,0,0.0,Unknown,0.0,0.0,0.0,0.0,0.0,0,0.0,Unknown,0.0,0.0,0.0,estimated_from_squad_profile,2026-06-05T00:33:08.162006+00:00
Uruguay,Agustín Canobbio,MF,Left Winger,Fluminense,Left,30.7,Winger,Wide creator,1v1 carry + crossing threat,0,1.0,1220,16,7,0.29,0.3,0.27,0.28,1.77,0.68,3.97,1.95,64.36,84.1,3.47,3.03,1.48,62.5,1.97,33.7,0.42,0.103,14.34,36.5,2.09,61.5,1.27,55.5,6.12,1.29,0.161,0.05,0.07,0.09,0.1,0.16,0.22,0.36,0.0,0.0,0.0,0.0,0.0,0.0,0.0,0,0.0,Unknown,0.0,0.0,0.0,0.0,0.0,0,0.0,Unknown,0.0,0.0,0.0,estimated_from_squad_profile,2026-06-05T00:33:08.162006+00:00
Uruguay,Emiliano Martínez,MF,Defensive Midfield,Palmeiras,Right,22.4,No. 6,Holding midfielder,Press resistance + ball winning,0,1.0,1198,16,7,0.19,0.12,0.18,0.11,1.2,0.46,2.65,0.65,63.76,83.8,3.35,2.11,0.93,59.1,0.57,31.4,0.28,0.067,13.82,36.1,2.27,61.1,1.23,55.1,5.87,1.31,0.163,0.05,0.07,0.09,0.1,0.16,0.22,0.36,0.0,0.0,0.0,0.0,0.0,0.0,0.0,0,0.0,Unknown,0.0,0.0,0.0,0.0,0.0,0,0.0,Unknown,0.0,0.0,0.0,estimated_from_squad_profile,2026-06-05T00:33:08.162006+00:00
Uruguay,Mathías Olivera,DF,Left-Back,Napoli,Left,31.9,Fullback,Overlapping wide defender,Width + recovery runner,1,1.0,2687,36,29,0.18,0.23,0.17,0.23,1.15,0.44,2.54,1.49,62.42,87.9,3.92,2.81,1.09,68.1,2.26,36.9,0.16,0.036,12.06,41.1,3.04,69.1,3.47,67.1,5.97,1.14,0.184,0.04,0.156,0.14,0.159,0.15,0.159,0.236,0.0,0.0,0.0,0.0,0.0,0.0,0.0,0,0.0,Unknown,0.0,0.0,0.0,0.0,0.0,0,0.0,Unknown,0.0,0.0,0.0,estimated_from_squad_profile,2026-06-05T00:33:08.162006+00:00
Uruguay,Matías Viña,DF,Left-Back,River Plate,Left,31.4,Fullback,Overlapping wide defender,Width + recovery runner,0,1.0,1267,17,8,0.14,0.19,0.14,0.18,0.93,0.36,2.04,1.19,61.63,87.6,3.16,2.31,1.07,67.5,1.88,36.4,0.13,0.029,11.88,40.5,2.9,68.5,2.77,66.5,5.82,1.16,0.187,0.03,0.07,0.09,0.1,0.16,0.22,0.36,0.0,0.0,0.0,0.0,0.0,0.0,0.0,0,0.0,Unknown,0.0,0.0,0.0,0.0,0.0,0,0.0,Unknown,0.0,0.0,0.0,estimated_from_squad_profile,2026-06-05T00:33:08.162006+00:00
Uruguay,Brian Rodríguez,FW,Left Winger,América,Left,31.4,Winger,Wide creator,1v1 carry + crossing threat,0,1.0,1267,17,8,0.41,0.33,0.38,0.31,2.47,0.95,5.57,2.13,41.62,75.6,2.07,3.66,2.07,58.5,2.06,31.4,0.28,0.073,13.09,33.5,1.38,55.5,1.05,48.5,4.42,0.86,0.107,0.33,0.07,0.09,0.1,0.16,0.22,0.36,0.0,0.0,0.0,0.0,0.0,0.0,0.0,0,0.0,Unknown,0.0,0.0,0.0,0.0,0.0,0,0.0,Unknown,0.0,0.0,0.0,estimated_from_squad_profile,2026-06-05T00:33:08.162006+00:00
Uruguay,Rodrigo Aguirre,FW,Centre-Forward,UANL,Right,22.2,No. 9,Penalty-box finisher,Depth runs + shot volume,0,1.0,1180,16,7,0.26,0.11,0.25,0.11,1.61,0.62,3.6,0.64,39.28,74.6,1.87,2.44,1.28,53.7,0.6,28.2,0.14,0.034,11.68,31.7,1.18,53.7,0.94,46.7,3.97,0.92,0.114,0.29,0.07,0.09,0.1,0.16,0.22,0.36,0.0,0.0,0.0,0.0,0.0,0.0,0.0,0,0.0,Unknown,0.0,0.0,0.0,0.0,0.0,0,0.0,Unknown,0.0,0.0,0.0,estimated_from_squad_profile,2026-06-05T00:33:08.162006+00:00
Uruguay,Maximiliano Araújo,MF,,Sporting CP,Right,17.2,No. 8,Box-to-box midfielder,Progression + counter-press,0,1.0,840,11,5,0.06,0.05,0.07,0.04,0.46,0.17,0.97,0.29,54.16,79.9,1.37,0.87,0.37,51.7,0.28,26.2,0.08,0.019,9.75,28.7,0.89,53.7,0.53,47.7,3.64,1.55,0.193,0.03,0.07,0.09,0.1,0.16,0.22,0.36,0.0,0.0,0.0,0.0,0.0,0.0,0.0,0,0.0,Unknown,0.0,0.0,0.0,0.0,0.0,0,0.0,Unknown,0.0,0.0,0.0,estimated_from_squad_profile,2026-06-05T00:33:08.162006+00:00
Uruguay,Federico Viñas,FW,Centre-Forward,Oviedo,Right,22.4,No. 9,Penalty-box finisher,Depth runs + shot volume,0,1.0,1194,16,7,0.27,0.12,0.25,0.11,1.66,0.64,3.7,0.65,39.65,74.8,1.9,2.5,1.41,54.0,0.61,28.4,0.14,0.035,12.71,32.0,1.29,54.0,0.96,47.0,4.31,0.91,0.113,0.3,0.07,0.09,0.1,0.16,0.22,0.36,0.0,0.0,0.0,0.0,0.0,0.0,0.0,0,0.0,Unknown,0.0,0.0,0.0,0.0,0.0,0,0.0,Unknown,0.0,0.0,0.0,estimated_from_squad_profile,2026-06-05T00:33:08.162006+00:00
Uruguay,Joaquín Piquerez,MF,Left-Back,Palmeiras,Left,31.0,Fullback,Overlapping wide defender,Width + recovery runner,0,1.0,1235,16,7,0.25,0.18,0.23,0.17,1.53,0.59,3.42,1.13,64.75,84.2,3.55,3.08,1.5,62.9,1.99,34.0,0.3,0.072,14.51,36.9,2.45,61.9,1.3,55.9,6.21,1.28,0.159,0.05,0.07,0.09,0.1,0.16,0.22,0.36,0.0,0.0,0.0,0.0,0.0,0.0,0.0,0,0.0,Unknown,0.0,0.0,0.0,0.0,0.0,0,0.0,Unknown,0.0,0.0,0.0,estimated_from_squad_profile,2026-06-05T00:33:08.162006+00:00
Uruguay,Fernando Muslera,GK,Goalkeeper,Estudiantes,Right,24.1,Goalkeeper,Sweeper keeper,Build-up keeper,1,1.0,2703,37,29,0.0,0.01,0.0,0.01,0.0,0.0,0.02,0.06,32.09,74.1,4.96,0.15,0.0,0.0,0.0,0.0,0.01,0.0,2.34,31.4,0.18,52.1,0.59,55.4,4.55,0.08,0.022,0.0,0.0,0.0,0.0,0.0,0.0,0.0,2.69,77.5,0.085,1.74,1.36,2.46,51.2,0,0.0,Unknown,0.0,0.0,0.0,0.0,0.0,0,0.0,Unknown,0.0,0.0,0.0,estimated_from_squad_profile,2026-06-05T00:33:08.162006+00:00
Uruguay,Santiago Bueno,DF,Centre-Back,Wolverhampton Wanderers,Right,22.5,Centre-back,Ball-playing defender,Rest-defense anchor,0,1.0,1205,16,7,0.09,0.12,0.09,0.11,0.61,0.23,1.3,0.66,59.94,86.9,2.88,1.36,0.55,63.2,0.46,33.5,0.12,0.027,11.71,39.2,2.67,67.2,2.48,65.2,5.59,1.2,0.192,0.03,0.07,0.09,0.1,0.16,0.22,0.36,0.0,0.0,0.0,0.0,0.0,0.0,0.0,0,0.0,Unknown,0.0,0.0,0.0,0.0,0.0,0,0.0,Unknown,0.0,0.0,0.0,estimated_from_squad_profile,2026-06-05T00:33:08.162006+00:00
Uruguay,Juan Manuel Sanabria,MF,Left-Back,Real Salt Lake,Left,30.1,Fullback,Overlapping wide defender,Width + recovery runner,0,1.0,1179,16,7,0.22,0.16,0.21,0.15,1.39,0.53,3.09,1.02,63.25,83.6,3.24,2.89,1.39,61.7,1.94,33.1,0.27,0.064,13.61,35.7,2.2,60.7,1.19,54.7,5.75,1.32,0.164,0.05,0.07,0.09,0.1,0.16,0.22,0.36,0.0,0.0,0.0,0.0,0.0,0.0,0.0,0,0.0,Unknown,0.0,0.0,0.0,0.0,0.0,0,0.0,Unknown,0.0,0.0,0.0,estimated_from_squad_profile,2026-06-05T00:33:08.162006+00:00
Uruguay,Rodrigo Zalazar,MF,Attacking Midfield,Braga,Right,23.1,No. 10,Central creator,Between-lines chance creation,0,1.0,1244,17,8,0.25,0.26,0.24,0.24,1.58,0.61,3.53,1.6,65.0,84.3,3.6,2.28,1.0,60.0,0.61,32.1,0.43,0.107,14.35,37.0,2.13,62.0,1.32,56.0,6.16,1.27,0.159,0.05,0.07,0.09,0.1,0.16,0.22,0.36,0.0,0.0,0.0,0.0,0.0,0.0,0.0,0,0.0,Unknown,0.0,0.0,0.0,0.0,0.0,0,0.0,Unknown,0.0,0.0,0.0,estimated_from_squad_profile,2026-06-05T00:33:08.162006+00:00
France,Brice Samba,GK,Goalkeeper,Rennes,Right,22.2,Goalkeeper,Sweeper keeper,Build-up keeper,0,1.0,1186,16,7,0.0,0.01,0.0,0.01,0.0,0.0,0.02,0.06,30.24,71.8,4.46,0.12,0.0,0.0,0.0,0.0,0.01,0.0,2.13,29.7,0.16,49.4,0.53,53.3,4.24,0.08,0.025,0.0,0.0,0.0,0.0,0.0,0.0,0.0,2.83,74.8,0.054,1.53,1.13,2.58,47.9,0,0.0,Unknown,0.0,0.0,0.0,0.0,0.0,0,0.0,Unknown,0.0,0.0,0.0,estimated_from_squad_profile,2026-06-05T00:33:08.162006+00:00
France,Malo Gusto,DF,Right-Back,Chelsea,Right,28.0,Fullback,Overlapping wide defender,Width + recovery runner,0,1.0,1240,16,8,0.14,0.18,0.14,0.17,0.9,0.34,1.97,1.14,60.89,87.3,3.04,2.26,1.0,67.0,1.87,36.0,0.12,0.028,11.07,40.0,2.63,68.0,2.64,66.0,5.36,1.18,0.189,0.03,0.07,0.09,0.1,0.16,0.22,0.36,0.0,0.0,0.0,0.0,0.0,0.0,0.0,0,0.0,Unknown,0.0,0.0,0.0,0.0,0.0,0,0.0,Unknown,0.0,0.0,0.0,estimated_from_squad_profile,2026-06-05T00:33:08.162006+00:00
France,Lucas Digne,DF,Left-Back,Aston Villa,Left,31.9,Fullback,Overlapping wide defender,Width + recovery runner,0,1.0,1302,17,8,0.15,0.2,0.15,0.19,0.98,0.37,2.14,1.26,62.56,88.0,3.31,2.37,1.01,68.3,1.9,36.9,0.13,0.031,11.2,41.3,2.84,69.3,2.94,67.3,5.56,1.14,0.184,0.04,0.07,0.09,0.1,0.16,0.22,0.36,0.0,0.0,0.0,0.0,0.0,0.0,0.0,0,0.0,Unknown,0.0,0.0,0.0,0.0,0.0,0,0.0,Unknown,0.0,0.0,0.0,estimated_from_squad_profile,2026-06-05T00:33:08.162006+00:00
France,Dayot Upamecano,DF,Centre-Back,Bayern Munich,Right,24.5,Centre-back,Ball-playing defender,Rest-defense anchor,1,1.0,2730,37,29,0.12,0.17,0.13,0.16,0.84,0.32,1.81,0.95,63.58,88.4,4.14,1.9,0.64,66.0,0.64,35.5,0.17,0.038,12.54,42.0,3.29,70.0,3.71,68.0,6.32,1.11,0.18,0.04,0.157,0.14,0.158,0.149,0.158,0.239,0.0,0.0,0.0,0.0,0.0,0.0,0.0,0,0.0,Unknown,0.0,0.0,0.0,0.0,0.0,0,0.0,Unknown,0.0,0.0,0.0,estimated_from_squad_profile,2026-06-05T00:33:08.162006+00:00
France,Jules Koundé,DF,Right-Back,Barcelona,Right,29.5,Fullback,Overlapping wide defender,Width + recovery runner,1,1.0,2732,37,29,0.19,0.25,0.19,0.24,1.22,0.47,2.69,1.59,63.63,88.4,4.16,2.91,1.14,69.1,2.29,37.5,0.17,0.038,12.55,42.1,3.3,70.1,3.72,68.1,6.33,1.11,0.18,0.04,0.157,0.14,0.158,0.149,0.158,0.239,0.0,0.0,0.0,0.0,0.0,0.0,0.0,0,0.0,Unknown,0.0,0.0,0.0,0.0,0.0,0,0.0,Unknown,0.0,0.0,0.0,estimated_from_squad_profile,2026-06-05T00:33:08.162006+00:00
France,Manu Koné,MF,Central Midfield,Roma,Right,23.3,No. 8,Box-to-box midfielder,Progression + counter-press,0,1.0,1256,17,8,0.26,0.27,0.25,0.25,1.62,0.62,3.61,1.63,65.33,84.5,3.67,2.32,1.0,60.3,0.62,32.3,0.44,0.108,14.23,37.3,2.13,62.3,1.35,56.3,6.12,1.27,0.158,0.05,0.07,0.09,0.1,0.16,0.22,0.36,0.0,0.0,0.0,0.0,0.0,0.0,0.0,0,0.0,Unknown,0.0,0.0,0.0,0.0,0.0,0,0.0,Unknown,0.0,0.0,0.0,estimated_from_squad_profile,2026-06-05T00:33:08.162006+00:00
France,Ousmane Dembélé,FW,Centre-Forward,Paris Saint-Germain,Right,25.4,No. 9,Penalty-box finisher,Depth runs + shot volume,1,1.0,2794,38,30,0.45,0.19,0.42,0.18,2.76,1.06,6.2,1.03,45.28,77.1,2.83,4.08,1.91,58.4,0.96,31.4,0.23,0.057,13.98,36.4,1.55,58.4,1.47,51.4,4.68,0.77,0.095,0.39,0.158,0.138,0.157,0.148,0.157,0.242,0.0,0.0,0.0,0.0,0.0,0.0,0.0,0,0.0,Unknown,0.0,0.0,0.0,0.0,0.0,0,0.0,Unknown,0.0,0.0,0.0,estimated_from_squad_profile,2026-06-05T00:33:08.162006+00:00
France,Aurélien Tchouaméni,MF,Defensive Midfield,Real Madrid,Right,24.7,No. 6,Holding midfielder,Press resistance + ball winning,1,1.0,2747,37,29,0.29,0.18,0.28,0.17,1.81,0.7,4.05,0.97,68.03,85.6,5.03,3.18,1.18,62.4,0.83,33.7,0.44,0.105,15.64,39.4,2.86,64.4,1.83,58.4,6.86,1.2,0.149,0.06,0.157,0.139,0.158,0.149,0.158,0.24,0.0,0.0,0.0,0.0,0.0,0.0,0.0,0,0.0,Unknown,0.0,0.0,0.0,0.0,0.0,0,0.0,Unknown,0.0,0.0,0.0,estimated_from_squad_profile,2026-06-05T00:33:08.162006+00:00
France,Marcus Thuram,FW,Centre-Forward,Inter Milan,Right,24.1,No. 9,Penalty-box finisher,Depth runs + shot volume,1,1.0,2705,37,29,0.4,0.17,0.37,0.16,2.42,0.93,5.44,0.92,42.89,76.1,2.59,3.61,1.71,56.5,0.86,30.1,0.2,0.051,13.49,34.5,1.45,56.5,1.33,49.5,4.54,0.83,0.103,0.35,0.156,0.14,0.159,0.149,0.159,0.237,0.0,0.0,0.0,0.0,0.0,0.0,0.0,0,0.0,Unknown,0.0,0.0,0.0,0.0,0.0,0,0.0,Unknown,0.0,0.0,0.0,estimated_from_squad_profile,2026-06-05T00:33:08.162006+00:00
France,Kylian Mbappé,FW,Centre-Forward,Real Madrid,Right,28.0,No. 9,Penalty-box finisher,Depth runs + shot volume,1,1.0,2967,40,32,0.56,0.23,0.52,0.22,3.4,1.31,7.68,1.24,49.93,79.0,3.29,4.99,2.44,61.9,1.15,34.0,0.28,0.07,15.98,39.9,1.86,61.9,1.75,54.9,5.29,0.65,0.08,0.46,0.162,0.135,0.153,0.144,0.153,0.252,0.0,0.0,0.0,0.0,0.0,0.0,0.0,4,75.0,Left,50.0,25.0,25.0,25.0,0.0,0,0.0,Unknown,0.0,0.0,0.0,estimated_from_squad_profile,2026-06-05T00:33:08.162006+00:00
France,Michael Olise,FW,Right Winger,Bayern Munich,Right,29.0,Winger,Wide creator,1v1 carry + crossing threat,0,1.0,1305,17,8,0.44,0.35,0.41,0.33,2.64,1.02,5.94,2.27,42.64,76.0,2.15,3.83,2.09,59.3,2.1,32.0,0.29,0.076,12.92,34.3,1.38,56.3,1.1,49.3,4.35,0.83,0.103,0.35,0.07,0.09,0.1,0.16,0.22,0.36,0.0,0.0,0.0,0.0,0.0,0.0,0.0,0,0.0,Unknown,0.0,0.0,0.0,0.0,0.0,0,0.0,Unknown,0.0,0.0,0.0,estimated_from_squad_profile,2026-06-05T00:33:08.162006+00:00
France,Bradley Barcola,FW,Left Winger,Paris Saint-Germain,Left,31.7,Winger,Wide creator,1v1 carry + crossing threat,0,1.0,1289,17,8,0.42,0.34,0.39,0.32,2.57,0.99,5.78,2.21,42.2,75.8,2.12,3.76,2.01,59.0,2.08,31.7,0.29,0.075,12.55,34.0,1.33,56.0,1.08,49.0,4.23,0.84,0.105,0.34,0.07,0.09,0.1,0.16,0.22,0.36,0.0,0.0,0.0,0.0,0.0,0.0,0.0,0,0.0,Unknown,0.0,0.0,0.0,0.0,0.0,0,0.0,Unknown,0.0,0.0,0.0,estimated_from_squad_profile,2026-06-05T00:33:08.162006+00:00
France,N'Golo Kanté,MF,Defensive Midfield,Fenerbahçe,Right,24.3,No. 6,Holding midfielder,Press resistance + ball winning,1,1.0,2717,37,29,0.28,0.17,0.27,0.16,1.74,0.67,3.88,0.94,67.24,85.2,4.84,3.05,0.98,61.8,0.8,33.3,0.42,0.1,13.34,38.8,2.4,63.8,1.77,57.8,5.82,1.22,0.152,0.06,0.156,0.14,0.158,0.149,0.158,0.238,0.0,0.0,0.0,0.0,0.0,0.0,0.0,0,0.0,Unknown,0.0,0.0,0.0,0.0,0.0,0,0.0,Unknown,0.0,0.0,0.0,estimated_from_squad_profile,2026-06-05T00:33:08.162006+00:00
France,Adrien Rabiot,MF,Central Midfield,Milan,Right,24.9,No. 8,Box-to-box midfielder,Progression + counter-press,1,1.0,2760,37,30,0.37,0.38,0.35,0.36,2.28,0.88,5.12,2.33,68.38,85.7,5.12,3.23,1.13,62.7,0.85,33.9,0.6,0.147,14.92,39.7,2.38,64.7,1.86,58.7,6.56,1.19,0.148,0.06,0.157,0.139,0.158,0.148,0.158,0.24,0.0,0.0,0.0,0.0,0.0,0.0,0.0,0,0.0,Unknown,0.0,0.0,0.0,0.0,0.0,0,0.0,Unknown,0.0,0.0,0.0,estimated_from_squad_profile,2026-06-05T00:33:08.162006+00:00
France,Ibrahima Konaté,DF,Centre-Back,Liverpool,Right,23.7,Centre-back,Ball-playing defender,Rest-defense anchor,0,1.0,1288,17,8,0.1,0.14,0.1,0.13,0.67,0.25,1.44,0.75,62.19,87.8,3.25,1.51,0.6,65.0,0.51,34.7,0.13,0.03,12.23,41.0,3.05,69.0,2.87,67.0,6.04,1.15,0.185,0.04,0.07,0.09,0.1,0.16,0.22,0.36,0.0,0.0,0.0,0.0,0.0,0.0,0.0,0,0.0,Unknown,0.0,0.0,0.0,0.0,0.0,0,0.0,Unknown,0.0,0.0,0.0,estimated_from_squad_profile,2026-06-05T00:33:08.162006+00:00
France,Mike Maignan,GK,Goalkeeper,Milan,Right,23.8,Goalkeeper,Sweeper keeper,Build-up keeper,1,1.0,2682,36,29,0.0,0.01,0.0,0.01,0.0,0.0,0.02,0.06,31.8,73.7,4.88,0.14,0.0,0.0,0.0,0.0,0.01,0.0,2.31,31.1,0.18,51.7,0.58,55.1,4.5,0.08,0.022,0.0,0.0,0.0,0.0,0.0,0.0,0.0,2.72,77.0,0.08,1.71,1.32,2.48,50.6,0,0.0,Unknown,0.0,0.0,0.0,0.0,0.0,8,12.5,Left,37.5,25.0,37.5,estimated_from_squad_profile,2026-06-05T00:33:08.162006+00:00
France,William Saliba,DF,Centre-Back,Arsenal,Right,24.2,Centre-back,Ball-playing defender,Rest-defense anchor,1,1.0,2709,37,29,0.12,0.17,0.12,0.16,0.82,0.31,1.77,0.93,63.01,88.1,4.03,1.86,0.6,65.6,0.63,35.2,0.16,0.037,11.96,41.6,3.08,69.6,3.59,67.6,5.98,1.12,0.182,0.04,0.156,0.14,0.159,0.149,0.159,0.238,0.0,0.0,0.0,0.0,0.0,0.0,0.0,0,0.0,Unknown,0.0,0.0,0.0,0.0,0.0,0,0.0,Unknown,0.0,0.0,0.0,estimated_from_squad_profile,2026-06-05T00:33:08.162006+00:00
France,Warren Zaïre-Emery,MF,Central Midfield,Paris Saint-Germain,Right,23.5,No. 8,Box-to-box midfielder,Progression + counter-press,0,1.0,1269,17,8,0.27,0.27,0.25,0.25,1.65,0.64,3.69,1.67,65.68,84.6,3.75,2.36,0.93,60.6,0.63,32.5,0.45,0.11,13.03,37.6,1.96,62.6,1.37,56.6,5.62,1.26,0.156,0.05,0.07,0.09,0.1,0.16,0.22,0.36,0.0,0.0,0.0,0.0,0.0,0.0,0.0,0,0.0,Unknown,0.0,0.0,0.0,0.0,0.0,0,0.0,Unknown,0.0,0.0,0.0,estimated_from_squad_profile,2026-06-05T00:33:08.162006+00:00
France,Théo Hernandez,DF,Left-Back,Al-Hilal,Left,32.3,Fullback,Overlapping wide defender,Width + recovery runner,1,1.0,2720,37,29,0.19,0.25,0.18,0.24,1.2,0.46,2.65,1.56,63.3,88.3,4.09,2.88,1.11,68.8,2.28,37.3,0.17,0.038,12.25,41.8,3.18,69.8,3.65,67.8,6.15,1.12,0.181,0.04,0.156,0.14,0.158,0.149,0.158,0.238,0.0,0.0,0.0,0.0,0.0,0.0,0.0,0,0.0,Unknown,0.0,0.0,0.0,0.0,0.0,0,0.0,Unknown,0.0,0.0,0.0,estimated_from_squad_profile,2026-06-05T00:33:08.162006+00:00
France,Désiré Doué,FW,Right Winger,Paris Saint-Germain,Right,28.5,Winger,Wide creator,1v1 carry + crossing threat,0,1.0,1272,17,8,0.41,0.33,0.38,0.31,2.49,0.96,5.62,2.15,41.75,75.6,2.08,3.69,1.9,58.6,2.07,31.5,0.29,0.074,11.93,33.6,1.26,55.6,1.06,48.6,4.03,0.86,0.106,0.33,0.07,0.09,0.1,0.16,0.22,0.36,0.0,0.0,0.0,0.0,0.0,0.0,0.0,0,0.0,Unknown,0.0,0.0,0.0,0.0,0.0,0,0.0,Unknown,0.0,0.0,0.0,estimated_from_squad_profile,2026-06-05T00:33:08.162006+00:00
France,Lucas Hernandez,DF,Left-Back,Paris Saint-Germain,Left,31.9,Fullback,Overlapping wide defender,Width + recovery runner,0,1.0,1297,17,8,0.15,0.2,0.15,0.19,0.97,0.37,2.13,1.25,62.41,87.9,3.29,2.36,1.05,68.1,1.9,36.9,0.13,0.03,11.61,41.1,2.92,69.1,2.91,67.1,5.75,1.14,0.184,0.04,0.07,0.09,0.1,0.16,0.22,0.36,0.0,0.0,0.0,0.0,0.0,0.0,0.0,0,0.0,Unknown,0.0,0.0,0.0,0.0,0.0,0,0.0,Unknown,0.0,0.0,0.0,estimated_from_squad_profile,2026-06-05T00:33:08.162006+00:00
France,Jean-Philippe Mateta,FW,Centre-Forward,Crystal Palace,Right,22.9,No. 9,Penalty-box finisher,Depth runs + shot volume,0,1.0,1228,16,7,0.29,0.12,0.27,0.12,1.77,0.68,3.95,0.69,40.58,75.1,1.98,2.65,1.48,54.7,0.64,28.9,0.15,0.037,12.77,32.7,1.32,54.7,1.0,47.7,4.32,0.89,0.11,0.31,0.07,0.09,0.1,0.16,0.22,0.36,0.0,0.0,0.0,0.0,0.0,0.0,0.0,0,0.0,Unknown,0.0,0.0,0.0,0.0,0.0,0,0.0,Unknown,0.0,0.0,0.0,estimated_from_squad_profile,2026-06-05T00:33:08.162006+00:00
France,Robin Risser,GK,Goalkeeper,Lens,Right,22.7,Goalkeeper,Sweeper keeper,Build-up keeper,0,1.0,1215,16,7,0.0,0.01,0.0,0.01,0.0,0.0,0.02,0.06,30.67,72.3,4.58,0.13,0.0,0.0,0.0,0.0,0.01,0.0,2.18,30.1,0.16,50.0,0.54,53.8,4.31,0.08,0.024,0.0,0.0,0.0,0.0,0.0,0.0,0.0,2.8,75.4,0.061,1.58,1.18,2.56,48.7,0,0.0,Unknown,0.0,0.0,0.0,0.0,0.0,0,0.0,Unknown,0.0,0.0,0.0,estimated_from_squad_profile,2026-06-05T00:33:08.162006+00:00
France,Rayan Cherki,MF,Attacking Midfield,Manchester City,Right,23.3,No. 10,Central creator,Between-lines chance creation,0,1.0,1261,17,8,0.26,0.27,0.25,0.25,1.63,0.63,3.64,1.64,65.46,84.5,3.7,2.33,0.95,60.4,0.62,32.3,0.44,0.109,13.48,37.4,2.02,62.4,1.35,56.4,5.81,1.26,0.157,0.05,0.07,0.09,0.1,0.16,0.22,0.36,0.0,0.0,0.0,0.0,0.0,0.0,0.0,0,0.0,Unknown,0.0,0.0,0.0,0.0,0.0,0,0.0,Unknown,0.0,0.0,0.0,estimated_from_squad_profile,2026-06-05T00:33:08.162006+00:00
France,Maghnes Akliouche,MF,Right Winger,Monaco,Right,28.2,Winger,Wide creator,1v1 carry + crossing threat,0,1.0,1250,17,8,0.3,0.32,0.29,0.3,1.87,0.72,4.19,2.06,65.16,84.4,3.64,3.14,1.45,63.2,2.0,34.2,0.44,0.107,13.89,37.2,2.07,62.2,1.33,56.2,5.97,1.27,0.158,0.05,0.07,0.09,0.1,0.16,0.22,0.36,0.0,0.0,0.0,0.0,0.0,0.0,0.0,0,0.0,Unknown,0.0,0.0,0.0,0.0,0.0,0,0.0,Unknown,0.0,0.0,0.0,estimated_from_squad_profile,2026-06-05T00:33:08.162006+00:00
France,Maxence Lacroix,DF,Centre-Back,Crystal Palace,Right,22.9,Centre-back,Ball-playing defender,Rest-defense anchor,0,1.0,1233,16,7,0.09,0.13,0.09,0.12,0.63,0.24,1.35,0.69,60.71,87.2,3.01,1.41,0.56,63.8,0.48,33.9,0.12,0.028,11.68,39.8,2.75,67.8,2.61,65.8,5.64,1.18,0.19,0.03,0.07,0.09,0.1,0.16,0.22,0.36,0.0,0.0,0.0,0.0,0.0,0.0,0.0,0,0.0,Unknown,0.0,0.0,0.0,0.0,0.0,0,0.0,Unknown,0.0,0.0,0.0,estimated_from_squad_profile,2026-06-05T00:33:08.162006+00:00
Iraq,Fahad Talib,GK,Goalkeeper,Al-Talaba,Right,21.7,Goalkeeper,Sweeper keeper,Build-up keeper,0,1.0,1148,15,7,0.0,0.01,0.0,0.01,0.0,0.0,0.02,0.05,29.68,71.1,4.32,0.12,0.0,0.0,0.0,0.0,0.01,0.0,2.06,29.2,0.15,48.5,0.52,52.6,4.15,0.07,0.026,0.0,0.0,0.0,0.0,0.0,0.0,0.0,2.87,74.1,0.045,1.46,1.06,2.62,46.9,0,0.0,Unknown,0.0,0.0,0.0,0.0,0.0,0,0.0,Unknown,0.0,0.0,0.0,estimated_from_squad_profile,2026-06-05T00:33:08.162006+00:00
Iraq,Rebin Sulaka,DF,Centre-Back,Port,Right,22.4,Centre-back,Ball-playing defender,Rest-defense anchor,1,1.0,2589,35,28,0.1,0.14,0.11,0.13,0.72,0.27,1.54,0.78,59.79,86.8,3.4,1.61,0.48,63.1,0.54,33.4,0.14,0.031,10.21,39.1,2.31,67.1,2.91,65.1,4.86,1.21,0.192,0.03,0.153,0.142,0.161,0.152,0.161,0.23,0.0,0.0,0.0,0.0,0.0,0.0,0.0,0,0.0,Unknown,0.0,0.0,0.0,0.0,0.0,0,0.0,Unknown,0.0,0.0,0.0,estimated_from_squad_profile,2026-06-05T00:33:08.162006+00:00
Iraq,Hussein Ali,DF,Right-Back,Pogoń Szczecin,Right,26.9,Fullback,Overlapping wide defender,Width + recovery runner,0,1.0,1161,15,7,0.12,0.16,0.12,0.15,0.8,0.3,1.74,0.99,58.76,86.4,2.69,2.13,0.96,65.3,1.82,34.9,0.11,0.025,10.83,38.3,2.34,66.3,2.27,64.3,5.06,1.23,0.196,0.03,0.07,0.09,0.1,0.16,0.22,0.36,0.0,0.0,0.0,0.0,0.0,0.0,0.0,0,0.0,Unknown,0.0,0.0,0.0,0.0,0.0,0,0.0,Unknown,0.0,0.0,0.0,estimated_from_squad_profile,2026-06-05T00:33:08.162006+00:00
Iraq,Zaid Tahseen,DF,Centre-Back,Pakhtakor,Right,22.2,Centre-back,Ball-playing defender,Rest-defense anchor,1,1.0,2571,35,27,0.1,0.14,0.1,0.13,0.7,0.27,1.51,0.76,59.32,86.6,3.31,1.57,0.51,62.7,0.53,33.2,0.13,0.031,11.16,38.7,2.47,66.7,2.82,64.7,5.27,1.22,0.194,0.03,0.153,0.143,0.162,0.152,0.162,0.229,0.0,0.0,0.0,0.0,0.0,0.0,0.0,0,0.0,Unknown,0.0,0.0,0.0,0.0,0.0,0,0.0,Unknown,0.0,0.0,0.0,estimated_from_squad_profile,2026-06-05T00:33:08.162006+00:00
Iraq,Akam Hashim,DF,,Al-Zawraa,Right,16.6,DF,Hybrid role,Balanced phase contribution,0,1.0,801,10,5,0.04,0.04,0.05,0.03,0.32,0.12,0.65,0.25,49.1,82.5,1.1,0.66,0.28,54.9,0.23,27.6,0.04,0.01,9.25,30.9,0.81,58.9,0.57,56.9,3.42,1.47,0.227,0.01,0.07,0.09,0.1,0.16,0.22,0.36,0.0,0.0,0.0,0.0,0.0,0.0,0.0,0,0.0,Unknown,0.0,0.0,0.0,0.0,0.0,0,0.0,Unknown,0.0,0.0,0.0,estimated_from_squad_profile,2026-06-05T00:33:08.162006+00:00
Iraq,Manaf Younis,DF,Centre-Back,Al-Shorta,Right,22.1,Centre-back,Ball-playing defender,Rest-defense anchor,0,1.0,1177,16,7,0.08,0.11,0.09,0.11,0.59,0.22,1.26,0.63,59.2,86.6,2.76,1.31,0.51,62.7,0.45,33.1,0.11,0.026,11.13,38.7,2.46,66.7,2.35,64.7,5.24,1.22,0.194,0.03,0.07,0.09,0.1,0.16,0.22,0.36,0.0,0.0,0.0,0.0,0.0,0.0,0.0,0,0.0,Unknown,0.0,0.0,0.0,0.0,0.0,0,0.0,Unknown,0.0,0.0,0.0,estimated_from_squad_profile,2026-06-05T00:33:08.162006+00:00
Iraq,Youssef Amyn,MF,Left Winger,AEK Larnaca,Left,30.1,Winger,Wide creator,1v1 carry + crossing threat,1,1.0,2568,35,27,0.31,0.33,0.3,0.31,1.95,0.75,4.36,2.13,63.22,83.6,3.85,3.43,1.29,61.7,2.31,33.1,0.47,0.116,12.6,35.7,1.78,60.7,1.42,54.7,5.33,1.32,0.164,0.05,0.153,0.143,0.162,0.152,0.162,0.229,0.0,0.0,0.0,0.0,0.0,0.0,0.0,0,0.0,Unknown,0.0,0.0,0.0,0.0,0.0,0,0.0,Unknown,0.0,0.0,0.0,estimated_from_squad_profile,2026-06-05T00:33:08.162006+00:00
Iraq,Ibrahim Bayesh,MF,Attacking Midfield,Al Dhafra,Right,24.4,No. 10,Central creator,Between-lines chance creation,1,1.0,2722,37,29,0.35,0.36,0.33,0.34,2.16,0.83,4.85,2.2,67.37,85.3,4.87,3.08,1.14,61.9,0.81,33.4,0.57,0.141,15.35,38.9,2.4,63.9,1.78,57.9,6.71,1.22,0.151,0.06,0.156,0.14,0.158,0.149,0.158,0.238,0.0,0.0,0.0,0.0,0.0,0.0,0.0,0,0.0,Unknown,0.0,0.0,0.0,0.0,0.0,0,0.0,Unknown,0.0,0.0,0.0,estimated_from_squad_profile,2026-06-05T00:33:08.162006+00:00
Iraq,Ali Al-Hamadi,FW,Centre-Forward,Luton Town,Right,22.4,No. 9,Penalty-box finisher,Depth runs + shot volume,0,1.0,1194,16,7,0.27,0.12,0.25,0.11,1.66,0.64,3.7,0.65,39.64,74.8,1.9,2.5,1.34,54.0,0.61,28.4,0.14,0.035,12.02,32.0,1.22,54.0,0.96,47.0,4.08,0.91,0.113,0.3,0.07,0.09,0.1,0.16,0.22,0.36,0.0,0.0,0.0,0.0,0.0,0.0,0.0,0,0.0,Unknown,0.0,0.0,0.0,0.0,0.0,0,0.0,Unknown,0.0,0.0,0.0,estimated_from_squad_profile,2026-06-05T00:33:08.162006+00:00
Iraq,Mohanad Ali,FW,Centre-Forward,Dibba,Right,25.1,No. 9,Penalty-box finisher,Depth runs + shot volume,1,1.0,2770,37,30,0.44,0.18,0.41,0.17,2.67,1.03,6.0,1.0,44.66,76.8,2.77,3.96,1.85,57.9,0.93,31.1,0.22,0.055,13.79,35.9,1.51,57.9,1.43,50.9,4.62,0.78,0.097,0.38,0.158,0.139,0.157,0.148,0.157,0.241,0.0,0.0,0.0,0.0,0.0,0.0,0.0,0,0.0,Unknown,0.0,0.0,0.0,0.0,0.0,0,0.0,Unknown,0.0,0.0,0.0,estimated_from_squad_profile,2026-06-05T00:33:08.162006+00:00
Iraq,Ahmed Qasem,FW,Right Winger,Nashville SC,Right,26.9,Winger,Wide creator,1v1 carry + crossing threat,0,1.0,1161,15,7,0.33,0.27,0.31,0.25,2.02,0.78,4.52,1.73,38.76,74.4,1.83,3.19,1.66,56.3,1.97,29.9,0.26,0.067,11.31,31.3,1.13,53.3,0.91,46.3,3.85,0.93,0.116,0.29,0.07,0.09,0.1,0.16,0.22,0.36,0.0,0.0,0.0,0.0,0.0,0.0,0.0,0,0.0,Unknown,0.0,0.0,0.0,0.0,0.0,0,0.0,Unknown,0.0,0.0,0.0,estimated_from_squad_profile,2026-06-05T00:33:08.162006+00:00
Iraq,Jalal Hassan,GK,Goalkeeper,Al-Zawraa,Right,23.7,Goalkeeper,Sweeper keeper,Build-up keeper,1,1.0,2675,36,29,0.0,0.01,0.0,0.01,0.0,0.0,0.02,0.06,31.69,73.6,4.85,0.14,0.0,0.0,0.0,0.0,0.01,0.0,2.3,31.1,0.18,51.5,0.57,55.0,4.48,0.08,0.022,0.0,0.0,0.0,0.0,0.0,0.0,0.0,2.72,76.9,0.078,1.7,1.31,2.49,50.5,0,0.0,Unknown,0.0,0.0,0.0,0.0,0.0,0,0.0,Unknown,0.0,0.0,0.0,estimated_from_squad_profile,2026-06-05T00:33:08.162006+00:00
Iraq,Ali Yousif,FW,Centre-Forward,Al-Talaba,Right,21.0,No. 9,Penalty-box finisher,Depth runs + shot volume,0,1.0,1100,15,7,0.22,0.1,0.21,0.09,1.36,0.52,3.03,0.55,37.13,73.7,1.69,2.09,1.1,52.1,0.52,27.0,0.12,0.029,11.26,30.1,1.09,52.1,0.83,45.1,3.85,0.97,0.121,0.26,0.07,0.09,0.1,0.16,0.22,0.36,0.0,0.0,0.0,0.0,0.0,0.0,0.0,0,0.0,Unknown,0.0,0.0,0.0,0.0,0.0,0,0.0,Unknown,0.0,0.0,0.0,estimated_from_squad_profile,2026-06-05T00:33:08.162006+00:00
Iraq,Zidane Iqbal,MF,Central Midfield,Utrecht,Right,22.3,No. 8,Box-to-box midfielder,Progression + counter-press,1,1.0,2579,35,28,0.27,0.28,0.26,0.26,1.71,0.66,3.81,1.71,63.52,83.7,3.93,2.48,0.86,58.9,0.67,31.3,0.48,0.118,12.97,35.9,1.85,60.9,1.44,54.9,5.5,1.31,0.163,0.05,0.153,0.142,0.161,0.152,0.161,0.23,0.0,0.0,0.0,0.0,0.0,0.0,0.0,0,0.0,Unknown,0.0,0.0,0.0,0.0,0.0,0,0.0,Unknown,0.0,0.0,0.0,estimated_from_squad_profile,2026-06-05T00:33:08.162006+00:00
Iraq,Ahmed Yahya,DF,Left-Back,Al-Shorta,Left,29.7,Fullback,Overlapping wide defender,Width + recovery runner,0,1.0,1148,15,7,0.12,0.15,0.12,0.14,0.78,0.3,1.7,0.96,58.42,86.3,2.64,2.1,0.96,65.1,1.81,34.7,0.11,0.024,10.76,38.1,2.28,66.1,2.21,64.1,5.0,1.24,0.197,0.03,0.07,0.09,0.1,0.16,0.22,0.36,0.0,0.0,0.0,0.0,0.0,0.0,0.0,0,0.0,Unknown,0.0,0.0,0.0,0.0,0.0,0,0.0,Unknown,0.0,0.0,0.0,estimated_from_squad_profile,2026-06-05T00:33:08.162006+00:00
Iraq,Amir Al-Ammari,MF,Defensive Midfield,Cracovia,Right,23.2,No. 6,Holding midfielder,Press resistance + ball winning,1,1.0,2640,36,28,0.25,0.15,0.24,0.14,1.55,0.6,3.45,0.84,65.16,84.4,4.33,2.73,1.01,60.2,0.73,32.2,0.37,0.088,14.42,37.2,2.46,62.2,1.59,56.2,6.2,1.27,0.158,0.05,0.154,0.141,0.16,0.151,0.16,0.233,0.0,0.0,0.0,0.0,0.0,0.0,0.0,0,0.0,Unknown,0.0,0.0,0.0,0.0,0.0,0,0.0,Unknown,0.0,0.0,0.0,estimated_from_squad_profile,2026-06-05T00:33:08.162006+00:00
Iraq,Ali Jasim,FW,Left Winger,Al-Najma,Left,30.4,Winger,Wide creator,1v1 carry + crossing threat,1,1.0,2587,35,28,0.42,0.34,0.4,0.32,2.58,1.0,5.81,2.22,39.73,74.8,2.27,3.99,1.75,57.1,2.38,30.4,0.32,0.082,11.59,32.1,1.18,54.1,1.14,47.1,3.93,0.91,0.113,0.3,0.153,0.142,0.161,0.152,0.161,0.23,0.0,0.0,0.0,0.0,0.0,0.0,0.0,0,0.0,Unknown,0.0,0.0,0.0,0.0,0.0,0,0.0,Unknown,0.0,0.0,0.0,estimated_from_squad_profile,2026-06-05T00:33:08.162006+00:00
Iraq,Aymen Hussein,FW,Centre-Forward,Al-Karma,Right,25.4,No. 9,Penalty-box finisher,Depth runs + shot volume,1,1.0,2793,38,30,0.45,0.19,0.42,0.18,2.75,1.06,6.19,1.03,45.26,77.1,2.83,4.07,1.87,58.3,0.96,31.4,0.23,0.057,13.71,36.3,1.52,58.3,1.47,51.3,4.59,0.77,0.095,0.39,0.158,0.138,0.157,0.148,0.157,0.242,0.0,0.0,0.0,0.0,0.0,0.0,0.0,0,0.0,Unknown,0.0,0.0,0.0,0.0,0.0,0,0.0,Unknown,0.0,0.0,0.0,estimated_from_squad_profile,2026-06-05T00:33:08.162006+00:00
Iraq,Kevin Yakob,MF,Central Midfield,AGF,Right,21.5,No. 8,Box-to-box midfielder,Progression + counter-press,0,1.0,1137,15,7,0.21,0.21,0.2,0.19,1.3,0.5,2.88,1.29,62.13,83.1,3.01,1.9,0.82,57.8,0.52,30.5,0.37,0.092,12.89,34.8,1.77,59.8,1.11,53.8,5.39,1.35,0.168,0.05,0.07,0.09,0.1,0.16,0.22,0.36,0.0,0.0,0.0,0.0,0.0,0.0,0.0,0,0.0,Unknown,0.0,0.0,0.0,0.0,0.0,0,0.0,Unknown,0.0,0.0,0.0,estimated_from_squad_profile,2026-06-05T00:33:08.162006+00:00
Iraq,Aimar Sher,MF,Central Midfield,Sarpsborg 08,Right,21.7,No. 8,Box-to-box midfielder,Progression + counter-press,0,1.0,1150,15,7,0.21,0.22,0.2,0.2,1.33,0.51,2.96,1.33,62.47,83.3,3.08,1.95,0.81,58.1,0.53,30.7,0.38,0.094,12.55,35.1,1.74,60.1,1.14,54.1,5.27,1.34,0.167,0.05,0.07,0.09,0.1,0.16,0.22,0.36,0.0,0.0,0.0,0.0,0.0,0.0,0.0,0,0.0,Unknown,0.0,0.0,0.0,0.0,0.0,0,0.0,Unknown,0.0,0.0,0.0,estimated_from_squad_profile,2026-06-05T00:33:08.162006+00:00
Iraq,Marko Farji,FW,Left Winger,Venezia,Left,29.9,Winger,Wide creator,1v1 carry + crossing threat,0,1.0,1164,15,7,0.33,0.27,0.31,0.25,2.03,0.78,4.55,1.74,38.85,74.4,1.84,3.21,1.67,56.4,1.97,29.9,0.26,0.067,11.33,31.4,1.14,53.4,0.92,46.4,3.85,0.93,0.115,0.29,0.07,0.09,0.1,0.16,0.22,0.36,0.0,0.0,0.0,0.0,0.0,0.0,0.0,0,0.0,Unknown,0.0,0.0,0.0,0.0,0.0,0,0.0,Unknown,0.0,0.0,0.0,estimated_from_squad_profile,2026-06-05T00:33:08.162006+00:00
Iraq,Ahmed Basil,GK,,Al-Shorta,Right,16.6,Goalkeeper,Sweeper keeper,Build-up keeper,0,1.0,801,10,5,0.0,0.01,0.0,0.01,0.0,0.0,0.02,0.03,24.6,64.8,2.96,0.05,0.0,0.0,0.0,0.0,0.01,0.0,1.47,24.6,0.09,40.9,0.37,46.7,3.3,0.05,0.034,0.0,0.0,0.0,0.0,0.0,0.0,0.0,3.25,66.8,-0.04,0.87,0.42,2.96,38.0,0,0.0,Unknown,0.0,0.0,0.0,0.0,0.0,0,0.0,Unknown,0.0,0.0,0.0,estimated_from_squad_profile,2026-06-05T00:33:08.162006+00:00
Iraq,Merchas Doski,DF,Left-Back,Viktoria Plzeň,Left,30.6,Fullback,Overlapping wide defender,Width + recovery runner,1,1.0,2599,35,28,0.16,0.2,0.15,0.19,1.02,0.39,2.23,1.29,60.05,86.9,3.46,2.63,1.03,66.3,2.2,35.6,0.14,0.032,11.53,39.3,2.64,67.3,2.97,65.3,5.51,1.2,0.192,0.03,0.153,0.142,0.161,0.152,0.161,0.231,0.0,0.0,0.0,0.0,0.0,0.0,0.0,0,0.0,Unknown,0.0,0.0,0.0,0.0,0.0,0,0.0,Unknown,0.0,0.0,0.0,estimated_from_squad_profile,2026-06-05T00:33:08.162006+00:00
Iraq,Zaid Ismail,MF,Defensive Midfield,Al-Talaba,Right,21.3,No. 6,Holding midfielder,Press resistance + ball winning,0,1.0,1118,15,7,0.16,0.1,0.16,0.09,1.03,0.4,2.28,0.57,61.63,82.9,2.91,1.84,0.77,57.4,0.5,30.3,0.24,0.056,12.45,34.4,1.9,59.4,1.08,53.4,5.18,1.36,0.169,0.05,0.07,0.09,0.1,0.16,0.22,0.36,0.0,0.0,0.0,0.0,0.0,0.0,0.0,0,0.0,Unknown,0.0,0.0,0.0,0.0,0.0,0,0.0,Unknown,0.0,0.0,0.0,estimated_from_squad_profile,2026-06-05T00:33:08.162006+00:00
Iraq,Mustafa Saadoon,DF,Right-Back,Al-Shorta,Right,26.5,Fullback,Overlapping wide defender,Width + recovery runner,0,1.0,1132,15,7,0.11,0.15,0.11,0.14,0.76,0.29,1.66,0.93,58.0,86.1,2.57,2.08,0.96,64.7,1.81,34.5,0.1,0.024,10.87,37.7,2.26,65.7,2.13,63.7,5.01,1.25,0.198,0.03,0.07,0.09,0.1,0.16,0.22,0.36,0.0,0.0,0.0,0.0,0.0,0.0,0.0,0,0.0,Unknown,0.0,0.0,0.0,0.0,0.0,0,0.0,Unknown,0.0,0.0,0.0,estimated_from_squad_profile,2026-06-05T00:33:08.162006+00:00
Iraq,Frans Putros,DF,,Persib,Right,16.9,DF,Hybrid role,Balanced phase contribution,0,1.0,820,11,5,0.04,0.05,0.05,0.04,0.34,0.13,0.68,0.27,49.62,82.7,1.19,0.69,0.26,55.2,0.24,27.9,0.04,0.011,8.52,31.2,0.8,59.2,0.66,57.2,3.21,1.46,0.225,0.01,0.07,0.09,0.1,0.16,0.22,0.36,0.0,0.0,0.0,0.0,0.0,0.0,0.0,0,0.0,Unknown,0.0,0.0,0.0,0.0,0.0,0,0.0,Unknown,0.0,0.0,0.0,estimated_from_squad_profile,2026-06-05T00:33:08.162006+00:00
Norway,Ørjan Nyland,GK,Goalkeeper,Sevilla,Right,23.7,Goalkeeper,Sweeper keeper,Build-up keeper,1,1.0,2674,36,29,0.0,0.01,0.0,0.01,0.0,0.0,0.02,0.06,31.68,73.6,4.85,0.14,0.0,0.0,0.0,0.0,0.01,0.0,2.3,31.0,0.18,51.5,0.57,55.0,4.48,0.08,0.022,0.0,0.0,0.0,0.0,0.0,0.0,0.0,2.72,76.9,0.078,1.7,1.31,2.49,50.4,0,0.0,Unknown,0.0,0.0,0.0,0.0,0.0,0,0.0,Unknown,0.0,0.0,0.0,estimated_from_squad_profile,2026-06-05T00:33:08.162006+00:00
Norway,Morten Thorsby,MF,Central Midfield,Cremonese,Right,22.8,No. 8,Box-to-box midfielder,Progression + counter-press,0,1.0,1224,16,7,0.25,0.25,0.23,0.23,1.53,0.59,3.41,1.54,64.47,84.1,3.49,2.21,0.93,59.6,0.59,31.8,0.42,0.104,13.61,36.6,1.99,61.6,1.28,55.6,5.81,1.29,0.16,0.05,0.07,0.09,0.1,0.16,0.22,0.36,0.0,0.0,0.0,0.0,0.0,0.0,0.0,0,0.0,Unknown,0.0,0.0,0.0,0.0,0.0,0,0.0,Unknown,0.0,0.0,0.0,estimated_from_squad_profile,2026-06-05T00:33:08.162006+00:00
Norway,Kristoffer Ajer,DF,Centre-Back,Brentford,Right,24.5,Centre-back,Ball-playing defender,Rest-defense anchor,1,1.0,2729,37,29,0.12,0.17,0.13,0.16,0.83,0.32,1.81,0.95,63.54,88.4,4.14,1.9,0.63,66.0,0.64,35.5,0.17,0.038,12.31,42.0,3.22,70.0,3.7,68.0,6.2,1.11,0.181,0.04,0.157,0.14,0.158,0.149,0.158,0.239,0.0,0.0,0.0,0.0,0.0,0.0,0.0,0,0.0,Unknown,0.0,0.0,0.0,0.0,0.0,0,0.0,Unknown,0.0,0.0,0.0,estimated_from_squad_profile,2026-06-05T00:33:08.162006+00:00
Norway,Leo Østigård,DF,Centre-Back,Genoa,Right,23.7,Centre-back,Ball-playing defender,Rest-defense anchor,1,1.0,2678,36,29,0.12,0.16,0.12,0.15,0.79,0.3,1.71,0.89,62.19,87.8,3.87,1.8,0.59,65.0,0.6,34.7,0.16,0.036,12.0,41.0,3.0,69.0,3.42,67.0,5.93,1.15,0.185,0.04,0.155,0.141,0.159,0.15,0.159,0.236,0.0,0.0,0.0,0.0,0.0,0.0,0.0,0,0.0,Unknown,0.0,0.0,0.0,0.0,0.0,0,0.0,Unknown,0.0,0.0,0.0,estimated_from_squad_profile,2026-06-05T00:33:08.162006+00:00
Norway,David Møller Wolfe,DF,Left-Back,Wolverhampton Wanderers,Left,31.0,Fullback,Overlapping wide defender,Width + recovery runner,1,1.0,2628,36,28,0.16,0.21,0.16,0.21,1.07,0.41,2.34,1.35,60.85,87.3,3.61,2.69,1.01,66.9,2.22,36.0,0.15,0.033,11.28,39.9,2.67,67.9,3.14,65.9,5.46,1.18,0.189,0.03,0.154,0.141,0.16,0.151,0.16,0.233,0.0,0.0,0.0,0.0,0.0,0.0,0.0,0,0.0,Unknown,0.0,0.0,0.0,0.0,0.0,0,0.0,Unknown,0.0,0.0,0.0,estimated_from_squad_profile,2026-06-05T00:33:08.162006+00:00
Norway,Patrick Berg,MF,Defensive Midfield,Bodø/Glimt,Right,23.6,No. 6,Holding midfielder,Press resistance + ball winning,1,1.0,2667,36,28,0.26,0.16,0.25,0.15,1.62,0.62,3.6,0.88,65.9,84.7,4.51,2.85,1.05,60.7,0.76,32.6,0.39,0.092,14.73,37.7,2.56,62.7,1.65,56.7,6.37,1.25,0.156,0.06,0.155,0.141,0.16,0.15,0.16,0.235,0.0,0.0,0.0,0.0,0.0,0.0,0.0,0,0.0,Unknown,0.0,0.0,0.0,0.0,0.0,0,0.0,Unknown,0.0,0.0,0.0,estimated_from_squad_profile,2026-06-05T00:33:08.162006+00:00
Norway,Alexander Sørloth,FW,Centre-Forward,Atlético Madrid,Right,26.1,No. 9,Penalty-box finisher,Depth runs + shot volume,1,1.0,2842,38,30,0.48,0.2,0.45,0.19,2.94,1.13,6.61,1.09,46.57,77.6,2.96,4.33,1.99,59.4,1.01,32.1,0.24,0.061,14.1,37.4,1.59,59.4,1.55,52.4,4.7,0.74,0.091,0.41,0.159,0.137,0.156,0.147,0.156,0.245,0.0,0.0,0.0,0.0,0.0,0.0,0.0,0,0.0,Unknown,0.0,0.0,0.0,0.0,0.0,0,0.0,Unknown,0.0,0.0,0.0,estimated_from_squad_profile,2026-06-05T00:33:08.162006+00:00
Norway,Sander Berge,MF,Defensive Midfield,Fulham,Right,24.9,No. 6,Holding midfielder,Press resistance + ball winning,1,1.0,2756,37,29,0.29,0.18,0.28,0.17,1.84,0.71,4.1,0.98,68.27,85.7,5.09,3.21,1.19,62.6,0.84,33.9,0.45,0.106,15.74,39.6,2.89,64.6,1.86,58.6,6.92,1.19,0.148,0.06,0.157,0.139,0.158,0.148,0.158,0.24,0.0,0.0,0.0,0.0,0.0,0.0,0.0,0,0.0,Unknown,0.0,0.0,0.0,0.0,0.0,0,0.0,Unknown,0.0,0.0,0.0,estimated_from_squad_profile,2026-06-05T00:33:08.162006+00:00
Norway,Erling Haaland,FW,Centre-Forward,Manchester City,Right,26.7,No. 9,Penalty-box finisher,Depth runs + shot volume,1,1.0,2884,39,31,0.51,0.21,0.48,0.2,3.09,1.19,6.97,1.14,47.7,78.1,3.07,4.55,2.14,60.2,1.06,32.7,0.25,0.064,14.72,38.2,1.68,60.2,1.61,53.2,4.9,0.71,0.087,0.42,0.16,0.137,0.155,0.146,0.155,0.248,0.0,0.0,0.0,0.0,0.0,0.0,0.0,0,0.0,Unknown,0.0,0.0,0.0,0.0,0.0,0,0.0,Unknown,0.0,0.0,0.0,estimated_from_squad_profile,2026-06-05T00:33:08.162006+00:00
Norway,Martin Ødegaard,MF,Attacking Midfield,Arsenal,Right,25.5,No. 10,Central creator,Between-lines chance creation,1,1.0,2802,38,30,0.39,0.41,0.37,0.38,2.42,0.93,5.42,2.47,69.5,86.2,5.39,3.4,1.28,63.5,0.89,34.5,0.63,0.153,16.56,40.5,2.69,65.5,1.96,59.5,7.34,1.16,0.144,0.06,0.158,0.138,0.157,0.147,0.157,0.243,0.0,0.0,0.0,0.0,0.0,0.0,0.0,0,0.0,Unknown,0.0,0.0,0.0,0.0,0.0,0,0.0,Unknown,0.0,0.0,0.0,estimated_from_squad_profile,2026-06-05T00:33:08.162006+00:00
Norway,Jørgen Strand Larsen,FW,Centre-Forward,Crystal Palace,Right,24.0,No. 9,Penalty-box finisher,Depth runs + shot volume,0,1.0,1304,17,8,0.33,0.14,0.31,0.13,2.0,0.77,4.5,0.76,42.62,76.0,2.15,2.99,1.68,56.3,0.71,30.0,0.17,0.042,13.41,34.3,1.43,56.3,1.1,49.3,4.51,0.83,0.103,0.35,0.07,0.09,0.1,0.16,0.22,0.36,0.0,0.0,0.0,0.0,0.0,0.0,0.0,0,0.0,Unknown,0.0,0.0,0.0,0.0,0.0,0,0.0,Unknown,0.0,0.0,0.0,estimated_from_squad_profile,2026-06-05T00:33:08.162006+00:00
Norway,Sander Tangvik,GK,Goalkeeper,Hamburger SV,Right,21.8,Goalkeeper,Sweeper keeper,Build-up keeper,0,1.0,1154,15,7,0.0,0.01,0.0,0.01,0.0,0.0,0.02,0.05,29.78,71.2,4.34,0.12,0.0,0.0,0.0,0.0,0.01,0.0,2.07,29.3,0.15,48.7,0.52,52.7,4.16,0.07,0.025,0.0,0.0,0.0,0.0,0.0,0.0,0.0,2.87,74.2,0.046,1.47,1.07,2.61,47.1,0,0.0,Unknown,0.0,0.0,0.0,0.0,0.0,0,0.0,Unknown,0.0,0.0,0.0,estimated_from_squad_profile,2026-06-05T00:33:08.162006+00:00
Norway,Egil Selvik,GK,Goalkeeper,Watford,Right,21.7,Goalkeeper,Sweeper keeper,Build-up keeper,0,1.0,1150,15,7,0.0,0.01,0.0,0.01,0.0,0.0,0.02,0.05,29.71,71.1,4.32,0.12,0.0,0.0,0.0,0.0,0.01,0.0,2.07,29.2,0.15,48.6,0.52,52.7,4.15,0.07,0.025,0.0,0.0,0.0,0.0,0.0,0.0,0.0,2.87,74.1,0.045,1.47,1.06,2.62,47.0,0,0.0,Unknown,0.0,0.0,0.0,0.0,0.0,0,0.0,Unknown,0.0,0.0,0.0,estimated_from_squad_profile,2026-06-05T00:33:08.162006+00:00
Norway,Fredrik Aursnes,MF,Central Midfield,Benfica,Right,23.2,No. 8,Box-to-box midfielder,Progression + counter-press,0,1.0,1251,17,8,0.26,0.26,0.24,0.25,1.6,0.62,3.57,1.61,65.18,84.4,3.64,2.3,0.97,60.2,0.61,32.2,0.44,0.107,13.9,37.2,2.07,62.2,1.33,56.2,5.97,1.27,0.158,0.05,0.07,0.09,0.1,0.16,0.22,0.36,0.0,0.0,0.0,0.0,0.0,0.0,0.0,0,0.0,Unknown,0.0,0.0,0.0,0.0,0.0,0,0.0,Unknown,0.0,0.0,0.0,estimated_from_squad_profile,2026-06-05T00:33:08.162006+00:00
Norway,Fredrik André Bjørkan,DF,,Bodø/Glimt,Right,16.8,DF,Hybrid role,Balanced phase contribution,0,1.0,815,11,5,0.04,0.04,0.05,0.04,0.33,0.12,0.68,0.27,49.5,82.6,1.17,0.69,0.29,55.2,0.24,27.8,0.04,0.011,9.34,31.2,0.87,59.2,0.64,57.2,3.5,1.46,0.225,0.01,0.07,0.09,0.1,0.16,0.22,0.36,0.0,0.0,0.0,0.0,0.0,0.0,0.0,0,0.0,Unknown,0.0,0.0,0.0,0.0,0.0,0,0.0,Unknown,0.0,0.0,0.0,estimated_from_squad_profile,2026-06-05T00:33:08.162006+00:00
Norway,Marcus Holmgren Pedersen,DF,,Torino,Right,17.1,DF,Hybrid role,Balanced phase contribution,0,1.0,834,11,5,0.04,0.05,0.05,0.04,0.35,0.13,0.71,0.29,49.99,82.8,1.25,0.72,0.29,55.5,0.25,28.1,0.05,0.011,9.11,31.5,0.9,59.5,0.73,57.5,3.47,1.45,0.224,0.01,0.07,0.09,0.1,0.16,0.22,0.36,0.0,0.0,0.0,0.0,0.0,0.0,0.0,0,0.0,Unknown,0.0,0.0,0.0,0.0,0.0,0,0.0,Unknown,0.0,0.0,0.0,estimated_from_squad_profile,2026-06-05T00:33:08.162006+00:00
Norway,Torbjørn Heggem,DF,Centre-Back,Bologna,Right,22.8,Centre-back,Ball-playing defender,Rest-defense anchor,0,1.0,1225,16,7,0.09,0.12,0.09,0.11,0.62,0.24,1.34,0.68,60.5,87.1,2.98,1.4,0.56,63.7,0.47,33.8,0.12,0.027,11.84,39.7,2.77,67.7,2.57,65.7,5.7,1.19,0.19,0.03,0.07,0.09,0.1,0.16,0.22,0.36,0.0,0.0,0.0,0.0,0.0,0.0,0.0,0,0.0,Unknown,0.0,0.0,0.0,0.0,0.0,0,0.0,Unknown,0.0,0.0,0.0,estimated_from_squad_profile,2026-06-05T00:33:08.162006+00:00
Norway,Kristian Thorstvedt,MF,Central Midfield,Sassuolo,Right,23.8,No. 8,Box-to-box midfielder,Progression + counter-press,1,1.0,2685,36,29,0.33,0.34,0.31,0.32,2.05,0.79,4.58,2.07,66.37,84.9,4.63,2.92,1.1,61.1,0.77,32.8,0.55,0.135,15.21,38.1,2.33,63.1,1.69,57.1,6.6,1.24,0.154,0.06,0.155,0.14,0.159,0.15,0.159,0.236,0.0,0.0,0.0,0.0,0.0,0.0,0.0,0,0.0,Unknown,0.0,0.0,0.0,0.0,0.0,0,0.0,Unknown,0.0,0.0,0.0,estimated_from_squad_profile,2026-06-05T00:33:08.162006+00:00
Norway,Thelo Aasgaard,MF,Attacking Midfield,Rangers,Right,22.4,No. 10,Central creator,Between-lines chance creation,0,1.0,1195,16,7,0.23,0.24,0.22,0.22,1.45,0.56,3.23,1.45,63.68,83.8,3.33,2.1,0.89,59.0,0.57,31.4,0.4,0.1,13.28,36.0,1.9,61.0,1.23,55.0,5.64,1.31,0.163,0.05,0.07,0.09,0.1,0.16,0.22,0.36,0.0,0.0,0.0,0.0,0.0,0.0,0.0,0,0.0,Unknown,0.0,0.0,0.0,0.0,0.0,0,0.0,Unknown,0.0,0.0,0.0,estimated_from_squad_profile,2026-06-05T00:33:08.162006+00:00
Norway,Antonio Nusa,FW,Left Winger,RB Leipzig,Left,31.8,Winger,Wide creator,1v1 carry + crossing threat,0,1.0,1296,17,8,0.43,0.35,0.4,0.33,2.59,1.0,5.85,2.24,42.38,75.9,2.13,3.79,1.95,59.1,2.09,31.8,0.29,0.075,12.11,34.1,1.29,56.1,1.09,49.1,4.08,0.84,0.104,0.34,0.07,0.09,0.1,0.16,0.22,0.36,0.0,0.0,0.0,0.0,0.0,0.0,0.0,0,0.0,Unknown,0.0,0.0,0.0,0.0,0.0,0,0.0,Unknown,0.0,0.0,0.0,estimated_from_squad_profile,2026-06-05T00:33:08.162006+00:00
Norway,Andreas Schjelderup,MF,Left Winger,Benfica,Left,31.1,Winger,Wide creator,1v1 carry + crossing threat,0,1.0,1246,17,8,0.3,0.32,0.28,0.3,1.86,0.72,4.16,2.05,65.05,84.3,3.61,3.12,1.38,63.1,1.99,34.1,0.43,0.107,13.32,37.1,1.98,62.1,1.32,56.1,5.72,1.27,0.158,0.05,0.07,0.09,0.1,0.16,0.22,0.36,0.0,0.0,0.0,0.0,0.0,0.0,0.0,0,0.0,Unknown,0.0,0.0,0.0,0.0,0.0,0,0.0,Unknown,0.0,0.0,0.0,estimated_from_squad_profile,2026-06-05T00:33:08.162006+00:00
Norway,Oscar Bobb,MF,Right Winger,Fulham,Right,28.4,Winger,Wide creator,1v1 carry + crossing threat,0,1.0,1268,17,8,0.31,0.33,0.3,0.31,1.93,0.74,4.32,2.13,65.64,84.6,3.74,3.2,1.42,63.5,2.01,34.4,0.45,0.11,13.55,37.5,2.04,62.5,1.37,56.5,5.85,1.26,0.157,0.05,0.07,0.09,0.1,0.16,0.22,0.36,0.0,0.0,0.0,0.0,0.0,0.0,0.0,0,0.0,Unknown,0.0,0.0,0.0,0.0,0.0,0,0.0,Unknown,0.0,0.0,0.0,estimated_from_squad_profile,2026-06-05T00:33:08.162006+00:00
Norway,Jens Petter Hauge,MF,Left Winger,Bodø/Glimt,Left,30.9,Winger,Wide creator,1v1 carry + crossing threat,0,1.0,1231,16,7,0.29,0.31,0.28,0.29,1.81,0.7,4.05,1.99,64.65,84.2,3.53,3.07,1.47,62.8,1.98,33.9,0.43,0.105,14.2,36.8,2.09,61.8,1.3,55.8,6.08,1.28,0.16,0.05,0.07,0.09,0.1,0.16,0.22,0.36,0.0,0.0,0.0,0.0,0.0,0.0,0.0,0,0.0,Unknown,0.0,0.0,0.0,0.0,0.0,0,0.0,Unknown,0.0,0.0,0.0,estimated_from_squad_profile,2026-06-05T00:33:08.162006+00:00
Norway,Sondre Langås,DF,Centre-Back,Derby County,Right,22.0,Centre-back,Ball-playing defender,Rest-defense anchor,0,1.0,1169,16,7,0.08,0.11,0.09,0.1,0.58,0.22,1.25,0.63,58.98,86.5,2.73,1.3,0.51,62.5,0.44,33.0,0.11,0.025,11.08,38.5,2.42,66.5,2.31,64.5,5.2,1.23,0.195,0.03,0.07,0.09,0.1,0.16,0.22,0.36,0.0,0.0,0.0,0.0,0.0,0.0,0.0,0,0.0,Unknown,0.0,0.0,0.0,0.0,0.0,0,0.0,Unknown,0.0,0.0,0.0,estimated_from_squad_profile,2026-06-05T00:33:08.162006+00:00
Norway,Henrik Falchener,DF,Centre-Back,Viking,Right,22.1,Centre-back,Ball-playing defender,Rest-defense anchor,0,1.0,1175,16,7,0.08,0.11,0.09,0.1,0.59,0.22,1.26,0.63,59.14,86.6,2.75,1.31,0.49,62.6,0.44,33.1,0.11,0.025,10.7,38.6,2.35,66.6,2.34,64.6,5.04,1.22,0.195,0.03,0.07,0.09,0.1,0.16,0.22,0.36,0.0,0.0,0.0,0.0,0.0,0.0,0.0,0,0.0,Unknown,0.0,0.0,0.0,0.0,0.0,0,0.0,Unknown,0.0,0.0,0.0,estimated_from_squad_profile,2026-06-05T00:33:08.162006+00:00
Norway,Julian Ryerson,FW,Right-Back,Borussia Dortmund,Right,29.1,Fullback,Overlapping wide defender,Width + recovery runner,1,1.0,2701,37,29,0.46,0.24,0.43,0.23,2.77,1.07,6.23,1.52,42.79,76.1,2.58,4.59,2.19,59.4,2.51,32.1,0.2,0.05,13.46,34.4,1.8,56.4,1.32,49.4,4.53,0.83,0.103,0.35,0.156,0.14,0.159,0.149,0.159,0.237,0.0,0.0,0.0,0.0,0.0,0.0,0.0,0,0.0,Unknown,0.0,0.0,0.0,0.0,0.0,0,0.0,Unknown,0.0,0.0,0.0,estimated_from_squad_profile,2026-06-05T00:33:08.162006+00:00
Senegal,Yehvann Diouf,GK,Goalkeeper,Nice,Right,22.2,Goalkeeper,Sweeper keeper,Build-up keeper,0,1.0,1181,16,7,0.0,0.01,0.0,0.01,0.0,0.0,0.02,0.06,30.17,71.7,4.45,0.12,0.0,0.0,0.0,0.0,0.01,0.0,2.12,29.7,0.16,49.3,0.53,53.2,4.23,0.08,0.025,0.0,0.0,0.0,0.0,0.0,0.0,0.0,2.84,74.7,0.053,1.52,1.12,2.59,47.8,0,0.0,Unknown,0.0,0.0,0.0,0.0,0.0,0,0.0,Unknown,0.0,0.0,0.0,estimated_from_squad_profile,2026-06-05T00:33:08.162006+00:00
Senegal,Mamadou Sarr,DF,Centre-Back,Chelsea,Right,22.8,Centre-back,Ball-playing defender,Rest-defense anchor,0,1.0,1223,16,7,0.09,0.12,0.09,0.11,0.62,0.24,1.33,0.68,60.44,87.1,2.97,1.4,0.49,63.6,0.47,33.8,0.12,0.027,10.34,39.6,2.41,67.6,2.56,65.6,4.97,1.19,0.19,0.03,0.07,0.09,0.1,0.16,0.22,0.36,0.0,0.0,0.0,0.0,0.0,0.0,0.0,0,0.0,Unknown,0.0,0.0,0.0,0.0,0.0,0,0.0,Unknown,0.0,0.0,0.0,estimated_from_squad_profile,2026-06-05T00:33:08.162006+00:00
Senegal,Kalidou Koulibaly,DF,Centre-Back,Al-Hilal,Right,25.1,Centre-back,Ball-playing defender,Rest-defense anchor,1,1.0,2774,38,30,0.13,0.18,0.13,0.17,0.87,0.33,1.89,1.0,64.75,88.9,4.37,1.99,0.58,66.9,0.67,36.1,0.18,0.04,11.19,42.9,3.05,70.9,3.95,68.9,5.72,1.08,0.177,0.04,0.158,0.139,0.157,0.148,0.157,0.241,0.0,0.0,0.0,0.0,0.0,0.0,0.0,0,0.0,Unknown,0.0,0.0,0.0,0.0,0.0,0,0.0,Unknown,0.0,0.0,0.0,estimated_from_squad_profile,2026-06-05T00:33:08.162006+00:00
Senegal,Abdoulaye Seck,DF,Centre-Back,Maccabi Haifa,Right,22.4,Centre-back,Ball-playing defender,Rest-defense anchor,0,1.0,1196,16,7,0.09,0.12,0.09,0.11,0.6,0.23,1.29,0.65,59.71,86.8,2.85,1.35,0.47,63.0,0.46,33.4,0.11,0.026,10.19,39.0,2.3,67.0,2.43,65.0,4.84,1.21,0.193,0.03,0.07,0.09,0.1,0.16,0.22,0.36,0.0,0.0,0.0,0.0,0.0,0.0,0.0,0,0.0,Unknown,0.0,0.0,0.0,0.0,0.0,0,0.0,Unknown,0.0,0.0,0.0,estimated_from_squad_profile,2026-06-05T00:33:08.162006+00:00
Senegal,Idrissa Gueye,MF,Defensive Midfield,Everton,Right,24.5,No. 6,Holding midfielder,Press resistance + ball winning,1,1.0,2730,37,29,0.28,0.17,0.27,0.16,1.77,0.68,3.95,0.95,67.58,85.4,4.92,3.11,0.98,62.0,0.82,33.5,0.43,0.102,13.18,39.0,2.39,64.0,1.8,58.0,5.77,1.21,0.15,0.06,0.157,0.14,0.158,0.149,0.158,0.239,0.0,0.0,0.0,0.0,0.0,0.0,0.0,0,0.0,Unknown,0.0,0.0,0.0,0.0,0.0,0,0.0,Unknown,0.0,0.0,0.0,estimated_from_squad_profile,2026-06-05T00:33:08.162006+00:00
Senegal,Pathé Ciss,MF,Central Midfield,Rayo Vallecano,Right,22.6,No. 8,Box-to-box midfielder,Progression + counter-press,0,1.0,1211,16,7,0.24,0.25,0.23,0.23,1.49,0.57,3.33,1.5,64.1,84.0,3.42,2.16,0.88,59.4,0.58,31.6,0.41,0.102,12.95,36.4,1.88,61.4,1.26,55.4,5.52,1.3,0.161,0.05,0.07,0.09,0.1,0.16,0.22,0.36,0.0,0.0,0.0,0.0,0.0,0.0,0.0,0,0.0,Unknown,0.0,0.0,0.0,0.0,0.0,0,0.0,Unknown,0.0,0.0,0.0,estimated_from_squad_profile,2026-06-05T00:33:08.162006+00:00
Senegal,Assane Diao,FW,Left Winger,Como,Left,30.8,Winger,Wide creator,1v1 carry + crossing threat,0,1.0,1227,16,7,0.38,0.3,0.35,0.29,2.3,0.89,5.17,1.98,40.54,75.1,1.98,3.49,1.75,57.7,2.03,30.8,0.27,0.071,11.35,32.7,1.17,54.7,1.0,47.7,3.84,0.89,0.11,0.31,0.07,0.09,0.1,0.16,0.22,0.36,0.0,0.0,0.0,0.0,0.0,0.0,0.0,0,0.0,Unknown,0.0,0.0,0.0,0.0,0.0,0,0.0,Unknown,0.0,0.0,0.0,estimated_from_squad_profile,2026-06-05T00:33:08.162006+00:00
Senegal,Lamine Camara,MF,Central Midfield,Monaco,Right,24.4,No. 8,Box-to-box midfielder,Progression + counter-press,1,1.0,2723,37,29,0.35,0.36,0.33,0.34,2.17,0.83,4.85,2.2,67.4,85.3,4.88,3.08,1.06,61.9,0.81,33.4,0.57,0.141,14.24,38.9,2.23,63.9,1.78,57.9,6.22,1.22,0.151,0.06,0.156,0.14,0.158,0.149,0.158,0.238,0.0,0.0,0.0,0.0,0.0,0.0,0.0,0,0.0,Unknown,0.0,0.0,0.0,0.0,0.0,0,0.0,Unknown,0.0,0.0,0.0,estimated_from_squad_profile,2026-06-05T00:33:08.162006+00:00
Senegal,Bamba Dieng,FW,Centre-Forward,Lorient,Right,23.2,No. 9,Penalty-box finisher,Depth runs + shot volume,0,1.0,1254,17,8,0.3,0.13,0.28,0.12,1.85,0.71,4.13,0.71,41.27,75.4,2.04,2.77,1.55,55.3,0.67,29.2,0.16,0.039,12.98,33.3,1.36,55.3,1.04,48.3,4.39,0.87,0.108,0.33,0.07,0.09,0.1,0.16,0.22,0.36,0.0,0.0,0.0,0.0,0.0,0.0,0.0,0,0.0,Unknown,0.0,0.0,0.0,0.0,0.0,0,0.0,Unknown,0.0,0.0,0.0,estimated_from_squad_profile,2026-06-05T00:33:08.162006+00:00
Senegal,Sadio Mané,FW,Left Winger,Al-Nassr,Left,34.7,Winger,Wide creator,1v1 carry + crossing threat,1,1.0,2878,39,31,0.68,0.54,0.63,0.52,4.07,1.57,9.21,3.53,47.55,78.0,3.06,5.52,2.36,63.1,2.7,34.7,0.4,0.103,13.3,38.1,1.51,60.1,1.61,53.1,4.43,0.71,0.088,0.42,0.16,0.137,0.155,0.146,0.155,0.247,0.0,0.0,0.0,0.0,0.0,0.0,0.0,0,0.0,Unknown,0.0,0.0,0.0,0.0,0.0,0,0.0,Unknown,0.0,0.0,0.0,estimated_from_squad_profile,2026-06-05T00:33:08.162006+00:00
Senegal,Nicolas Jackson,FW,Centre-Forward,Bayern Munich,Right,24.2,No. 9,Penalty-box finisher,Depth runs + shot volume,0,1.0,1322,18,8,0.34,0.14,0.32,0.13,2.06,0.79,4.62,0.78,43.1,76.2,2.19,3.07,1.67,56.7,0.73,30.2,0.17,0.043,13.06,34.7,1.4,56.7,1.13,49.7,4.39,0.82,0.102,0.35,0.07,0.09,0.1,0.16,0.22,0.36,0.0,0.0,0.0,0.0,0.0,0.0,0.0,0,0.0,Unknown,0.0,0.0,0.0,0.0,0.0,0,0.0,Unknown,0.0,0.0,0.0,estimated_from_squad_profile,2026-06-05T00:33:08.162006+00:00
Senegal,Cherif Ndiaye,FW,Centre-Forward,Samsunspor,Right,22.8,No. 9,Penalty-box finisher,Depth runs + shot volume,0,1.0,1222,16,7,0.28,0.12,0.27,0.11,1.75,0.67,3.91,0.68,40.41,75.1,1.97,2.63,1.41,54.6,0.64,28.8,0.15,0.037,12.25,32.6,1.26,54.6,0.99,47.6,4.15,0.89,0.111,0.31,0.07,0.09,0.1,0.16,0.22,0.36,0.0,0.0,0.0,0.0,0.0,0.0,0.0,0,0.0,Unknown,0.0,0.0,0.0,0.0,0.0,0,0.0,Unknown,0.0,0.0,0.0,estimated_from_squad_profile,2026-06-05T00:33:08.162006+00:00
Senegal,Iliman Ndiaye,FW,Right Winger,Everton,Right,29.4,Winger,Wide creator,1v1 carry + crossing threat,1,1.0,2724,37,29,0.54,0.44,0.51,0.42,3.29,1.27,7.41,2.84,43.42,76.3,2.64,4.71,2.25,59.9,2.53,32.4,0.36,0.092,13.66,34.9,1.47,56.9,1.36,49.9,4.59,0.81,0.101,0.36,0.156,0.14,0.158,0.149,0.158,0.238,0.0,0.0,0.0,0.0,0.0,0.0,0.0,0,0.0,Unknown,0.0,0.0,0.0,0.0,0.0,0,0.0,Unknown,0.0,0.0,0.0,estimated_from_squad_profile,2026-06-05T00:33:08.162006+00:00
Senegal,Ismail Jakobs,DF,Left-Back,Galatasaray,Left,31.1,Fullback,Overlapping wide defender,Width + recovery runner,0,1.0,1247,17,8,0.14,0.18,0.14,0.18,0.91,0.35,1.99,1.15,61.09,87.4,3.07,2.28,1.06,67.1,1.87,36.1,0.12,0.028,11.76,40.1,2.82,68.1,2.68,66.1,5.71,1.17,0.188,0.03,0.07,0.09,0.1,0.16,0.22,0.36,0.0,0.0,0.0,0.0,0.0,0.0,0.0,0,0.0,Unknown,0.0,0.0,0.0,0.0,0.0,0,0.0,Unknown,0.0,0.0,0.0,estimated_from_squad_profile,2026-06-05T00:33:08.162006+00:00
Senegal,Krépin Diatta,DF,Right Midfield,Monaco,Right,29.4,DF,Hybrid role,Balanced phase contribution,1,1.0,2721,37,29,0.19,0.25,0.18,0.24,1.2,0.46,2.65,1.57,63.32,88.3,4.09,2.88,1.13,68.8,2.28,37.4,0.17,0.038,12.48,41.8,2.87,69.8,3.65,67.8,6.26,1.12,0.181,0.04,0.156,0.14,0.158,0.149,0.158,0.238,0.0,0.0,0.0,0.0,0.0,0.0,0.0,0,0.0,Unknown,0.0,0.0,0.0,0.0,0.0,0,0.0,Unknown,0.0,0.0,0.0,estimated_from_squad_profile,2026-06-05T00:33:08.162006+00:00
Senegal,Édouard Mendy,GK,Goalkeeper,Al-Ahli,Right,23.8,Goalkeeper,Sweeper keeper,Build-up keeper,1,1.0,2685,36,29,0.0,0.01,0.0,0.01,0.0,0.0,0.02,0.06,31.83,73.8,4.89,0.14,0.0,0.0,0.0,0.0,0.01,0.0,2.31,31.2,0.18,51.7,0.58,55.1,4.51,0.08,0.022,0.0,0.0,0.0,0.0,0.0,0.0,0.0,2.71,77.1,0.081,1.71,1.33,2.48,50.7,0,0.0,Unknown,0.0,0.0,0.0,0.0,0.0,0,0.0,Unknown,0.0,0.0,0.0,estimated_from_squad_profile,2026-06-05T00:33:08.162006+00:00
Senegal,Pape Matar Sarr,MF,Central Midfield,Tottenham Hotspur,Right,24.3,No. 8,Box-to-box midfielder,Progression + counter-press,1,1.0,2716,37,29,0.35,0.36,0.33,0.33,2.15,0.83,4.8,2.18,67.21,85.2,4.83,3.05,1.07,61.8,0.8,33.3,0.57,0.14,14.45,38.8,2.25,63.8,1.76,57.8,6.31,1.22,0.152,0.06,0.156,0.14,0.158,0.149,0.158,0.238,0.0,0.0,0.0,0.0,0.0,0.0,0.0,0,0.0,Unknown,0.0,0.0,0.0,0.0,0.0,0,0.0,Unknown,0.0,0.0,0.0,estimated_from_squad_profile,2026-06-05T00:33:08.162006+00:00
Senegal,Ismaïla Sarr,FW,Right Winger,Crystal Palace,Right,31.4,Winger,Wide creator,1v1 carry + crossing threat,1,1.0,2863,39,31,0.67,0.53,0.62,0.51,4.0,1.54,9.03,3.46,47.15,77.8,3.01,5.44,2.62,62.8,2.68,34.4,0.4,0.102,14.82,37.8,1.68,59.8,1.58,52.8,4.94,0.72,0.089,0.42,0.16,0.137,0.155,0.146,0.155,0.246,0.0,0.0,0.0,0.0,0.0,0.0,0.0,0,0.0,Unknown,0.0,0.0,0.0,0.0,0.0,0,0.0,Unknown,0.0,0.0,0.0,estimated_from_squad_profile,2026-06-05T00:33:08.162006+00:00
Senegal,Moussa Niakhaté,DF,Centre-Back,Lyon,Right,23.4,Centre-back,Ball-playing defender,Rest-defense anchor,1,1.0,2656,36,28,0.11,0.16,0.12,0.15,0.77,0.29,1.67,0.86,61.6,87.6,3.76,1.75,0.56,64.5,0.59,34.4,0.15,0.035,11.44,40.5,2.79,68.5,3.29,66.5,5.6,1.16,0.187,0.03,0.155,0.141,0.16,0.15,0.16,0.234,0.0,0.0,0.0,0.0,0.0,0.0,0.0,0,0.0,Unknown,0.0,0.0,0.0,0.0,0.0,0,0.0,Unknown,0.0,0.0,0.0,estimated_from_squad_profile,2026-06-05T00:33:08.162006+00:00
Senegal,Ibrahim Mbaye,FW,Right Winger,Paris Saint-Germain,Right,28.1,Winger,Wide creator,1v1 carry + crossing threat,0,1.0,1248,17,8,0.39,0.32,0.37,0.3,2.39,0.92,5.38,2.06,41.1,75.4,2.02,3.58,1.73,58.1,2.05,31.1,0.28,0.072,11.04,33.1,1.15,55.1,1.03,48.1,3.73,0.87,0.108,0.32,0.07,0.09,0.1,0.16,0.22,0.36,0.0,0.0,0.0,0.0,0.0,0.0,0.0,0,0.0,Unknown,0.0,0.0,0.0,0.0,0.0,0,0.0,Unknown,0.0,0.0,0.0,estimated_from_squad_profile,2026-06-05T00:33:08.162006+00:00
Senegal,Habib Diarra,MF,Central Midfield,Sunderland,Right,23.7,No. 8,Box-to-box midfielder,Progression + counter-press,0,1.0,1286,17,8,0.27,0.28,0.26,0.26,1.7,0.65,3.79,1.72,66.14,84.8,3.84,2.42,0.99,60.9,0.64,32.7,0.46,0.112,13.75,37.9,2.09,62.9,1.4,56.9,5.95,1.25,0.155,0.06,0.07,0.09,0.1,0.16,0.22,0.36,0.0,0.0,0.0,0.0,0.0,0.0,0.0,0,0.0,Unknown,0.0,0.0,0.0,0.0,0.0,0,0.0,Unknown,0.0,0.0,0.0,estimated_from_squad_profile,2026-06-05T00:33:08.162006+00:00
Senegal,Bara Sapoko Ndiaye,MF,Central Midfield,Bayern Munich,Right,21.9,No. 8,Box-to-box midfielder,Progression + counter-press,0,1.0,1164,15,7,0.22,0.22,0.21,0.21,1.37,0.53,3.05,1.37,62.86,83.4,3.16,2.0,0.75,58.4,0.54,30.9,0.39,0.096,11.47,35.4,1.61,60.4,1.17,54.4,4.83,1.33,0.165,0.05,0.07,0.09,0.1,0.16,0.22,0.36,0.0,0.0,0.0,0.0,0.0,0.0,0.0,0,0.0,Unknown,0.0,0.0,0.0,0.0,0.0,0,0.0,Unknown,0.0,0.0,0.0,estimated_from_squad_profile,2026-06-05T00:33:08.162006+00:00
Senegal,Mory Diaw,GK,Goalkeeper,Le Havre,Right,21.5,Goalkeeper,Sweeper keeper,Build-up keeper,0,1.0,1134,15,7,0.0,0.01,0.0,0.01,0.0,0.0,0.02,0.05,29.48,70.8,4.26,0.11,0.0,0.0,0.0,0.0,0.01,0.0,2.04,29.0,0.15,48.2,0.51,52.4,4.11,0.07,0.026,0.0,0.0,0.0,0.0,0.0,0.0,0.0,2.89,73.8,0.041,1.44,1.03,2.63,46.6,0,0.0,Unknown,0.0,0.0,0.0,0.0,0.0,0,0.0,Unknown,0.0,0.0,0.0,estimated_from_squad_profile,2026-06-05T00:33:08.162006+00:00
Senegal,Antoine Mendy,DF,Centre-Back,Nice,Right,22.4,Centre-back,Ball-playing defender,Rest-defense anchor,0,1.0,1200,16,7,0.09,0.12,0.09,0.11,0.6,0.23,1.3,0.66,59.82,86.8,2.86,1.36,0.5,63.1,0.46,33.4,0.11,0.026,10.63,39.1,2.41,67.1,2.45,65.1,5.06,1.2,0.192,0.03,0.07,0.09,0.1,0.16,0.22,0.36,0.0,0.0,0.0,0.0,0.0,0.0,0.0,0,0.0,Unknown,0.0,0.0,0.0,0.0,0.0,0,0.0,Unknown,0.0,0.0,0.0,estimated_from_squad_profile,2026-06-05T00:33:08.162006+00:00
Senegal,El Hadji Malick Diouf,DF,Left-Back,West Ham United,Left,31.4,Fullback,Overlapping wide defender,Width + recovery runner,0,1.0,1267,17,8,0.14,0.19,0.14,0.18,0.93,0.36,2.04,1.19,61.61,87.6,3.16,2.31,0.97,67.5,1.88,36.4,0.13,0.029,10.79,40.5,2.64,68.5,2.77,66.5,5.28,1.16,0.187,0.03,0.07,0.09,0.1,0.16,0.22,0.36,0.0,0.0,0.0,0.0,0.0,0.0,0.0,0,0.0,Unknown,0.0,0.0,0.0,0.0,0.0,0,0.0,Unknown,0.0,0.0,0.0,estimated_from_squad_profile,2026-06-05T00:33:08.162006+00:00
Senegal,Pape Gueye,MF,Central Midfield,Villarreal,Right,24.6,No. 8,Box-to-box midfielder,Progression + counter-press,1,1.0,2734,37,29,0.36,0.37,0.34,0.34,2.2,0.85,4.93,2.24,67.68,85.4,4.95,3.12,1.18,62.1,0.82,33.6,0.58,0.143,15.77,39.1,2.48,64.1,1.8,58.1,6.91,1.21,0.15,0.06,0.157,0.139,0.158,0.149,0.158,0.239,0.0,0.0,0.0,0.0,0.0,0.0,0.0,0,0.0,Unknown,0.0,0.0,0.0,0.0,0.0,0,0.0,Unknown,0.0,0.0,0.0,estimated_from_squad_profile,2026-06-05T00:33:08.162006+00:00
Algeria,Melvin Mastil,GK,Goalkeeper,Stade Nyonnais,Right,20.8,Goalkeeper,Sweeper keeper,Build-up keeper,0,1.0,1091,14,7,0.0,0.01,0.0,0.01,0.0,0.0,0.02,0.05,28.85,70.1,4.09,0.1,0.0,0.0,0.0,0.0,0.01,0.0,1.97,28.4,0.14,47.3,0.49,51.7,4.01,0.07,0.027,0.0,0.0,0.0,0.0,0.0,0.0,0.0,2.94,72.9,0.031,1.37,0.96,2.68,45.5,0,0.0,Unknown,0.0,0.0,0.0,0.0,0.0,0,0.0,Unknown,0.0,0.0,0.0,estimated_from_squad_profile,2026-06-05T00:33:08.162006+00:00
Algeria,Aïssa Mandi,DF,Centre-Back,Lille,Right,25.2,Centre-back,Ball-playing defender,Rest-defense anchor,1,1.0,2779,38,30,0.13,0.19,0.13,0.17,0.88,0.33,1.9,1.01,64.89,88.9,4.4,2.0,0.59,67.0,0.67,36.2,0.18,0.041,11.22,43.0,3.07,71.0,3.98,69.0,5.75,1.08,0.176,0.04,0.158,0.139,0.157,0.148,0.157,0.242,0.0,0.0,0.0,0.0,0.0,0.0,0.0,0,0.0,Unknown,0.0,0.0,0.0,0.0,0.0,0,0.0,Unknown,0.0,0.0,0.0,estimated_from_squad_profile,2026-06-05T00:33:08.162006+00:00
Algeria,Achref Abada,DF,Centre-Back,USM Alger,Right,21.7,Centre-back,Ball-playing defender,Rest-defense anchor,0,1.0,1151,15,7,0.08,0.11,0.08,0.1,0.57,0.22,1.22,0.61,58.5,86.3,2.65,1.27,0.5,62.1,0.43,32.7,0.11,0.024,11.18,38.1,2.38,66.1,2.22,64.1,5.2,1.24,0.197,0.03,0.07,0.09,0.1,0.16,0.22,0.36,0.0,0.0,0.0,0.0,0.0,0.0,0.0,0,0.0,Unknown,0.0,0.0,0.0,0.0,0.0,0,0.0,Unknown,0.0,0.0,0.0,estimated_from_squad_profile,2026-06-05T00:33:08.162006+00:00
Algeria,Mohamed Amine Tougai,DF,Centre-Back,Espérance de Tunis,Right,22.7,Centre-back,Ball-playing defender,Rest-defense anchor,0,1.0,1218,16,7,0.09,0.12,0.09,0.11,0.62,0.23,1.33,0.68,60.31,87.0,2.95,1.39,0.55,63.5,0.47,33.7,0.12,0.027,11.59,39.5,2.69,67.5,2.54,65.5,5.56,1.19,0.191,0.03,0.07,0.09,0.1,0.16,0.22,0.36,0.0,0.0,0.0,0.0,0.0,0.0,0.0,0,0.0,Unknown,0.0,0.0,0.0,0.0,0.0,0,0.0,Unknown,0.0,0.0,0.0,estimated_from_squad_profile,2026-06-05T00:33:08.162006+00:00
Algeria,Zineddine Belaïd,DF,Centre-Back,JS Kabylie,Right,22.0,Centre-back,Ball-playing defender,Rest-defense anchor,0,1.0,1169,16,7,0.08,0.11,0.09,0.1,0.58,0.22,1.25,0.62,58.98,86.5,2.73,1.3,0.52,62.5,0.44,33.0,0.11,0.025,11.49,38.5,2.51,66.5,2.31,64.5,5.4,1.23,0.195,0.03,0.07,0.09,0.1,0.16,0.22,0.36,0.0,0.0,0.0,0.0,0.0,0.0,0.0,0,0.0,Unknown,0.0,0.0,0.0,0.0,0.0,0,0.0,Unknown,0.0,0.0,0.0,estimated_from_squad_profile,2026-06-05T00:33:08.162006+00:00
Algeria,Ramiz Zerrouki,MF,Defensive Midfield,Twente,Right,24.1,No. 6,Holding midfielder,Press resistance + ball winning,1,1.0,2701,37,29,0.27,0.17,0.26,0.16,1.7,0.65,3.79,0.92,66.79,85.1,4.73,2.99,1.1,61.4,0.79,33.1,0.41,0.097,15.11,38.4,2.69,63.4,1.73,57.4,6.58,1.23,0.153,0.06,0.156,0.14,0.159,0.149,0.159,0.237,0.0,0.0,0.0,0.0,0.0,0.0,0.0,0,0.0,Unknown,0.0,0.0,0.0,0.0,0.0,0,0.0,Unknown,0.0,0.0,0.0,estimated_from_squad_profile,2026-06-05T00:33:08.162006+00:00
Algeria,Riyad Mahrez,FW,Right Winger,Al-Ahli,Right,31.7,Winger,Wide creator,1v1 carry + crossing threat,1,1.0,2878,39,31,0.68,0.54,0.63,0.52,4.07,1.57,9.21,3.53,47.55,78.0,3.06,5.52,2.32,63.1,2.7,34.7,0.4,0.103,13.03,38.1,1.48,60.1,1.61,53.1,4.34,0.71,0.088,0.42,0.16,0.137,0.155,0.146,0.155,0.247,0.0,0.0,0.0,0.0,0.0,0.0,0.0,0,0.0,Unknown,0.0,0.0,0.0,0.0,0.0,0,0.0,Unknown,0.0,0.0,0.0,estimated_from_squad_profile,2026-06-05T00:33:08.162006+00:00
Algeria,Houssem Aouar,MF,Attacking Midfield,Al-Ittihad,Right,23.3,No. 10,Central creator,Between-lines chance creation,0,1.0,1258,17,8,0.26,0.27,0.25,0.25,1.62,0.62,3.62,1.63,65.37,84.5,3.68,2.32,1.04,60.3,0.62,32.3,0.44,0.108,14.77,37.3,2.21,62.3,1.35,56.3,6.36,1.27,0.157,0.05,0.07,0.09,0.1,0.16,0.22,0.36,0.0,0.0,0.0,0.0,0.0,0.0,0.0,0,0.0,Unknown,0.0,0.0,0.0,0.0,0.0,0,0.0,Unknown,0.0,0.0,0.0,estimated_from_squad_profile,2026-06-05T00:33:08.162006+00:00
Algeria,Amine Gouiri,FW,Centre-Forward,Marseille,Right,23.8,No. 9,Penalty-box finisher,Depth runs + shot volume,1,1.0,2680,36,29,0.38,0.16,0.36,0.15,2.33,0.9,5.23,0.89,42.23,75.8,2.52,3.48,1.64,56.0,0.83,29.8,0.2,0.049,13.28,34.0,1.41,56.0,1.29,49.0,4.48,0.84,0.105,0.34,0.155,0.141,0.159,0.15,0.159,0.236,0.0,0.0,0.0,0.0,0.0,0.0,0.0,0,0.0,Unknown,0.0,0.0,0.0,0.0,0.0,0,0.0,Unknown,0.0,0.0,0.0,estimated_from_squad_profile,2026-06-05T00:33:08.162006+00:00
Algeria,Farès Chaïbi,MF,Attacking Midfield,Eintracht Frankfurt,Right,23.6,No. 10,Central creator,Between-lines chance creation,1,1.0,2670,36,29,0.32,0.33,0.31,0.31,2.0,0.77,4.47,2.02,65.95,84.7,4.53,2.86,1.0,60.8,0.76,32.6,0.54,0.132,13.94,37.8,2.11,62.8,1.66,56.8,6.03,1.25,0.156,0.06,0.155,0.141,0.159,0.15,0.159,0.235,0.0,0.0,0.0,0.0,0.0,0.0,0.0,0,0.0,Unknown,0.0,0.0,0.0,0.0,0.0,0,0.0,Unknown,0.0,0.0,0.0,estimated_from_squad_profile,2026-06-05T00:33:08.162006+00:00
Algeria,Anis Hadj Moussa,FW,Right Winger,Feyenoord,Right,28.1,Winger,Wide creator,1v1 carry + crossing threat,0,1.0,1244,17,8,0.39,0.31,0.36,0.3,2.37,0.92,5.34,2.04,40.99,75.3,2.02,3.56,1.94,58.0,2.04,31.1,0.28,0.072,12.42,33.0,1.29,55.0,1.02,48.0,4.2,0.88,0.109,0.32,0.07,0.09,0.1,0.16,0.22,0.36,0.0,0.0,0.0,0.0,0.0,0.0,0.0,0,0.0,Unknown,0.0,0.0,0.0,0.0,0.0,0,0.0,Unknown,0.0,0.0,0.0,estimated_from_squad_profile,2026-06-05T00:33:08.162006+00:00
Algeria,Nadhir Benbouali,FW,Centre-Forward,Győri ETO,Right,21.6,No. 9,Penalty-box finisher,Depth runs + shot volume,0,1.0,1140,15,7,0.24,0.11,0.23,0.1,1.49,0.57,3.32,0.6,38.21,74.2,1.78,2.26,1.25,52.9,0.56,27.6,0.13,0.032,12.03,30.9,1.19,52.9,0.88,45.9,4.1,0.94,0.118,0.28,0.07,0.09,0.1,0.16,0.22,0.36,0.0,0.0,0.0,0.0,0.0,0.0,0.0,0,0.0,Unknown,0.0,0.0,0.0,0.0,0.0,0,0.0,Unknown,0.0,0.0,0.0,estimated_from_squad_profile,2026-06-05T00:33:08.162006+00:00
Algeria,Jaouen Hadjam,DF,Left-Back,Young Boys,Left,31.1,Fullback,Overlapping wide defender,Width + recovery runner,0,1.0,1245,17,8,0.14,0.18,0.14,0.17,0.9,0.35,1.98,1.15,61.02,87.3,3.06,2.27,1.0,67.1,1.87,36.1,0.12,0.028,11.1,40.1,2.65,68.1,2.66,66.1,5.39,1.17,0.189,0.03,0.07,0.09,0.1,0.16,0.22,0.36,0.0,0.0,0.0,0.0,0.0,0.0,0.0,0,0.0,Unknown,0.0,0.0,0.0,0.0,0.0,0,0.0,Unknown,0.0,0.0,0.0,estimated_from_squad_profile,2026-06-05T00:33:08.162006+00:00
Algeria,Hicham Boudaoui,MF,Central Midfield,Nice,Right,23.4,No. 8,Box-to-box midfielder,Progression + counter-press,0,1.0,1265,17,8,0.26,0.27,0.25,0.25,1.64,0.63,3.66,1.65,65.56,84.5,3.72,2.35,1.03,60.5,0.62,32.4,0.44,0.109,14.59,37.5,2.19,62.5,1.36,56.5,6.29,1.26,0.157,0.05,0.07,0.09,0.1,0.16,0.22,0.36,0.0,0.0,0.0,0.0,0.0,0.0,0.0,0,0.0,Unknown,0.0,0.0,0.0,0.0,0.0,0,0.0,Unknown,0.0,0.0,0.0,estimated_from_squad_profile,2026-06-05T00:33:08.162006+00:00
Algeria,Rayan Aït-Nouri,DF,Left-Back,Manchester City,Left,31.7,Fullback,Overlapping wide defender,Width + recovery runner,1,1.0,2678,36,29,0.18,0.23,0.17,0.22,1.14,0.44,2.5,1.47,62.17,87.8,3.87,2.79,1.06,67.9,2.25,36.7,0.16,0.036,11.78,40.9,2.94,68.9,3.41,66.9,5.82,1.15,0.185,0.04,0.155,0.141,0.159,0.15,0.159,0.236,0.0,0.0,0.0,0.0,0.0,0.0,0.0,0,0.0,Unknown,0.0,0.0,0.0,0.0,0.0,0,0.0,Unknown,0.0,0.0,0.0,estimated_from_squad_profile,2026-06-05T00:33:08.162006+00:00
Algeria,Oussama Benbot,GK,,USM Alger,Right,16.6,Goalkeeper,Sweeper keeper,Build-up keeper,0,1.0,801,10,5,0.0,0.01,0.0,0.01,0.0,0.0,0.02,0.03,24.6,64.8,2.96,0.05,0.0,0.0,0.0,0.0,0.01,0.0,1.47,24.6,0.09,40.9,0.37,46.7,3.3,0.05,0.034,0.0,0.0,0.0,0.0,0.0,0.0,0.0,3.25,66.8,-0.04,0.87,0.42,2.96,38.0,0,0.0,Unknown,0.0,0.0,0.0,0.0,0.0,0,0.0,Unknown,0.0,0.0,0.0,estimated_from_squad_profile,2026-06-05T00:33:08.162006+00:00
Algeria,Rafik Belghali,DF,Right-Back,Hellas Verona,Right,27.7,Fullback,Overlapping wide defender,Width + recovery runner,0,1.0,1214,16,7,0.13,0.17,0.13,0.16,0.86,0.33,1.89,1.09,60.19,87.0,2.93,2.22,1.0,66.4,1.85,35.7,0.12,0.027,11.14,39.4,2.57,67.4,2.52,65.4,5.33,1.2,0.191,0.03,0.07,0.09,0.1,0.16,0.22,0.36,0.0,0.0,0.0,0.0,0.0,0.0,0.0,0,0.0,Unknown,0.0,0.0,0.0,0.0,0.0,0,0.0,Unknown,0.0,0.0,0.0,estimated_from_squad_profile,2026-06-05T00:33:08.162006+00:00
Algeria,Mohamed Amoura,FW,Centre-Forward,VfL Wolfsburg,Right,24.9,No. 9,Penalty-box finisher,Depth runs + shot volume,1,1.0,2759,37,29,0.43,0.18,0.4,0.17,2.63,1.01,5.9,0.99,44.36,76.7,2.74,3.9,1.85,57.6,0.92,30.9,0.22,0.055,13.95,35.6,1.53,57.6,1.42,50.6,4.68,0.79,0.098,0.37,0.157,0.139,0.158,0.148,0.158,0.24,0.0,0.0,0.0,0.0,0.0,0.0,0.0,0,0.0,Unknown,0.0,0.0,0.0,0.0,0.0,0,0.0,Unknown,0.0,0.0,0.0,estimated_from_squad_profile,2026-06-05T00:33:08.162006+00:00
Algeria,Nabil Bentaleb,MF,Defensive Midfield,Lille,Right,24.4,No. 6,Holding midfielder,Press resistance + ball winning,1,1.0,2723,37,29,0.28,0.17,0.27,0.16,1.75,0.67,3.91,0.94,67.38,85.3,4.88,3.08,1.08,61.9,0.81,33.4,0.42,0.101,14.52,38.9,2.62,63.9,1.78,57.9,6.34,1.22,0.151,0.06,0.156,0.14,0.158,0.149,0.158,0.238,0.0,0.0,0.0,0.0,0.0,0.0,0.0,0,0.0,Unknown,0.0,0.0,0.0,0.0,0.0,0,0.0,Unknown,0.0,0.0,0.0,estimated_from_squad_profile,2026-06-05T00:33:08.162006+00:00
Algeria,Adil Boulbina,FW,Left Winger,Al-Duhail,Left,30.4,Winger,Wide creator,1v1 carry + crossing threat,0,1.0,1199,16,7,0.36,0.29,0.33,0.27,2.18,0.84,4.9,1.87,39.79,74.8,1.91,3.36,1.79,57.1,2.0,30.4,0.27,0.069,11.83,32.1,1.21,54.1,0.96,47.1,4.01,0.91,0.112,0.3,0.07,0.09,0.1,0.16,0.22,0.36,0.0,0.0,0.0,0.0,0.0,0.0,0.0,0,0.0,Unknown,0.0,0.0,0.0,0.0,0.0,0,0.0,Unknown,0.0,0.0,0.0,estimated_from_squad_profile,2026-06-05T00:33:08.162006+00:00
Algeria,Ramy Bensebaini,DF,Centre-Back,Borussia Dortmund,Right,25.8,Centre-back,Ball-playing defender,Rest-defense anchor,1,1.0,2821,38,30,0.14,0.19,0.14,0.18,0.91,0.35,1.98,1.06,66.02,89.4,4.62,2.09,0.65,67.9,0.7,36.8,0.19,0.043,12.15,43.9,3.44,71.9,4.22,69.9,6.31,1.05,0.173,0.04,0.159,0.138,0.156,0.147,0.156,0.244,0.0,0.0,0.0,0.0,0.0,0.0,0.0,0,0.0,Unknown,0.0,0.0,0.0,0.0,0.0,0,0.0,Unknown,0.0,0.0,0.0,estimated_from_squad_profile,2026-06-05T00:33:08.162006+00:00
Algeria,Ibrahim Maza,MF,Attacking Midfield,Bayer Leverkusen,Right,23.5,No. 10,Central creator,Between-lines chance creation,1,1.0,2663,36,28,0.32,0.33,0.3,0.3,1.98,0.76,4.42,2.0,65.79,84.6,4.48,2.83,0.93,60.7,0.75,32.5,0.53,0.131,13.07,37.7,1.97,62.7,1.64,56.7,5.64,1.26,0.156,0.06,0.155,0.141,0.16,0.15,0.16,0.235,0.0,0.0,0.0,0.0,0.0,0.0,0.0,0,0.0,Unknown,0.0,0.0,0.0,0.0,0.0,0,0.0,Unknown,0.0,0.0,0.0,estimated_from_squad_profile,2026-06-05T00:33:08.162006+00:00
Algeria,Luca Zidane,GK,Goalkeeper,Granada,Right,21.6,Goalkeeper,Sweeper keeper,Build-up keeper,1,1.0,2531,34,27,0.0,0.01,0.0,0.01,0.0,0.0,0.02,0.05,29.59,71.0,4.29,0.11,0.0,0.0,0.0,0.0,0.01,0.0,2.05,29.1,0.15,48.4,0.51,52.5,4.13,0.07,0.026,0.0,0.0,0.0,0.0,0.0,0.0,0.0,2.88,73.9,0.043,1.45,1.05,2.63,46.8,0,0.0,Unknown,0.0,0.0,0.0,0.0,0.0,0,0.0,Unknown,0.0,0.0,0.0,estimated_from_squad_profile,2026-06-05T00:33:08.162006+00:00
Algeria,Yacine Titraoui,MF,,Charleroi,Right,16.6,No. 8,Box-to-box midfielder,Progression + counter-press,0,1.0,801,10,5,0.05,0.04,0.06,0.03,0.38,0.14,0.78,0.25,53.1,79.5,1.15,0.73,0.29,50.9,0.24,25.6,0.06,0.014,8.62,27.9,0.71,52.9,0.46,46.9,3.15,1.57,0.197,0.03,0.07,0.09,0.1,0.16,0.22,0.36,0.0,0.0,0.0,0.0,0.0,0.0,0.0,0,0.0,Unknown,0.0,0.0,0.0,0.0,0.0,0,0.0,Unknown,0.0,0.0,0.0,estimated_from_squad_profile,2026-06-05T00:33:08.162006+00:00
Algeria,Farès Ghedjemis,FW,Right Winger,Frosinone,Right,27.1,Winger,Wide creator,1v1 carry + crossing threat,0,1.0,1176,16,7,0.34,0.28,0.32,0.26,2.08,0.8,4.67,1.78,39.17,74.6,1.86,3.26,1.73,56.6,1.98,30.1,0.26,0.068,11.65,31.6,1.18,53.6,0.93,46.6,3.96,0.92,0.114,0.29,0.07,0.09,0.1,0.16,0.22,0.36,0.0,0.0,0.0,0.0,0.0,0.0,0.0,0,0.0,Unknown,0.0,0.0,0.0,0.0,0.0,0,0.0,Unknown,0.0,0.0,0.0,estimated_from_squad_profile,2026-06-05T00:33:08.162006+00:00
Algeria,Samir Chergui,DF,Centre-Back,Paris FC,Right,21.9,Centre-back,Ball-playing defender,Rest-defense anchor,0,1.0,1163,15,7,0.08,0.11,0.09,0.1,0.58,0.22,1.24,0.62,58.84,86.4,2.7,1.29,0.52,62.4,0.44,32.9,0.11,0.025,11.46,38.4,2.49,66.4,2.28,64.4,5.37,1.23,0.196,0.03,0.07,0.09,0.1,0.16,0.22,0.36,0.0,0.0,0.0,0.0,0.0,0.0,0.0,0,0.0,Unknown,0.0,0.0,0.0,0.0,0.0,0,0.0,Unknown,0.0,0.0,0.0,estimated_from_squad_profile,2026-06-05T00:33:08.162006+00:00
Argentina,Juan Musso,GK,Goalkeeper,Atlético Madrid,Right,21.9,Goalkeeper,Sweeper keeper,Build-up keeper,0,1.0,1161,15,7,0.0,0.01,0.0,0.01,0.0,0.0,0.02,0.05,29.88,71.3,4.37,0.12,0.0,0.0,0.0,0.0,0.01,0.0,2.09,29.4,0.15,48.8,0.52,52.9,4.18,0.07,0.025,0.0,0.0,0.0,0.0,0.0,0.0,0.0,2.86,74.3,0.048,1.49,1.08,2.61,47.3,0,0.0,Unknown,0.0,0.0,0.0,0.0,0.0,0,0.0,Unknown,0.0,0.0,0.0,estimated_from_squad_profile,2026-06-05T00:33:08.162006+00:00
Argentina,Leonardo Balerdi,DF,Centre-Back,Marseille,Right,22.8,Centre-back,Ball-playing defender,Rest-defense anchor,0,1.0,1227,16,7,0.09,0.12,0.09,0.12,0.62,0.24,1.34,0.68,60.55,87.1,2.98,1.4,0.56,63.7,0.47,33.8,0.12,0.028,11.85,39.7,2.77,67.7,2.58,65.7,5.71,1.19,0.19,0.03,0.07,0.09,0.1,0.16,0.22,0.36,0.0,0.0,0.0,0.0,0.0,0.0,0.0,0,0.0,Unknown,0.0,0.0,0.0,0.0,0.0,0,0.0,Unknown,0.0,0.0,0.0,estimated_from_squad_profile,2026-06-05T00:33:08.162006+00:00
Argentina,Nicolás Tagliafico,DF,Left-Back,Lyon,Left,32.6,Fullback,Overlapping wide defender,Width + recovery runner,1,1.0,2735,37,29,0.19,0.25,0.19,0.24,1.22,0.47,2.7,1.6,63.71,88.4,4.17,2.91,1.02,69.1,2.29,37.6,0.17,0.039,11.21,42.1,2.95,70.1,3.73,68.1,5.66,1.11,0.18,0.04,0.157,0.139,0.158,0.149,0.158,0.239,0.0,0.0,0.0,0.0,0.0,0.0,0.0,0,0.0,Unknown,0.0,0.0,0.0,0.0,0.0,0,0.0,Unknown,0.0,0.0,0.0,estimated_from_squad_profile,2026-06-05T00:33:08.162006+00:00
Argentina,Gonzalo Montiel,DF,Right-Back,River Plate,Right,28.5,Fullback,Overlapping wide defender,Width + recovery runner,0,1.0,1272,17,8,0.14,0.19,0.14,0.18,0.94,0.36,2.06,1.2,61.75,87.6,3.18,2.32,1.05,67.6,1.88,36.5,0.13,0.029,11.69,40.6,2.87,68.6,2.79,66.6,5.74,1.16,0.186,0.04,0.07,0.09,0.1,0.16,0.22,0.36,0.0,0.0,0.0,0.0,0.0,0.0,0.0,0,0.0,Unknown,0.0,0.0,0.0,0.0,0.0,0,0.0,Unknown,0.0,0.0,0.0,estimated_from_squad_profile,2026-06-05T00:33:08.162006+00:00
Argentina,Leandro Paredes,MF,Defensive Midfield,Boca Juniors,Right,25.0,No. 6,Holding midfielder,Press resistance + ball winning,1,1.0,2762,37,30,0.3,0.18,0.28,0.17,1.85,0.71,4.13,0.99,68.44,85.7,5.13,3.24,1.13,62.7,0.85,34.0,0.45,0.107,14.94,39.7,2.76,64.7,1.87,58.7,6.57,1.19,0.148,0.06,0.157,0.139,0.157,0.148,0.157,0.241,0.0,0.0,0.0,0.0,0.0,0.0,0.0,0,0.0,Unknown,0.0,0.0,0.0,0.0,0.0,0,0.0,Unknown,0.0,0.0,0.0,estimated_from_squad_profile,2026-06-05T00:33:08.162006+00:00
Argentina,Lisandro Martínez,DF,Centre-Back,Manchester United,Right,23.8,Centre-back,Ball-playing defender,Rest-defense anchor,0,1.0,1293,17,8,0.1,0.14,0.1,0.13,0.67,0.25,1.44,0.75,62.3,87.9,3.27,1.52,0.6,65.1,0.51,34.8,0.13,0.03,12.03,41.1,3.02,69.1,2.89,67.1,5.95,1.14,0.184,0.04,0.07,0.09,0.1,0.16,0.22,0.36,0.0,0.0,0.0,0.0,0.0,0.0,0.0,0,0.0,Unknown,0.0,0.0,0.0,0.0,0.0,0,0.0,Unknown,0.0,0.0,0.0,estimated_from_squad_profile,2026-06-05T00:33:08.162006+00:00
Argentina,Rodrigo De Paul,MF,Central Midfield,Inter Miami CF,Right,25.4,No. 8,Box-to-box midfielder,Progression + counter-press,1,1.0,2792,38,30,0.39,0.4,0.37,0.37,2.39,0.92,5.35,2.44,69.24,86.1,5.33,3.36,1.15,63.3,0.88,34.4,0.62,0.152,14.97,40.3,2.42,65.3,1.94,59.3,6.62,1.17,0.145,0.06,0.158,0.138,0.157,0.148,0.157,0.242,0.0,0.0,0.0,0.0,0.0,0.0,0.0,0,0.0,Unknown,0.0,0.0,0.0,0.0,0.0,0,0.0,Unknown,0.0,0.0,0.0,estimated_from_squad_profile,2026-06-05T00:33:08.162006+00:00
Argentina,Valentín Barco,MF,Central Midfield,Strasbourg,Right,22.9,No. 8,Box-to-box midfielder,Progression + counter-press,0,1.0,1233,16,7,0.25,0.26,0.24,0.24,1.55,0.6,3.46,1.56,64.69,84.2,3.54,2.24,0.89,59.8,0.6,31.9,0.43,0.105,12.92,36.8,1.9,61.8,1.3,55.8,5.53,1.28,0.16,0.05,0.07,0.09,0.1,0.16,0.22,0.36,0.0,0.0,0.0,0.0,0.0,0.0,0.0,0,0.0,Unknown,0.0,0.0,0.0,0.0,0.0,0,0.0,Unknown,0.0,0.0,0.0,estimated_from_squad_profile,2026-06-05T00:33:08.162006+00:00
Argentina,Julián Alvarez,FW,Centre-Forward,Atlético Madrid,Right,25.5,No. 9,Penalty-box finisher,Depth runs + shot volume,1,1.0,2797,38,30,0.45,0.19,0.43,0.18,2.77,1.07,6.23,1.03,45.37,77.1,2.84,4.1,1.95,58.4,0.96,31.5,0.23,0.057,14.27,36.4,1.58,58.4,1.48,51.4,4.77,0.77,0.095,0.39,0.158,0.138,0.157,0.147,0.157,0.243,0.0,0.0,0.0,0.0,0.0,0.0,0.0,0,0.0,Unknown,0.0,0.0,0.0,0.0,0.0,0,0.0,Unknown,0.0,0.0,0.0,estimated_from_squad_profile,2026-06-05T00:33:08.162006+00:00
Argentina,Lionel Messi,FW,Right Winger,Inter Miami CF,Left,35.0,Winger,Wide creator,1v1 carry + crossing threat,1,1.0,2898,39,31,0.7,0.56,0.64,0.53,4.18,1.61,9.45,3.62,48.09,78.2,3.11,5.63,2.21,63.5,2.72,35.0,0.41,0.105,12.35,38.5,1.41,60.5,1.64,53.5,4.1,0.7,0.086,0.43,0.161,0.136,0.155,0.146,0.155,0.248,0.0,0.0,0.0,0.0,0.0,0.0,0.0,4,100.0,Right,25.0,25.0,50.0,0.0,0.0,0,0.0,Unknown,0.0,0.0,0.0,estimated_from_squad_profile,2026-06-05T00:33:08.162006+00:00
Argentina,Giovani Lo Celso,MF,Attacking Midfield,Real Betis,Right,24.8,No. 10,Central creator,Between-lines chance creation,0,1.0,1357,18,8,0.31,0.31,0.29,0.29,1.88,0.73,4.22,1.92,68.04,85.6,4.23,2.67,1.13,62.4,0.7,33.8,0.5,0.122,15.07,39.4,2.38,64.4,1.54,58.4,6.61,1.2,0.149,0.06,0.07,0.09,0.1,0.16,0.22,0.36,0.0,0.0,0.0,0.0,0.0,0.0,0.0,0,0.0,Unknown,0.0,0.0,0.0,0.0,0.0,0,0.0,Unknown,0.0,0.0,0.0,estimated_from_squad_profile,2026-06-05T00:33:08.162006+00:00
Argentina,Gerónimo Rulli,GK,Goalkeeper,Marseille,Right,22.3,Goalkeeper,Sweeper keeper,Build-up keeper,0,1.0,1189,16,7,0.0,0.01,0.0,0.01,0.0,0.0,0.02,0.06,30.28,71.9,4.48,0.12,0.0,0.0,0.0,0.0,0.01,0.0,2.13,29.8,0.16,49.4,0.53,53.3,4.25,0.08,0.025,0.0,0.0,0.0,0.0,0.0,0.0,0.0,2.83,74.9,0.055,1.53,1.14,2.58,48.0,0,0.0,Unknown,0.0,0.0,0.0,0.0,0.0,0,0.0,Unknown,0.0,0.0,0.0,estimated_from_squad_profile,2026-06-05T00:33:08.162006+00:00
Argentina,Cristian Romero,DF,Centre-Back,Tottenham Hotspur,Right,24.9,Centre-back,Ball-playing defender,Rest-defense anchor,1,1.0,2758,37,29,0.13,0.18,0.13,0.17,0.86,0.33,1.86,0.98,64.33,88.7,4.29,1.96,0.65,66.6,0.66,35.9,0.17,0.04,12.48,42.6,3.35,70.6,3.86,68.6,6.35,1.09,0.178,0.04,0.157,0.139,0.158,0.148,0.158,0.24,0.0,0.0,0.0,0.0,0.0,0.0,0.0,0,0.0,Unknown,0.0,0.0,0.0,0.0,0.0,0,0.0,Unknown,0.0,0.0,0.0,estimated_from_squad_profile,2026-06-05T00:33:08.162006+00:00
Argentina,Exequiel Palacios,MF,Central Midfield,Bayer Leverkusen,Right,23.9,No. 8,Box-to-box midfielder,Progression + counter-press,0,1.0,1298,17,8,0.28,0.29,0.26,0.27,1.73,0.67,3.86,1.75,66.46,84.9,3.9,2.46,1.1,61.2,0.65,32.9,0.46,0.114,15.24,38.2,2.34,63.2,1.43,57.2,6.62,1.24,0.154,0.06,0.07,0.09,0.1,0.16,0.22,0.36,0.0,0.0,0.0,0.0,0.0,0.0,0.0,0,0.0,Unknown,0.0,0.0,0.0,0.0,0.0,0,0.0,Unknown,0.0,0.0,0.0,estimated_from_squad_profile,2026-06-05T00:33:08.162006+00:00
Argentina,Nicolás González,MF,,Atlético Madrid,Right,18.2,No. 8,Box-to-box midfielder,Progression + counter-press,0,1.0,907,12,5,0.09,0.06,0.09,0.05,0.6,0.23,1.28,0.36,55.95,80.6,1.74,1.1,0.47,53.0,0.33,27.2,0.12,0.028,10.51,30.0,1.09,55.0,0.66,49.0,4.06,1.5,0.187,0.04,0.07,0.09,0.1,0.16,0.22,0.36,0.0,0.0,0.0,0.0,0.0,0.0,0.0,0,0.0,Unknown,0.0,0.0,0.0,0.0,0.0,0,0.0,Unknown,0.0,0.0,0.0,estimated_from_squad_profile,2026-06-05T00:33:08.162006+00:00
Argentina,Thiago Almada,FW,Left Winger,Atlético Madrid,Left,31.2,Winger,Wide creator,1v1 carry + crossing threat,0,1.0,1250,17,8,0.39,0.32,0.37,0.3,2.4,0.92,5.4,2.06,41.15,75.4,2.03,3.59,1.99,58.2,2.05,31.2,0.28,0.072,12.71,33.2,1.33,55.2,1.03,48.2,4.29,0.87,0.108,0.32,0.07,0.09,0.1,0.16,0.22,0.36,0.0,0.0,0.0,0.0,0.0,0.0,0.0,0,0.0,Unknown,0.0,0.0,0.0,0.0,0.0,0,0.0,Unknown,0.0,0.0,0.0,estimated_from_squad_profile,2026-06-05T00:33:08.162006+00:00
Argentina,Giuliano Simeone,FW,Right Winger,Atlético Madrid,Right,28.2,Winger,Wide creator,1v1 carry + crossing threat,0,1.0,1251,17,8,0.4,0.32,0.37,0.3,2.41,0.93,5.41,2.07,41.2,75.4,2.03,3.59,1.92,58.2,2.05,31.2,0.28,0.072,12.25,33.2,1.28,55.2,1.03,48.2,4.14,0.87,0.108,0.32,0.07,0.09,0.1,0.16,0.22,0.36,0.0,0.0,0.0,0.0,0.0,0.0,0.0,0,0.0,Unknown,0.0,0.0,0.0,0.0,0.0,0,0.0,Unknown,0.0,0.0,0.0,estimated_from_squad_profile,2026-06-05T00:33:08.162006+00:00
Argentina,Nico Paz,FW,Attacking Midfield,Como,Right,23.4,No. 10,Central creator,Between-lines chance creation,0,1.0,1263,17,8,0.36,0.27,0.33,0.25,2.18,0.84,4.89,1.65,41.5,75.5,2.06,2.81,1.43,55.4,0.67,29.4,0.28,0.073,11.86,33.4,1.25,55.4,1.05,48.4,4.0,0.86,0.107,0.33,0.07,0.09,0.1,0.16,0.22,0.36,0.0,0.0,0.0,0.0,0.0,0.0,0.0,0,0.0,Unknown,0.0,0.0,0.0,0.0,0.0,0,0.0,Unknown,0.0,0.0,0.0,estimated_from_squad_profile,2026-06-05T00:33:08.162006+00:00
Argentina,Nicolás Otamendi,DF,Centre-Back,Benfica,Right,25.4,Centre-back,Ball-playing defender,Rest-defense anchor,0,1.0,1398,19,9,0.11,0.16,0.11,0.15,0.74,0.28,1.61,0.86,65.14,89.0,3.74,1.7,0.54,67.2,0.57,36.4,0.15,0.035,10.34,43.2,2.85,71.2,3.39,69.2,5.32,1.07,0.175,0.04,0.07,0.09,0.1,0.16,0.22,0.36,0.0,0.0,0.0,0.0,0.0,0.0,0.0,0,0.0,Unknown,0.0,0.0,0.0,0.0,0.0,0,0.0,Unknown,0.0,0.0,0.0,estimated_from_squad_profile,2026-06-05T00:33:08.162006+00:00
Argentina,Alexis Mac Allister,MF,Central Midfield,Liverpool,Right,24.9,No. 8,Box-to-box midfielder,Progression + counter-press,1,1.0,2761,37,30,0.37,0.38,0.35,0.36,2.29,0.88,5.13,2.33,68.4,85.7,5.13,3.23,1.22,62.7,0.85,33.9,0.6,0.147,16.08,39.7,2.56,64.7,1.87,58.7,7.08,1.19,0.148,0.06,0.157,0.139,0.157,0.148,0.157,0.241,0.0,0.0,0.0,0.0,0.0,0.0,0.0,0,0.0,Unknown,0.0,0.0,0.0,0.0,0.0,0,0.0,Unknown,0.0,0.0,0.0,estimated_from_squad_profile,2026-06-05T00:33:08.162006+00:00
Argentina,José Manuel López,FW,Centre-Forward,Palmeiras,Right,22.7,No. 9,Penalty-box finisher,Depth runs + shot volume,0,1.0,1217,16,7,0.28,0.12,0.26,0.11,1.73,0.67,3.87,0.67,40.28,75.0,1.96,2.6,1.42,54.5,0.63,28.7,0.15,0.037,12.44,32.5,1.28,54.5,0.99,47.5,4.21,0.89,0.111,0.31,0.07,0.09,0.1,0.16,0.22,0.36,0.0,0.0,0.0,0.0,0.0,0.0,0.0,0,0.0,Unknown,0.0,0.0,0.0,0.0,0.0,0,0.0,Unknown,0.0,0.0,0.0,estimated_from_squad_profile,2026-06-05T00:33:08.162006+00:00
Argentina,Lautaro Martínez,FW,Centre-Forward,Inter Milan,Right,27.3,No. 9,Penalty-box finisher,Depth runs + shot volume,1,1.0,2921,40,31,0.53,0.22,0.5,0.21,3.23,1.25,7.29,1.18,48.7,78.5,3.17,4.75,2.28,61.0,1.1,33.3,0.27,0.066,15.31,39.0,1.76,61.0,1.67,54.0,5.08,0.68,0.084,0.44,0.161,0.136,0.154,0.145,0.154,0.25,0.0,0.0,0.0,0.0,0.0,0.0,0.0,0,0.0,Unknown,0.0,0.0,0.0,0.0,0.0,0,0.0,Unknown,0.0,0.0,0.0,estimated_from_squad_profile,2026-06-05T00:33:08.162006+00:00
Argentina,Emiliano Martínez,GK,Defensive Midfield,Aston Villa,Right,24.1,Goalkeeper,Sweeper keeper,Build-up keeper,1,1.0,2701,37,29,0.0,0.01,0.0,0.01,0.0,0.0,0.02,0.06,32.08,74.1,4.95,0.15,0.0,0.0,0.0,0.0,0.01,0.0,2.34,31.4,0.18,52.1,0.59,55.4,4.55,0.08,0.022,0.0,0.0,0.0,0.0,0.0,0.0,0.0,2.69,77.4,0.085,1.74,1.36,2.46,51.1,0,0.0,Unknown,0.0,0.0,0.0,0.0,0.0,8,0.0,Center,25.0,37.5,37.5,estimated_from_squad_profile,2026-06-05T00:33:08.162006+00:00
Argentina,Enzo Fernández,MF,Central Midfield,Chelsea,Right,24.9,No. 8,Box-to-box midfielder,Progression + counter-press,1,1.0,2758,37,29,0.37,0.38,0.35,0.35,2.28,0.88,5.11,2.32,68.33,85.7,5.11,3.22,1.17,62.6,0.84,33.9,0.6,0.146,15.47,39.6,2.46,64.6,1.86,58.6,6.81,1.19,0.148,0.06,0.157,0.139,0.158,0.148,0.158,0.24,0.0,0.0,0.0,0.0,0.0,0.0,0.0,0,0.0,Unknown,0.0,0.0,0.0,0.0,0.0,0,0.0,Unknown,0.0,0.0,0.0,estimated_from_squad_profile,2026-06-05T00:33:08.162006+00:00
Argentina,Facundo Medina,DF,Centre-Back,Marseille,Right,22.7,Centre-back,Ball-playing defender,Rest-defense anchor,0,1.0,1218,16,7,0.09,0.12,0.09,0.11,0.62,0.23,1.32,0.67,60.3,87.0,2.94,1.39,0.56,63.5,0.47,33.7,0.12,0.027,11.79,39.5,2.73,67.5,2.54,65.5,5.66,1.19,0.191,0.03,0.07,0.09,0.1,0.16,0.22,0.36,0.0,0.0,0.0,0.0,0.0,0.0,0.0,0,0.0,Unknown,0.0,0.0,0.0,0.0,0.0,0,0.0,Unknown,0.0,0.0,0.0,estimated_from_squad_profile,2026-06-05T00:33:08.162006+00:00
Argentina,Nahuel Molina,DF,Right-Back,Atlético Madrid,Right,29.5,Fullback,Overlapping wide defender,Width + recovery runner,1,1.0,2731,37,29,0.19,0.25,0.18,0.24,1.22,0.47,2.68,1.59,63.59,88.4,4.15,2.9,1.12,69.0,2.29,37.5,0.17,0.038,12.32,42.0,3.23,70.0,3.71,68.0,6.2,1.11,0.18,0.04,0.157,0.14,0.158,0.149,0.158,0.239,0.0,0.0,0.0,0.0,0.0,0.0,0.0,0,0.0,Unknown,0.0,0.0,0.0,0.0,0.0,0,0.0,Unknown,0.0,0.0,0.0,estimated_from_squad_profile,2026-06-05T00:33:08.162006+00:00
Austria,Alexander Schlager,GK,Goalkeeper,Red Bull Salzburg,Right,22.5,Goalkeeper,Sweeper keeper,Build-up keeper,1,1.0,2594,35,28,0.0,0.01,0.0,0.01,0.0,0.0,0.02,0.06,30.5,72.1,4.53,0.13,0.0,0.0,0.0,0.0,0.01,0.0,2.16,30.0,0.16,49.8,0.54,53.6,4.28,0.08,0.024,0.0,0.0,0.0,0.0,0.0,0.0,0.0,2.81,75.2,0.058,1.56,1.16,2.57,48.4,0,0.0,Unknown,0.0,0.0,0.0,0.0,0.0,0,0.0,Unknown,0.0,0.0,0.0,estimated_from_squad_profile,2026-06-05T00:33:08.162006+00:00
Austria,David Affengruber,DF,Centre-Back,Elche,Right,22.2,Centre-back,Ball-playing defender,Rest-defense anchor,0,1.0,1186,16,7,0.08,0.12,0.09,0.11,0.59,0.23,1.27,0.64,59.43,86.7,2.8,1.33,0.52,62.8,0.45,33.2,0.11,0.026,11.18,38.8,2.49,66.8,2.39,64.8,5.29,1.21,0.194,0.03,0.07,0.09,0.1,0.16,0.22,0.36,0.0,0.0,0.0,0.0,0.0,0.0,0.0,0,0.0,Unknown,0.0,0.0,0.0,0.0,0.0,0,0.0,Unknown,0.0,0.0,0.0,estimated_from_squad_profile,2026-06-05T00:33:08.162006+00:00
Austria,Kevin Danso,DF,Centre-Back,Tottenham Hotspur,Right,23.6,Centre-back,Ball-playing defender,Rest-defense anchor,0,1.0,1279,17,8,0.1,0.13,0.1,0.12,0.66,0.25,1.42,0.74,61.93,87.7,3.21,1.49,0.6,64.8,0.5,34.6,0.13,0.03,12.16,40.8,3.01,68.8,2.82,66.8,5.99,1.15,0.186,0.04,0.07,0.09,0.1,0.16,0.22,0.36,0.0,0.0,0.0,0.0,0.0,0.0,0.0,0,0.0,Unknown,0.0,0.0,0.0,0.0,0.0,0,0.0,Unknown,0.0,0.0,0.0,estimated_from_squad_profile,2026-06-05T00:33:08.162006+00:00
Austria,Xaver Schlager,MF,Central Midfield,RB Leipzig,Right,24.3,No. 8,Box-to-box midfielder,Progression + counter-press,1,1.0,2715,37,29,0.35,0.36,0.33,0.33,2.14,0.82,4.79,2.17,67.17,85.2,4.82,3.04,1.13,61.7,0.8,33.3,0.57,0.14,15.27,38.7,2.38,63.7,1.76,57.7,6.66,1.22,0.152,0.06,0.156,0.14,0.158,0.149,0.158,0.238,0.0,0.0,0.0,0.0,0.0,0.0,0.0,0,0.0,Unknown,0.0,0.0,0.0,0.0,0.0,0,0.0,Unknown,0.0,0.0,0.0,estimated_from_squad_profile,2026-06-05T00:33:08.162006+00:00
Austria,Stefan Posch,DF,Centre-Back,Mainz 05,Right,24.5,Centre-back,Ball-playing defender,Rest-defense anchor,1,1.0,2731,37,29,0.12,0.17,0.13,0.16,0.84,0.32,1.81,0.95,63.6,88.4,4.15,1.91,0.62,66.1,0.64,35.5,0.17,0.038,12.09,42.1,3.17,70.1,3.71,68.1,6.09,1.11,0.18,0.04,0.157,0.14,0.158,0.149,0.158,0.239,0.0,0.0,0.0,0.0,0.0,0.0,0.0,0,0.0,Unknown,0.0,0.0,0.0,0.0,0.0,0,0.0,Unknown,0.0,0.0,0.0,estimated_from_squad_profile,2026-06-05T00:33:08.162006+00:00
Austria,Nicolas Seiwald,MF,Defensive Midfield,RB Leipzig,Right,24.3,No. 6,Holding midfielder,Press resistance + ball winning,1,1.0,2714,37,29,0.28,0.17,0.26,0.16,1.73,0.67,3.86,0.93,67.16,85.2,4.82,3.04,1.1,61.7,0.8,33.3,0.42,0.1,14.98,38.7,2.69,63.7,1.76,57.7,6.54,1.22,0.152,0.06,0.156,0.14,0.158,0.149,0.158,0.238,0.0,0.0,0.0,0.0,0.0,0.0,0.0,0,0.0,Unknown,0.0,0.0,0.0,0.0,0.0,0,0.0,Unknown,0.0,0.0,0.0,estimated_from_squad_profile,2026-06-05T00:33:08.162006+00:00
Austria,Marko Arnautović,FW,Centre-Forward,Red Star Belgrade,Right,26.3,No. 9,Penalty-box finisher,Depth runs + shot volume,1,1.0,2851,39,30,0.49,0.2,0.46,0.19,2.97,1.15,6.69,1.1,46.82,77.7,2.98,4.38,1.75,59.5,1.02,32.3,0.25,0.061,12.29,37.5,1.39,59.5,1.56,52.5,4.1,0.73,0.09,0.41,0.159,0.137,0.156,0.146,0.156,0.246,0.0,0.0,0.0,0.0,0.0,0.0,0.0,0,0.0,Unknown,0.0,0.0,0.0,0.0,0.0,0,0.0,Unknown,0.0,0.0,0.0,estimated_from_squad_profile,2026-06-05T00:33:08.162006+00:00
Austria,David Alaba,DF,Centre-Back,Real Madrid,Left,29.4,Centre-back,Ball-playing defender,Rest-defense anchor,1,1.0,2860,39,31,0.14,0.2,0.14,0.19,0.94,0.36,2.06,1.11,67.06,89.8,4.83,2.17,0.65,68.7,0.73,37.4,0.2,0.045,11.89,44.7,3.46,72.7,4.44,70.7,6.25,1.02,0.169,0.04,0.16,0.137,0.155,0.146,0.155,0.246,0.0,0.0,0.0,0.0,0.0,0.0,0.0,0,0.0,Unknown,0.0,0.0,0.0,0.0,0.0,0,0.0,Unknown,0.0,0.0,0.0,estimated_from_squad_profile,2026-06-05T00:33:08.162006+00:00
Austria,Marcel Sabitzer,MF,Central Midfield,Borussia Dortmund,Right,26.6,No. 8,Box-to-box midfielder,Progression + counter-press,1,1.0,2874,39,31,0.43,0.45,0.41,0.42,2.65,1.02,5.95,2.72,71.44,87.0,5.87,3.7,1.27,65.0,0.96,35.6,0.68,0.165,15.83,42.0,2.65,67.0,2.13,61.0,7.09,1.11,0.138,0.07,0.16,0.137,0.155,0.146,0.155,0.247,0.0,0.0,0.0,0.0,0.0,0.0,0.0,0,0.0,Unknown,0.0,0.0,0.0,0.0,0.0,0,0.0,Unknown,0.0,0.0,0.0,estimated_from_squad_profile,2026-06-05T00:33:08.162006+00:00
Austria,Florian Grillitsch,MF,Defensive Midfield,Braga,Right,23.7,No. 6,Holding midfielder,Press resistance + ball winning,0,1.0,1289,17,8,0.22,0.14,0.21,0.13,1.38,0.53,3.08,0.75,66.2,84.8,3.85,2.43,1.03,61.0,0.64,32.7,0.33,0.079,14.32,38.0,2.51,63.0,1.41,57.0,6.2,1.24,0.155,0.06,0.07,0.09,0.1,0.16,0.22,0.36,0.0,0.0,0.0,0.0,0.0,0.0,0.0,0,0.0,Unknown,0.0,0.0,0.0,0.0,0.0,0,0.0,Unknown,0.0,0.0,0.0,estimated_from_squad_profile,2026-06-05T00:33:08.162006+00:00
Austria,Michael Gregoritsch,FW,Centre-Forward,FC Augsburg,Right,25.2,No. 9,Penalty-box finisher,Depth runs + shot volume,1,1.0,2776,38,30,0.44,0.18,0.41,0.17,2.69,1.04,6.05,1.01,44.81,76.9,2.78,3.99,1.76,58.0,0.94,31.2,0.22,0.056,13.06,36.0,1.44,58.0,1.44,51.0,4.37,0.78,0.097,0.38,0.158,0.139,0.157,0.148,0.157,0.241,0.0,0.0,0.0,0.0,0.0,0.0,0.0,0,0.0,Unknown,0.0,0.0,0.0,0.0,0.0,0,0.0,Unknown,0.0,0.0,0.0,estimated_from_squad_profile,2026-06-05T00:33:08.162006+00:00
Austria,Florian Wiegele,GK,Goalkeeper,Viktoria Plzeň,Right,21.7,Goalkeeper,Sweeper keeper,Build-up keeper,0,1.0,1148,15,7,0.0,0.01,0.0,0.01,0.0,0.0,0.02,0.05,29.69,71.1,4.32,0.12,0.0,0.0,0.0,0.0,0.01,0.0,2.06,29.2,0.15,48.5,0.52,52.6,4.15,0.07,0.026,0.0,0.0,0.0,0.0,0.0,0.0,0.0,2.87,74.1,0.045,1.46,1.06,2.62,47.0,0,0.0,Unknown,0.0,0.0,0.0,0.0,0.0,0,0.0,Unknown,0.0,0.0,0.0,estimated_from_squad_profile,2026-06-05T00:33:08.162006+00:00
Austria,Patrick Pentz,GK,Goalkeeper,Brøndby,Right,22.3,Goalkeeper,Sweeper keeper,Build-up keeper,0,1.0,1188,16,7,0.0,0.01,0.0,0.01,0.0,0.0,0.02,0.06,30.27,71.8,4.47,0.12,0.0,0.0,0.0,0.0,0.01,0.0,2.13,29.7,0.16,49.4,0.53,53.3,4.24,0.08,0.025,0.0,0.0,0.0,0.0,0.0,0.0,0.0,2.83,74.9,0.054,1.53,1.13,2.58,48.0,0,0.0,Unknown,0.0,0.0,0.0,0.0,0.0,0,0.0,Unknown,0.0,0.0,0.0,estimated_from_squad_profile,2026-06-05T00:33:08.162006+00:00
Austria,Saša Kalajdžić,FW,Centre-Forward,LASK,Right,22.8,No. 9,Penalty-box finisher,Depth runs + shot volume,0,1.0,1226,16,7,0.28,0.12,0.27,0.11,1.76,0.68,3.93,0.68,40.5,75.1,1.97,2.64,1.47,54.7,0.64,28.8,0.15,0.037,12.74,32.7,1.32,54.7,1.0,47.7,4.31,0.89,0.11,0.31,0.07,0.09,0.1,0.16,0.22,0.36,0.0,0.0,0.0,0.0,0.0,0.0,0.0,0,0.0,Unknown,0.0,0.0,0.0,0.0,0.0,0,0.0,Unknown,0.0,0.0,0.0,estimated_from_squad_profile,2026-06-05T00:33:08.162006+00:00
Austria,Philipp Lienhart,DF,Centre-Back,SC Freiburg,Right,24.1,Centre-back,Ball-playing defender,Rest-defense anchor,1,1.0,2700,36,29,0.12,0.17,0.12,0.16,0.81,0.31,1.75,0.91,62.76,88.0,3.99,1.84,0.6,65.4,0.62,35.1,0.16,0.037,11.91,41.4,3.04,69.4,3.54,67.4,5.93,1.13,0.183,0.04,0.156,0.14,0.159,0.149,0.159,0.237,0.0,0.0,0.0,0.0,0.0,0.0,0.0,0,0.0,Unknown,0.0,0.0,0.0,0.0,0.0,0,0.0,Unknown,0.0,0.0,0.0,estimated_from_squad_profile,2026-06-05T00:33:08.162006+00:00
Austria,Phillipp Mwene,DF,Left-Back,Mainz 05,Left,30.5,Fullback,Overlapping wide defender,Width + recovery runner,0,1.0,1205,16,7,0.13,0.17,0.13,0.16,0.85,0.33,1.87,1.07,59.96,86.9,2.89,2.2,0.95,66.2,1.85,35.5,0.12,0.027,10.66,39.2,2.44,67.2,2.48,65.2,5.09,1.2,0.192,0.03,0.07,0.09,0.1,0.16,0.22,0.36,0.0,0.0,0.0,0.0,0.0,0.0,0.0,0,0.0,Unknown,0.0,0.0,0.0,0.0,0.0,0,0.0,Unknown,0.0,0.0,0.0,estimated_from_squad_profile,2026-06-05T00:33:08.162006+00:00
Austria,Carney Chukwuemeka,MF,Central Midfield,Borussia Dortmund,Right,22.7,No. 8,Box-to-box midfielder,Progression + counter-press,0,1.0,1217,16,7,0.24,0.25,0.23,0.23,1.51,0.58,3.37,1.52,64.26,84.0,3.45,2.18,0.89,59.5,0.58,31.7,0.42,0.103,13.01,36.5,1.89,61.5,1.27,55.5,5.55,1.29,0.161,0.05,0.07,0.09,0.1,0.16,0.22,0.36,0.0,0.0,0.0,0.0,0.0,0.0,0.0,0,0.0,Unknown,0.0,0.0,0.0,0.0,0.0,0,0.0,Unknown,0.0,0.0,0.0,estimated_from_squad_profile,2026-06-05T00:33:08.162006+00:00
Austria,Romano Schmid,MF,Attacking Midfield,Werder Bremen,Right,23.8,No. 10,Central creator,Between-lines chance creation,1,1.0,2681,36,29,0.33,0.34,0.31,0.31,2.03,0.78,4.55,2.06,66.27,84.8,4.6,2.9,1.07,61.0,0.77,32.8,0.55,0.134,14.89,38.0,2.27,63.0,1.68,57.0,6.45,1.24,0.155,0.06,0.155,0.14,0.159,0.15,0.159,0.236,0.0,0.0,0.0,0.0,0.0,0.0,0.0,0,0.0,Unknown,0.0,0.0,0.0,0.0,0.0,0,0.0,Unknown,0.0,0.0,0.0,estimated_from_squad_profile,2026-06-05T00:33:08.162006+00:00
Austria,Konrad Laimer,MF,Right-Back,Bayern Munich,Right,30.2,Fullback,Overlapping wide defender,Width + recovery runner,1,1.0,2775,38,30,0.37,0.27,0.35,0.26,2.29,0.88,5.15,1.69,68.79,85.9,5.22,4.3,1.68,66.0,2.51,36.2,0.46,0.109,15.67,40.0,2.91,65.0,1.9,59.0,6.91,1.18,0.147,0.06,0.158,0.139,0.157,0.148,0.157,0.241,0.0,0.0,0.0,0.0,0.0,0.0,0.0,0,0.0,Unknown,0.0,0.0,0.0,0.0,0.0,0,0.0,Unknown,0.0,0.0,0.0,estimated_from_squad_profile,2026-06-05T00:33:08.162006+00:00
Austria,Patrick Wimmer,FW,Right Winger,VfL Wolfsburg,Right,28.4,Winger,Wide creator,1v1 carry + crossing threat,0,1.0,1264,17,8,0.4,0.33,0.38,0.31,2.46,0.95,5.53,2.12,41.52,75.5,2.06,3.65,2.03,58.5,2.06,31.4,0.28,0.073,12.82,33.5,1.35,55.5,1.05,48.5,4.33,0.86,0.107,0.33,0.07,0.09,0.1,0.16,0.22,0.36,0.0,0.0,0.0,0.0,0.0,0.0,0.0,0,0.0,Unknown,0.0,0.0,0.0,0.0,0.0,0,0.0,Unknown,0.0,0.0,0.0,estimated_from_squad_profile,2026-06-05T00:33:08.162006+00:00
Austria,Alexander Prass,MF,Left Midfield,TSG Hoffenheim,Left,30.8,No. 8,Box-to-box midfielder,Progression + counter-press,0,1.0,1227,16,7,0.24,0.18,0.23,0.17,1.52,0.58,3.38,1.12,64.55,84.1,3.51,3.06,1.44,62.7,1.98,33.8,0.3,0.071,13.9,36.7,2.04,61.7,1.29,55.7,5.94,1.29,0.16,0.05,0.07,0.09,0.1,0.16,0.22,0.36,0.0,0.0,0.0,0.0,0.0,0.0,0.0,0,0.0,Unknown,0.0,0.0,0.0,0.0,0.0,0,0.0,Unknown,0.0,0.0,0.0,estimated_from_squad_profile,2026-06-05T00:33:08.162006+00:00
Austria,Marco Friedl,DF,Centre-Back,Werder Bremen,Right,22.6,Centre-back,Ball-playing defender,Rest-defense anchor,0,1.0,1212,16,7,0.09,0.12,0.09,0.11,0.61,0.23,1.31,0.67,60.13,87.0,2.92,1.38,0.54,63.4,0.46,33.6,0.12,0.027,11.54,39.4,2.66,67.4,2.51,65.4,5.52,1.2,0.191,0.03,0.07,0.09,0.1,0.16,0.22,0.36,0.0,0.0,0.0,0.0,0.0,0.0,0.0,0,0.0,Unknown,0.0,0.0,0.0,0.0,0.0,0,0.0,Unknown,0.0,0.0,0.0,estimated_from_squad_profile,2026-06-05T00:33:08.162006+00:00
Austria,Paul Wanner,MF,Central Midfield,PSV Eindhoven,Right,22.6,No. 8,Box-to-box midfielder,Progression + counter-press,0,1.0,1214,16,7,0.24,0.25,0.23,0.23,1.5,0.58,3.35,1.51,64.19,84.0,3.44,2.17,0.85,59.4,0.58,31.6,0.42,0.103,12.47,36.4,1.81,61.4,1.26,55.4,5.32,1.3,0.161,0.05,0.07,0.09,0.1,0.16,0.22,0.36,0.0,0.0,0.0,0.0,0.0,0.0,0.0,0,0.0,Unknown,0.0,0.0,0.0,0.0,0.0,0,0.0,Unknown,0.0,0.0,0.0,estimated_from_squad_profile,2026-06-05T00:33:08.162006+00:00
Austria,Michael Svoboda,DF,Centre-Back,Venezia,Right,21.9,Centre-back,Ball-playing defender,Rest-defense anchor,0,1.0,1163,15,7,0.08,0.11,0.09,0.1,0.58,0.22,1.24,0.62,58.84,86.4,2.7,1.29,0.52,62.4,0.44,32.9,0.11,0.025,11.46,38.4,2.49,66.4,2.28,64.4,5.37,1.23,0.196,0.03,0.07,0.09,0.1,0.16,0.22,0.36,0.0,0.0,0.0,0.0,0.0,0.0,0.0,0,0.0,Unknown,0.0,0.0,0.0,0.0,0.0,0,0.0,Unknown,0.0,0.0,0.0,estimated_from_squad_profile,2026-06-05T00:33:08.162006+00:00
Austria,Alessandro Schöpf,MF,Central Midfield,Wolfsberger AC,Right,22.9,No. 8,Box-to-box midfielder,Progression + counter-press,0,1.0,1232,16,7,0.25,0.26,0.24,0.24,1.55,0.6,3.46,1.56,64.67,84.2,3.54,2.23,0.91,59.8,0.6,31.9,0.43,0.105,13.17,36.8,1.94,61.8,1.3,55.8,5.64,1.28,0.16,0.05,0.07,0.09,0.1,0.16,0.22,0.36,0.0,0.0,0.0,0.0,0.0,0.0,0.0,0,0.0,Unknown,0.0,0.0,0.0,0.0,0.0,0,0.0,Unknown,0.0,0.0,0.0,estimated_from_squad_profile,2026-06-05T00:33:08.162006+00:00
Jordan,Yazeed Abulaila,GK,Goalkeeper,Al-Hussein,Right,23.4,Goalkeeper,Sweeper keeper,Build-up keeper,1,1.0,2657,36,28,0.0,0.01,0.0,0.01,0.0,0.0,0.02,0.06,31.43,73.3,4.78,0.14,0.0,0.0,0.0,0.0,0.01,0.0,2.27,30.8,0.17,51.1,0.57,54.7,4.44,0.08,0.023,0.0,0.0,0.0,0.0,0.0,0.0,0.0,2.74,76.5,0.074,1.67,1.28,2.5,50.0,0,0.0,Unknown,0.0,0.0,0.0,0.0,0.0,0,0.0,Unknown,0.0,0.0,0.0,estimated_from_squad_profile,2026-06-05T00:33:08.162006+00:00
Jordan,Mohammad Abu Hashish,DF,,Al-Karma,Right,18.0,DF,Hybrid role,Balanced phase contribution,0,1.0,896,12,5,0.05,0.06,0.06,0.05,0.39,0.15,0.81,0.35,51.67,83.5,1.53,0.83,0.32,56.8,0.29,29.0,0.06,0.014,9.13,32.8,1.1,60.8,1.02,58.8,3.65,1.41,0.218,0.02,0.07,0.09,0.1,0.16,0.22,0.36,0.0,0.0,0.0,0.0,0.0,0.0,0.0,0,0.0,Unknown,0.0,0.0,0.0,0.0,0.0,0,0.0,Unknown,0.0,0.0,0.0,estimated_from_squad_profile,2026-06-05T00:33:08.162006+00:00
Jordan,Abdallah Nasib,DF,Centre-Back,Al-Zawraa,Right,23.6,Centre-back,Ball-playing defender,Rest-defense anchor,1,1.0,2668,36,29,0.11,0.16,0.12,0.15,0.78,0.3,1.69,0.88,61.9,87.7,3.82,1.77,0.54,64.7,0.6,34.6,0.15,0.035,11.07,40.7,2.73,68.7,3.36,66.7,5.44,1.15,0.186,0.04,0.155,0.141,0.159,0.15,0.159,0.235,0.0,0.0,0.0,0.0,0.0,0.0,0.0,0,0.0,Unknown,0.0,0.0,0.0,0.0,0.0,0,0.0,Unknown,0.0,0.0,0.0,estimated_from_squad_profile,2026-06-05T00:33:08.162006+00:00
Jordan,Husam Abu Dahab,DF,Centre-Back,Al-Faisaly,Right,21.5,Centre-back,Ball-playing defender,Rest-defense anchor,0,1.0,1137,15,7,0.08,0.11,0.08,0.1,0.56,0.21,1.19,0.59,58.12,86.1,2.59,1.24,0.49,61.8,0.42,32.5,0.1,0.024,11.1,37.8,2.32,65.8,2.16,63.8,5.13,1.25,0.198,0.03,0.07,0.09,0.1,0.16,0.22,0.36,0.0,0.0,0.0,0.0,0.0,0.0,0.0,0,0.0,Unknown,0.0,0.0,0.0,0.0,0.0,0,0.0,Unknown,0.0,0.0,0.0,estimated_from_squad_profile,2026-06-05T00:33:08.162006+00:00
Jordan,Yazan Al-Arab,DF,Centre-Back,FC Seoul,Right,24.4,Centre-back,Ball-playing defender,Rest-defense anchor,1,1.0,2727,37,29,0.12,0.17,0.12,0.16,0.83,0.32,1.8,0.95,63.49,88.3,4.13,1.9,0.6,66.0,0.64,35.4,0.17,0.038,11.84,42.0,3.1,70.0,3.69,68.0,5.96,1.11,0.181,0.04,0.157,0.14,0.158,0.149,0.158,0.239,0.0,0.0,0.0,0.0,0.0,0.0,0.0,0,0.0,Unknown,0.0,0.0,0.0,0.0,0.0,0,0.0,Unknown,0.0,0.0,0.0,estimated_from_squad_profile,2026-06-05T00:33:08.162006+00:00
Jordan,Amer Jamous,MF,Central Midfield,Al-Zawraa,Right,21.8,No. 8,Box-to-box midfielder,Progression + counter-press,1,1.0,2544,34,27,0.25,0.26,0.24,0.24,1.6,0.61,3.55,1.59,62.58,83.3,3.7,2.33,0.81,58.2,0.63,30.8,0.45,0.112,12.59,35.2,1.75,60.2,1.36,54.2,5.29,1.34,0.166,0.05,0.152,0.143,0.162,0.153,0.162,0.228,0.0,0.0,0.0,0.0,0.0,0.0,0.0,0,0.0,Unknown,0.0,0.0,0.0,0.0,0.0,0,0.0,Unknown,0.0,0.0,0.0,estimated_from_squad_profile,2026-06-05T00:33:08.162006+00:00
Jordan,Mohammad Abu Zrayq,FW,,Raja Casablanca,Right,17.6,FW,Hybrid role,Balanced phase contribution,0,1.0,868,11,5,0.09,0.05,0.09,0.05,0.63,0.24,1.37,0.32,30.91,71.2,1.17,1.07,0.53,47.3,0.31,23.6,0.06,0.015,9.75,25.3,0.8,47.3,0.52,40.3,3.42,1.13,0.141,0.17,0.07,0.09,0.1,0.16,0.22,0.36,0.0,0.0,0.0,0.0,0.0,0.0,0.0,0,0.0,Unknown,0.0,0.0,0.0,0.0,0.0,0,0.0,Unknown,0.0,0.0,0.0,estimated_from_squad_profile,2026-06-05T00:33:08.162006+00:00
Jordan,Noor Al-Rawabdeh,MF,Central Midfield,Selangor,Right,23.5,No. 8,Box-to-box midfielder,Progression + counter-press,1,1.0,2665,36,28,0.32,0.33,0.3,0.3,1.98,0.76,4.43,2.0,65.82,84.7,4.49,2.84,1.03,60.7,0.75,32.5,0.54,0.132,14.43,37.7,2.18,62.7,1.64,56.7,6.23,1.25,0.156,0.06,0.155,0.141,0.16,0.15,0.16,0.235,0.0,0.0,0.0,0.0,0.0,0.0,0.0,0,0.0,Unknown,0.0,0.0,0.0,0.0,0.0,0,0.0,Unknown,0.0,0.0,0.0,estimated_from_squad_profile,2026-06-05T00:33:08.162006+00:00
Jordan,Ali Olwan,FW,Centre-Forward,Al-Sailiya,Right,24.8,No. 9,Penalty-box finisher,Depth runs + shot volume,1,1.0,2752,37,29,0.43,0.18,0.4,0.17,2.6,1.0,5.85,0.98,44.17,76.6,2.72,3.86,1.83,57.5,0.91,30.8,0.22,0.054,13.89,35.5,1.52,57.5,1.41,50.5,4.66,0.8,0.099,0.37,0.157,0.139,0.158,0.148,0.158,0.24,0.0,0.0,0.0,0.0,0.0,0.0,0.0,0,0.0,Unknown,0.0,0.0,0.0,0.0,0.0,0,0.0,Unknown,0.0,0.0,0.0,estimated_from_squad_profile,2026-06-05T00:33:08.162006+00:00
Jordan,Musa Al-Taamari,FW,,Rennes,Right,20.0,FW,Hybrid role,Balanced phase contribution,0,1.0,1033,14,6,0.18,0.09,0.17,0.08,1.15,0.44,2.55,0.49,35.33,73.0,1.54,1.79,0.95,50.7,0.46,26.0,0.1,0.025,10.93,28.7,1.02,50.7,0.74,43.7,3.76,1.02,0.127,0.23,0.07,0.09,0.1,0.16,0.22,0.36,0.0,0.0,0.0,0.0,0.0,0.0,0.0,0,0.0,Unknown,0.0,0.0,0.0,0.0,0.0,0,0.0,Unknown,0.0,0.0,0.0,estimated_from_squad_profile,2026-06-05T00:33:08.162006+00:00
Jordan,Odeh Al-Fakhouri,FW,,Pyramids,Right,16.6,FW,Hybrid role,Balanced phase contribution,0,1.0,801,10,5,0.06,0.04,0.06,0.03,0.42,0.16,0.88,0.25,29.1,70.5,1.02,0.77,0.31,45.9,0.25,22.6,0.04,0.011,8.17,23.9,0.62,45.9,0.43,38.9,2.89,1.17,0.147,0.14,0.07,0.09,0.1,0.16,0.22,0.36,0.0,0.0,0.0,0.0,0.0,0.0,0.0,0,0.0,Unknown,0.0,0.0,0.0,0.0,0.0,0,0.0,Unknown,0.0,0.0,0.0,estimated_from_squad_profile,2026-06-05T00:33:08.162006+00:00
Jordan,Nour Bani Attiah,GK,,Al-Faisaly,Right,16.6,Goalkeeper,Sweeper keeper,Build-up keeper,0,1.0,801,10,5,0.0,0.01,0.0,0.01,0.0,0.0,0.02,0.03,24.6,64.8,2.96,0.05,0.0,0.0,0.0,0.0,0.01,0.0,1.47,24.6,0.09,40.9,0.37,46.7,3.3,0.05,0.034,0.0,0.0,0.0,0.0,0.0,0.0,0.0,3.25,66.8,-0.04,0.87,0.42,2.96,38.0,0,0.0,Unknown,0.0,0.0,0.0,0.0,0.0,0,0.0,Unknown,0.0,0.0,0.0,estimated_from_squad_profile,2026-06-05T00:33:08.162006+00:00
Jordan,Mahmoud Al-Mardi,FW,Left Winger,Al-Hussein,Left,32.2,Winger,Wide creator,1v1 carry + crossing threat,1,1.0,2713,37,29,0.53,0.43,0.5,0.41,3.23,1.25,7.28,2.79,43.11,76.2,2.61,4.65,2.06,59.7,2.52,32.2,0.35,0.091,12.57,34.7,1.35,56.7,1.34,49.7,4.22,0.82,0.102,0.35,0.156,0.14,0.159,0.149,0.159,0.238,0.0,0.0,0.0,0.0,0.0,0.0,0.0,0,0.0,Unknown,0.0,0.0,0.0,0.0,0.0,0,0.0,Unknown,0.0,0.0,0.0,estimated_from_squad_profile,2026-06-05T00:33:08.162006+00:00
Jordan,Rajaei Ayed,MF,Central Midfield,Al-Hussein,Right,23.4,No. 8,Box-to-box midfielder,Progression + counter-press,1,1.0,2652,36,28,0.31,0.32,0.3,0.3,1.94,0.75,4.34,1.96,65.48,84.5,4.41,2.78,0.95,60.4,0.74,32.4,0.53,0.13,13.49,37.4,2.02,62.4,1.61,56.4,5.81,1.26,0.157,0.05,0.155,0.141,0.16,0.15,0.16,0.234,0.0,0.0,0.0,0.0,0.0,0.0,0.0,0,0.0,Unknown,0.0,0.0,0.0,0.0,0.0,0,0.0,Unknown,0.0,0.0,0.0,estimated_from_squad_profile,2026-06-05T00:33:08.162006+00:00
Jordan,Ibrahim Sadeh,MF,,Al-Karma,Right,18.1,No. 8,Box-to-box midfielder,Progression + counter-press,0,1.0,905,12,5,0.08,0.06,0.09,0.05,0.59,0.23,1.27,0.36,55.9,80.6,1.73,1.09,0.47,53.0,0.33,27.1,0.12,0.028,10.49,30.0,1.08,55.0,0.66,49.0,4.05,1.5,0.188,0.04,0.07,0.09,0.1,0.16,0.22,0.36,0.0,0.0,0.0,0.0,0.0,0.0,0.0,0,0.0,Unknown,0.0,0.0,0.0,0.0,0.0,0,0.0,Unknown,0.0,0.0,0.0,estimated_from_squad_profile,2026-06-05T00:33:08.162006+00:00
Jordan,Mo Abualnadi,DF,,Selangor,Right,16.6,DF,Hybrid role,Balanced phase contribution,0,1.0,801,10,5,0.04,0.04,0.05,0.03,0.32,0.12,0.65,0.25,49.1,82.5,1.1,0.66,0.27,54.9,0.23,27.6,0.04,0.01,8.92,30.9,0.78,58.9,0.57,56.9,3.3,1.47,0.227,0.01,0.07,0.09,0.1,0.16,0.22,0.36,0.0,0.0,0.0,0.0,0.0,0.0,0.0,0,0.0,Unknown,0.0,0.0,0.0,0.0,0.0,0,0.0,Unknown,0.0,0.0,0.0,estimated_from_squad_profile,2026-06-05T00:33:08.162006+00:00
Jordan,Salim Obaid,DF,,Al-Hussein,Right,16.6,DF,Hybrid role,Balanced phase contribution,0,1.0,801,10,5,0.04,0.04,0.05,0.03,0.32,0.12,0.65,0.25,49.1,82.5,1.1,0.66,0.24,54.9,0.23,27.6,0.04,0.01,8.08,30.9,0.71,58.9,0.57,56.9,2.99,1.47,0.227,0.01,0.07,0.09,0.1,0.16,0.22,0.36,0.0,0.0,0.0,0.0,0.0,0.0,0.0,0,0.0,Unknown,0.0,0.0,0.0,0.0,0.0,0,0.0,Unknown,0.0,0.0,0.0,estimated_from_squad_profile,2026-06-05T00:33:08.162006+00:00
Jordan,Ibrahim Sabra,FW,Centre-Forward,Lokomotiva Zagreb,Right,21.4,No. 9,Penalty-box finisher,Depth runs + shot volume,0,1.0,1131,15,7,0.23,0.11,0.22,0.1,1.46,0.56,3.25,0.59,37.96,74.1,1.76,2.22,1.09,52.7,0.55,27.4,0.12,0.031,10.64,30.7,1.05,52.7,0.87,45.7,3.63,0.95,0.118,0.27,0.07,0.09,0.1,0.16,0.22,0.36,0.0,0.0,0.0,0.0,0.0,0.0,0.0,0,0.0,Unknown,0.0,0.0,0.0,0.0,0.0,0,0.0,Unknown,0.0,0.0,0.0,estimated_from_squad_profile,2026-06-05T00:33:08.162006+00:00
Jordan,Saed Al-Rosan,DF,Centre-Back,Al-Hussein,Right,22.0,Centre-back,Ball-playing defender,Rest-defense anchor,1,1.0,2559,35,27,0.1,0.13,0.1,0.12,0.69,0.26,1.48,0.74,59.0,86.5,3.25,1.55,0.51,62.5,0.52,33.0,0.13,0.03,11.09,38.5,2.42,66.5,2.75,64.5,5.21,1.23,0.195,0.03,0.152,0.143,0.162,0.152,0.162,0.229,0.0,0.0,0.0,0.0,0.0,0.0,0.0,0,0.0,Unknown,0.0,0.0,0.0,0.0,0.0,0,0.0,Unknown,0.0,0.0,0.0,estimated_from_squad_profile,2026-06-05T00:33:08.162006+00:00
Jordan,Mohannad Abu Taha,MF,Left-Back,Al-Quwa Al-Jawiya,Left,30.1,Fullback,Overlapping wide defender,Width + recovery runner,1,1.0,2569,35,27,0.26,0.19,0.25,0.18,1.65,0.64,3.68,1.22,63.26,83.6,3.87,3.44,1.31,61.7,2.31,33.1,0.32,0.077,12.87,35.7,2.08,60.7,1.42,54.7,5.44,1.32,0.164,0.05,0.153,0.143,0.162,0.152,0.162,0.229,0.0,0.0,0.0,0.0,0.0,0.0,0.0,0,0.0,Unknown,0.0,0.0,0.0,0.0,0.0,0,0.0,Unknown,0.0,0.0,0.0,estimated_from_squad_profile,2026-06-05T00:33:08.162006+00:00
Jordan,Nizar Al-Rashdan,MF,Defensive Midfield,Qatar SC,Right,23.0,No. 6,Holding midfielder,Press resistance + ball winning,1,1.0,2629,36,28,0.24,0.15,0.23,0.14,1.52,0.59,3.39,0.83,64.86,84.3,4.26,2.69,1.01,59.9,0.72,32.0,0.36,0.086,14.56,36.9,2.47,61.9,1.56,55.9,6.24,1.28,0.159,0.05,0.154,0.141,0.16,0.151,0.16,0.233,0.0,0.0,0.0,0.0,0.0,0.0,0.0,0,0.0,Unknown,0.0,0.0,0.0,0.0,0.0,0,0.0,Unknown,0.0,0.0,0.0,estimated_from_squad_profile,2026-06-05T00:33:08.162006+00:00
Jordan,Abdallah Al-Fakhouri,GK,Goalkeeper,Al-Wehdat,Right,21.2,Goalkeeper,Sweeper keeper,Build-up keeper,0,1.0,1114,15,7,0.0,0.01,0.0,0.01,0.0,0.0,0.02,0.05,29.19,70.5,4.18,0.11,0.0,0.0,0.0,0.0,0.01,0.0,2.01,28.8,0.14,47.8,0.5,52.1,4.06,0.07,0.026,0.0,0.0,0.0,0.0,0.0,0.0,0.0,2.91,73.3,0.036,1.41,1.0,2.65,46.1,0,0.0,Unknown,0.0,0.0,0.0,0.0,0.0,0,0.0,Unknown,0.0,0.0,0.0,estimated_from_squad_profile,2026-06-05T00:33:08.162006+00:00
Jordan,Ihsan Haddad,DF,,Al-Hussein,Right,19.2,DF,Hybrid role,Balanced phase contribution,0,1.0,975,13,6,0.06,0.08,0.07,0.07,0.45,0.17,0.93,0.43,53.79,84.4,1.88,0.96,0.36,58.5,0.33,30.2,0.07,0.017,9.39,34.5,1.35,62.5,1.4,60.5,3.97,1.36,0.212,0.02,0.07,0.09,0.1,0.16,0.22,0.36,0.0,0.0,0.0,0.0,0.0,0.0,0.0,0,0.0,Unknown,0.0,0.0,0.0,0.0,0.0,0,0.0,Unknown,0.0,0.0,0.0,estimated_from_squad_profile,2026-06-05T00:33:08.162006+00:00
Jordan,Ali Azaizeh,FW,Right Winger,Al-Shabab,Right,25.8,Winger,Wide creator,1v1 carry + crossing threat,0,1.0,1089,14,7,0.28,0.23,0.26,0.21,1.71,0.66,3.83,1.46,36.85,73.6,1.67,2.88,1.49,54.8,1.9,28.8,0.24,0.062,10.75,29.8,1.04,51.8,0.82,44.8,3.68,0.98,0.122,0.26,0.07,0.09,0.1,0.16,0.22,0.36,0.0,0.0,0.0,0.0,0.0,0.0,0.0,0,0.0,Unknown,0.0,0.0,0.0,0.0,0.0,0,0.0,Unknown,0.0,0.0,0.0,estimated_from_squad_profile,2026-06-05T00:33:08.162006+00:00
Jordan,Mohammad Al-Dawoud,MF,Central Midfield,Al-Wehdat,Right,21.1,No. 8,Box-to-box midfielder,Progression + counter-press,0,1.0,1108,15,7,0.19,0.2,0.19,0.18,1.22,0.47,2.71,1.21,61.35,82.8,2.85,1.8,0.7,57.2,0.5,30.1,0.36,0.088,11.39,34.2,1.52,59.2,1.06,53.2,4.73,1.37,0.17,0.05,0.07,0.09,0.1,0.16,0.22,0.36,0.0,0.0,0.0,0.0,0.0,0.0,0.0,0,0.0,Unknown,0.0,0.0,0.0,0.0,0.0,0,0.0,Unknown,0.0,0.0,0.0,estimated_from_squad_profile,2026-06-05T00:33:08.162006+00:00
Jordan,Anas Badawi,DF,Right-Back,Al-Faisaly,Right,25.8,Fullback,Overlapping wide defender,Width + recovery runner,0,1.0,1085,14,7,0.1,0.13,0.11,0.13,0.7,0.27,1.52,0.84,56.73,85.6,2.36,1.99,0.95,63.7,1.78,33.8,0.09,0.022,10.79,36.7,2.09,64.7,1.91,62.7,4.86,1.28,0.202,0.03,0.07,0.09,0.1,0.16,0.22,0.36,0.0,0.0,0.0,0.0,0.0,0.0,0.0,0,0.0,Unknown,0.0,0.0,0.0,0.0,0.0,0,0.0,Unknown,0.0,0.0,0.0,estimated_from_squad_profile,2026-06-05T00:33:08.162006+00:00
Colombia,David Ospina,GK,Goalkeeper,Atlético Nacional,Right,23.6,Goalkeeper,Sweeper keeper,Build-up keeper,1,1.0,2669,36,29,0.0,0.01,0.0,0.01,0.0,0.0,0.02,0.06,31.61,73.5,4.83,0.14,0.0,0.0,0.0,0.0,0.01,0.0,2.29,31.0,0.18,51.4,0.57,54.9,4.47,0.08,0.022,0.0,0.0,0.0,0.0,0.0,0.0,0.0,2.73,76.8,0.077,1.69,1.3,2.49,50.3,0,0.0,Unknown,0.0,0.0,0.0,0.0,0.0,0,0.0,Unknown,0.0,0.0,0.0,estimated_from_squad_profile,2026-06-05T00:33:08.162006+00:00
Colombia,Daniel Muñoz,DF,Right-Back,Crystal Palace,Right,29.5,Fullback,Overlapping wide defender,Width + recovery runner,1,1.0,2730,37,29,0.19,0.25,0.18,0.24,1.22,0.47,2.68,1.59,63.57,88.4,4.14,2.9,1.08,69.0,2.29,37.5,0.17,0.038,11.86,42.0,3.11,70.0,3.71,68.0,5.97,1.11,0.18,0.04,0.157,0.14,0.158,0.149,0.158,0.239,0.0,0.0,0.0,0.0,0.0,0.0,0.0,0,0.0,Unknown,0.0,0.0,0.0,0.0,0.0,0,0.0,Unknown,0.0,0.0,0.0,estimated_from_squad_profile,2026-06-05T00:33:08.162006+00:00
Colombia,Jhon Lucumí,DF,Centre-Back,Bologna,Right,23.9,Centre-back,Ball-playing defender,Rest-defense anchor,1,1.0,2690,36,29,0.12,0.16,0.12,0.15,0.8,0.31,1.73,0.9,62.5,87.9,3.93,1.82,0.61,65.2,0.61,34.9,0.16,0.036,12.29,41.2,3.11,69.2,3.48,67.2,6.1,1.14,0.184,0.04,0.156,0.14,0.159,0.15,0.159,0.236,0.0,0.0,0.0,0.0,0.0,0.0,0.0,0,0.0,Unknown,0.0,0.0,0.0,0.0,0.0,0,0.0,Unknown,0.0,0.0,0.0,estimated_from_squad_profile,2026-06-05T00:33:08.162006+00:00
Colombia,Santiago Arias,DF,Right-Back,Independiente,Right,28.7,Fullback,Overlapping wide defender,Width + recovery runner,0,1.0,1285,17,8,0.15,0.19,0.14,0.19,0.95,0.36,2.1,1.23,62.1,87.8,3.24,2.34,0.96,67.9,1.89,36.7,0.13,0.03,10.67,40.9,2.66,68.9,2.85,66.9,5.26,1.15,0.185,0.04,0.07,0.09,0.1,0.16,0.22,0.36,0.0,0.0,0.0,0.0,0.0,0.0,0.0,0,0.0,Unknown,0.0,0.0,0.0,0.0,0.0,0,0.0,Unknown,0.0,0.0,0.0,estimated_from_squad_profile,2026-06-05T00:33:08.162006+00:00
Colombia,Kevin Castaño,MF,Defensive Midfield,River Plate,Right,22.8,No. 6,Holding midfielder,Press resistance + ball winning,0,1.0,1226,16,7,0.2,0.12,0.19,0.11,1.25,0.48,2.78,0.68,64.51,84.1,3.5,2.21,0.95,59.7,0.59,31.8,0.3,0.07,13.88,36.7,2.33,61.7,1.29,55.7,5.93,1.29,0.16,0.05,0.07,0.09,0.1,0.16,0.22,0.36,0.0,0.0,0.0,0.0,0.0,0.0,0.0,0,0.0,Unknown,0.0,0.0,0.0,0.0,0.0,0,0.0,Unknown,0.0,0.0,0.0,estimated_from_squad_profile,2026-06-05T00:33:08.162006+00:00
Colombia,Richard Ríos,MF,Defensive Midfield,Benfica,Right,23.8,No. 6,Holding midfielder,Press resistance + ball winning,1,1.0,2683,36,29,0.26,0.16,0.25,0.15,1.66,0.64,3.69,0.89,66.3,84.9,4.61,2.91,1.08,61.1,0.77,32.8,0.4,0.095,14.9,38.1,2.62,63.1,1.69,57.1,6.46,1.24,0.154,0.06,0.155,0.14,0.159,0.15,0.159,0.236,0.0,0.0,0.0,0.0,0.0,0.0,0.0,0,0.0,Unknown,0.0,0.0,0.0,0.0,0.0,0,0.0,Unknown,0.0,0.0,0.0,estimated_from_squad_profile,2026-06-05T00:33:08.162006+00:00
Colombia,Luis Díaz,FW,Left Winger,Bayern Munich,Left,34.5,Winger,Wide creator,1v1 carry + crossing threat,1,1.0,2867,39,31,0.67,0.54,0.62,0.51,4.01,1.55,9.08,3.48,47.24,77.9,3.02,5.46,2.58,62.9,2.69,34.5,0.4,0.102,14.58,37.9,1.65,59.9,1.59,52.9,4.86,0.72,0.089,0.42,0.16,0.137,0.155,0.146,0.155,0.247,0.0,0.0,0.0,0.0,0.0,0.0,0.0,0,0.0,Unknown,0.0,0.0,0.0,0.0,0.0,0,0.0,Unknown,0.0,0.0,0.0,estimated_from_squad_profile,2026-06-05T00:33:08.162006+00:00
Colombia,Jorge Carrascal,MF,Attacking Midfield,Flamengo,Right,23.3,No. 10,Central creator,Between-lines chance creation,0,1.0,1257,17,8,0.26,0.27,0.25,0.25,1.62,0.62,3.61,1.63,65.34,84.5,3.67,2.32,1.02,60.3,0.62,32.3,0.44,0.108,14.49,37.3,2.17,62.3,1.35,56.3,6.24,1.27,0.158,0.05,0.07,0.09,0.1,0.16,0.22,0.36,0.0,0.0,0.0,0.0,0.0,0.0,0.0,0,0.0,Unknown,0.0,0.0,0.0,0.0,0.0,0,0.0,Unknown,0.0,0.0,0.0,estimated_from_squad_profile,2026-06-05T00:33:08.162006+00:00
Colombia,Jhon Córdoba,FW,Centre-Forward,Krasnodar,Right,23.2,No. 9,Penalty-box finisher,Depth runs + shot volume,0,1.0,1254,17,8,0.3,0.13,0.28,0.12,1.84,0.71,4.13,0.71,41.26,75.4,2.04,2.77,1.41,55.2,0.67,29.2,0.16,0.039,11.79,33.2,1.23,55.2,1.04,48.2,3.98,0.87,0.108,0.32,0.07,0.09,0.1,0.16,0.22,0.36,0.0,0.0,0.0,0.0,0.0,0.0,0.0,0,0.0,Unknown,0.0,0.0,0.0,0.0,0.0,0,0.0,Unknown,0.0,0.0,0.0,estimated_from_squad_profile,2026-06-05T00:33:08.162006+00:00
Colombia,James Rodríguez,MF,Attacking Midfield,Minnesota United FC,Right,26.1,No. 10,Central creator,Between-lines chance creation,1,1.0,2837,38,30,0.41,0.43,0.39,0.4,2.53,0.97,5.68,2.59,70.46,86.6,5.63,3.55,1.17,64.3,0.92,35.1,0.65,0.159,14.83,41.3,2.45,66.3,2.04,60.3,6.61,1.14,0.141,0.06,0.159,0.138,0.156,0.147,0.156,0.245,0.0,0.0,0.0,0.0,0.0,0.0,0.0,0,0.0,Unknown,0.0,0.0,0.0,0.0,0.0,0,0.0,Unknown,0.0,0.0,0.0,estimated_from_squad_profile,2026-06-05T00:33:08.162006+00:00
Colombia,Jhon Arias,MF,Right Winger,Palmeiras,Right,29.0,Winger,Wide creator,1v1 carry + crossing threat,1,1.0,2693,36,29,0.4,0.42,0.37,0.39,2.43,0.94,5.45,2.7,66.59,85.0,4.68,3.96,1.58,64.3,2.43,35.0,0.55,0.136,15.03,38.3,2.31,63.3,1.71,57.3,6.53,1.24,0.154,0.06,0.156,0.14,0.159,0.15,0.159,0.237,0.0,0.0,0.0,0.0,0.0,0.0,0.0,0,0.0,Unknown,0.0,0.0,0.0,0.0,0.0,0,0.0,Unknown,0.0,0.0,0.0,estimated_from_squad_profile,2026-06-05T00:33:08.162006+00:00
Colombia,Camilo Vargas,GK,Goalkeeper,Atlas,Right,22.4,Goalkeeper,Sweeper keeper,Build-up keeper,0,1.0,1199,16,7,0.0,0.01,0.0,0.01,0.0,0.0,0.02,0.06,30.43,72.0,4.51,0.13,0.0,0.0,0.0,0.0,0.01,0.0,2.15,29.9,0.16,49.6,0.54,53.5,4.27,0.08,0.024,0.0,0.0,0.0,0.0,0.0,0.0,0.0,2.82,75.1,0.057,1.55,1.15,2.57,48.3,0,0.0,Unknown,0.0,0.0,0.0,0.0,0.0,0,0.0,Unknown,0.0,0.0,0.0,estimated_from_squad_profile,2026-06-05T00:33:08.162006+00:00
Colombia,Yerry Mina,DF,Centre-Back,Cagliari,Right,24.6,Centre-back,Ball-playing defender,Rest-defense anchor,1,1.0,2739,37,29,0.12,0.18,0.13,0.16,0.84,0.32,1.83,0.96,63.81,88.5,4.19,1.92,0.6,66.2,0.65,35.6,0.17,0.039,11.69,42.2,3.09,70.2,3.75,68.2,5.9,1.1,0.18,0.04,0.157,0.139,0.158,0.149,0.158,0.239,0.0,0.0,0.0,0.0,0.0,0.0,0.0,0,0.0,Unknown,0.0,0.0,0.0,0.0,0.0,0,0.0,Unknown,0.0,0.0,0.0,estimated_from_squad_profile,2026-06-05T00:33:08.162006+00:00
Colombia,Gustavo Puerta,DF,Central Midfield,Racing Santander,Right,22.3,DF,Hybrid role,Balanced phase contribution,0,1.0,1189,16,7,0.13,0.24,0.13,0.22,0.85,0.33,1.87,1.44,59.52,86.7,2.82,1.34,0.49,62.9,0.45,33.3,0.24,0.06,10.57,38.9,2.11,66.9,2.4,64.9,5.01,1.21,0.193,0.03,0.07,0.09,0.1,0.16,0.22,0.36,0.0,0.0,0.0,0.0,0.0,0.0,0.0,0,0.0,Unknown,0.0,0.0,0.0,0.0,0.0,0,0.0,Unknown,0.0,0.0,0.0,estimated_from_squad_profile,2026-06-05T00:33:08.162006+00:00
Colombia,Juan Portilla,MF,Central Midfield,Athletico Paranaense,Right,22.3,No. 8,Box-to-box midfielder,Progression + counter-press,0,1.0,1189,16,7,0.23,0.24,0.22,0.22,1.44,0.55,3.2,1.44,63.51,83.7,3.3,2.08,0.93,58.9,0.56,31.3,0.4,0.099,13.97,35.9,1.99,60.9,1.21,54.9,5.92,1.31,0.163,0.05,0.07,0.09,0.1,0.16,0.22,0.36,0.0,0.0,0.0,0.0,0.0,0.0,0.0,0,0.0,Unknown,0.0,0.0,0.0,0.0,0.0,0,0.0,Unknown,0.0,0.0,0.0,estimated_from_squad_profile,2026-06-05T00:33:08.162006+00:00
Colombia,Jefferson Lerma,MF,Defensive Midfield,Crystal Palace,Right,24.6,No. 6,Holding midfielder,Press resistance + ball winning,1,1.0,2737,37,29,0.29,0.18,0.27,0.16,1.79,0.69,3.99,0.96,67.76,85.4,4.97,3.14,1.1,62.2,0.82,33.6,0.43,0.103,14.67,39.2,2.67,64.2,1.81,58.2,6.43,1.21,0.15,0.06,0.157,0.139,0.158,0.149,0.158,0.239,0.0,0.0,0.0,0.0,0.0,0.0,0.0,0,0.0,Unknown,0.0,0.0,0.0,0.0,0.0,0,0.0,Unknown,0.0,0.0,0.0,estimated_from_squad_profile,2026-06-05T00:33:08.162006+00:00
Colombia,Johan Mojica,DF,Left-Back,Mallorca,Left,31.2,Fullback,Overlapping wide defender,Width + recovery runner,0,1.0,1252,17,8,0.14,0.18,0.14,0.18,0.91,0.35,2.0,1.16,61.22,87.4,3.09,2.29,0.96,67.2,1.87,36.2,0.12,0.029,10.71,40.2,2.58,68.2,2.7,66.2,5.21,1.17,0.188,0.03,0.07,0.09,0.1,0.16,0.22,0.36,0.0,0.0,0.0,0.0,0.0,0.0,0.0,0,0.0,Unknown,0.0,0.0,0.0,0.0,0.0,0,0.0,Unknown,0.0,0.0,0.0,estimated_from_squad_profile,2026-06-05T00:33:08.162006+00:00
Colombia,Willer Ditta,DF,Centre-Back,Cruz Azul,Right,22.1,Centre-back,Ball-playing defender,Rest-defense anchor,0,1.0,1180,16,7,0.08,0.11,0.09,0.11,0.59,0.22,1.26,0.64,59.27,86.6,2.77,1.32,0.52,62.7,0.45,33.1,0.11,0.026,11.35,38.7,2.51,66.7,2.36,64.7,5.36,1.22,0.194,0.03,0.07,0.09,0.1,0.16,0.22,0.36,0.0,0.0,0.0,0.0,0.0,0.0,0.0,0,0.0,Unknown,0.0,0.0,0.0,0.0,0.0,0,0.0,Unknown,0.0,0.0,0.0,estimated_from_squad_profile,2026-06-05T00:33:08.162006+00:00
Colombia,Cucho Hernández,FW,Centre-Forward,Real Betis,Right,22.8,No. 9,Penalty-box finisher,Depth runs + shot volume,0,1.0,1227,16,7,0.28,0.12,0.27,0.11,1.76,0.68,3.94,0.68,40.53,75.1,1.98,2.65,1.5,54.7,0.64,28.8,0.15,0.037,12.99,32.7,1.34,54.7,1.0,47.7,4.4,0.89,0.11,0.31,0.07,0.09,0.1,0.16,0.22,0.36,0.0,0.0,0.0,0.0,0.0,0.0,0.0,0,0.0,Unknown,0.0,0.0,0.0,0.0,0.0,0,0.0,Unknown,0.0,0.0,0.0,estimated_from_squad_profile,2026-06-05T00:33:08.162006+00:00
Colombia,Juan Fernando Quintero,MF,Attacking Midfield,River Plate,Right,23.7,No. 10,Central creator,Between-lines chance creation,1,1.0,2673,36,29,0.32,0.33,0.31,0.31,2.01,0.77,4.49,2.03,66.05,84.7,4.55,2.87,0.96,60.9,0.76,32.7,0.54,0.133,13.44,37.9,2.04,62.9,1.66,56.9,5.82,1.25,0.155,0.06,0.155,0.141,0.159,0.15,0.159,0.235,0.0,0.0,0.0,0.0,0.0,0.0,0.0,0,0.0,Unknown,0.0,0.0,0.0,0.0,0.0,0,0.0,Unknown,0.0,0.0,0.0,estimated_from_squad_profile,2026-06-05T00:33:08.162006+00:00
Colombia,Jaminton Campaz,FW,Left Winger,Rosario Central,Left,30.4,Winger,Wide creator,1v1 carry + crossing threat,0,1.0,1194,16,7,0.35,0.29,0.33,0.27,2.16,0.83,4.85,1.85,39.67,74.8,1.9,3.34,1.88,57.0,2.0,30.4,0.27,0.069,12.48,32.0,1.27,54.0,0.96,47.0,4.24,0.91,0.113,0.3,0.07,0.09,0.1,0.16,0.22,0.36,0.0,0.0,0.0,0.0,0.0,0.0,0.0,0,0.0,Unknown,0.0,0.0,0.0,0.0,0.0,0,0.0,Unknown,0.0,0.0,0.0,estimated_from_squad_profile,2026-06-05T00:33:08.162006+00:00
Colombia,Deiver Machado,DF,Left-Back,Nantes,Left,30.1,Fullback,Overlapping wide defender,Width + recovery runner,0,1.0,1175,16,7,0.12,0.16,0.12,0.15,0.82,0.31,1.78,1.02,59.16,86.6,2.76,2.15,0.94,65.6,1.83,35.1,0.11,0.025,10.5,38.6,2.31,66.6,2.34,64.6,4.94,1.22,0.194,0.03,0.07,0.09,0.1,0.16,0.22,0.36,0.0,0.0,0.0,0.0,0.0,0.0,0.0,0,0.0,Unknown,0.0,0.0,0.0,0.0,0.0,0,0.0,Unknown,0.0,0.0,0.0,estimated_from_squad_profile,2026-06-05T00:33:08.162006+00:00
Colombia,Davinson Sánchez,DF,Centre-Back,Galatasaray,Right,25.6,Centre-back,Ball-playing defender,Rest-defense anchor,1,1.0,2807,38,30,0.13,0.19,0.14,0.18,0.9,0.34,1.96,1.04,65.65,89.2,4.55,2.06,0.67,67.6,0.69,36.6,0.18,0.042,12.54,43.6,3.51,71.6,4.14,69.6,6.49,1.06,0.174,0.04,0.158,0.138,0.156,0.147,0.156,0.243,0.0,0.0,0.0,0.0,0.0,0.0,0.0,0,0.0,Unknown,0.0,0.0,0.0,0.0,0.0,0,0.0,Unknown,0.0,0.0,0.0,estimated_from_squad_profile,2026-06-05T00:33:08.162006+00:00
Colombia,Álvaro Montero,GK,Goalkeeper,Vélez Sarsfield,Right,22.1,Goalkeeper,Sweeper keeper,Build-up keeper,0,1.0,1175,16,7,0.0,0.01,0.0,0.01,0.0,0.0,0.02,0.06,30.08,71.6,4.42,0.12,0.0,0.0,0.0,0.0,0.01,0.0,2.11,29.6,0.16,49.1,0.53,53.1,4.21,0.08,0.025,0.0,0.0,0.0,0.0,0.0,0.0,0.0,2.84,74.6,0.051,1.51,1.11,2.59,47.6,0,0.0,Unknown,0.0,0.0,0.0,0.0,0.0,0,0.0,Unknown,0.0,0.0,0.0,estimated_from_squad_profile,2026-06-05T00:33:08.162006+00:00
Colombia,Luis Suárez,FW,Centre-Forward,Sporting CP,Right,23.3,No. 9,Penalty-box finisher,Depth runs + shot volume,0,1.0,1257,17,8,0.3,0.13,0.28,0.12,1.85,0.71,4.15,0.71,41.34,75.5,2.04,2.78,1.56,55.3,0.67,29.3,0.16,0.039,13.0,33.3,1.36,55.3,1.04,48.3,4.39,0.87,0.108,0.33,0.07,0.09,0.1,0.16,0.22,0.36,0.0,0.0,0.0,0.0,0.0,0.0,0.0,0,0.0,Unknown,0.0,0.0,0.0,0.0,0.0,0,0.0,Unknown,0.0,0.0,0.0,estimated_from_squad_profile,2026-06-05T00:33:08.162006+00:00
Colombia,Andrés Gómez,FW,Left Winger,Vasco da Gama,Left,30.6,Winger,Wide creator,1v1 carry + crossing threat,0,1.0,1211,16,7,0.37,0.3,0.34,0.28,2.23,0.86,5.02,1.92,40.12,75.0,1.94,3.42,1.82,57.4,2.01,30.6,0.27,0.07,11.93,32.4,1.22,54.4,0.98,47.4,4.04,0.9,0.111,0.31,0.07,0.09,0.1,0.16,0.22,0.36,0.0,0.0,0.0,0.0,0.0,0.0,0.0,0,0.0,Unknown,0.0,0.0,0.0,0.0,0.0,0,0.0,Unknown,0.0,0.0,0.0,estimated_from_squad_profile,2026-06-05T00:33:08.162006+00:00
Congo DR,Lionel Mpasi,GK,,Le Havre,Right,16.9,Goalkeeper,Sweeper keeper,Build-up keeper,0,1.0,824,11,5,0.0,0.01,0.0,0.01,0.0,0.0,0.02,0.03,24.95,65.2,3.05,0.05,0.0,0.0,0.0,0.0,0.01,0.0,1.51,24.9,0.09,41.4,0.38,47.1,3.36,0.05,0.033,0.0,0.0,0.0,0.0,0.0,0.0,0.0,3.23,67.3,-0.034,0.91,0.47,2.94,38.7,0,0.0,Unknown,0.0,0.0,0.0,0.0,0.0,0,0.0,Unknown,0.0,0.0,0.0,estimated_from_squad_profile,2026-06-05T00:33:08.162006+00:00
Congo DR,Aaron Wan-Bissaka,DF,Right-Back,West Ham United,Right,27.8,Fullback,Overlapping wide defender,Width + recovery runner,1,1.0,2612,35,28,0.16,0.21,0.16,0.2,1.04,0.4,2.28,1.32,60.42,87.1,3.53,2.66,1.04,66.6,2.21,35.8,0.14,0.033,11.61,39.6,2.7,67.6,3.05,65.6,5.58,1.19,0.19,0.03,0.154,0.142,0.161,0.151,0.161,0.232,0.0,0.0,0.0,0.0,0.0,0.0,0.0,0,0.0,Unknown,0.0,0.0,0.0,0.0,0.0,0,0.0,Unknown,0.0,0.0,0.0,estimated_from_squad_profile,2026-06-05T00:33:08.162006+00:00
Congo DR,Steve Kapuadi,DF,Centre-Back,Widzew Łódź,Right,21.8,Centre-back,Ball-playing defender,Rest-defense anchor,0,1.0,1159,15,7,0.08,0.11,0.09,0.1,0.57,0.22,1.23,0.61,58.71,86.4,2.68,1.28,0.51,62.3,0.43,32.8,0.11,0.025,11.23,38.3,2.42,66.3,2.26,64.3,5.25,1.23,0.196,0.03,0.07,0.09,0.1,0.16,0.22,0.36,0.0,0.0,0.0,0.0,0.0,0.0,0.0,0,0.0,Unknown,0.0,0.0,0.0,0.0,0.0,0,0.0,Unknown,0.0,0.0,0.0,estimated_from_squad_profile,2026-06-05T00:33:08.162006+00:00
Congo DR,Axel Tuanzebe,DF,Centre-Back,Burnley,Right,22.6,Centre-back,Ball-playing defender,Rest-defense anchor,0,1.0,1207,16,7,0.09,0.12,0.09,0.11,0.61,0.23,1.31,0.66,60.02,86.9,2.9,1.37,0.54,63.3,0.46,33.6,0.12,0.027,11.52,39.3,2.64,67.3,2.49,65.3,5.5,1.2,0.192,0.03,0.07,0.09,0.1,0.16,0.22,0.36,0.0,0.0,0.0,0.0,0.0,0.0,0.0,0,0.0,Unknown,0.0,0.0,0.0,0.0,0.0,0,0.0,Unknown,0.0,0.0,0.0,estimated_from_squad_profile,2026-06-05T00:33:08.162006+00:00
Congo DR,Dylan Batubinsika,DF,Centre-Back,AEL,Right,21.8,Centre-back,Ball-playing defender,Rest-defense anchor,0,1.0,1158,15,7,0.08,0.11,0.09,0.1,0.57,0.22,1.23,0.61,58.68,86.4,2.68,1.28,0.49,62.3,0.43,32.8,0.11,0.025,10.81,38.3,2.33,66.3,2.25,64.3,5.05,1.23,0.196,0.03,0.07,0.09,0.1,0.16,0.22,0.36,0.0,0.0,0.0,0.0,0.0,0.0,0.0,0,0.0,Unknown,0.0,0.0,0.0,0.0,0.0,0,0.0,Unknown,0.0,0.0,0.0,estimated_from_squad_profile,2026-06-05T00:33:08.162006+00:00
Congo DR,Ngal'ayel Mukau,MF,Defensive Midfield,Lille,Right,22.8,No. 6,Holding midfielder,Press resistance + ball winning,0,1.0,1227,16,7,0.2,0.12,0.19,0.11,1.26,0.48,2.79,0.68,64.54,84.1,3.51,2.22,0.88,59.7,0.59,31.8,0.3,0.071,12.86,36.7,2.16,61.7,1.29,55.7,5.5,1.29,0.16,0.05,0.07,0.09,0.1,0.16,0.22,0.36,0.0,0.0,0.0,0.0,0.0,0.0,0.0,0,0.0,Unknown,0.0,0.0,0.0,0.0,0.0,0,0.0,Unknown,0.0,0.0,0.0,estimated_from_squad_profile,2026-06-05T00:33:08.162006+00:00
Congo DR,Nathanaël Mbuku,MF,Left Winger,Montpellier,Left,30.4,Winger,Wide creator,1v1 carry + crossing threat,0,1.0,1196,16,7,0.27,0.29,0.26,0.27,1.69,0.65,3.79,1.86,63.7,83.8,3.34,2.95,1.36,62.0,1.95,33.4,0.41,0.1,13.29,36.0,1.91,61.0,1.23,55.0,5.64,1.31,0.163,0.05,0.07,0.09,0.1,0.16,0.22,0.36,0.0,0.0,0.0,0.0,0.0,0.0,0.0,0,0.0,Unknown,0.0,0.0,0.0,0.0,0.0,0,0.0,Unknown,0.0,0.0,0.0,estimated_from_squad_profile,2026-06-05T00:33:08.162006+00:00
Congo DR,Samuel Moutoussamy,MF,Central Midfield,Atromitos,Right,23.4,No. 8,Box-to-box midfielder,Progression + counter-press,1,1.0,2652,36,28,0.31,0.32,0.3,0.3,1.94,0.75,4.34,1.96,65.48,84.5,4.41,2.78,1.01,60.4,0.74,32.4,0.53,0.13,14.29,37.4,2.14,62.4,1.61,56.4,6.16,1.26,0.157,0.05,0.155,0.141,0.16,0.15,0.16,0.234,0.0,0.0,0.0,0.0,0.0,0.0,0.0,0,0.0,Unknown,0.0,0.0,0.0,0.0,0.0,0,0.0,Unknown,0.0,0.0,0.0,estimated_from_squad_profile,2026-06-05T00:33:08.162006+00:00
Congo DR,Brian Cipenga,FW,Left Winger,Castellón,Left,29.9,Winger,Wide creator,1v1 carry + crossing threat,0,1.0,1160,15,7,0.33,0.27,0.31,0.25,2.01,0.78,4.51,1.72,38.74,74.4,1.83,3.19,1.79,56.3,1.96,29.9,0.26,0.067,12.19,31.3,1.22,53.3,0.91,46.3,4.15,0.93,0.116,0.29,0.07,0.09,0.1,0.16,0.22,0.36,0.0,0.0,0.0,0.0,0.0,0.0,0.0,0,0.0,Unknown,0.0,0.0,0.0,0.0,0.0,0,0.0,Unknown,0.0,0.0,0.0,estimated_from_squad_profile,2026-06-05T00:33:08.162006+00:00
Congo DR,Théo Bongonda,MF,Right Winger,Spartak Moscow,Right,28.6,Winger,Wide creator,1v1 carry + crossing threat,1,1.0,2666,36,28,0.38,0.4,0.36,0.38,2.33,0.9,5.22,2.58,65.87,84.7,4.5,3.84,1.48,63.7,2.4,34.6,0.54,0.132,14.18,37.7,2.14,62.7,1.65,56.7,6.13,1.25,0.156,0.06,0.155,0.141,0.16,0.15,0.16,0.235,0.0,0.0,0.0,0.0,0.0,0.0,0.0,0,0.0,Unknown,0.0,0.0,0.0,0.0,0.0,0,0.0,Unknown,0.0,0.0,0.0,estimated_from_squad_profile,2026-06-05T00:33:08.162006+00:00
Congo DR,Gaël Kakuta,FW,Attacking Midfield,AEL,Right,22.1,No. 10,Central creator,Between-lines chance creation,0,1.0,1179,16,7,0.3,0.23,0.29,0.21,1.86,0.72,4.17,1.41,39.25,74.6,1.87,2.43,1.2,53.7,0.6,28.1,0.26,0.068,10.99,31.7,1.11,53.7,0.94,46.7,3.74,0.92,0.114,0.29,0.07,0.09,0.1,0.16,0.22,0.36,0.0,0.0,0.0,0.0,0.0,0.0,0.0,0,0.0,Unknown,0.0,0.0,0.0,0.0,0.0,0,0.0,Unknown,0.0,0.0,0.0,estimated_from_squad_profile,2026-06-05T00:33:08.162006+00:00
Congo DR,Joris Kayembe,DF,Left-Back,Genk,Left,30.6,Fullback,Overlapping wide defender,Width + recovery runner,0,1.0,1207,16,7,0.13,0.17,0.13,0.16,0.86,0.33,1.87,1.08,60.01,86.9,2.9,2.21,0.97,66.3,1.85,35.6,0.12,0.027,10.89,39.3,2.49,67.3,2.49,65.3,5.2,1.2,0.192,0.03,0.07,0.09,0.1,0.16,0.22,0.36,0.0,0.0,0.0,0.0,0.0,0.0,0.0,0,0.0,Unknown,0.0,0.0,0.0,0.0,0.0,0,0.0,Unknown,0.0,0.0,0.0,estimated_from_squad_profile,2026-06-05T00:33:08.162006+00:00
Congo DR,Meschak Elia,FW,,Alanyaspor,Right,18.9,FW,Hybrid role,Balanced phase contribution,0,1.0,955,13,6,0.14,0.07,0.14,0.06,0.91,0.35,1.99,0.41,33.25,72.1,1.37,1.45,0.76,49.1,0.39,24.9,0.08,0.02,10.48,27.1,0.92,49.1,0.64,42.1,3.63,1.07,0.133,0.2,0.07,0.09,0.1,0.16,0.22,0.36,0.0,0.0,0.0,0.0,0.0,0.0,0.0,0,0.0,Unknown,0.0,0.0,0.0,0.0,0.0,0,0.0,Unknown,0.0,0.0,0.0,estimated_from_squad_profile,2026-06-05T00:33:08.162006+00:00
Congo DR,Noah Sadiki,MF,Central Midfield,Sunderland,Right,23.4,No. 8,Box-to-box midfielder,Progression + counter-press,1,1.0,2653,36,28,0.31,0.32,0.3,0.3,1.95,0.75,4.35,1.96,65.51,84.5,4.42,2.79,0.94,60.4,0.74,32.4,0.53,0.13,13.23,37.4,1.99,62.4,1.62,56.4,5.7,1.26,0.157,0.05,0.155,0.141,0.16,0.15,0.16,0.234,0.0,0.0,0.0,0.0,0.0,0.0,0.0,0,0.0,Unknown,0.0,0.0,0.0,0.0,0.0,0,0.0,Unknown,0.0,0.0,0.0,estimated_from_squad_profile,2026-06-05T00:33:08.162006+00:00
Congo DR,Aaron Tshibola,MF,Central Midfield,Kilmarnock,Right,21.2,No. 8,Box-to-box midfielder,Progression + counter-press,0,1.0,1117,15,7,0.2,0.2,0.19,0.19,1.25,0.48,2.76,1.23,61.6,82.9,2.9,1.83,0.76,57.4,0.5,30.2,0.36,0.09,12.2,34.4,1.64,59.4,1.07,53.4,5.07,1.36,0.169,0.05,0.07,0.09,0.1,0.16,0.22,0.36,0.0,0.0,0.0,0.0,0.0,0.0,0.0,0,0.0,Unknown,0.0,0.0,0.0,0.0,0.0,0,0.0,Unknown,0.0,0.0,0.0,estimated_from_squad_profile,2026-06-05T00:33:08.162006+00:00
Congo DR,Timothy Fayulu,GK,Goalkeeper,Noah,Right,21.4,Goalkeeper,Sweeper keeper,Build-up keeper,0,1.0,1126,15,7,0.0,0.01,0.0,0.01,0.0,0.0,0.02,0.05,29.37,70.7,4.23,0.11,0.0,0.0,0.0,0.0,0.01,0.0,2.03,28.9,0.15,48.0,0.51,52.3,4.09,0.07,0.026,0.0,0.0,0.0,0.0,0.0,0.0,0.0,2.9,73.6,0.039,1.43,1.02,2.64,46.4,0,0.0,Unknown,0.0,0.0,0.0,0.0,0.0,0,0.0,Unknown,0.0,0.0,0.0,estimated_from_squad_profile,2026-06-05T00:33:08.162006+00:00
Congo DR,Cédric Bakambu,FW,Centre-Forward,Real Betis,Right,24.8,No. 9,Penalty-box finisher,Depth runs + shot volume,1,1.0,2751,37,29,0.42,0.18,0.4,0.17,2.6,1.0,5.83,0.98,44.13,76.6,2.71,3.85,1.59,57.5,0.91,30.8,0.22,0.054,12.1,35.5,1.32,57.5,1.4,50.5,4.06,0.8,0.099,0.37,0.157,0.139,0.158,0.148,0.158,0.24,0.0,0.0,0.0,0.0,0.0,0.0,0.0,0,0.0,Unknown,0.0,0.0,0.0,0.0,0.0,0,0.0,Unknown,0.0,0.0,0.0,estimated_from_squad_profile,2026-06-05T00:33:08.162006+00:00
Congo DR,Charles Pickel,MF,Defensive Midfield,Espanyol,Right,22.9,No. 6,Holding midfielder,Press resistance + ball winning,0,1.0,1233,16,7,0.2,0.13,0.19,0.12,1.27,0.49,2.82,0.69,64.71,84.2,3.55,2.24,0.97,59.8,0.6,31.9,0.3,0.072,13.97,36.8,2.36,61.8,1.3,55.8,5.98,1.28,0.16,0.05,0.07,0.09,0.1,0.16,0.22,0.36,0.0,0.0,0.0,0.0,0.0,0.0,0.0,0,0.0,Unknown,0.0,0.0,0.0,0.0,0.0,0,0.0,Unknown,0.0,0.0,0.0,estimated_from_squad_profile,2026-06-05T00:33:08.162006+00:00
Congo DR,Fiston Mayele,FW,Centre-Forward,Pyramids,Right,23.1,No. 9,Penalty-box finisher,Depth runs + shot volume,1,1.0,2636,36,28,0.35,0.15,0.33,0.14,2.17,0.83,4.85,0.84,41.04,75.3,2.4,3.25,1.44,55.1,0.78,29.1,0.18,0.046,12.2,33.1,1.27,55.1,1.22,48.1,4.12,0.87,0.109,0.32,0.154,0.141,0.16,0.151,0.16,0.233,0.0,0.0,0.0,0.0,0.0,0.0,0.0,0,0.0,Unknown,0.0,0.0,0.0,0.0,0.0,0,0.0,Unknown,0.0,0.0,0.0,estimated_from_squad_profile,2026-06-05T00:33:08.162006+00:00
Congo DR,Yoane Wissa,FW,Centre-Forward,Newcastle United,Right,24.3,No. 9,Penalty-box finisher,Depth runs + shot volume,1,1.0,2715,37,29,0.4,0.17,0.38,0.16,2.46,0.95,5.52,0.93,43.16,76.2,2.62,3.66,1.7,56.7,0.87,30.3,0.21,0.051,13.33,34.7,1.43,56.7,1.35,49.7,4.48,0.82,0.102,0.35,0.156,0.14,0.158,0.149,0.158,0.238,0.0,0.0,0.0,0.0,0.0,0.0,0.0,0,0.0,Unknown,0.0,0.0,0.0,0.0,0.0,0,0.0,Unknown,0.0,0.0,0.0,estimated_from_squad_profile,2026-06-05T00:33:08.162006+00:00
Congo DR,Matthieu Epolo,GK,Goalkeeper,Standard Liège,Right,22.0,Goalkeeper,Sweeper keeper,Build-up keeper,1,1.0,2560,35,27,0.0,0.01,0.0,0.01,0.0,0.0,0.02,0.06,30.01,71.5,4.4,0.12,0.0,0.0,0.0,0.0,0.01,0.0,2.1,29.5,0.16,49.0,0.53,53.0,4.2,0.08,0.025,0.0,0.0,0.0,0.0,0.0,0.0,0.0,2.85,74.5,0.05,1.5,1.1,2.6,47.5,0,0.0,Unknown,0.0,0.0,0.0,0.0,0.0,0,0.0,Unknown,0.0,0.0,0.0,estimated_from_squad_profile,2026-06-05T00:33:08.162006+00:00
Congo DR,Chancel Mbemba,DF,Centre-Back,Lille,Right,25.5,Centre-back,Ball-playing defender,Rest-defense anchor,1,1.0,2797,38,30,0.13,0.19,0.13,0.18,0.89,0.34,1.94,1.03,65.38,89.1,4.5,2.04,0.64,67.4,0.68,36.5,0.18,0.042,12.02,43.4,3.33,71.4,4.08,69.4,6.2,1.07,0.175,0.04,0.158,0.138,0.157,0.147,0.157,0.243,0.0,0.0,0.0,0.0,0.0,0.0,0.0,0,0.0,Unknown,0.0,0.0,0.0,0.0,0.0,0,0.0,Unknown,0.0,0.0,0.0,estimated_from_squad_profile,2026-06-05T00:33:08.162006+00:00
Congo DR,Simon Banza,FW,Centre-Forward,Al Jazira,Right,22.8,No. 9,Penalty-box finisher,Depth runs + shot volume,0,1.0,1227,16,7,0.29,0.12,0.27,0.12,1.76,0.68,3.94,0.68,40.55,75.1,1.98,2.65,1.45,54.7,0.64,28.8,0.15,0.037,12.52,32.7,1.29,54.7,1.0,47.7,4.24,0.89,0.11,0.31,0.07,0.09,0.1,0.16,0.22,0.36,0.0,0.0,0.0,0.0,0.0,0.0,0.0,0,0.0,Unknown,0.0,0.0,0.0,0.0,0.0,0,0.0,Unknown,0.0,0.0,0.0,estimated_from_squad_profile,2026-06-05T00:33:08.162006+00:00
Congo DR,Gédéon Kalulu,DF,Right-Back,Aris Limassol,Right,27.3,Fullback,Overlapping wide defender,Width + recovery runner,0,1.0,1190,16,7,0.13,0.16,0.13,0.16,0.83,0.32,1.82,1.04,59.55,86.7,2.82,2.18,1.02,65.9,1.84,35.3,0.11,0.026,11.42,38.9,2.56,66.9,2.41,64.9,5.41,1.21,0.193,0.03,0.07,0.09,0.1,0.16,0.22,0.36,0.0,0.0,0.0,0.0,0.0,0.0,0.0,0,0.0,Unknown,0.0,0.0,0.0,0.0,0.0,0,0.0,Unknown,0.0,0.0,0.0,estimated_from_squad_profile,2026-06-05T00:33:08.162006+00:00
Congo DR,Edo Kayembe,MF,Central Midfield,Watford,Right,23.5,No. 8,Box-to-box midfielder,Progression + counter-press,1,1.0,2660,36,28,0.32,0.33,0.3,0.3,1.97,0.76,4.39,1.99,65.68,84.6,4.46,2.81,1.04,60.6,0.75,32.5,0.53,0.131,14.64,37.6,2.2,62.6,1.63,56.6,6.32,1.26,0.156,0.05,0.155,0.141,0.16,0.15,0.16,0.235,0.0,0.0,0.0,0.0,0.0,0.0,0.0,0,0.0,Unknown,0.0,0.0,0.0,0.0,0.0,0,0.0,Unknown,0.0,0.0,0.0,estimated_from_squad_profile,2026-06-05T00:33:08.162006+00:00
Congo DR,Arthur Masuaku,DF,Left-Back,Lens,Left,31.7,Fullback,Overlapping wide defender,Width + recovery runner,1,1.0,2676,36,29,0.17,0.23,0.17,0.22,1.14,0.43,2.5,1.46,62.12,87.8,3.86,2.79,1.0,67.9,2.25,36.7,0.16,0.036,11.11,40.9,2.77,68.9,3.4,66.9,5.48,1.15,0.185,0.04,0.155,0.141,0.159,0.15,0.159,0.236,0.0,0.0,0.0,0.0,0.0,0.0,0.0,0,0.0,Unknown,0.0,0.0,0.0,0.0,0.0,0,0.0,Unknown,0.0,0.0,0.0,estimated_from_squad_profile,2026-06-05T00:33:08.162006+00:00
Portugal,Diogo Costa,GK,Goalkeeper,Porto,Right,24.2,Goalkeeper,Sweeper keeper,Build-up keeper,1,1.0,2710,37,29,0.0,0.01,0.0,0.01,0.0,0.0,0.02,0.06,32.2,74.3,4.99,0.15,0.0,0.0,0.0,0.0,0.01,0.0,2.36,31.5,0.18,52.3,0.59,55.6,4.57,0.08,0.021,0.0,0.0,0.0,0.0,0.0,0.0,0.0,2.68,77.6,0.087,1.76,1.38,2.45,51.4,0,0.0,Unknown,0.0,0.0,0.0,0.0,0.0,0,0.0,Unknown,0.0,0.0,0.0,estimated_from_squad_profile,2026-06-05T00:33:08.162006+00:00
Portugal,Nélson Semedo,DF,Right-Back,Fenerbahçe,Right,28.7,Fullback,Overlapping wide defender,Width + recovery runner,0,1.0,1284,17,8,0.15,0.19,0.14,0.19,0.95,0.36,2.09,1.22,62.06,87.8,3.23,2.34,1.0,67.9,1.89,36.7,0.13,0.03,11.1,40.9,2.76,68.9,2.85,66.9,5.47,1.15,0.185,0.04,0.07,0.09,0.1,0.16,0.22,0.36,0.0,0.0,0.0,0.0,0.0,0.0,0.0,0,0.0,Unknown,0.0,0.0,0.0,0.0,0.0,0,0.0,Unknown,0.0,0.0,0.0,estimated_from_squad_profile,2026-06-05T00:33:08.162006+00:00
Portugal,Rúben Dias,DF,Centre-Back,Manchester City,Right,25.8,Centre-back,Ball-playing defender,Rest-defense anchor,1,1.0,2821,38,30,0.14,0.19,0.14,0.18,0.91,0.35,1.98,1.06,66.02,89.4,4.62,2.09,0.68,67.9,0.7,36.8,0.19,0.043,12.62,43.9,3.57,71.9,4.22,69.9,6.56,1.05,0.173,0.04,0.159,0.138,0.156,0.147,0.156,0.244,0.0,0.0,0.0,0.0,0.0,0.0,0.0,0,0.0,Unknown,0.0,0.0,0.0,0.0,0.0,0,0.0,Unknown,0.0,0.0,0.0,estimated_from_squad_profile,2026-06-05T00:33:08.162006+00:00
Portugal,Tomás Araújo,DF,Centre-Back,Benfica,Right,22.8,Centre-back,Ball-playing defender,Rest-defense anchor,0,1.0,1222,16,7,0.09,0.12,0.09,0.11,0.62,0.24,1.33,0.68,60.41,87.1,2.96,1.39,0.53,63.6,0.47,33.8,0.12,0.027,11.18,39.6,2.6,67.6,2.56,65.6,5.38,1.19,0.191,0.03,0.07,0.09,0.1,0.16,0.22,0.36,0.0,0.0,0.0,0.0,0.0,0.0,0.0,0,0.0,Unknown,0.0,0.0,0.0,0.0,0.0,0,0.0,Unknown,0.0,0.0,0.0,estimated_from_squad_profile,2026-06-05T00:33:08.162006+00:00
Portugal,Diogo Dalot,DF,Right-Back,Manchester United,Right,29.2,Fullback,Overlapping wide defender,Width + recovery runner,0,1.0,1320,18,8,0.15,0.2,0.15,0.2,1.0,0.38,2.2,1.3,63.05,88.2,3.39,2.4,1.13,68.6,1.91,37.2,0.14,0.031,12.42,41.6,3.2,69.6,3.02,67.6,6.21,1.12,0.182,0.04,0.07,0.09,0.1,0.16,0.22,0.36,0.0,0.0,0.0,0.0,0.0,0.0,0.0,0,0.0,Unknown,0.0,0.0,0.0,0.0,0.0,0,0.0,Unknown,0.0,0.0,0.0,estimated_from_squad_profile,2026-06-05T00:33:08.162006+00:00
Portugal,Matheus Nunes,MF,Right-Back,Manchester City,Right,28.7,Fullback,Overlapping wide defender,Width + recovery runner,0,1.0,1283,17,8,0.27,0.19,0.25,0.19,1.66,0.64,3.71,1.22,66.05,84.7,3.82,3.25,1.58,63.9,2.03,34.7,0.33,0.078,15.07,37.9,2.63,62.9,1.4,56.9,6.52,1.25,0.155,0.06,0.07,0.09,0.1,0.16,0.22,0.36,0.0,0.0,0.0,0.0,0.0,0.0,0.0,0,0.0,Unknown,0.0,0.0,0.0,0.0,0.0,0,0.0,Unknown,0.0,0.0,0.0,estimated_from_squad_profile,2026-06-05T00:33:08.162006+00:00
Portugal,Cristiano Ronaldo,FW,Centre-Forward,Al-Nassr,Right,26.9,No. 9,Penalty-box finisher,Depth runs + shot volume,1,1.0,2893,39,31,0.52,0.21,0.48,0.2,3.12,1.21,7.04,1.15,47.93,78.2,3.09,4.6,1.75,60.4,1.07,32.9,0.26,0.064,11.97,38.4,1.37,60.4,1.63,53.4,3.98,0.7,0.087,0.43,0.16,0.137,0.155,0.146,0.155,0.248,0.0,0.0,0.0,0.0,0.0,0.0,0.0,4,100.0,Right,25.0,25.0,50.0,0.0,0.0,0,0.0,Unknown,0.0,0.0,0.0,estimated_from_squad_profile,2026-06-05T00:33:08.162006+00:00
Portugal,Bruno Fernandes,MF,Attacking Midfield,Manchester United,Right,27.3,No. 10,Central creator,Between-lines chance creation,1,1.0,2921,40,31,0.46,0.47,0.43,0.44,2.79,1.08,6.28,2.87,72.69,87.5,6.18,3.9,1.37,66.0,1.0,36.3,0.71,0.172,16.64,43.0,2.84,68.0,2.24,62.0,7.51,1.08,0.134,0.07,0.161,0.136,0.154,0.145,0.154,0.25,0.0,0.0,0.0,0.0,0.0,0.0,0.0,0,0.0,Unknown,0.0,0.0,0.0,0.0,0.0,0,0.0,Unknown,0.0,0.0,0.0,estimated_from_squad_profile,2026-06-05T00:33:08.162006+00:00
Portugal,Gonçalo Ramos,FW,Centre-Forward,Paris Saint-Germain,Right,23.9,No. 9,Penalty-box finisher,Depth runs + shot volume,0,1.0,1303,17,8,0.33,0.14,0.31,0.13,2.0,0.77,4.48,0.76,42.57,76.0,2.15,2.98,1.61,56.3,0.71,29.9,0.17,0.042,12.9,34.3,1.38,56.3,1.1,49.3,4.34,0.84,0.104,0.35,0.07,0.09,0.1,0.16,0.22,0.36,0.0,0.0,0.0,0.0,0.0,0.0,0.0,0,0.0,Unknown,0.0,0.0,0.0,0.0,0.0,0,0.0,Unknown,0.0,0.0,0.0,estimated_from_squad_profile,2026-06-05T00:33:08.162006+00:00
Portugal,Bernardo Silva,MF,Attacking Midfield,Manchester City,Right,26.5,No. 10,Central creator,Between-lines chance creation,1,1.0,2867,39,31,0.43,0.44,0.4,0.41,2.62,1.01,5.89,2.69,71.24,86.9,5.82,3.67,1.29,64.9,0.95,35.5,0.67,0.164,16.06,41.9,2.69,66.9,2.11,60.9,7.19,1.12,0.139,0.06,0.16,0.137,0.155,0.146,0.155,0.247,0.0,0.0,0.0,0.0,0.0,0.0,0.0,0,0.0,Unknown,0.0,0.0,0.0,0.0,0.0,0,0.0,Unknown,0.0,0.0,0.0,estimated_from_squad_profile,2026-06-05T00:33:08.162006+00:00
Portugal,João Félix,FW,Second Striker,Al-Nassr,Right,24.9,No. 9,Penalty-box finisher,Depth runs + shot volume,1,1.0,2759,37,29,0.51,0.38,0.47,0.36,3.06,1.18,6.9,2.32,44.35,76.7,2.74,3.9,1.85,57.6,0.92,30.9,0.37,0.095,13.95,35.6,1.53,57.6,1.42,50.6,4.68,0.79,0.098,0.37,0.157,0.139,0.158,0.148,0.158,0.24,0.0,0.0,0.0,0.0,0.0,0.0,0.0,0,0.0,Unknown,0.0,0.0,0.0,0.0,0.0,0,0.0,Unknown,0.0,0.0,0.0,estimated_from_squad_profile,2026-06-05T00:33:08.162006+00:00
Portugal,José Sá,GK,Goalkeeper,Wolverhampton Wanderers,Right,22.0,Goalkeeper,Sweeper keeper,Build-up keeper,0,1.0,1168,16,7,0.0,0.01,0.0,0.01,0.0,0.0,0.02,0.05,29.97,71.5,4.39,0.12,0.0,0.0,0.0,0.0,0.01,0.0,2.1,29.5,0.15,49.0,0.52,53.0,4.2,0.07,0.025,0.0,0.0,0.0,0.0,0.0,0.0,0.0,2.85,74.5,0.05,1.5,1.1,2.6,47.5,0,0.0,Unknown,0.0,0.0,0.0,0.0,0.0,0,0.0,Unknown,0.0,0.0,0.0,estimated_from_squad_profile,2026-06-05T00:33:08.162006+00:00
Portugal,Renato Veiga,DF,Centre-Back,Villarreal,Right,23.1,Centre-back,Ball-playing defender,Rest-defense anchor,0,1.0,1245,17,8,0.09,0.13,0.09,0.12,0.64,0.24,1.37,0.7,61.04,87.3,3.06,1.43,0.52,64.1,0.48,34.1,0.12,0.028,10.89,40.1,2.6,68.1,2.67,66.1,5.28,1.17,0.189,0.03,0.07,0.09,0.1,0.16,0.22,0.36,0.0,0.0,0.0,0.0,0.0,0.0,0.0,0,0.0,Unknown,0.0,0.0,0.0,0.0,0.0,0,0.0,Unknown,0.0,0.0,0.0,estimated_from_squad_profile,2026-06-05T00:33:08.162006+00:00
Portugal,Gonçalo Inácio,DF,Centre-Back,Sporting CP,Right,23.7,Centre-back,Ball-playing defender,Rest-defense anchor,0,1.0,1288,17,8,0.1,0.14,0.1,0.13,0.67,0.25,1.44,0.75,62.19,87.8,3.25,1.51,0.57,65.0,0.51,34.7,0.13,0.03,11.56,41.0,2.89,69.0,2.87,67.0,5.71,1.15,0.185,0.04,0.07,0.09,0.1,0.16,0.22,0.36,0.0,0.0,0.0,0.0,0.0,0.0,0.0,0,0.0,Unknown,0.0,0.0,0.0,0.0,0.0,0,0.0,Unknown,0.0,0.0,0.0,estimated_from_squad_profile,2026-06-05T00:33:08.162006+00:00
Portugal,João Neves,MF,Central Midfield,Paris Saint-Germain,Right,24.2,No. 8,Box-to-box midfielder,Progression + counter-press,0,1.0,1320,18,8,0.29,0.3,0.27,0.28,1.79,0.69,4.0,1.81,67.04,85.2,4.03,2.54,1.02,61.6,0.67,33.2,0.48,0.117,13.82,38.6,2.14,63.6,1.47,57.6,6.03,1.22,0.152,0.06,0.07,0.09,0.1,0.16,0.22,0.36,0.0,0.0,0.0,0.0,0.0,0.0,0.0,0,0.0,Unknown,0.0,0.0,0.0,0.0,0.0,0,0.0,Unknown,0.0,0.0,0.0,estimated_from_squad_profile,2026-06-05T00:33:08.162006+00:00
Portugal,Francisco Trincão,FW,Attacking Midfield,Sporting CP,Right,23.5,No. 10,Central creator,Between-lines chance creation,0,1.0,1272,17,8,0.36,0.27,0.34,0.25,2.21,0.85,4.97,1.67,41.74,75.6,2.08,2.84,1.59,55.6,0.68,29.5,0.29,0.073,13.13,33.6,1.38,55.6,1.06,48.6,4.43,0.86,0.106,0.33,0.07,0.09,0.1,0.16,0.22,0.36,0.0,0.0,0.0,0.0,0.0,0.0,0.0,0,0.0,Unknown,0.0,0.0,0.0,0.0,0.0,0,0.0,Unknown,0.0,0.0,0.0,estimated_from_squad_profile,2026-06-05T00:33:08.162006+00:00
Portugal,Rafael Leão,FW,Left Winger,Milan,Left,32.6,Winger,Wide creator,1v1 carry + crossing threat,1,1.0,2734,37,29,0.55,0.44,0.51,0.42,3.34,1.29,7.53,2.88,43.69,76.4,2.67,4.77,2.32,60.1,2.54,32.6,0.36,0.093,13.99,35.1,1.52,57.1,1.38,50.1,4.7,0.81,0.1,0.36,0.157,0.139,0.158,0.149,0.158,0.239,0.0,0.0,0.0,0.0,0.0,0.0,0.0,0,0.0,Unknown,0.0,0.0,0.0,0.0,0.0,0,0.0,Unknown,0.0,0.0,0.0,estimated_from_squad_profile,2026-06-05T00:33:08.162006+00:00
Portugal,Pedro Neto,FW,Right Winger,Chelsea,Right,28.8,Winger,Wide creator,1v1 carry + crossing threat,0,1.0,1293,17,8,0.43,0.34,0.4,0.33,2.58,1.0,5.82,2.23,42.32,75.9,2.13,3.78,2.14,59.1,2.09,31.8,0.29,0.075,13.31,34.1,1.41,56.1,1.09,49.1,4.48,0.84,0.104,0.34,0.07,0.09,0.1,0.16,0.22,0.36,0.0,0.0,0.0,0.0,0.0,0.0,0.0,0,0.0,Unknown,0.0,0.0,0.0,0.0,0.0,0,0.0,Unknown,0.0,0.0,0.0,estimated_from_squad_profile,2026-06-05T00:33:08.162006+00:00
Portugal,Gonçalo Guedes,FW,Left Winger,Real Sociedad,Left,31.5,Winger,Wide creator,1v1 carry + crossing threat,0,1.0,1271,17,8,0.41,0.33,0.38,0.31,2.49,0.96,5.61,2.14,41.73,75.6,2.08,3.68,2.05,58.6,2.07,31.5,0.29,0.073,12.89,33.6,1.36,55.6,1.06,48.6,4.35,0.86,0.106,0.33,0.07,0.09,0.1,0.16,0.22,0.36,0.0,0.0,0.0,0.0,0.0,0.0,0.0,0,0.0,Unknown,0.0,0.0,0.0,0.0,0.0,0,0.0,Unknown,0.0,0.0,0.0,estimated_from_squad_profile,2026-06-05T00:33:08.162006+00:00
Portugal,João Cancelo,DF,Right-Back,Barcelona,Right,31.1,Fullback,Overlapping wide defender,Width + recovery runner,1,1.0,2841,38,30,0.22,0.29,0.21,0.28,1.38,0.53,3.06,1.84,66.55,89.6,4.73,3.13,1.1,71.3,2.36,39.1,0.19,0.044,12.03,44.3,3.45,72.3,4.33,70.3,6.29,1.04,0.171,0.04,0.159,0.137,0.156,0.147,0.156,0.245,0.0,0.0,0.0,0.0,0.0,0.0,0.0,0,0.0,Unknown,0.0,0.0,0.0,0.0,0.0,0,0.0,Unknown,0.0,0.0,0.0,estimated_from_squad_profile,2026-06-05T00:33:08.162006+00:00
Portugal,Rúben Neves,MF,Defensive Midfield,Al-Hilal,Right,24.9,No. 6,Holding midfielder,Press resistance + ball winning,1,1.0,2756,37,29,0.29,0.18,0.28,0.17,1.84,0.71,4.1,0.98,68.27,85.7,5.09,3.21,1.17,62.6,0.84,33.9,0.45,0.106,15.45,39.6,2.84,64.6,1.86,58.6,6.79,1.19,0.148,0.06,0.157,0.139,0.158,0.148,0.158,0.24,0.0,0.0,0.0,0.0,0.0,0.0,0.0,0,0.0,Unknown,0.0,0.0,0.0,0.0,0.0,0,0.0,Unknown,0.0,0.0,0.0,estimated_from_squad_profile,2026-06-05T00:33:08.162006+00:00
Portugal,Rui Silva,GK,Goalkeeper,Sporting CP,Right,22.2,Goalkeeper,Sweeper keeper,Build-up keeper,0,1.0,1181,16,7,0.0,0.01,0.0,0.01,0.0,0.0,0.02,0.06,30.17,71.7,4.45,0.12,0.0,0.0,0.0,0.0,0.01,0.0,2.12,29.7,0.16,49.3,0.53,53.2,4.23,0.08,0.025,0.0,0.0,0.0,0.0,0.0,0.0,0.0,2.84,74.7,0.053,1.52,1.12,2.59,47.8,0,0.0,Unknown,0.0,0.0,0.0,0.0,0.0,0,0.0,Unknown,0.0,0.0,0.0,estimated_from_squad_profile,2026-06-05T00:33:08.162006+00:00
Portugal,Vitinha,MF,Defensive Midfield,Paris Saint-Germain,Right,24.5,No. 6,Holding midfielder,Press resistance + ball winning,1,1.0,2732,37,29,0.28,0.17,0.27,0.16,1.78,0.68,3.96,0.95,67.62,85.4,4.93,3.11,1.15,62.1,0.82,33.5,0.43,0.102,15.46,39.1,2.8,64.1,1.8,58.1,6.77,1.21,0.15,0.06,0.157,0.14,0.158,0.149,0.158,0.239,0.0,0.0,0.0,0.0,0.0,0.0,0.0,0,0.0,Unknown,0.0,0.0,0.0,0.0,0.0,0,0.0,Unknown,0.0,0.0,0.0,estimated_from_squad_profile,2026-06-05T00:33:08.162006+00:00
Portugal,Samú Costa,DF,Defensive Midfield,Mallorca,Right,22.5,No. 6,Holding midfielder,Press resistance + ball winning,0,1.0,1206,16,7,0.09,0.12,0.09,0.11,0.61,0.23,1.31,0.66,59.98,86.9,2.89,1.37,0.53,63.3,0.46,33.5,0.12,0.027,11.3,39.3,2.58,67.3,2.48,65.3,5.39,1.2,0.192,0.03,0.07,0.09,0.1,0.16,0.22,0.36,0.0,0.0,0.0,0.0,0.0,0.0,0.0,0,0.0,Unknown,0.0,0.0,0.0,0.0,0.0,0,0.0,Unknown,0.0,0.0,0.0,estimated_from_squad_profile,2026-06-05T00:33:08.162006+00:00
Portugal,Nuno Mendes,DF,Left-Back,Paris Saint-Germain,Left,32.6,Fullback,Overlapping wide defender,Width + recovery runner,1,1.0,2740,37,29,0.19,0.25,0.19,0.25,1.23,0.47,2.72,1.61,63.85,88.5,4.2,2.92,1.06,69.2,2.3,37.6,0.17,0.039,11.69,42.2,3.09,70.2,3.76,68.2,5.91,1.1,0.18,0.04,0.157,0.139,0.158,0.149,0.158,0.239,0.0,0.0,0.0,0.0,0.0,0.0,0.0,0,0.0,Unknown,0.0,0.0,0.0,0.0,0.0,0,0.0,Unknown,0.0,0.0,0.0,estimated_from_squad_profile,2026-06-05T00:33:08.162006+00:00
Portugal,Francisco Conceição,FW,Right Winger,Juventus,Right,28.3,Winger,Wide creator,1v1 carry + crossing threat,0,1.0,1259,17,8,0.4,0.32,0.37,0.31,2.44,0.94,5.49,2.1,41.41,75.5,2.05,3.63,1.94,58.4,2.06,31.3,0.28,0.073,12.31,33.4,1.29,55.4,1.04,48.4,4.16,0.86,0.107,0.33,0.07,0.09,0.1,0.16,0.22,0.36,0.0,0.0,0.0,0.0,0.0,0.0,0.0,0,0.0,Unknown,0.0,0.0,0.0,0.0,0.0,0,0.0,Unknown,0.0,0.0,0.0,estimated_from_squad_profile,2026-06-05T00:33:08.162006+00:00
Uzbekistan,Utkir Yusupov,GK,Goalkeeper,Navbahor Namangan,Right,22.4,Goalkeeper,Sweeper keeper,Build-up keeper,1,1.0,2587,35,28,0.0,0.01,0.0,0.01,0.0,0.0,0.02,0.06,30.4,72.0,4.51,0.13,0.0,0.0,0.0,0.0,0.01,0.0,2.15,29.9,0.16,49.6,0.54,53.5,4.27,0.08,0.024,0.0,0.0,0.0,0.0,0.0,0.0,0.0,2.82,75.1,0.057,1.55,1.15,2.57,48.2,0,0.0,Unknown,0.0,0.0,0.0,0.0,0.0,0,0.0,Unknown,0.0,0.0,0.0,estimated_from_squad_profile,2026-06-05T00:33:08.162006+00:00
Uzbekistan,Abdukodir Khusanov,DF,Centre-Back,Manchester City,Right,23.7,Centre-back,Ball-playing defender,Rest-defense anchor,1,1.0,2679,36,29,0.12,0.16,0.12,0.15,0.79,0.3,1.71,0.89,62.2,87.8,3.88,1.8,0.55,65.0,0.61,34.7,0.16,0.036,11.13,41.0,2.78,69.0,3.42,67.0,5.5,1.14,0.185,0.04,0.155,0.141,0.159,0.15,0.159,0.236,0.0,0.0,0.0,0.0,0.0,0.0,0.0,0,0.0,Unknown,0.0,0.0,0.0,0.0,0.0,0,0.0,Unknown,0.0,0.0,0.0,estimated_from_squad_profile,2026-06-05T00:33:08.162006+00:00
Uzbekistan,Khojiakbar Alijonov,DF,,Pakhtakor,Right,17.6,DF,Hybrid role,Balanced phase contribution,0,1.0,871,11,5,0.05,0.06,0.05,0.05,0.37,0.14,0.77,0.32,51.0,83.2,1.42,0.78,0.31,56.3,0.27,28.6,0.05,0.013,9.33,32.3,1.05,60.3,0.9,58.3,3.66,1.43,0.22,0.02,0.07,0.09,0.1,0.16,0.22,0.36,0.0,0.0,0.0,0.0,0.0,0.0,0.0,0,0.0,Unknown,0.0,0.0,0.0,0.0,0.0,0,0.0,Unknown,0.0,0.0,0.0,estimated_from_squad_profile,2026-06-05T00:33:08.162006+00:00
Uzbekistan,Farrukh Sayfiev,DF,Left-Back,Neftchi Fergana,Left,30.4,Fullback,Overlapping wide defender,Width + recovery runner,0,1.0,1199,16,7,0.13,0.17,0.13,0.16,0.85,0.32,1.85,1.06,59.8,86.8,2.86,2.19,0.89,66.1,1.84,35.4,0.11,0.026,10.0,39.1,2.27,67.1,2.45,65.1,4.76,1.2,0.192,0.03,0.07,0.09,0.1,0.16,0.22,0.36,0.0,0.0,0.0,0.0,0.0,0.0,0.0,0,0.0,Unknown,0.0,0.0,0.0,0.0,0.0,0,0.0,Unknown,0.0,0.0,0.0,estimated_from_squad_profile,2026-06-05T00:33:08.162006+00:00
Uzbekistan,Rustam Ashurmatov,DF,Centre-Back,Esteghlal,Right,23.0,Centre-back,Ball-playing defender,Rest-defense anchor,1,1.0,2628,36,28,0.11,0.15,0.11,0.14,0.75,0.29,1.62,0.83,60.84,87.3,3.61,1.69,0.55,63.9,0.57,34.0,0.15,0.033,11.49,39.9,2.72,67.9,3.14,65.9,5.56,1.18,0.189,0.03,0.154,0.142,0.16,0.151,0.16,0.233,0.0,0.0,0.0,0.0,0.0,0.0,0.0,0,0.0,Unknown,0.0,0.0,0.0,0.0,0.0,0,0.0,Unknown,0.0,0.0,0.0,estimated_from_squad_profile,2026-06-05T00:33:08.162006+00:00
Uzbekistan,Akmal Mozgovoy,MF,Central Midfield,Pakhtakor,Right,22.4,No. 8,Box-to-box midfielder,Progression + counter-press,0,1.0,1195,16,7,0.23,0.24,0.22,0.22,1.45,0.56,3.24,1.45,63.68,83.8,3.33,2.1,0.94,59.0,0.57,31.4,0.4,0.1,14.04,36.0,2.01,61.0,1.23,55.0,5.96,1.31,0.163,0.05,0.07,0.09,0.1,0.16,0.22,0.36,0.0,0.0,0.0,0.0,0.0,0.0,0.0,0,0.0,Unknown,0.0,0.0,0.0,0.0,0.0,0,0.0,Unknown,0.0,0.0,0.0,estimated_from_squad_profile,2026-06-05T00:33:08.162006+00:00
Uzbekistan,Otabek Shukurov,MF,Central Midfield,Baniyas,Right,25.0,No. 8,Box-to-box midfielder,Progression + counter-press,1,1.0,2765,37,30,0.37,0.38,0.35,0.36,2.3,0.89,5.16,2.34,68.51,85.8,5.15,3.25,1.18,62.8,0.85,34.0,0.6,0.148,15.55,39.8,2.48,64.8,1.88,58.8,6.85,1.19,0.147,0.06,0.157,0.139,0.157,0.148,0.157,0.241,0.0,0.0,0.0,0.0,0.0,0.0,0.0,0,0.0,Unknown,0.0,0.0,0.0,0.0,0.0,0,0.0,Unknown,0.0,0.0,0.0,estimated_from_squad_profile,2026-06-05T00:33:08.162006+00:00
Uzbekistan,Jamshid Iskanderov,MF,Attacking Midfield,Neftchi Fergana,Right,22.9,No. 10,Central creator,Between-lines chance creation,1,1.0,2622,35,28,0.3,0.3,0.28,0.28,1.85,0.71,4.12,1.86,64.67,84.2,4.21,2.66,0.91,59.8,0.71,31.9,0.51,0.125,13.17,36.8,1.94,61.8,1.54,55.8,5.64,1.28,0.16,0.05,0.154,0.142,0.161,0.151,0.161,0.232,0.0,0.0,0.0,0.0,0.0,0.0,0.0,0,0.0,Unknown,0.0,0.0,0.0,0.0,0.0,0,0.0,Unknown,0.0,0.0,0.0,estimated_from_squad_profile,2026-06-05T00:33:08.162006+00:00
Uzbekistan,Odiljon Hamrobekov,MF,,Tractor,Right,18.5,No. 8,Box-to-box midfielder,Progression + counter-press,0,1.0,931,12,6,0.09,0.07,0.1,0.06,0.65,0.25,1.4,0.38,56.61,80.9,1.88,1.19,0.49,53.6,0.35,27.5,0.13,0.031,10.4,30.6,1.12,55.6,0.71,49.6,4.06,1.48,0.185,0.04,0.07,0.09,0.1,0.16,0.22,0.36,0.0,0.0,0.0,0.0,0.0,0.0,0.0,0,0.0,Unknown,0.0,0.0,0.0,0.0,0.0,0,0.0,Unknown,0.0,0.0,0.0,estimated_from_squad_profile,2026-06-05T00:33:08.162006+00:00
Uzbekistan,Jaloliddin Masharipov,MF,Left Winger,Esteghlal,Left,32.8,Winger,Wide creator,1v1 carry + crossing threat,1,1.0,2749,37,29,0.43,0.45,0.41,0.43,2.64,1.02,5.94,2.95,68.09,85.6,5.05,4.19,1.55,65.4,2.48,35.8,0.59,0.145,14.51,39.4,2.3,64.4,1.84,58.4,6.37,1.2,0.149,0.06,0.157,0.139,0.158,0.148,0.158,0.24,0.0,0.0,0.0,0.0,0.0,0.0,0.0,0,0.0,Unknown,0.0,0.0,0.0,0.0,0.0,0,0.0,Unknown,0.0,0.0,0.0,estimated_from_squad_profile,2026-06-05T00:33:08.162006+00:00
Uzbekistan,Oston Urunov,MF,Left Winger,Persepolis,Left,31.8,Winger,Wide creator,1v1 carry + crossing threat,1,1.0,2681,36,29,0.39,0.41,0.37,0.39,2.38,0.92,5.34,2.64,66.25,84.8,4.6,3.9,1.53,64.0,2.42,34.8,0.55,0.134,14.61,38.0,2.23,63.0,1.68,57.0,6.33,1.24,0.155,0.06,0.155,0.14,0.159,0.15,0.159,0.236,0.0,0.0,0.0,0.0,0.0,0.0,0.0,0,0.0,Unknown,0.0,0.0,0.0,0.0,0.0,0,0.0,Unknown,0.0,0.0,0.0,estimated_from_squad_profile,2026-06-05T00:33:08.162006+00:00
Uzbekistan,Abduvohid Nematov,GK,,Nasaf,Right,16.6,Goalkeeper,Sweeper keeper,Build-up keeper,0,1.0,801,10,5,0.0,0.01,0.0,0.01,0.0,0.0,0.02,0.03,24.6,64.8,2.96,0.05,0.0,0.0,0.0,0.0,0.01,0.0,1.47,24.6,0.09,40.9,0.37,46.7,3.3,0.05,0.034,0.0,0.0,0.0,0.0,0.0,0.0,0.0,3.25,66.8,-0.04,0.87,0.42,2.96,38.0,0,0.0,Unknown,0.0,0.0,0.0,0.0,0.0,0,0.0,Unknown,0.0,0.0,0.0,estimated_from_squad_profile,2026-06-05T00:33:08.162006+00:00
Uzbekistan,Sherzod Nasrullaev,DF,Left-Back,Nasaf,Left,30.7,Fullback,Overlapping wide defender,Width + recovery runner,1,1.0,2609,35,28,0.16,0.21,0.16,0.2,1.04,0.4,2.27,1.31,60.32,87.0,3.51,2.65,1.06,66.5,2.21,35.7,0.14,0.032,11.8,39.5,2.74,67.5,3.03,65.5,5.66,1.19,0.191,0.03,0.154,0.142,0.161,0.151,0.161,0.232,0.0,0.0,0.0,0.0,0.0,0.0,0.0,0,0.0,Unknown,0.0,0.0,0.0,0.0,0.0,0,0.0,Unknown,0.0,0.0,0.0,estimated_from_squad_profile,2026-06-05T00:33:08.162006+00:00
Uzbekistan,Eldor Shomurodov,FW,Centre-Forward,İstanbul Başakşehir,Right,26.7,No. 9,Penalty-box finisher,Depth runs + shot volume,1,1.0,2878,39,31,0.51,0.21,0.47,0.2,3.07,1.19,6.92,1.13,47.55,78.0,3.06,4.52,2.09,60.1,1.05,32.7,0.25,0.063,14.4,38.1,1.64,60.1,1.61,53.1,4.79,0.71,0.088,0.42,0.16,0.137,0.155,0.146,0.155,0.247,0.0,0.0,0.0,0.0,0.0,0.0,0.0,0,0.0,Unknown,0.0,0.0,0.0,0.0,0.0,0,0.0,Unknown,0.0,0.0,0.0,estimated_from_squad_profile,2026-06-05T00:33:08.162006+00:00
Uzbekistan,Umar Eshmurodov,DF,Centre-Back,Nasaf,Right,22.0,Centre-back,Ball-playing defender,Rest-defense anchor,0,1.0,1171,16,7,0.08,0.11,0.09,0.1,0.58,0.22,1.25,0.63,59.04,86.5,2.74,1.3,0.47,62.5,0.44,33.0,0.11,0.025,10.27,38.5,2.25,66.5,2.32,64.5,4.82,1.22,0.195,0.03,0.07,0.09,0.1,0.16,0.22,0.36,0.0,0.0,0.0,0.0,0.0,0.0,0.0,0,0.0,Unknown,0.0,0.0,0.0,0.0,0.0,0,0.0,Unknown,0.0,0.0,0.0,estimated_from_squad_profile,2026-06-05T00:33:08.162006+00:00
Uzbekistan,Botirali Ergashev,GK,Goalkeeper,Neftchi Fergana,Right,21.2,Goalkeeper,Sweeper keeper,Build-up keeper,0,1.0,1111,15,7,0.0,0.01,0.0,0.01,0.0,0.0,0.02,0.05,29.15,70.4,4.17,0.11,0.0,0.0,0.0,0.0,0.01,0.0,2.0,28.7,0.14,47.7,0.5,52.0,4.06,0.07,0.026,0.0,0.0,0.0,0.0,0.0,0.0,0.0,2.91,73.3,0.036,1.4,0.99,2.66,46.0,0,0.0,Unknown,0.0,0.0,0.0,0.0,0.0,0,0.0,Unknown,0.0,0.0,0.0,estimated_from_squad_profile,2026-06-05T00:33:08.162006+00:00
Uzbekistan,Dostonbek Khamdamov,MF,Right Winger,Pakhtakor,Right,27.8,Winger,Wide creator,1v1 carry + crossing threat,0,1.0,1225,16,7,0.29,0.3,0.27,0.29,1.79,0.69,4.01,1.97,64.49,84.1,3.5,3.05,1.43,62.6,1.98,33.8,0.42,0.104,13.87,36.6,2.03,61.6,1.28,55.6,5.93,1.29,0.16,0.05,0.07,0.09,0.1,0.16,0.22,0.36,0.0,0.0,0.0,0.0,0.0,0.0,0.0,0,0.0,Unknown,0.0,0.0,0.0,0.0,0.0,0,0.0,Unknown,0.0,0.0,0.0,estimated_from_squad_profile,2026-06-05T00:33:08.162006+00:00
Uzbekistan,Abdulla Abdullaev,DF,Defensive Midfield,Dibba,Right,21.7,No. 6,Holding midfielder,Press resistance + ball winning,0,1.0,1146,15,7,0.08,0.11,0.08,0.1,0.57,0.21,1.21,0.6,58.37,86.2,2.63,1.26,0.5,62.0,0.43,32.7,0.1,0.024,11.15,38.0,2.36,66.0,2.2,64.0,5.18,1.24,0.197,0.03,0.07,0.09,0.1,0.16,0.22,0.36,0.0,0.0,0.0,0.0,0.0,0.0,0.0,0,0.0,Unknown,0.0,0.0,0.0,0.0,0.0,0,0.0,Unknown,0.0,0.0,0.0,estimated_from_squad_profile,2026-06-05T00:33:08.162006+00:00
Uzbekistan,Azizjon Ganiev,MF,,Al Bataeh,Right,16.6,No. 8,Box-to-box midfielder,Progression + counter-press,0,1.0,803,11,5,0.05,0.04,0.06,0.03,0.38,0.14,0.79,0.25,53.18,79.5,1.17,0.74,0.31,50.9,0.25,25.6,0.06,0.014,9.34,27.9,0.77,52.9,0.46,46.9,3.42,1.57,0.196,0.03,0.07,0.09,0.1,0.16,0.22,0.36,0.0,0.0,0.0,0.0,0.0,0.0,0.0,0,0.0,Unknown,0.0,0.0,0.0,0.0,0.0,0,0.0,Unknown,0.0,0.0,0.0,estimated_from_squad_profile,2026-06-05T00:33:08.162006+00:00
Uzbekistan,Azizbek Amonov,FW,,Dinamo Samarqand,Right,16.6,FW,Hybrid role,Balanced phase contribution,0,1.0,801,10,5,0.06,0.04,0.06,0.03,0.42,0.16,0.88,0.25,29.1,70.5,1.02,0.77,0.35,45.9,0.25,22.6,0.04,0.011,9.18,23.9,0.7,45.9,0.43,38.9,3.25,1.17,0.147,0.14,0.07,0.09,0.1,0.16,0.22,0.36,0.0,0.0,0.0,0.0,0.0,0.0,0.0,0,0.0,Unknown,0.0,0.0,0.0,0.0,0.0,0,0.0,Unknown,0.0,0.0,0.0,estimated_from_squad_profile,2026-06-05T00:33:08.162006+00:00
Uzbekistan,Igor Sergeev,FW,Centre-Forward,Persepolis,Right,25.3,No. 9,Penalty-box finisher,Depth runs + shot volume,1,1.0,2786,38,30,0.45,0.19,0.42,0.18,2.73,1.05,6.14,1.02,45.09,77.0,2.81,4.04,1.75,58.2,0.95,31.3,0.23,0.057,12.88,36.2,1.42,58.2,1.46,51.2,4.31,0.77,0.096,0.38,0.158,0.138,0.157,0.148,0.157,0.242,0.0,0.0,0.0,0.0,0.0,0.0,0.0,0,0.0,Unknown,0.0,0.0,0.0,0.0,0.0,0,0.0,Unknown,0.0,0.0,0.0,estimated_from_squad_profile,2026-06-05T00:33:08.162006+00:00
Uzbekistan,Abbosbek Fayzullaev,MF,Right Winger,İstanbul Başakşehir,Right,28.8,Winger,Wide creator,1v1 carry + crossing threat,1,1.0,2680,36,29,0.39,0.41,0.36,0.39,2.38,0.92,5.34,2.64,66.24,84.8,4.59,3.9,1.45,64.0,2.42,34.8,0.55,0.134,13.78,38.0,2.1,63.0,1.68,57.0,5.97,1.24,0.155,0.06,0.155,0.14,0.159,0.15,0.159,0.236,0.0,0.0,0.0,0.0,0.0,0.0,0.0,0,0.0,Unknown,0.0,0.0,0.0,0.0,0.0,0,0.0,Unknown,0.0,0.0,0.0,estimated_from_squad_profile,2026-06-05T00:33:08.162006+00:00
Uzbekistan,Sherzod Esanov,MF,Central Midfield,Bukhara,Right,21.1,No. 8,Box-to-box midfielder,Progression + counter-press,0,1.0,1106,15,7,0.19,0.2,0.19,0.18,1.22,0.47,2.7,1.2,61.31,82.8,2.84,1.8,0.74,57.2,0.49,30.1,0.36,0.088,12.08,34.2,1.61,59.2,1.05,53.2,5.01,1.37,0.17,0.05,0.07,0.09,0.1,0.16,0.22,0.36,0.0,0.0,0.0,0.0,0.0,0.0,0.0,0,0.0,Unknown,0.0,0.0,0.0,0.0,0.0,0,0.0,Unknown,0.0,0.0,0.0,estimated_from_squad_profile,2026-06-05T00:33:08.162006+00:00
Uzbekistan,Bekhruz Karimov,DF,Right-Back,Surkhon Termiz,Right,26.0,Fullback,Overlapping wide defender,Width + recovery runner,0,1.0,1102,15,7,0.11,0.14,0.11,0.13,0.72,0.28,1.57,0.87,57.19,85.8,2.43,2.02,0.82,64.1,1.79,34.0,0.1,0.022,9.29,37.1,1.85,65.1,1.99,63.1,4.22,1.27,0.201,0.03,0.07,0.09,0.1,0.16,0.22,0.36,0.0,0.0,0.0,0.0,0.0,0.0,0.0,0,0.0,Unknown,0.0,0.0,0.0,0.0,0.0,0,0.0,Unknown,0.0,0.0,0.0,estimated_from_squad_profile,2026-06-05T00:33:08.162006+00:00
Uzbekistan,Avazbek Ulmasaliev,DF,Centre-Back,AGMK,Right,21.1,Centre-back,Ball-playing defender,Rest-defense anchor,0,1.0,1107,15,7,0.08,0.1,0.08,0.09,0.54,0.2,1.15,0.56,57.32,85.8,2.45,1.19,0.47,61.2,0.41,32.1,0.1,0.023,10.92,37.2,2.19,65.2,2.01,63.2,4.97,1.27,0.2,0.03,0.07,0.09,0.1,0.16,0.22,0.36,0.0,0.0,0.0,0.0,0.0,0.0,0.0,0,0.0,Unknown,0.0,0.0,0.0,0.0,0.0,0,0.0,Unknown,0.0,0.0,0.0,estimated_from_squad_profile,2026-06-05T00:33:08.162006+00:00
Uzbekistan,Jakhongir Urozov,DF,Centre-Back,Dinamo Samarqand,Right,21.3,Centre-back,Ball-playing defender,Rest-defense anchor,0,1.0,1119,15,7,0.08,0.1,0.08,0.09,0.55,0.21,1.16,0.57,57.63,85.9,2.51,1.21,0.45,61.4,0.41,32.3,0.1,0.023,10.18,37.4,2.08,65.4,2.07,63.4,4.67,1.26,0.199,0.03,0.07,0.09,0.1,0.16,0.22,0.36,0.0,0.0,0.0,0.0,0.0,0.0,0.0,0,0.0,Unknown,0.0,0.0,0.0,0.0,0.0,0,0.0,Unknown,0.0,0.0,0.0,estimated_from_squad_profile,2026-06-05T00:33:08.162006+00:00
Croatia,Dominik Livaković,GK,Goalkeeper,Dinamo Zagreb,Right,24.4,Goalkeeper,Sweeper keeper,Build-up keeper,1,1.0,2723,37,29,0.0,0.01,0.0,0.01,0.0,0.0,0.02,0.06,32.4,74.5,5.04,0.15,0.0,0.0,0.0,0.0,0.01,0.0,2.38,31.7,0.18,52.6,0.59,55.8,4.6,0.08,0.021,0.0,0.0,0.0,0.0,0.0,0.0,0.0,2.67,77.9,0.09,1.78,1.4,2.44,51.7,0,0.0,Unknown,0.0,0.0,0.0,0.0,0.0,0,0.0,Unknown,0.0,0.0,0.0,estimated_from_squad_profile,2026-06-05T00:33:08.162006+00:00
Croatia,Josip Stanišić,DF,Right-Back,Bayern Munich,Right,28.8,Fullback,Overlapping wide defender,Width + recovery runner,1,1.0,2682,36,29,0.18,0.23,0.17,0.22,1.15,0.44,2.52,1.48,62.29,87.8,3.89,2.8,1.09,68.0,2.26,36.8,0.16,0.036,12.03,41.0,3.02,69.0,3.44,67.0,5.95,1.14,0.185,0.04,0.155,0.14,0.159,0.15,0.159,0.236,0.0,0.0,0.0,0.0,0.0,0.0,0.0,0,0.0,Unknown,0.0,0.0,0.0,0.0,0.0,0,0.0,Unknown,0.0,0.0,0.0,estimated_from_squad_profile,2026-06-05T00:33:08.162006+00:00
Croatia,Marin Pongračić,DF,Centre-Back,Fiorentina,Right,22.7,Centre-back,Ball-playing defender,Rest-defense anchor,0,1.0,1219,16,7,0.09,0.12,0.09,0.11,0.62,0.23,1.33,0.68,60.32,87.0,2.95,1.39,0.55,63.5,0.47,33.7,0.12,0.027,11.59,39.5,2.69,67.5,2.54,65.5,5.56,1.19,0.191,0.03,0.07,0.09,0.1,0.16,0.22,0.36,0.0,0.0,0.0,0.0,0.0,0.0,0.0,0,0.0,Unknown,0.0,0.0,0.0,0.0,0.0,0,0.0,Unknown,0.0,0.0,0.0,estimated_from_squad_profile,2026-06-05T00:33:08.162006+00:00
Croatia,Joško Gvardiol,DF,Centre-Back,Manchester City,Right,25.1,Centre-back,Ball-playing defender,Rest-defense anchor,1,1.0,2775,38,30,0.13,0.18,0.13,0.17,0.87,0.33,1.9,1.0,64.77,88.9,4.38,2.0,0.63,67.0,0.67,36.1,0.18,0.04,12.12,43.0,3.3,71.0,3.96,69.0,6.2,1.08,0.177,0.04,0.158,0.139,0.157,0.148,0.157,0.241,0.0,0.0,0.0,0.0,0.0,0.0,0.0,0,0.0,Unknown,0.0,0.0,0.0,0.0,0.0,0,0.0,Unknown,0.0,0.0,0.0,estimated_from_squad_profile,2026-06-05T00:33:08.162006+00:00
Croatia,Duje Ćaleta-Car,DF,Centre-Back,Real Sociedad,Right,23.2,Centre-back,Ball-playing defender,Rest-defense anchor,0,1.0,1252,17,8,0.09,0.13,0.1,0.12,0.64,0.24,1.38,0.71,61.21,87.4,3.09,1.45,0.56,64.2,0.49,34.2,0.12,0.029,11.57,40.2,2.78,68.2,2.7,66.2,5.63,1.17,0.188,0.03,0.07,0.09,0.1,0.16,0.22,0.36,0.0,0.0,0.0,0.0,0.0,0.0,0.0,0,0.0,Unknown,0.0,0.0,0.0,0.0,0.0,0,0.0,Unknown,0.0,0.0,0.0,estimated_from_squad_profile,2026-06-05T00:33:08.162006+00:00
Croatia,Josip Šutalo,DF,Centre-Back,Ajax,Right,23.4,Centre-back,Ball-playing defender,Rest-defense anchor,1,1.0,2655,36,28,0.11,0.16,0.12,0.15,0.77,0.29,1.67,0.86,61.56,87.5,3.75,1.75,0.58,64.5,0.59,34.4,0.15,0.035,11.86,40.5,2.89,68.5,3.29,66.5,5.81,1.16,0.187,0.03,0.155,0.141,0.16,0.15,0.16,0.234,0.0,0.0,0.0,0.0,0.0,0.0,0.0,0,0.0,Unknown,0.0,0.0,0.0,0.0,0.0,0,0.0,Unknown,0.0,0.0,0.0,estimated_from_squad_profile,2026-06-05T00:33:08.162006+00:00
Croatia,Nikola Moro,MF,Defensive Midfield,Bologna,Right,22.4,No. 6,Holding midfielder,Press resistance + ball winning,0,1.0,1200,16,7,0.19,0.12,0.18,0.11,1.2,0.46,2.66,0.66,63.81,83.8,3.36,2.12,0.93,59.1,0.57,31.4,0.28,0.067,13.85,36.1,2.28,61.1,1.23,55.1,5.88,1.3,0.162,0.05,0.07,0.09,0.1,0.16,0.22,0.36,0.0,0.0,0.0,0.0,0.0,0.0,0.0,0,0.0,Unknown,0.0,0.0,0.0,0.0,0.0,0,0.0,Unknown,0.0,0.0,0.0,estimated_from_squad_profile,2026-06-05T00:33:08.162006+00:00
Croatia,Mateo Kovačić,MF,Central Midfield,Manchester City,Right,25.5,No. 8,Box-to-box midfielder,Progression + counter-press,1,1.0,2799,38,30,0.39,0.4,0.37,0.38,2.41,0.93,5.4,2.46,69.43,86.1,5.38,3.39,1.16,63.5,0.88,34.5,0.63,0.153,15.04,40.5,2.44,65.5,1.95,59.5,6.66,1.16,0.145,0.06,0.158,0.138,0.157,0.147,0.157,0.243,0.0,0.0,0.0,0.0,0.0,0.0,0.0,0,0.0,Unknown,0.0,0.0,0.0,0.0,0.0,0,0.0,Unknown,0.0,0.0,0.0,estimated_from_squad_profile,2026-06-05T00:33:08.162006+00:00
Croatia,Andrej Kramarić,FW,Attacking Midfield,TSG Hoffenheim,Right,26.3,No. 10,Central creator,Between-lines chance creation,1,1.0,2851,39,30,0.58,0.43,0.53,0.4,3.47,1.34,7.84,2.64,46.82,77.7,2.98,4.38,1.86,59.5,1.02,32.3,0.4,0.101,13.1,37.5,1.48,59.5,1.56,52.5,4.37,0.73,0.09,0.41,0.159,0.137,0.156,0.146,0.156,0.246,0.0,0.0,0.0,0.0,0.0,0.0,0.0,0,0.0,Unknown,0.0,0.0,0.0,0.0,0.0,0,0.0,Unknown,0.0,0.0,0.0,estimated_from_squad_profile,2026-06-05T00:33:08.162006+00:00
Croatia,Luka Modrić,MF,Central Midfield,Milan,Right,26.4,No. 8,Box-to-box midfielder,Progression + counter-press,1,1.0,2860,39,31,0.43,0.44,0.4,0.41,2.6,1.0,5.84,2.67,71.06,86.8,5.78,3.65,1.07,64.7,0.94,35.4,0.67,0.163,13.44,41.7,2.24,66.7,2.1,60.7,6.01,1.12,0.139,0.06,0.16,0.137,0.155,0.146,0.155,0.246,0.0,0.0,0.0,0.0,0.0,0.0,0.0,0,0.0,Unknown,0.0,0.0,0.0,0.0,0.0,0,0.0,Unknown,0.0,0.0,0.0,estimated_from_squad_profile,2026-06-05T00:33:08.162006+00:00
Croatia,Ante Budimir,FW,Centre-Forward,Osasuna,Right,23.3,No. 9,Penalty-box finisher,Depth runs + shot volume,0,1.0,1259,17,8,0.3,0.13,0.29,0.12,1.86,0.72,4.17,0.72,41.4,75.5,2.05,2.79,1.39,55.4,0.67,29.3,0.16,0.039,11.59,33.4,1.21,55.4,1.04,48.4,3.91,0.86,0.107,0.33,0.07,0.09,0.1,0.16,0.22,0.36,0.0,0.0,0.0,0.0,0.0,0.0,0.0,0,0.0,Unknown,0.0,0.0,0.0,0.0,0.0,0,0.0,Unknown,0.0,0.0,0.0,estimated_from_squad_profile,2026-06-05T00:33:08.162006+00:00
Croatia,Ivor Pandur,GK,Goalkeeper,Hull City,Right,21.9,Goalkeeper,Sweeper keeper,Build-up keeper,0,1.0,1165,15,7,0.0,0.01,0.0,0.01,0.0,0.0,0.02,0.05,29.93,71.4,4.38,0.12,0.0,0.0,0.0,0.0,0.01,0.0,2.09,29.4,0.15,48.9,0.52,52.9,4.19,0.07,0.025,0.0,0.0,0.0,0.0,0.0,0.0,0.0,2.85,74.4,0.049,1.49,1.09,2.6,47.4,0,0.0,Unknown,0.0,0.0,0.0,0.0,0.0,0,0.0,Unknown,0.0,0.0,0.0,estimated_from_squad_profile,2026-06-05T00:33:08.162006+00:00
Croatia,Nikola Vlašić,MF,Attacking Midfield,Torino,Right,25.1,No. 10,Central creator,Between-lines chance creation,1,1.0,2772,37,30,0.38,0.39,0.36,0.36,2.32,0.89,5.2,2.37,68.7,85.8,5.2,3.28,1.21,62.9,0.86,34.1,0.61,0.149,15.92,39.9,2.55,64.9,1.89,58.9,7.02,1.18,0.147,0.06,0.158,0.139,0.157,0.148,0.157,0.241,0.0,0.0,0.0,0.0,0.0,0.0,0.0,0,0.0,Unknown,0.0,0.0,0.0,0.0,0.0,0,0.0,Unknown,0.0,0.0,0.0,estimated_from_squad_profile,2026-06-05T00:33:08.162006+00:00
Croatia,Ivan Perišić,FW,Left Winger,PSV Eindhoven,Left,34.0,Winger,Wide creator,1v1 carry + crossing threat,1,1.0,2832,38,30,0.64,0.51,0.59,0.49,3.83,1.48,8.67,3.32,46.3,77.5,2.93,5.28,2.12,62.1,2.65,34.0,0.39,0.1,12.15,37.1,1.36,59.1,1.53,52.1,4.06,0.74,0.092,0.4,0.159,0.138,0.156,0.147,0.156,0.245,0.0,0.0,0.0,0.0,0.0,0.0,0.0,0,0.0,Unknown,0.0,0.0,0.0,0.0,0.0,0,0.0,Unknown,0.0,0.0,0.0,estimated_from_squad_profile,2026-06-05T00:33:08.162006+00:00
Croatia,Mario Pašalić,MF,Central Midfield,Atalanta,Right,25.7,No. 8,Box-to-box midfielder,Progression + counter-press,1,1.0,2814,38,30,0.4,0.41,0.38,0.38,2.46,0.95,5.51,2.51,69.84,86.3,5.48,3.46,1.21,63.8,0.9,34.7,0.64,0.155,15.5,40.8,2.53,65.8,1.99,59.8,6.88,1.15,0.143,0.06,0.159,0.138,0.156,0.147,0.156,0.244,0.0,0.0,0.0,0.0,0.0,0.0,0.0,0,0.0,Unknown,0.0,0.0,0.0,0.0,0.0,0,0.0,Unknown,0.0,0.0,0.0,estimated_from_squad_profile,2026-06-05T00:33:08.162006+00:00
Croatia,Martin Baturina,MF,Attacking Midfield,Como,Right,23.4,No. 10,Central creator,Between-lines chance creation,0,1.0,1262,17,8,0.26,0.27,0.25,0.25,1.63,0.63,3.64,1.65,65.48,84.5,3.7,2.34,0.97,60.4,0.62,32.4,0.44,0.109,13.76,37.4,2.06,62.4,1.36,56.4,5.93,1.26,0.157,0.05,0.07,0.09,0.1,0.16,0.22,0.36,0.0,0.0,0.0,0.0,0.0,0.0,0.0,0,0.0,Unknown,0.0,0.0,0.0,0.0,0.0,0,0.0,Unknown,0.0,0.0,0.0,estimated_from_squad_profile,2026-06-05T00:33:08.162006+00:00
Croatia,Petar Sučić,MF,Central Midfield,Inter Milan,Right,23.4,No. 8,Box-to-box midfielder,Progression + counter-press,1,1.0,2655,36,28,0.31,0.32,0.3,0.3,1.95,0.75,4.36,1.97,65.56,84.5,4.43,2.8,0.96,60.5,0.74,32.4,0.53,0.13,13.52,37.5,2.03,62.5,1.62,56.5,5.83,1.26,0.157,0.05,0.155,0.141,0.16,0.15,0.16,0.234,0.0,0.0,0.0,0.0,0.0,0.0,0.0,0,0.0,Unknown,0.0,0.0,0.0,0.0,0.0,0,0.0,Unknown,0.0,0.0,0.0,estimated_from_squad_profile,2026-06-05T00:33:08.162006+00:00
Croatia,Kristijan Jakić,DF,Defensive Midfield,FC Augsburg,Right,22.9,No. 6,Holding midfielder,Press resistance + ball winning,0,1.0,1231,16,7,0.09,0.12,0.09,0.12,0.63,0.24,1.35,0.69,60.65,87.2,3.0,1.41,0.55,63.8,0.48,33.9,0.12,0.028,11.45,39.8,2.69,67.8,2.6,65.8,5.52,1.18,0.19,0.03,0.07,0.09,0.1,0.16,0.22,0.36,0.0,0.0,0.0,0.0,0.0,0.0,0.0,0,0.0,Unknown,0.0,0.0,0.0,0.0,0.0,0,0.0,Unknown,0.0,0.0,0.0,estimated_from_squad_profile,2026-06-05T00:33:08.162006+00:00
Croatia,Toni Fruk,MF,Attacking Midfield,Rijeka,Right,22.5,No. 10,Central creator,Between-lines chance creation,0,1.0,1205,16,7,0.24,0.24,0.23,0.22,1.48,0.57,3.3,1.48,63.95,83.9,3.39,2.14,0.92,59.2,0.57,31.5,0.41,0.101,13.65,36.2,1.97,61.2,1.24,55.2,5.81,1.3,0.162,0.05,0.07,0.09,0.1,0.16,0.22,0.36,0.0,0.0,0.0,0.0,0.0,0.0,0.0,0,0.0,Unknown,0.0,0.0,0.0,0.0,0.0,0,0.0,Unknown,0.0,0.0,0.0,estimated_from_squad_profile,2026-06-05T00:33:08.162006+00:00
Croatia,Igor Matanović,FW,Centre-Forward,SC Freiburg,Right,22.9,No. 9,Penalty-box finisher,Depth runs + shot volume,0,1.0,1232,16,7,0.29,0.13,0.27,0.12,1.78,0.68,3.98,0.69,40.67,75.2,1.99,2.67,1.41,54.8,0.65,28.9,0.15,0.037,12.09,32.8,1.25,54.8,1.01,47.8,4.09,0.88,0.11,0.32,0.07,0.09,0.1,0.16,0.22,0.36,0.0,0.0,0.0,0.0,0.0,0.0,0.0,0,0.0,Unknown,0.0,0.0,0.0,0.0,0.0,0,0.0,Unknown,0.0,0.0,0.0,estimated_from_squad_profile,2026-06-05T00:33:08.162006+00:00
Croatia,Luka Sučić,MF,Central Midfield,Real Sociedad,Right,23.0,No. 8,Box-to-box midfielder,Progression + counter-press,0,1.0,1238,16,7,0.25,0.26,0.24,0.24,1.57,0.6,3.5,1.58,64.83,84.2,3.57,2.25,0.94,59.9,0.6,32.0,0.43,0.106,13.49,36.9,1.99,61.9,1.31,55.9,5.78,1.28,0.159,0.05,0.07,0.09,0.1,0.16,0.22,0.36,0.0,0.0,0.0,0.0,0.0,0.0,0.0,0,0.0,Unknown,0.0,0.0,0.0,0.0,0.0,0,0.0,Unknown,0.0,0.0,0.0,estimated_from_squad_profile,2026-06-05T00:33:08.162006+00:00
Croatia,Luka Vušković,DF,Centre-Back,Hamburger SV,Right,23.2,Centre-back,Ball-playing defender,Rest-defense anchor,0,1.0,1255,17,8,0.09,0.13,0.1,0.12,0.64,0.24,1.38,0.71,61.28,87.4,3.11,1.45,0.5,64.3,0.49,34.2,0.12,0.029,10.29,40.3,2.48,68.3,2.71,66.3,5.01,1.17,0.188,0.03,0.07,0.09,0.1,0.16,0.22,0.36,0.0,0.0,0.0,0.0,0.0,0.0,0.0,0,0.0,Unknown,0.0,0.0,0.0,0.0,0.0,0,0.0,Unknown,0.0,0.0,0.0,estimated_from_squad_profile,2026-06-05T00:33:08.162006+00:00
Croatia,Dominik Kotarski,GK,Goalkeeper,Copenhagen,Right,22.1,Goalkeeper,Sweeper keeper,Build-up keeper,0,1.0,1177,16,7,0.0,0.01,0.0,0.01,0.0,0.0,0.02,0.06,30.11,71.6,4.43,0.12,0.0,0.0,0.0,0.0,0.01,0.0,2.11,29.6,0.16,49.2,0.53,53.1,4.22,0.08,0.025,0.0,0.0,0.0,0.0,0.0,0.0,0.0,2.84,74.7,0.052,1.51,1.11,2.59,47.7,0,0.0,Unknown,0.0,0.0,0.0,0.0,0.0,0,0.0,Unknown,0.0,0.0,0.0,estimated_from_squad_profile,2026-06-05T00:33:08.162006+00:00
Croatia,Marco Pašalić,FW,Right Winger,Orlando City SC,Right,27.6,Winger,Wide creator,1v1 carry + crossing threat,0,1.0,1210,16,7,0.37,0.3,0.34,0.28,2.23,0.86,5.01,1.91,40.09,74.9,1.94,3.41,1.89,57.3,2.01,30.6,0.27,0.07,12.39,32.3,1.27,54.3,0.98,47.3,4.2,0.9,0.112,0.31,0.07,0.09,0.1,0.16,0.22,0.36,0.0,0.0,0.0,0.0,0.0,0.0,0.0,0,0.0,Unknown,0.0,0.0,0.0,0.0,0.0,0,0.0,Unknown,0.0,0.0,0.0,estimated_from_squad_profile,2026-06-05T00:33:08.162006+00:00
Croatia,Martin Erlić,DF,Centre-Back,Midtjylland,Right,22.4,Centre-back,Ball-playing defender,Rest-defense anchor,0,1.0,1199,16,7,0.09,0.12,0.09,0.11,0.6,0.23,1.29,0.66,59.8,86.8,2.86,1.35,0.54,63.1,0.46,33.4,0.11,0.026,11.47,39.1,2.6,67.1,2.45,65.1,5.46,1.21,0.192,0.03,0.07,0.09,0.1,0.16,0.22,0.36,0.0,0.0,0.0,0.0,0.0,0.0,0.0,0,0.0,Unknown,0.0,0.0,0.0,0.0,0.0,0,0.0,Unknown,0.0,0.0,0.0,estimated_from_squad_profile,2026-06-05T00:33:08.162006+00:00
Croatia,Petar Musa,FW,Centre-Forward,FC Dallas,Right,22.7,No. 9,Penalty-box finisher,Depth runs + shot volume,0,1.0,1220,16,7,0.28,0.12,0.27,0.11,1.74,0.67,3.89,0.68,40.34,75.0,1.96,2.61,1.46,54.5,0.63,28.7,0.15,0.037,12.69,32.5,1.31,54.5,0.99,47.5,4.3,0.89,0.111,0.31,0.07,0.09,0.1,0.16,0.22,0.36,0.0,0.0,0.0,0.0,0.0,0.0,0.0,0,0.0,Unknown,0.0,0.0,0.0,0.0,0.0,0,0.0,Unknown,0.0,0.0,0.0,estimated_from_squad_profile,2026-06-05T00:33:08.162006+00:00
England,Jordan Pickford,GK,Goalkeeper,Everton,Left,28.1,Goalkeeper,Sweeper keeper,Build-up keeper,1,1.0,2773,37,30,0.0,0.01,0.0,0.01,0.0,0.0,0.02,0.07,33.12,75.4,5.23,0.16,0.0,0.0,0.0,0.0,0.01,0.0,2.46,32.4,0.19,53.7,0.62,56.6,4.72,0.09,0.02,0.0,0.0,0.0,0.0,0.0,0.0,0.0,2.62,78.9,0.102,1.86,1.49,2.39,53.0,0,0.0,Unknown,0.0,0.0,0.0,0.0,0.0,8,12.5,Left,62.5,25.0,12.5,estimated_from_squad_profile,2026-06-05T00:33:08.162006+00:00
England,Ezri Konsa,DF,Centre-Back,Aston Villa,Right,23.5,Centre-back,Ball-playing defender,Rest-defense anchor,0,1.0,1274,17,8,0.1,0.13,0.1,0.12,0.66,0.25,1.41,0.73,61.8,87.6,3.19,1.48,0.58,64.7,0.5,34.5,0.13,0.029,11.92,40.7,2.93,68.7,2.8,66.7,5.85,1.15,0.186,0.04,0.07,0.09,0.1,0.16,0.22,0.36,0.0,0.0,0.0,0.0,0.0,0.0,0.0,0,0.0,Unknown,0.0,0.0,0.0,0.0,0.0,0,0.0,Unknown,0.0,0.0,0.0,estimated_from_squad_profile,2026-06-05T00:33:08.162006+00:00
England,Nico O'Reilly,DF,Left-Back,Manchester City,Left,31.1,Fullback,Overlapping wide defender,Width + recovery runner,0,1.0,1245,17,8,0.14,0.18,0.14,0.17,0.9,0.35,1.98,1.15,61.01,87.3,3.06,2.27,0.96,67.1,1.87,36.1,0.12,0.028,10.67,40.1,2.55,68.1,2.66,66.1,5.18,1.17,0.189,0.03,0.07,0.09,0.1,0.16,0.22,0.36,0.0,0.0,0.0,0.0,0.0,0.0,0.0,0,0.0,Unknown,0.0,0.0,0.0,0.0,0.0,0,0.0,Unknown,0.0,0.0,0.0,estimated_from_squad_profile,2026-06-05T00:33:08.162006+00:00
England,Declan Rice,MF,Central Midfield,Arsenal,Right,26.1,No. 8,Box-to-box midfielder,Progression + counter-press,1,1.0,2840,38,30,0.41,0.43,0.39,0.4,2.54,0.98,5.7,2.6,70.52,86.6,5.65,3.56,1.34,64.3,0.92,35.1,0.65,0.159,17.0,41.3,2.81,66.3,2.05,60.3,7.58,1.14,0.141,0.06,0.159,0.137,0.156,0.147,0.156,0.245,0.0,0.0,0.0,0.0,0.0,0.0,0.0,0,0.0,Unknown,0.0,0.0,0.0,0.0,0.0,0,0.0,Unknown,0.0,0.0,0.0,estimated_from_squad_profile,2026-06-05T00:33:08.162006+00:00
England,John Stones,DF,Centre-Back,Manchester City,Right,25.6,Centre-back,Ball-playing defender,Rest-defense anchor,1,1.0,2806,38,30,0.13,0.19,0.14,0.18,0.9,0.34,1.96,1.04,65.62,89.2,4.54,2.06,0.63,67.6,0.69,36.6,0.18,0.042,11.84,43.6,3.31,71.6,4.14,69.6,6.12,1.06,0.174,0.04,0.158,0.138,0.157,0.147,0.157,0.243,0.0,0.0,0.0,0.0,0.0,0.0,0.0,0,0.0,Unknown,0.0,0.0,0.0,0.0,0.0,0,0.0,Unknown,0.0,0.0,0.0,estimated_from_squad_profile,2026-06-05T00:33:08.162006+00:00
England,Marc Guéhi,DF,Centre-Back,Manchester City,Right,24.1,Centre-back,Ball-playing defender,Rest-defense anchor,1,1.0,2700,36,29,0.12,0.17,0.12,0.16,0.81,0.31,1.75,0.91,62.76,88.0,3.99,1.84,0.6,65.4,0.62,35.1,0.16,0.037,11.91,41.4,3.04,69.4,3.54,67.4,5.93,1.13,0.183,0.04,0.156,0.14,0.159,0.149,0.159,0.237,0.0,0.0,0.0,0.0,0.0,0.0,0.0,0,0.0,Unknown,0.0,0.0,0.0,0.0,0.0,0,0.0,Unknown,0.0,0.0,0.0,estimated_from_squad_profile,2026-06-05T00:33:08.162006+00:00
England,Bukayo Saka,FW,Right Winger,Arsenal,Left,33.5,Winger,Wide creator,1v1 carry + crossing threat,1,1.0,2795,38,30,0.61,0.49,0.56,0.46,3.65,1.41,8.24,3.16,45.33,77.1,2.83,5.09,2.35,61.4,2.61,33.5,0.38,0.097,13.73,36.4,1.52,58.4,1.47,51.4,4.59,0.77,0.095,0.39,0.158,0.138,0.157,0.148,0.157,0.243,0.0,0.0,0.0,0.0,0.0,0.0,0.0,0,0.0,Unknown,0.0,0.0,0.0,0.0,0.0,0,0.0,Unknown,0.0,0.0,0.0,estimated_from_squad_profile,2026-06-05T00:33:08.162006+00:00
England,Elliot Anderson,MF,Central Midfield,Nottingham Forest,Right,23.3,No. 8,Box-to-box midfielder,Progression + counter-press,0,1.0,1256,17,8,0.26,0.27,0.25,0.25,1.61,0.62,3.6,1.63,65.31,84.4,3.67,2.32,0.96,60.3,0.62,32.3,0.44,0.108,13.69,37.3,2.04,62.3,1.34,56.3,5.89,1.27,0.158,0.05,0.07,0.09,0.1,0.16,0.22,0.36,0.0,0.0,0.0,0.0,0.0,0.0,0.0,0,0.0,Unknown,0.0,0.0,0.0,0.0,0.0,0,0.0,Unknown,0.0,0.0,0.0,estimated_from_squad_profile,2026-06-05T00:33:08.162006+00:00
England,Harry Kane,FW,Centre-Forward,Bayern Munich,Right,27.5,No. 9,Penalty-box finisher,Depth runs + shot volume,1,1.0,2935,40,31,0.54,0.22,0.51,0.21,3.28,1.27,7.41,1.2,49.08,78.6,3.21,4.82,2.15,61.3,1.11,33.5,0.27,0.067,14.29,39.3,1.65,61.3,1.7,54.3,4.74,0.67,0.083,0.45,0.161,0.136,0.154,0.145,0.154,0.25,0.0,0.0,0.0,0.0,0.0,0.0,0.0,4,100.0,Left,50.0,25.0,25.0,0.0,0.0,0,0.0,Unknown,0.0,0.0,0.0,estimated_from_squad_profile,2026-06-05T00:33:08.162006+00:00
England,Jude Bellingham,MF,Attacking Midfield,Real Madrid,Right,25.3,No. 10,Central creator,Between-lines chance creation,1,1.0,2784,38,30,0.38,0.4,0.36,0.37,2.36,0.91,5.29,2.41,69.02,86.0,5.28,3.33,1.14,63.1,0.87,34.3,0.62,0.151,14.88,40.1,2.4,65.1,1.92,59.1,6.57,1.17,0.146,0.06,0.158,0.139,0.157,0.148,0.157,0.242,0.0,0.0,0.0,0.0,0.0,0.0,0.0,0,0.0,Unknown,0.0,0.0,0.0,0.0,0.0,0,0.0,Unknown,0.0,0.0,0.0,estimated_from_squad_profile,2026-06-05T00:33:08.162006+00:00
England,Marcus Rashford,FW,Left Winger,Barcelona,Left,34.0,Winger,Wide creator,1v1 carry + crossing threat,1,1.0,2832,38,30,0.64,0.51,0.59,0.49,3.84,1.48,8.67,3.32,46.32,77.5,2.93,5.28,2.54,62.2,2.65,34.0,0.39,0.1,14.56,37.2,1.63,59.2,1.53,52.2,4.86,0.74,0.092,0.4,0.159,0.138,0.156,0.147,0.156,0.245,0.0,0.0,0.0,0.0,0.0,0.0,0.0,0,0.0,Unknown,0.0,0.0,0.0,0.0,0.0,0,0.0,Unknown,0.0,0.0,0.0,estimated_from_squad_profile,2026-06-05T00:33:08.162006+00:00
England,Tino Livramento,DF,Right-Back,Newcastle United,Right,28.0,Fullback,Overlapping wide defender,Width + recovery runner,0,1.0,1237,16,7,0.14,0.18,0.14,0.17,0.89,0.34,1.96,1.14,60.82,87.2,3.03,2.26,0.99,66.9,1.87,36.0,0.12,0.028,11.06,39.9,2.62,67.9,2.63,65.9,5.35,1.18,0.189,0.03,0.07,0.09,0.1,0.16,0.22,0.36,0.0,0.0,0.0,0.0,0.0,0.0,0.0,0,0.0,Unknown,0.0,0.0,0.0,0.0,0.0,0,0.0,Unknown,0.0,0.0,0.0,estimated_from_squad_profile,2026-06-05T00:33:08.162006+00:00
England,Dean Henderson,GK,Goalkeeper,Crystal Palace,Right,22.8,Goalkeeper,Sweeper keeper,Build-up keeper,0,1.0,1223,16,7,0.0,0.01,0.0,0.01,0.0,0.0,0.02,0.06,30.78,72.5,4.61,0.13,0.0,0.0,0.0,0.0,0.01,0.0,2.19,30.2,0.16,50.2,0.55,53.9,4.33,0.08,0.024,0.0,0.0,0.0,0.0,0.0,0.0,0.0,2.79,75.6,0.063,1.59,1.2,2.55,48.9,0,0.0,Unknown,0.0,0.0,0.0,0.0,0.0,0,0.0,Unknown,0.0,0.0,0.0,estimated_from_squad_profile,2026-06-05T00:33:08.162006+00:00
England,Jordan Henderson,MF,Defensive Midfield,Brentford,Right,24.5,No. 6,Holding midfielder,Press resistance + ball winning,1,1.0,2732,37,29,0.28,0.17,0.27,0.16,1.78,0.68,3.96,0.95,67.64,85.4,4.94,3.12,1.01,62.1,0.82,33.5,0.43,0.102,13.48,39.1,2.45,64.1,1.8,58.1,5.9,1.21,0.15,0.06,0.157,0.139,0.158,0.149,0.158,0.239,0.0,0.0,0.0,0.0,0.0,0.0,0.0,0,0.0,Unknown,0.0,0.0,0.0,0.0,0.0,0,0.0,Unknown,0.0,0.0,0.0,estimated_from_squad_profile,2026-06-05T00:33:08.162006+00:00
England,Dan Burn,DF,Centre-Back,Newcastle United,Right,22.1,Centre-back,Ball-playing defender,Rest-defense anchor,0,1.0,1176,16,7,0.08,0.11,0.09,0.11,0.59,0.22,1.26,0.63,59.17,86.6,2.76,1.31,0.46,62.6,0.44,33.1,0.11,0.025,10.08,38.6,2.22,66.6,2.34,64.6,4.75,1.22,0.194,0.03,0.07,0.09,0.1,0.16,0.22,0.36,0.0,0.0,0.0,0.0,0.0,0.0,0.0,0,0.0,Unknown,0.0,0.0,0.0,0.0,0.0,0,0.0,Unknown,0.0,0.0,0.0,estimated_from_squad_profile,2026-06-05T00:33:08.162006+00:00
England,Kobbie Mainoo,MF,Central Midfield,Manchester United,Right,23.4,No. 8,Box-to-box midfielder,Progression + counter-press,0,1.0,1265,17,8,0.26,0.27,0.25,0.25,1.64,0.63,3.66,1.66,65.57,84.6,3.72,2.35,0.94,60.5,0.62,32.4,0.44,0.109,13.26,37.5,1.99,62.5,1.36,56.5,5.72,1.26,0.157,0.05,0.07,0.09,0.1,0.16,0.22,0.36,0.0,0.0,0.0,0.0,0.0,0.0,0.0,0,0.0,Unknown,0.0,0.0,0.0,0.0,0.0,0,0.0,Unknown,0.0,0.0,0.0,estimated_from_squad_profile,2026-06-05T00:33:08.162006+00:00
England,Morgan Rogers,MF,Attacking Midfield,Aston Villa,Right,23.6,No. 10,Central creator,Between-lines chance creation,0,1.0,1280,17,8,0.27,0.28,0.26,0.26,1.68,0.65,3.75,1.7,65.95,84.7,3.8,2.4,1.0,60.8,0.64,32.6,0.45,0.111,13.94,37.8,2.11,62.8,1.39,56.8,6.03,1.25,0.156,0.06,0.07,0.09,0.1,0.16,0.22,0.36,0.0,0.0,0.0,0.0,0.0,0.0,0.0,0,0.0,Unknown,0.0,0.0,0.0,0.0,0.0,0,0.0,Unknown,0.0,0.0,0.0,estimated_from_squad_profile,2026-06-05T00:33:08.162006+00:00
England,Anthony Gordon,FW,Left Winger,Newcastle United,Left,31.6,Winger,Wide creator,1v1 carry + crossing threat,0,1.0,1281,17,8,0.42,0.34,0.39,0.32,2.53,0.98,5.71,2.18,42.0,75.7,2.1,3.73,2.07,58.8,2.08,31.6,0.29,0.074,12.97,33.8,1.37,55.8,1.07,48.8,4.37,0.85,0.105,0.34,0.07,0.09,0.1,0.16,0.22,0.36,0.0,0.0,0.0,0.0,0.0,0.0,0.0,0,0.0,Unknown,0.0,0.0,0.0,0.0,0.0,0,0.0,Unknown,0.0,0.0,0.0,estimated_from_squad_profile,2026-06-05T00:33:08.162006+00:00
England,Ollie Watkins,FW,Centre-Forward,Aston Villa,Right,23.6,No. 9,Penalty-box finisher,Depth runs + shot volume,0,1.0,1276,17,8,0.31,0.13,0.29,0.12,1.91,0.74,4.29,0.73,41.85,75.7,2.09,2.86,1.55,55.7,0.69,29.6,0.16,0.04,12.68,33.7,1.34,55.7,1.07,48.7,4.28,0.85,0.106,0.33,0.07,0.09,0.1,0.16,0.22,0.36,0.0,0.0,0.0,0.0,0.0,0.0,0.0,0,0.0,Unknown,0.0,0.0,0.0,0.0,0.0,0,0.0,Unknown,0.0,0.0,0.0,estimated_from_squad_profile,2026-06-05T00:33:08.162006+00:00
England,Noni Madueke,FW,Right Winger,Arsenal,Right,28.3,Winger,Wide creator,1v1 carry + crossing threat,0,1.0,1255,17,8,0.4,0.32,0.37,0.3,2.42,0.93,5.45,2.08,41.29,75.4,2.04,3.61,1.97,58.3,2.05,31.3,0.28,0.072,12.52,33.3,1.31,55.3,1.04,48.3,4.23,0.87,0.108,0.33,0.07,0.09,0.1,0.16,0.22,0.36,0.0,0.0,0.0,0.0,0.0,0.0,0.0,0,0.0,Unknown,0.0,0.0,0.0,0.0,0.0,0,0.0,Unknown,0.0,0.0,0.0,estimated_from_squad_profile,2026-06-05T00:33:08.162006+00:00
England,Eberechi Eze,MF,Attacking Midfield,Arsenal,Right,23.7,No. 10,Central creator,Between-lines chance creation,1,1.0,2678,36,29,0.33,0.34,0.31,0.31,2.02,0.78,4.53,2.05,66.19,84.8,4.58,2.89,1.09,61.0,0.77,32.7,0.54,0.134,15.13,38.0,2.3,63.0,1.68,57.0,6.55,1.25,0.155,0.06,0.155,0.141,0.159,0.15,0.159,0.236,0.0,0.0,0.0,0.0,0.0,0.0,0.0,0,0.0,Unknown,0.0,0.0,0.0,0.0,0.0,0,0.0,Unknown,0.0,0.0,0.0,estimated_from_squad_profile,2026-06-05T00:33:08.162006+00:00
England,Ivan Toney,FW,Centre-Forward,Al-Ahli,Right,22.8,No. 9,Penalty-box finisher,Depth runs + shot volume,0,1.0,1224,16,7,0.28,0.12,0.27,0.11,1.75,0.67,3.92,0.68,40.46,75.1,1.97,2.63,1.41,54.6,0.64,28.8,0.15,0.037,12.26,32.6,1.27,54.6,1.0,47.6,4.15,0.89,0.11,0.31,0.07,0.09,0.1,0.16,0.22,0.36,0.0,0.0,0.0,0.0,0.0,0.0,0.0,0,0.0,Unknown,0.0,0.0,0.0,0.0,0.0,0,0.0,Unknown,0.0,0.0,0.0,estimated_from_squad_profile,2026-06-05T00:33:08.162006+00:00
England,James Trafford,GK,Goalkeeper,Manchester City,Right,22.6,Goalkeeper,Sweeper keeper,Build-up keeper,0,1.0,1213,16,7,0.0,0.01,0.0,0.01,0.0,0.0,0.02,0.06,30.63,72.3,4.57,0.13,0.0,0.0,0.0,0.0,0.01,0.0,2.17,30.1,0.16,49.9,0.54,53.7,4.31,0.08,0.024,0.0,0.0,0.0,0.0,0.0,0.0,0.0,2.8,75.4,0.061,1.57,1.18,2.56,48.6,0,0.0,Unknown,0.0,0.0,0.0,0.0,0.0,0,0.0,Unknown,0.0,0.0,0.0,estimated_from_squad_profile,2026-06-05T00:33:08.162006+00:00
England,Reece James,DF,Right-Back,Chelsea,Right,28.8,Fullback,Overlapping wide defender,Width + recovery runner,1,1.0,2684,36,29,0.18,0.23,0.17,0.23,1.15,0.44,2.53,1.48,62.34,87.9,3.9,2.81,1.09,68.1,2.26,36.8,0.16,0.036,12.04,41.1,3.02,69.1,3.45,67.1,5.96,1.14,0.184,0.04,0.155,0.14,0.159,0.15,0.159,0.236,0.0,0.0,0.0,0.0,0.0,0.0,0.0,0,0.0,Unknown,0.0,0.0,0.0,0.0,0.0,0,0.0,Unknown,0.0,0.0,0.0,estimated_from_squad_profile,2026-06-05T00:33:08.162006+00:00
England,Djed Spence,DF,Left-Back,Tottenham Hotspur,Left,30.8,Fullback,Overlapping wide defender,Width + recovery runner,0,1.0,1224,16,7,0.13,0.18,0.13,0.17,0.88,0.34,1.92,1.11,60.47,87.1,2.97,2.24,1.02,66.6,1.86,35.8,0.12,0.027,11.41,39.6,2.66,67.6,2.57,65.6,5.49,1.19,0.19,0.03,0.07,0.09,0.1,0.16,0.22,0.36,0.0,0.0,0.0,0.0,0.0,0.0,0.0,0,0.0,Unknown,0.0,0.0,0.0,0.0,0.0,0,0.0,Unknown,0.0,0.0,0.0,estimated_from_squad_profile,2026-06-05T00:33:08.162006+00:00
England,Jarell Quansah,DF,Centre-Back,Bayer Leverkusen,Right,22.9,Centre-back,Ball-playing defender,Rest-defense anchor,0,1.0,1228,16,7,0.09,0.12,0.09,0.12,0.62,0.24,1.34,0.69,60.58,87.1,2.99,1.4,0.52,63.7,0.47,33.9,0.12,0.028,11.0,39.7,2.58,67.7,2.59,65.7,5.3,1.19,0.19,0.03,0.07,0.09,0.1,0.16,0.22,0.36,0.0,0.0,0.0,0.0,0.0,0.0,0.0,0,0.0,Unknown,0.0,0.0,0.0,0.0,0.0,0,0.0,Unknown,0.0,0.0,0.0,estimated_from_squad_profile,2026-06-05T00:33:08.162006+00:00
Ghana,Lawrence Ati-Zigi,GK,Goalkeeper,St. Gallen,Right,22.5,Goalkeeper,Sweeper keeper,Build-up keeper,1,1.0,2593,35,28,0.0,0.01,0.0,0.01,0.0,0.0,0.02,0.06,30.49,72.1,4.53,0.13,0.0,0.0,0.0,0.0,0.01,0.0,2.16,29.9,0.16,49.7,0.54,53.6,4.28,0.08,0.024,0.0,0.0,0.0,0.0,0.0,0.0,0.0,2.81,75.2,0.058,1.56,1.16,2.57,48.4,0,0.0,Unknown,0.0,0.0,0.0,0.0,0.0,0,0.0,Unknown,0.0,0.0,0.0,estimated_from_squad_profile,2026-06-05T00:33:08.162006+00:00
Ghana,Alidu Seidu,DF,Centre-Back,Rennes,Right,23.0,Centre-back,Ball-playing defender,Rest-defense anchor,1,1.0,2628,36,28,0.11,0.15,0.11,0.14,0.75,0.29,1.61,0.83,60.83,87.2,3.61,1.69,0.56,63.9,0.57,34.0,0.14,0.033,11.7,39.9,2.77,67.9,3.13,65.9,5.66,1.18,0.189,0.03,0.154,0.142,0.16,0.151,0.16,0.233,0.0,0.0,0.0,0.0,0.0,0.0,0.0,0,0.0,Unknown,0.0,0.0,0.0,0.0,0.0,0,0.0,Unknown,0.0,0.0,0.0,estimated_from_squad_profile,2026-06-05T00:33:08.162006+00:00
Ghana,Caleb Yirenkyi,MF,Central Midfield,Nordsjælland,Right,22.7,No. 8,Box-to-box midfielder,Progression + counter-press,1,1.0,2607,35,28,0.29,0.3,0.27,0.27,1.8,0.69,4.01,1.81,64.27,84.0,4.11,2.6,0.85,59.5,0.7,31.7,0.5,0.122,12.5,36.5,1.82,61.5,1.51,55.5,5.33,1.29,0.161,0.05,0.154,0.142,0.161,0.151,0.161,0.231,0.0,0.0,0.0,0.0,0.0,0.0,0.0,0,0.0,Unknown,0.0,0.0,0.0,0.0,0.0,0,0.0,Unknown,0.0,0.0,0.0,estimated_from_squad_profile,2026-06-05T00:33:08.162006+00:00
Ghana,Jonas Adjetey,DF,Centre-Back,VfL Wolfsburg,Right,22.4,Centre-back,Ball-playing defender,Rest-defense anchor,0,1.0,1196,16,7,0.09,0.12,0.09,0.11,0.6,0.23,1.29,0.65,59.7,86.8,2.85,1.35,0.49,63.0,0.46,33.4,0.11,0.026,10.61,39.0,2.4,67.0,2.43,65.0,5.04,1.21,0.193,0.03,0.07,0.09,0.1,0.16,0.22,0.36,0.0,0.0,0.0,0.0,0.0,0.0,0.0,0,0.0,Unknown,0.0,0.0,0.0,0.0,0.0,0,0.0,Unknown,0.0,0.0,0.0,estimated_from_squad_profile,2026-06-05T00:33:08.162006+00:00
Ghana,Thomas Partey,MF,Defensive Midfield,Villarreal,Right,24.8,No. 6,Holding midfielder,Press resistance + ball winning,1,1.0,2750,37,29,0.29,0.18,0.28,0.17,1.82,0.7,4.06,0.97,68.1,85.6,5.05,3.19,1.09,62.4,0.84,33.8,0.44,0.105,14.52,39.4,2.66,64.4,1.84,58.4,6.38,1.2,0.149,0.06,0.157,0.139,0.158,0.148,0.158,0.24,0.0,0.0,0.0,0.0,0.0,0.0,0.0,0,0.0,Unknown,0.0,0.0,0.0,0.0,0.0,0,0.0,Unknown,0.0,0.0,0.0,estimated_from_squad_profile,2026-06-05T00:33:08.162006+00:00
Ghana,Abdul Mumin,DF,Centre-Back,Rayo Vallecano,Right,22.1,Centre-back,Ball-playing defender,Rest-defense anchor,0,1.0,1173,16,7,0.08,0.11,0.09,0.1,0.58,0.22,1.25,0.63,59.11,86.5,2.75,1.31,0.52,62.6,0.44,33.1,0.11,0.025,11.32,38.6,2.49,66.6,2.33,64.6,5.32,1.22,0.195,0.03,0.07,0.09,0.1,0.16,0.22,0.36,0.0,0.0,0.0,0.0,0.0,0.0,0.0,0,0.0,Unknown,0.0,0.0,0.0,0.0,0.0,0,0.0,Unknown,0.0,0.0,0.0,estimated_from_squad_profile,2026-06-05T00:33:08.162006+00:00
Ghana,Abdul Fatawu,FW,Right Winger,Leicester City,Right,28.6,Winger,Wide creator,1v1 carry + crossing threat,1,1.0,2669,36,29,0.49,0.4,0.46,0.38,3.0,1.16,6.76,2.59,41.93,75.7,2.49,4.42,1.95,58.8,2.47,31.6,0.34,0.088,12.22,33.8,1.29,55.8,1.27,48.8,4.12,0.85,0.106,0.34,0.155,0.141,0.159,0.15,0.159,0.235,0.0,0.0,0.0,0.0,0.0,0.0,0.0,0,0.0,Unknown,0.0,0.0,0.0,0.0,0.0,0,0.0,Unknown,0.0,0.0,0.0,estimated_from_squad_profile,2026-06-05T00:33:08.162006+00:00
Ghana,Kwasi Sibo,MF,Central Midfield,Oviedo,Right,21.8,No. 8,Box-to-box midfielder,Progression + counter-press,0,1.0,1154,15,7,0.21,0.22,0.2,0.2,1.34,0.52,2.99,1.34,62.59,83.3,3.11,1.96,0.88,58.2,0.53,30.8,0.38,0.095,13.58,35.2,1.89,60.2,1.15,54.2,5.7,1.34,0.166,0.05,0.07,0.09,0.1,0.16,0.22,0.36,0.0,0.0,0.0,0.0,0.0,0.0,0.0,0,0.0,Unknown,0.0,0.0,0.0,0.0,0.0,0,0.0,Unknown,0.0,0.0,0.0,estimated_from_squad_profile,2026-06-05T00:33:08.162006+00:00
Ghana,Jordan Ayew,FW,Centre-Forward,Leicester City,Right,25.8,No. 9,Penalty-box finisher,Depth runs + shot volume,1,1.0,2820,38,30,0.47,0.19,0.44,0.18,2.86,1.1,6.43,1.06,46.0,77.4,2.9,4.22,1.79,58.9,0.99,31.8,0.24,0.059,12.87,36.9,1.44,58.9,1.51,51.9,4.3,0.75,0.093,0.4,0.159,0.138,0.156,0.147,0.156,0.244,0.0,0.0,0.0,0.0,0.0,0.0,0.0,0,0.0,Unknown,0.0,0.0,0.0,0.0,0.0,0,0.0,Unknown,0.0,0.0,0.0,estimated_from_squad_profile,2026-06-05T00:33:08.162006+00:00
Ghana,Brandon Thomas-Asante,FW,Centre-Forward,Coventry City,Right,22.7,No. 9,Penalty-box finisher,Depth runs + shot volume,0,1.0,1220,16,7,0.28,0.12,0.27,0.11,1.74,0.67,3.89,0.68,40.36,75.1,1.96,2.62,1.49,54.6,0.63,28.7,0.15,0.037,12.93,32.6,1.33,54.6,0.99,47.6,4.38,0.89,0.111,0.31,0.07,0.09,0.1,0.16,0.22,0.36,0.0,0.0,0.0,0.0,0.0,0.0,0.0,0,0.0,Unknown,0.0,0.0,0.0,0.0,0.0,0,0.0,Unknown,0.0,0.0,0.0,estimated_from_squad_profile,2026-06-05T00:33:08.162006+00:00
Ghana,Antoine Semenyo,MF,Right Winger,Manchester City,Right,29.4,Winger,Wide creator,1v1 carry + crossing threat,1,1.0,2726,37,29,0.42,0.44,0.39,0.42,2.55,0.98,5.74,2.84,67.45,85.3,4.89,4.09,1.63,64.9,2.46,35.4,0.58,0.141,15.39,38.9,2.41,63.9,1.78,57.9,6.73,1.21,0.151,0.06,0.156,0.14,0.158,0.149,0.158,0.238,0.0,0.0,0.0,0.0,0.0,0.0,0.0,0,0.0,Unknown,0.0,0.0,0.0,0.0,0.0,0,0.0,Unknown,0.0,0.0,0.0,estimated_from_squad_profile,2026-06-05T00:33:08.162006+00:00
Ghana,Joseph Anang,GK,Goalkeeper,St Patrick's Athletic,Right,20.9,Goalkeeper,Sweeper keeper,Build-up keeper,0,1.0,1093,14,7,0.0,0.01,0.0,0.01,0.0,0.0,0.02,0.05,28.88,70.1,4.1,0.11,0.0,0.0,0.0,0.0,0.01,0.0,1.97,28.5,0.14,47.3,0.49,51.7,4.01,0.07,0.027,0.0,0.0,0.0,0.0,0.0,0.0,0.0,2.93,72.9,0.031,1.37,0.96,2.67,45.5,0,0.0,Unknown,0.0,0.0,0.0,0.0,0.0,0,0.0,Unknown,0.0,0.0,0.0,estimated_from_squad_profile,2026-06-05T00:33:08.162006+00:00
Ghana,Christopher Bonsu Baah,FW,Left Winger,Al-Qadsiah,Left,30.6,Winger,Wide creator,1v1 carry + crossing threat,0,1.0,1212,16,7,0.37,0.3,0.34,0.28,2.23,0.86,5.02,1.92,40.13,75.0,1.94,3.42,1.75,57.4,2.01,30.6,0.27,0.07,11.47,32.4,1.18,54.4,0.98,47.4,3.89,0.9,0.111,0.31,0.07,0.09,0.1,0.16,0.22,0.36,0.0,0.0,0.0,0.0,0.0,0.0,0.0,0,0.0,Unknown,0.0,0.0,0.0,0.0,0.0,0,0.0,Unknown,0.0,0.0,0.0,estimated_from_squad_profile,2026-06-05T00:33:08.162006+00:00
Ghana,Gideon Mensah,DF,Left-Back,Auxerre,Left,31.2,Fullback,Overlapping wide defender,Width + recovery runner,1,1.0,2644,36,28,0.17,0.22,0.16,0.21,1.09,0.42,2.39,1.39,61.28,87.4,3.7,2.73,1.08,67.3,2.23,36.2,0.15,0.034,12.02,40.3,2.9,68.3,3.23,66.3,5.86,1.17,0.188,0.03,0.154,0.141,0.16,0.151,0.16,0.234,0.0,0.0,0.0,0.0,0.0,0.0,0.0,0,0.0,Unknown,0.0,0.0,0.0,0.0,0.0,0,0.0,Unknown,0.0,0.0,0.0,estimated_from_squad_profile,2026-06-05T00:33:08.162006+00:00
Ghana,Elisha Owusu,MF,Defensive Midfield,Auxerre,Right,22.6,No. 6,Holding midfielder,Press resistance + ball winning,1,1.0,2598,35,28,0.23,0.14,0.22,0.13,1.45,0.56,3.21,0.79,64.04,83.9,4.05,2.56,0.94,59.3,0.69,31.6,0.34,0.081,13.94,36.3,2.31,61.3,1.49,55.3,5.94,1.3,0.162,0.05,0.153,0.142,0.161,0.152,0.161,0.231,0.0,0.0,0.0,0.0,0.0,0.0,0.0,0,0.0,Unknown,0.0,0.0,0.0,0.0,0.0,0,0.0,Unknown,0.0,0.0,0.0,estimated_from_squad_profile,2026-06-05T00:33:08.162006+00:00
Ghana,Benjamin Asare,GK,Goalkeeper,Hearts of Oak,Right,20.8,Goalkeeper,Sweeper keeper,Build-up keeper,0,1.0,1090,14,7,0.0,0.01,0.0,0.01,0.0,0.0,0.02,0.05,28.83,70.0,4.09,0.1,0.0,0.0,0.0,0.0,0.01,0.0,1.96,28.4,0.14,47.2,0.49,51.6,4.01,0.07,0.027,0.0,0.0,0.0,0.0,0.0,0.0,0.0,2.94,72.8,0.031,1.36,0.95,2.68,45.5,0,0.0,Unknown,0.0,0.0,0.0,0.0,0.0,0,0.0,Unknown,0.0,0.0,0.0,estimated_from_squad_profile,2026-06-05T00:33:08.162006+00:00
Ghana,Abdul Rahman Baba,DF,Left-Back,PAOK,Left,31.5,Fullback,Overlapping wide defender,Width + recovery runner,1,1.0,2661,36,28,0.17,0.23,0.17,0.22,1.11,0.43,2.45,1.43,61.73,87.6,3.78,2.76,1.01,67.6,2.24,36.5,0.15,0.035,11.25,40.6,2.76,68.6,3.32,66.6,5.52,1.16,0.186,0.03,0.155,0.141,0.16,0.15,0.16,0.235,0.0,0.0,0.0,0.0,0.0,0.0,0.0,0,0.0,Unknown,0.0,0.0,0.0,0.0,0.0,0,0.0,Unknown,0.0,0.0,0.0,estimated_from_squad_profile,2026-06-05T00:33:08.162006+00:00
Ghana,Jerome Opoku,DF,Centre-Back,İstanbul Başakşehir,Right,22.5,Centre-back,Ball-playing defender,Rest-defense anchor,0,1.0,1203,16,7,0.09,0.12,0.09,0.11,0.61,0.23,1.3,0.66,59.89,86.9,2.88,1.36,0.55,63.2,0.46,33.5,0.12,0.027,11.7,39.2,2.66,67.2,2.47,65.2,5.58,1.2,0.192,0.03,0.07,0.09,0.1,0.16,0.22,0.36,0.0,0.0,0.0,0.0,0.0,0.0,0.0,0,0.0,Unknown,0.0,0.0,0.0,0.0,0.0,0,0.0,Unknown,0.0,0.0,0.0,estimated_from_squad_profile,2026-06-05T00:33:08.162006+00:00
Ghana,Iñaki Williams,FW,Right Winger,Athletic Bilbao,Right,28.2,Winger,Wide creator,1v1 carry + crossing threat,0,1.0,1253,17,8,0.4,0.32,0.37,0.3,2.41,0.93,5.43,2.07,41.23,75.4,2.04,3.6,1.92,58.2,2.05,31.2,0.28,0.072,12.26,33.2,1.28,55.2,1.03,48.2,4.14,0.87,0.108,0.32,0.07,0.09,0.1,0.16,0.22,0.36,0.0,0.0,0.0,0.0,0.0,0.0,0.0,0,0.0,Unknown,0.0,0.0,0.0,0.0,0.0,0,0.0,Unknown,0.0,0.0,0.0,estimated_from_squad_profile,2026-06-05T00:33:08.162006+00:00
Ghana,Augustine Boakye,MF,Attacking Midfield,Saint-Étienne,Right,22.0,No. 10,Central creator,Between-lines chance creation,0,1.0,1173,16,7,0.22,0.23,0.21,0.21,1.39,0.54,3.1,1.39,63.08,83.5,3.21,2.03,0.87,58.6,0.55,31.0,0.39,0.097,13.29,35.6,1.87,60.6,1.18,54.6,5.61,1.32,0.165,0.05,0.07,0.09,0.1,0.16,0.22,0.36,0.0,0.0,0.0,0.0,0.0,0.0,0.0,0,0.0,Unknown,0.0,0.0,0.0,0.0,0.0,0,0.0,Unknown,0.0,0.0,0.0,estimated_from_squad_profile,2026-06-05T00:33:08.162006+00:00
Ghana,Kojo Peprah Oppong,DF,Centre-Back,Nice,Right,22.4,Centre-back,Ball-playing defender,Rest-defense anchor,0,1.0,1195,16,7,0.09,0.12,0.09,0.11,0.6,0.23,1.29,0.65,59.69,86.8,2.84,1.35,0.49,63.0,0.46,33.4,0.11,0.026,10.61,39.0,2.39,67.0,2.43,65.0,5.04,1.21,0.193,0.03,0.07,0.09,0.1,0.16,0.22,0.36,0.0,0.0,0.0,0.0,0.0,0.0,0.0,0,0.0,Unknown,0.0,0.0,0.0,0.0,0.0,0,0.0,Unknown,0.0,0.0,0.0,estimated_from_squad_profile,2026-06-05T00:33:08.162006+00:00
Ghana,Kamaldeen Sulemana,FW,Left Winger,Atalanta,Left,31.4,Winger,Wide creator,1v1 carry + crossing threat,1,1.0,2658,36,28,0.49,0.39,0.45,0.37,2.95,1.14,6.64,2.54,41.65,75.6,2.46,4.37,2.0,58.5,2.46,31.4,0.34,0.087,12.62,33.5,1.33,55.5,1.26,48.5,4.26,0.86,0.107,0.33,0.155,0.141,0.16,0.15,0.16,0.235,0.0,0.0,0.0,0.0,0.0,0.0,0.0,0,0.0,Unknown,0.0,0.0,0.0,0.0,0.0,0,0.0,Unknown,0.0,0.0,0.0,estimated_from_squad_profile,2026-06-05T00:33:08.162006+00:00
Ghana,Derrick Luckassen,DF,Centre-Back,Pafos,Right,21.4,Centre-back,Ball-playing defender,Rest-defense anchor,0,1.0,1127,15,7,0.08,0.1,0.08,0.1,0.55,0.21,1.18,0.58,57.87,86.0,2.54,1.23,0.47,61.6,0.42,32.4,0.1,0.023,10.64,37.6,2.2,65.6,2.11,63.6,4.9,1.25,0.199,0.03,0.07,0.09,0.1,0.16,0.22,0.36,0.0,0.0,0.0,0.0,0.0,0.0,0.0,0,0.0,Unknown,0.0,0.0,0.0,0.0,0.0,0,0.0,Unknown,0.0,0.0,0.0,estimated_from_squad_profile,2026-06-05T00:33:08.162006+00:00
Ghana,Ernest Nuamah,FW,Right Winger,Lyon,Right,28.0,Winger,Wide creator,1v1 carry + crossing threat,0,1.0,1241,17,8,0.39,0.31,0.36,0.3,2.36,0.91,5.31,2.03,40.91,75.3,2.01,3.55,1.86,58.0,2.04,31.0,0.28,0.072,11.93,33.0,1.24,55.0,1.02,48.0,4.03,0.88,0.109,0.32,0.07,0.09,0.1,0.16,0.22,0.36,0.0,0.0,0.0,0.0,0.0,0.0,0.0,0,0.0,Unknown,0.0,0.0,0.0,0.0,0.0,0,0.0,Unknown,0.0,0.0,0.0,estimated_from_squad_profile,2026-06-05T00:33:08.162006+00:00
Ghana,Prince Kwabena Adu,FW,,Viktoria Plzeň,Right,16.6,FW,Hybrid role,Balanced phase contribution,0,1.0,801,10,5,0.06,0.04,0.06,0.03,0.42,0.16,0.88,0.25,29.1,70.5,1.02,0.77,0.33,45.9,0.25,22.6,0.04,0.011,8.51,23.9,0.65,45.9,0.43,38.9,3.01,1.17,0.147,0.14,0.07,0.09,0.1,0.16,0.22,0.36,0.0,0.0,0.0,0.0,0.0,0.0,0.0,0,0.0,Unknown,0.0,0.0,0.0,0.0,0.0,0,0.0,Unknown,0.0,0.0,0.0,estimated_from_squad_profile,2026-06-05T00:33:08.162006+00:00
Ghana,Marvin Senaya,DF,Right-Back,Auxerre,Right,26.8,Fullback,Overlapping wide defender,Width + recovery runner,0,1.0,1159,15,7,0.12,0.16,0.12,0.15,0.8,0.3,1.73,0.98,58.71,86.4,2.68,2.12,0.98,65.3,1.82,34.8,0.11,0.025,11.02,38.3,2.38,66.3,2.26,64.3,5.15,1.23,0.196,0.03,0.07,0.09,0.1,0.16,0.22,0.36,0.0,0.0,0.0,0.0,0.0,0.0,0.0,0,0.0,Unknown,0.0,0.0,0.0,0.0,0.0,0,0.0,Unknown,0.0,0.0,0.0,estimated_from_squad_profile,2026-06-05T00:33:08.162006+00:00
Panama,Luis Mejía,GK,Goalkeeper,Nacional,Right,22.5,Goalkeeper,Sweeper keeper,Build-up keeper,0,1.0,1205,16,7,0.0,0.01,0.0,0.01,0.0,0.0,0.02,0.06,30.51,72.1,4.54,0.13,0.0,0.0,0.0,0.0,0.01,0.0,2.16,30.0,0.16,49.8,0.54,53.6,4.29,0.08,0.024,0.0,0.0,0.0,0.0,0.0,0.0,0.0,2.81,75.2,0.059,1.56,1.16,2.57,48.4,0,0.0,Unknown,0.0,0.0,0.0,0.0,0.0,0,0.0,Unknown,0.0,0.0,0.0,estimated_from_squad_profile,2026-06-05T00:33:08.162006+00:00
Panama,César Blackman,DF,Right-Back,Slovan Bratislava,Right,28.4,Fullback,Overlapping wide defender,Width + recovery runner,1,1.0,2656,36,28,0.17,0.22,0.17,0.22,1.11,0.42,2.43,1.42,61.59,87.6,3.76,2.75,1.07,67.5,2.24,36.4,0.15,0.035,11.87,40.5,2.9,68.5,3.29,66.5,5.81,1.16,0.187,0.03,0.155,0.141,0.16,0.15,0.16,0.234,0.0,0.0,0.0,0.0,0.0,0.0,0.0,0,0.0,Unknown,0.0,0.0,0.0,0.0,0.0,0,0.0,Unknown,0.0,0.0,0.0,estimated_from_squad_profile,2026-06-05T00:33:08.162006+00:00
Panama,José Córdoba,DF,Centre-Back,Norwich City,Right,23.2,Centre-back,Ball-playing defender,Rest-defense anchor,0,1.0,1249,17,8,0.09,0.13,0.1,0.12,0.64,0.24,1.37,0.71,61.14,87.4,3.08,1.44,0.56,64.1,0.49,34.2,0.12,0.028,11.55,40.1,2.77,68.1,2.69,66.1,5.62,1.17,0.188,0.03,0.07,0.09,0.1,0.16,0.22,0.36,0.0,0.0,0.0,0.0,0.0,0.0,0.0,0,0.0,Unknown,0.0,0.0,0.0,0.0,0.0,0,0.0,Unknown,0.0,0.0,0.0,estimated_from_squad_profile,2026-06-05T00:33:08.162006+00:00
Panama,Fidel Escobar,DF,Centre-Back,Saprissa,Right,24.4,Centre-back,Ball-playing defender,Rest-defense anchor,1,1.0,2722,37,29,0.12,0.17,0.12,0.16,0.83,0.32,1.8,0.94,63.37,88.3,4.1,1.89,0.59,65.9,0.63,35.4,0.17,0.038,11.59,41.9,3.02,69.9,3.66,67.9,5.82,1.12,0.181,0.04,0.156,0.14,0.158,0.149,0.158,0.238,0.0,0.0,0.0,0.0,0.0,0.0,0.0,0,0.0,Unknown,0.0,0.0,0.0,0.0,0.0,0,0.0,Unknown,0.0,0.0,0.0,estimated_from_squad_profile,2026-06-05T00:33:08.162006+00:00
Panama,Edgardo Fariña,DF,Centre-Back,Pari Nizhny Novgorod,Right,21.9,Centre-back,Ball-playing defender,Rest-defense anchor,0,1.0,1159,15,7,0.08,0.11,0.09,0.1,0.58,0.22,1.23,0.62,58.73,86.4,2.69,1.28,0.49,62.3,0.44,32.9,0.11,0.025,10.82,38.3,2.33,66.3,2.26,64.3,5.06,1.23,0.196,0.03,0.07,0.09,0.1,0.16,0.22,0.36,0.0,0.0,0.0,0.0,0.0,0.0,0.0,0,0.0,Unknown,0.0,0.0,0.0,0.0,0.0,0,0.0,Unknown,0.0,0.0,0.0,estimated_from_squad_profile,2026-06-05T00:33:08.162006+00:00
Panama,Cristian Martínez,MF,Defensive Midfield,Ironi Kiryat Shmona,Right,23.6,No. 6,Holding midfielder,Press resistance + ball winning,1,1.0,2666,36,28,0.26,0.16,0.25,0.15,1.62,0.62,3.59,0.87,65.86,84.7,4.5,2.84,1.03,60.7,0.75,32.6,0.39,0.092,14.45,37.7,2.51,62.7,1.65,56.7,6.24,1.25,0.156,0.06,0.155,0.141,0.16,0.15,0.16,0.235,0.0,0.0,0.0,0.0,0.0,0.0,0.0,0,0.0,Unknown,0.0,0.0,0.0,0.0,0.0,0,0.0,Unknown,0.0,0.0,0.0,estimated_from_squad_profile,2026-06-05T00:33:08.162006+00:00
Panama,José Luis Rodríguez,MF,Left Winger,Juárez,Left,32.6,Winger,Wide creator,1v1 carry + crossing threat,1,1.0,2739,37,29,0.43,0.45,0.4,0.43,2.6,1.0,5.85,2.9,67.8,85.5,4.98,4.14,1.68,65.2,2.47,35.6,0.59,0.143,15.82,39.2,2.49,64.2,1.81,58.2,6.94,1.2,0.15,0.06,0.157,0.139,0.158,0.149,0.158,0.239,0.0,0.0,0.0,0.0,0.0,0.0,0.0,0,0.0,Unknown,0.0,0.0,0.0,0.0,0.0,0,0.0,Unknown,0.0,0.0,0.0,estimated_from_squad_profile,2026-06-05T00:33:08.162006+00:00
Panama,Adalberto Carrasquilla,MF,Central Midfield,UNAM,Right,24.6,No. 8,Box-to-box midfielder,Progression + counter-press,1,1.0,2737,37,29,0.36,0.37,0.34,0.34,2.21,0.85,4.95,2.25,67.75,85.4,4.97,3.13,1.18,62.2,0.82,33.6,0.58,0.143,15.8,39.2,2.49,64.2,1.81,58.2,6.92,1.21,0.15,0.06,0.157,0.139,0.158,0.149,0.158,0.239,0.0,0.0,0.0,0.0,0.0,0.0,0.0,0,0.0,Unknown,0.0,0.0,0.0,0.0,0.0,0,0.0,Unknown,0.0,0.0,0.0,estimated_from_squad_profile,2026-06-05T00:33:08.162006+00:00
Panama,Tomás Rodríguez,FW,Centre-Forward,Saprissa,Right,21.9,No. 9,Penalty-box finisher,Depth runs + shot volume,0,1.0,1162,15,7,0.25,0.11,0.24,0.1,1.56,0.6,3.48,0.62,38.81,74.4,1.83,2.36,1.33,53.4,0.58,27.9,0.13,0.033,12.44,31.4,1.25,53.4,0.91,46.4,4.23,0.93,0.116,0.29,0.07,0.09,0.1,0.16,0.22,0.36,0.0,0.0,0.0,0.0,0.0,0.0,0.0,0,0.0,Unknown,0.0,0.0,0.0,0.0,0.0,0,0.0,Unknown,0.0,0.0,0.0,estimated_from_squad_profile,2026-06-05T00:33:08.162006+00:00
Panama,Ismael Díaz,MF,Left Winger,León,Left,32.7,Winger,Wide creator,1v1 carry + crossing threat,1,1.0,2747,37,29,0.43,0.45,0.4,0.43,2.63,1.02,5.92,2.94,68.02,85.6,5.03,4.18,1.64,65.4,2.48,35.7,0.59,0.145,15.35,39.4,2.43,64.4,1.83,58.4,6.74,1.2,0.149,0.06,0.157,0.139,0.158,0.149,0.158,0.24,0.0,0.0,0.0,0.0,0.0,0.0,0.0,0,0.0,Unknown,0.0,0.0,0.0,0.0,0.0,0,0.0,Unknown,0.0,0.0,0.0,estimated_from_squad_profile,2026-06-05T00:33:08.162006+00:00
Panama,Yoel Bárcenas,MF,Right Winger,Mazatlán,Right,29.8,Winger,Wide creator,1v1 carry + crossing threat,1,1.0,2753,37,29,0.44,0.46,0.41,0.43,2.66,1.02,5.97,2.96,68.18,85.6,5.07,4.2,1.55,65.5,2.49,35.8,0.59,0.146,14.55,39.5,2.31,64.5,1.85,58.5,6.39,1.2,0.149,0.06,0.157,0.139,0.158,0.148,0.158,0.24,0.0,0.0,0.0,0.0,0.0,0.0,0.0,0,0.0,Unknown,0.0,0.0,0.0,0.0,0.0,0,0.0,Unknown,0.0,0.0,0.0,estimated_from_squad_profile,2026-06-05T00:33:08.162006+00:00
Panama,César Samudio,GK,Goalkeeper,Marathón,Right,20.9,Goalkeeper,Sweeper keeper,Build-up keeper,0,1.0,1098,15,7,0.0,0.01,0.0,0.01,0.0,0.0,0.02,0.05,28.95,70.2,4.12,0.11,0.0,0.0,0.0,0.0,0.01,0.0,1.98,28.5,0.14,47.4,0.49,51.8,4.02,0.07,0.027,0.0,0.0,0.0,0.0,0.0,0.0,0.0,2.93,73.0,0.032,1.38,0.97,2.67,45.7,0,0.0,Unknown,0.0,0.0,0.0,0.0,0.0,0,0.0,Unknown,0.0,0.0,0.0,estimated_from_squad_profile,2026-06-05T00:33:08.162006+00:00
Panama,Jiovany Ramos,DF,Centre-Back,Puerto Cabello,Right,21.9,Centre-back,Ball-playing defender,Rest-defense anchor,0,1.0,1162,15,7,0.08,0.11,0.09,0.1,0.58,0.22,1.23,0.62,58.8,86.4,2.7,1.29,0.5,62.3,0.44,32.9,0.11,0.025,11.04,38.3,2.39,66.3,2.28,64.3,5.17,1.23,0.196,0.03,0.07,0.09,0.1,0.16,0.22,0.36,0.0,0.0,0.0,0.0,0.0,0.0,0.0,0,0.0,Unknown,0.0,0.0,0.0,0.0,0.0,0,0.0,Unknown,0.0,0.0,0.0,estimated_from_squad_profile,2026-06-05T00:33:08.162006+00:00
Panama,Carlos Harvey,DF,Defensive Midfield,Minnesota United FC,Right,22.5,No. 6,Holding midfielder,Press resistance + ball winning,0,1.0,1201,16,7,0.09,0.12,0.09,0.11,0.6,0.23,1.3,0.66,59.83,86.8,2.87,1.36,0.54,63.1,0.46,33.5,0.11,0.026,11.48,39.1,2.61,67.1,2.46,65.1,5.47,1.2,0.192,0.03,0.07,0.09,0.1,0.16,0.22,0.36,0.0,0.0,0.0,0.0,0.0,0.0,0.0,0,0.0,Unknown,0.0,0.0,0.0,0.0,0.0,0,0.0,Unknown,0.0,0.0,0.0,estimated_from_squad_profile,2026-06-05T00:33:08.162006+00:00
Panama,Eric Davis,DF,Left-Back,Plaza Amador,Left,32.3,Fullback,Overlapping wide defender,Width + recovery runner,1,1.0,2719,37,29,0.19,0.25,0.18,0.24,1.2,0.46,2.64,1.56,63.27,88.2,4.09,2.88,0.97,68.8,2.28,37.3,0.16,0.038,10.68,41.8,2.77,69.8,3.64,67.8,5.35,1.12,0.181,0.04,0.156,0.14,0.158,0.149,0.158,0.238,0.0,0.0,0.0,0.0,0.0,0.0,0.0,0,0.0,Unknown,0.0,0.0,0.0,0.0,0.0,0,0.0,Unknown,0.0,0.0,0.0,estimated_from_squad_profile,2026-06-05T00:33:08.162006+00:00
Panama,Andrés Andrade,DF,Centre-Back,LASK,Right,23.5,Centre-back,Ball-playing defender,Rest-defense anchor,1,1.0,2660,36,28,0.11,0.16,0.12,0.15,0.78,0.3,1.68,0.87,61.7,87.6,3.78,1.76,0.59,64.6,0.59,34.5,0.15,0.035,12.11,40.6,2.97,68.6,3.31,66.6,5.94,1.16,0.186,0.03,0.155,0.141,0.16,0.15,0.16,0.235,0.0,0.0,0.0,0.0,0.0,0.0,0.0,0,0.0,Unknown,0.0,0.0,0.0,0.0,0.0,0,0.0,Unknown,0.0,0.0,0.0,estimated_from_squad_profile,2026-06-05T00:33:08.162006+00:00
Panama,José Fajardo,FW,Centre-Forward,Universidad Católica,Right,24.1,No. 9,Penalty-box finisher,Depth runs + shot volume,1,1.0,2706,37,29,0.4,0.17,0.37,0.16,2.43,0.94,5.45,0.92,42.94,76.1,2.59,3.62,1.59,56.5,0.86,30.1,0.2,0.051,12.52,34.5,1.34,56.5,1.33,49.5,4.21,0.83,0.102,0.35,0.156,0.14,0.159,0.149,0.159,0.237,0.0,0.0,0.0,0.0,0.0,0.0,0.0,0,0.0,Unknown,0.0,0.0,0.0,0.0,0.0,0,0.0,Unknown,0.0,0.0,0.0,estimated_from_squad_profile,2026-06-05T00:33:08.162006+00:00
Panama,Cecilio Waterman,FW,Centre-Forward,Universidad de Concepción,Right,23.4,No. 9,Penalty-box finisher,Depth runs + shot volume,0,1.0,1265,17,8,0.31,0.13,0.29,0.12,1.88,0.72,4.21,0.72,41.55,75.5,2.06,2.81,1.37,55.5,0.68,29.4,0.16,0.039,11.4,33.5,1.2,55.5,1.05,48.5,3.85,0.86,0.107,0.33,0.07,0.09,0.1,0.16,0.22,0.36,0.0,0.0,0.0,0.0,0.0,0.0,0.0,0,0.0,Unknown,0.0,0.0,0.0,0.0,0.0,0,0.0,Unknown,0.0,0.0,0.0,estimated_from_squad_profile,2026-06-05T00:33:08.162006+00:00
Panama,Alberto Quintero,MF,Right Winger,Plaza Amador,Right,28.8,Winger,Wide creator,1v1 carry + crossing threat,0,1.0,1290,17,8,0.33,0.34,0.31,0.32,2.0,0.77,4.48,2.21,66.23,84.8,3.86,3.28,1.28,64.0,2.03,34.8,0.46,0.113,12.15,38.0,1.85,63.0,1.41,57.0,5.26,1.24,0.155,0.06,0.07,0.09,0.1,0.16,0.22,0.36,0.0,0.0,0.0,0.0,0.0,0.0,0.0,0,0.0,Unknown,0.0,0.0,0.0,0.0,0.0,0,0.0,Unknown,0.0,0.0,0.0,estimated_from_squad_profile,2026-06-05T00:33:08.162006+00:00
Panama,Aníbal Godoy,MF,Defensive Midfield,San Diego FC,Right,23.6,No. 6,Holding midfielder,Press resistance + ball winning,0,1.0,1282,17,8,0.22,0.13,0.21,0.13,1.37,0.53,3.05,0.74,66.02,84.7,3.81,2.41,0.9,60.8,0.64,32.6,0.33,0.078,12.61,37.8,2.2,62.8,1.39,56.8,5.46,1.25,0.155,0.06,0.07,0.09,0.1,0.16,0.22,0.36,0.0,0.0,0.0,0.0,0.0,0.0,0.0,0,0.0,Unknown,0.0,0.0,0.0,0.0,0.0,0,0.0,Unknown,0.0,0.0,0.0,estimated_from_squad_profile,2026-06-05T00:33:08.162006+00:00
Panama,César Yanis,MF,Right Winger,Cobresal,Right,28.2,Winger,Wide creator,1v1 carry + crossing threat,0,1.0,1251,17,8,0.3,0.32,0.29,0.3,1.87,0.72,4.2,2.07,65.18,84.4,3.64,3.14,1.45,63.2,2.0,34.2,0.44,0.107,13.9,37.2,2.07,62.2,1.33,56.2,5.97,1.27,0.158,0.05,0.07,0.09,0.1,0.16,0.22,0.36,0.0,0.0,0.0,0.0,0.0,0.0,0.0,0,0.0,Unknown,0.0,0.0,0.0,0.0,0.0,0,0.0,Unknown,0.0,0.0,0.0,estimated_from_squad_profile,2026-06-05T00:33:08.162006+00:00
Panama,Orlando Mosquera,GK,Goalkeeper,Al-Fayha,Right,22.8,Goalkeeper,Sweeper keeper,Build-up keeper,1,1.0,2613,35,28,0.0,0.01,0.0,0.01,0.0,0.0,0.02,0.06,30.78,72.5,4.61,0.13,0.0,0.0,0.0,0.0,0.01,0.0,2.19,30.2,0.16,50.2,0.55,53.9,4.33,0.08,0.024,0.0,0.0,0.0,0.0,0.0,0.0,0.0,2.79,75.6,0.063,1.59,1.2,2.55,48.9,0,0.0,Unknown,0.0,0.0,0.0,0.0,0.0,0,0.0,Unknown,0.0,0.0,0.0,estimated_from_squad_profile,2026-06-05T00:33:08.162006+00:00
Panama,Michael Amir Murillo,DF,,Beşiktaş,Right,20.1,DF,Hybrid role,Balanced phase contribution,0,1.0,1042,14,6,0.07,0.09,0.07,0.08,0.49,0.19,1.04,0.5,55.59,85.1,2.17,1.08,0.42,59.9,0.37,31.1,0.09,0.02,10.15,35.9,1.65,63.9,1.71,61.9,4.46,1.31,0.206,0.02,0.07,0.09,0.1,0.16,0.22,0.36,0.0,0.0,0.0,0.0,0.0,0.0,0.0,0,0.0,Unknown,0.0,0.0,0.0,0.0,0.0,0,0.0,Unknown,0.0,0.0,0.0,estimated_from_squad_profile,2026-06-05T00:33:08.162006+00:00
Panama,Azarias Londoño,FW,Centre-Forward,Universidad Católica,Right,21.7,No. 9,Penalty-box finisher,Depth runs + shot volume,0,1.0,1148,15,7,0.24,0.11,0.23,0.1,1.51,0.58,3.38,0.6,38.43,74.3,1.8,2.3,1.22,53.1,0.57,27.7,0.13,0.032,11.65,31.1,1.16,53.1,0.9,46.1,3.97,0.94,0.117,0.28,0.07,0.09,0.1,0.16,0.22,0.36,0.0,0.0,0.0,0.0,0.0,0.0,0.0,0,0.0,Unknown,0.0,0.0,0.0,0.0,0.0,0,0.0,Unknown,0.0,0.0,0.0,estimated_from_squad_profile,2026-06-05T00:33:08.162006+00:00
Panama,Roderick Miller,DF,Centre-Back,Turan Tovuz,Right,22.7,Centre-back,Ball-playing defender,Rest-defense anchor,0,1.0,1215,16,7,0.09,0.12,0.09,0.11,0.61,0.23,1.32,0.67,60.22,87.0,2.93,1.38,0.49,63.4,0.47,33.7,0.12,0.027,10.29,39.4,2.38,67.4,2.53,65.4,4.93,1.19,0.191,0.03,0.07,0.09,0.1,0.16,0.22,0.36,0.0,0.0,0.0,0.0,0.0,0.0,0.0,0,0.0,Unknown,0.0,0.0,0.0,0.0,0.0,0,0.0,Unknown,0.0,0.0,0.0,estimated_from_squad_profile,2026-06-05T00:33:08.162006+00:00
Panama,Jorge Gutiérrez,DF,Left-Back,Deportivo La Guaira,Left,29.8,Fullback,Overlapping wide defender,Width + recovery runner,0,1.0,1159,15,7,0.12,0.16,0.12,0.15,0.79,0.3,1.73,0.98,58.71,86.4,2.68,2.12,1.02,65.3,1.82,34.8,0.11,0.025,11.43,38.3,2.46,66.3,2.26,64.3,5.34,1.23,0.196,0.03,0.07,0.09,0.1,0.16,0.22,0.36,0.0,0.0,0.0,0.0,0.0,0.0,0.0,0,0.0,Unknown,0.0,0.0,0.0,0.0,0.0,0,0.0,Unknown,0.0,0.0,0.0,estimated_from_squad_profile,2026-06-05T00:33:08.162006+00:00
