team,player,position,number,age,birth_date,caps,international_goals,club,detailed_position,market_value_eur,market_value_updated,projected_starter,projected_formation,projection_method,observed_start_rate,lineup_confidence,lineup_updated_at,availability,availability_status,source,fetched_at
Czechia,Matěj Kovář,GK,1,26,17 May 2000,20,0,PSV Eindhoven,Goalkeeper,8000000.0,,1,3-4-3,market-value/caps positional projection,0.0,0.0,,1.0,available,https://en.wikipedia.org/wiki/2026_FIFA_World_Cup_squads,2026-08-17T01:54:00.293610+00:00
Czechia,David Zima,DF,2,25,8 November 2000,25,1,Slavia Prague,Centre-Back,7000000.0,,1,3-4-3,market-value/caps positional projection,0.0,0.0,,1.0,available,https://en.wikipedia.org/wiki/2026_FIFA_World_Cup_squads,2026-08-17T01:54:00.293610+00:00
Czechia,Tomáš Holeš,DF,3,33,31 March 1993,41,2,Slavia Prague,Centre-Back,1000000.0,,0,3-4-3,market-value/caps positional projection,0.0,0.0,,1.0,available,https://en.wikipedia.org/wiki/2026_FIFA_World_Cup_squads,2026-08-17T01:54:00.293610+00:00
Czechia,Robin Hranáč,DF,4,26,29 January 2000,14,1,TSG Hoffenheim,Centre-Back,10000000.0,,0,3-4-3,market-value/caps positional projection,0.0,0.0,,1.0,available,https://en.wikipedia.org/wiki/2026_FIFA_World_Cup_squads,2026-08-17T01:54:00.293610+00:00
Czechia,Vladimír Coufal,DF,5,33,22 August 1992,62,2,TSG Hoffenheim,Right-Back,2500000.0,,1,3-4-3,market-value/caps positional projection,0.0,0.0,,1.0,available,https://en.wikipedia.org/wiki/2026_FIFA_World_Cup_squads,2026-08-17T01:54:00.293610+00:00
Czechia,Štěpán Chaloupek,DF,6,23,8 March 2003,5,0,Slavia Prague,Centre-Back,10000000.0,,0,3-4-3,market-value/caps positional projection,0.0,0.0,,1.0,available,https://en.wikipedia.org/wiki/2026_FIFA_World_Cup_squads,2026-08-17T01:54:00.293610+00:00
Czechia,Ladislav Krejčí,DF,7,27,20 April 1999,27,5,Wolverhampton Wanderers,Centre-Back,22000000.0,03/06/2026,1,3-4-3,market-value/caps positional projection,0.0,0.0,,1.0,available,https://en.wikipedia.org/wiki/2026_FIFA_World_Cup_squads,2026-08-17T01:54:00.293610+00:00
Czechia,Vladimír Darida,MF,8,35,8 August 1990,79,8,Hradec Králové,Central Midfield,375000.0,,1,3-4-3,market-value/caps positional projection,0.0,0.0,,1.0,available,https://en.wikipedia.org/wiki/2026_FIFA_World_Cup_squads,2026-08-17T01:54:00.293610+00:00
Czechia,Adam Hložek,FW,9,23,25 July 2002,43,5,TSG Hoffenheim,Centre-Forward,10000000.0,,1,3-4-3,market-value/caps positional projection,0.0,0.0,,1.0,available,https://en.wikipedia.org/wiki/2026_FIFA_World_Cup_squads,2026-08-17T01:54:00.293610+00:00
Czechia,Patrik Schick,FW,10,30,24 January 1996,53,26,Bayer Leverkusen,Centre-Forward,18000000.0,,1,3-4-3,market-value/caps positional projection,0.0,0.0,,1.0,available,https://en.wikipedia.org/wiki/2026_FIFA_World_Cup_squads,2026-08-17T01:54:00.293610+00:00
Czechia,Jan Kuchta,FW,11,29,8 January 1997,31,3,Sparta Prague,Centre-Forward,2700000.0,,0,3-4-3,market-value/caps positional projection,0.0,0.0,,1.0,available,https://en.wikipedia.org/wiki/2026_FIFA_World_Cup_squads,2026-08-17T01:54:00.293610+00:00
Czechia,Lukáš Červ,MF,12,25,10 April 2001,17,2,Viktoria Plzeň,Central Midfield,6000000.0,,0,3-4-3,market-value/caps positional projection,0.0,0.0,,1.0,available,https://en.wikipedia.org/wiki/2026_FIFA_World_Cup_squads,2026-08-17T01:54:00.293610+00:00
Czechia,Mojmír Chytil,FW,13,27,29 April 1999,22,6,Slavia Prague,Centre-Forward,4000000.0,,0,3-4-3,market-value/caps positional projection,0.0,0.0,,1.0,available,https://en.wikipedia.org/wiki/2026_FIFA_World_Cup_squads,2026-08-17T01:54:00.293610+00:00
Czechia,David Jurásek,DF,14,25,7 August 2000,18,1,Slavia Prague,Left-Back,5000000.0,,0,3-4-3,market-value/caps positional projection,0.0,0.0,,1.0,available,https://en.wikipedia.org/wiki/2026_FIFA_World_Cup_squads,2026-08-17T01:54:00.293610+00:00
Czechia,Pavel Šulc,FW,15,25,29 December 2000,21,5,Lyon,Attacking Midfield,20000000.0,,1,3-4-3,market-value/caps positional projection,0.0,0.0,,1.0,available,https://en.wikipedia.org/wiki/2026_FIFA_World_Cup_squads,2026-08-17T01:54:00.293610+00:00
Czechia,Jindřich Staněk,GK,16,30,27 April 1996,14,0,Slavia Prague,Goalkeeper,2000000.0,,0,3-4-3,market-value/caps positional projection,0.0,0.0,,1.0,available,https://en.wikipedia.org/wiki/2026_FIFA_World_Cup_squads,2026-08-17T01:54:00.293610+00:00
Czechia,Lukáš Provod,MF,17,29,23 October 1996,38,3,Slavia Prague,Left Winger,8000000.0,,1,3-4-3,market-value/caps positional projection,0.0,0.0,,1.0,available,https://en.wikipedia.org/wiki/2026_FIFA_World_Cup_squads,2026-08-17T01:54:00.293610+00:00
Czechia,Michal Sadílek,MF,18,27,31 May 1999,35,1,Slavia Prague,Central Midfield,8000000.0,,1,3-4-3,market-value/caps positional projection,0.0,0.0,,1.0,available,https://en.wikipedia.org/wiki/2026_FIFA_World_Cup_squads,2026-08-17T01:54:00.293610+00:00
Czechia,Tomáš Chorý,FW,19,31,26 January 1995,22,7,Slavia Prague,Centre-Forward,2700000.0,,0,3-4-3,market-value/caps positional projection,0.0,0.0,,1.0,available,https://en.wikipedia.org/wiki/2026_FIFA_World_Cup_squads,2026-08-17T01:54:00.293610+00:00
Czechia,Jaroslav Zelený,DF,20,33,20 August 1992,23,0,Sparta Prague,Centre-Back,600000.0,,0,3-4-3,market-value/caps positional projection,0.0,0.0,,1.0,available,https://en.wikipedia.org/wiki/2026_FIFA_World_Cup_squads,2026-08-17T01:54:00.293610+00:00
Czechia,David Douděra,DF,21,28,31 May 1998,17,2,Slavia Prague,Right Midfield,3500000.0,,0,3-4-3,market-value/caps positional projection,0.0,0.0,,1.0,available,https://en.wikipedia.org/wiki/2026_FIFA_World_Cup_squads,2026-08-17T01:54:00.293610+00:00
Czechia,Tomáš Souček,MF,22,31,27 February 1995,90,17,West Ham United,Defensive Midfield,10000000.0,,1,3-4-3,market-value/caps positional projection,0.0,0.0,,1.0,available,https://en.wikipedia.org/wiki/2026_FIFA_World_Cup_squads,2026-08-17T01:54:00.293610+00:00
Czechia,Lukáš Horníček,GK,23,23,13 July 2002,1,0,Braga,Goalkeeper,18000000.0,,0,3-4-3,market-value/caps positional projection,0.0,0.0,,1.0,available,https://en.wikipedia.org/wiki/2026_FIFA_World_Cup_squads,2026-08-17T01:54:00.293610+00:00
Czechia,Alexandr Sojka,MF,24,23,2 April 2003,2,0,Viktoria Plzeň,Central Midfield,2300000.0,,0,3-4-3,market-value/caps positional projection,0.0,0.0,,1.0,available,https://en.wikipedia.org/wiki/2026_FIFA_World_Cup_squads,2026-08-17T01:54:00.293610+00:00
Czechia,Hugo Sochůrek,MF,25,18,7 June 2008,1,0,Sparta Prague,Central Midfield,3500000.0,,0,3-4-3,market-value/caps positional projection,0.0,0.0,,1.0,available,https://en.wikipedia.org/wiki/2026_FIFA_World_Cup_squads,2026-08-17T01:54:00.293610+00:00
Czechia,Denis Višinský,FW,26,23,21 March 2003,2,1,Viktoria Plzeň,Attacking Midfield,3000000.0,,0,3-4-3,market-value/caps positional projection,0.0,0.0,,1.0,available,https://en.wikipedia.org/wiki/2026_FIFA_World_Cup_squads,2026-08-17T01:54:00.293610+00:00
Mexico,Raúl Rangel,GK,1,26,25 February 2000,14,0,Guadalajara,Goalkeeper,6500000.0,,0,4-3-3,market-value/caps positional projection,0.0,0.0,,1.0,available,https://en.wikipedia.org/wiki/2026_FIFA_World_Cup_squads,2026-08-17T01:54:00.293610+00:00
Mexico,Jorge Sánchez,DF,2,28,10 December 1997,59,3,PAOK,Right-Back,2000000.0,,0,4-3-3,market-value/caps positional projection,0.0,0.0,,1.0,available,https://en.wikipedia.org/wiki/2026_FIFA_World_Cup_squads,2026-08-17T01:54:00.293610+00:00
Mexico,César Montes,DF,3,29,24 February 1997,67,4,Lokomotiv Moscow,Centre-Back,7500000.0,,1,4-3-3,market-value/caps positional projection,0.0,0.0,,1.0,available,https://en.wikipedia.org/wiki/2026_FIFA_World_Cup_squads,2026-08-17T01:54:00.293610+00:00
Mexico,Edson Álvarez,DF,4,28,24 October 1997,98,7,Fenerbahçe,Defensive Midfield,15000000.0,,1,4-3-3,market-value/caps positional projection,0.0,0.0,,1.0,available,https://en.wikipedia.org/wiki/2026_FIFA_World_Cup_squads,2026-08-17T01:54:00.293610+00:00
Mexico,Johan Vásquez,DF,5,27,22 October 1998,46,3,Genoa,Centre-Back,12000000.0,,1,4-3-3,market-value/caps positional projection,0.0,0.0,,1.0,available,https://en.wikipedia.org/wiki/2026_FIFA_World_Cup_squads,2026-08-17T01:54:00.293610+00:00
Mexico,Érik Lira,MF,6,26,8 May 2000,25,0,Cruz Azul,Defensive Midfield,12000000.0,,0,4-3-3,market-value/caps positional projection,0.0,0.0,,1.0,available,https://en.wikipedia.org/wiki/2026_FIFA_World_Cup_squads,2026-08-17T01:54:00.293610+00:00
Mexico,Luis Romo,MF,7,31,5 June 1995,63,4,Guadalajara,Centre-Back,3000000.0,,1,4-3-3,market-value/caps positional projection,0.0,0.0,,1.0,available,https://en.wikipedia.org/wiki/2026_FIFA_World_Cup_squads,2026-08-17T01:54:00.293610+00:00
Mexico,Álvaro Fidalgo,MF,8,29,9 April 1997,4,0,Real Betis,Central Midfield,6000000.0,,0,4-3-3,market-value/caps positional projection,0.0,0.0,,1.0,available,https://en.wikipedia.org/wiki/2026_FIFA_World_Cup_squads,2026-08-17T01:54:00.293610+00:00
Mexico,Raúl Jiménez,FW,9,35,5 May 1991,124,44,Fulham,Centre-Forward,3000000.0,,1,4-3-3,market-value/caps positional projection,0.0,0.0,,1.0,available,https://en.wikipedia.org/wiki/2026_FIFA_World_Cup_squads,2026-08-17T01:54:00.293610+00:00
Mexico,Alexis Vega,FW,10,28,25 November 1997,52,7,Toluca,Left Winger,8000000.0,,0,4-3-3,market-value/caps positional projection,0.0,0.0,,1.0,available,https://en.wikipedia.org/wiki/2026_FIFA_World_Cup_squads,2026-08-17T01:54:00.293610+00:00
Mexico,Santiago Giménez,FW,11,25,18 April 2001,47,6,AC Milan,Centre-Forward,18000000.0,,1,4-3-3,market-value/caps positional projection,0.0,0.0,,1.0,available,https://en.wikipedia.org/wiki/2026_FIFA_World_Cup_squads,2026-08-17T01:54:00.293610+00:00
Mexico,Carlos Acevedo,GK,12,30,19 April 1996,7,0,Santos Laguna,Goalkeeper,2800000.0,,0,4-3-3,market-value/caps positional projection,0.0,0.0,,1.0,available,https://en.wikipedia.org/wiki/2026_FIFA_World_Cup_squads,2026-08-17T01:54:00.293610+00:00
Mexico,Guillermo Ochoa,GK,13,40,13 July 1985,152,0,AEL Limassol,Goalkeeper,250000.0,,1,4-3-3,market-value/caps positional projection,0.0,0.0,,1.0,available,https://en.wikipedia.org/wiki/2026_FIFA_World_Cup_squads,2026-08-17T01:54:00.293610+00:00
Mexico,Armando González,FW,14,23,20 April 2003,7,1,Guadalajara,Centre-Forward,15000000.0,,0,4-3-3,market-value/caps positional projection,0.0,0.0,,1.0,available,https://en.wikipedia.org/wiki/2026_FIFA_World_Cup_squads,2026-08-17T01:54:00.293610+00:00
Mexico,Israel Reyes,DF,15,26,23 May 2000,34,2,América,Right-Back,6500000.0,,0,4-3-3,market-value/caps positional projection,0.0,0.0,,1.0,available,https://en.wikipedia.org/wiki/2026_FIFA_World_Cup_squads,2026-08-17T01:54:00.293610+00:00
Mexico,Julián Quiñones,FW,16,29,24 March 1997,22,2,Al-Qadsiah,Centre-Forward,14000000.0,,0,4-3-3,market-value/caps positional projection,0.0,0.0,,1.0,available,https://en.wikipedia.org/wiki/2026_FIFA_World_Cup_squads,2026-08-17T01:54:00.293610+00:00
Mexico,Orbelín Pineda,MF,17,30,24 March 1996,92,12,AEK Athens,Central Midfield,7000000.0,,1,4-3-3,market-value/caps positional projection,0.0,0.0,,1.0,available,https://en.wikipedia.org/wiki/2026_FIFA_World_Cup_squads,2026-08-17T01:54:00.293610+00:00
Mexico,Obed Vargas,MF,18,20,5 August 2005,6,0,Atlético Madrid,Central Midfield,10000000.0,,0,4-3-3,market-value/caps positional projection,0.0,0.0,,1.0,available,https://en.wikipedia.org/wiki/2026_FIFA_World_Cup_squads,2026-08-17T01:54:00.293610+00:00
Mexico,Gilberto Mora,MF,19,17,14 October 2008,8,0,Tijuana,Attacking Midfield,10000000.0,,0,4-3-3,market-value/caps positional projection,0.0,0.0,,1.0,available,https://en.wikipedia.org/wiki/2026_FIFA_World_Cup_squads,2026-08-17T01:54:00.293610+00:00
Mexico,Mateo Chávez,DF,20,22,12 May 2004,10,0,AZ,Left-Back,4000000.0,,0,4-3-3,market-value/caps positional projection,0.0,0.0,,1.0,available,https://en.wikipedia.org/wiki/2026_FIFA_World_Cup_squads,2026-08-17T01:54:00.293610+00:00
Mexico,César Huerta,FW,21,25,3 December 2000,26,3,Anderlecht,Left Winger,3500000.0,,0,4-3-3,market-value/caps positional projection,0.0,0.0,,1.0,available,https://en.wikipedia.org/wiki/2026_FIFA_World_Cup_squads,2026-08-17T01:54:00.293610+00:00
Mexico,Guillermo Martínez,FW,22,31,15 March 1995,12,3,Pumas UNAM,Centre-Forward,1500000.0,,0,4-3-3,market-value/caps positional projection,0.0,0.0,,1.0,available,https://en.wikipedia.org/wiki/2026_FIFA_World_Cup_squads,2026-08-17T01:54:00.293610+00:00
Mexico,Jesús Gallardo,DF,23,31,15 August 1994,121,3,Toluca,Left-Back,2800000.0,,1,4-3-3,market-value/caps positional projection,0.0,0.0,,1.0,available,https://en.wikipedia.org/wiki/2026_FIFA_World_Cup_squads,2026-08-17T01:54:00.293610+00:00
Mexico,Luis Chávez,MF,24,30,15 January 1996,45,5,Dynamo Moscow,Defensive Midfield,6000000.0,,1,4-3-3,market-value/caps positional projection,0.0,0.0,,1.0,available,https://en.wikipedia.org/wiki/2026_FIFA_World_Cup_squads,2026-08-17T01:54:00.293610+00:00
Mexico,Roberto Alvarado,FW,25,27,7 September 1998,67,5,Guadalajara,Right Winger,7500000.0,,1,4-3-3,market-value/caps positional projection,0.0,0.0,,1.0,available,https://en.wikipedia.org/wiki/2026_FIFA_World_Cup_squads,2026-08-17T01:54:00.293610+00:00
Mexico,Brian Gutiérrez,MF,26,22,17 June 2003,7,2,Guadalajara,Attacking Midfield,8000000.0,,0,4-3-3,market-value/caps positional projection,0.0,0.0,,1.0,available,https://en.wikipedia.org/wiki/2026_FIFA_World_Cup_squads,2026-08-17T01:54:00.293610+00:00
South Africa,Ronwen Williams,GK,1,34,21 January 1992,62,0,Mamelodi Sundowns,Goalkeeper,800000.0,,1,4-3-3,market-value/caps positional projection,0.0,0.0,,1.0,available,https://en.wikipedia.org/wiki/2026_FIFA_World_Cup_squads,2026-08-17T01:54:00.293610+00:00
South Africa,Thabang Matuludi,DF,2,27,14 January 1999,3,0,Polokwane City,Right-Back,1200000.0,,0,4-3-3,market-value/caps positional projection,0.0,0.0,,1.0,available,https://en.wikipedia.org/wiki/2026_FIFA_World_Cup_squads,2026-08-17T01:54:00.293610+00:00
South Africa,Khulumani Ndamane,DF,3,22,5 February 2004,5,0,Mamelodi Sundowns,Centre-Back,1200000.0,,0,4-3-3,market-value/caps positional projection,0.0,0.0,,1.0,available,https://en.wikipedia.org/wiki/2026_FIFA_World_Cup_squads,2026-08-17T01:54:00.293610+00:00
South Africa,Teboho Mokoena,MF,4,29,24 January 1997,51,9,Mamelodi Sundowns,Defensive Midfield,2800000.0,,1,4-3-3,market-value/caps positional projection,0.0,0.0,,1.0,available,https://en.wikipedia.org/wiki/2026_FIFA_World_Cup_squads,2026-08-17T01:54:00.293610+00:00
South Africa,Thalente Mbatha,MF,5,26,6 March 2000,15,3,Orlando Pirates,Central Midfield,2000000.0,,1,4-3-3,market-value/caps positional projection,0.0,0.0,,1.0,available,https://en.wikipedia.org/wiki/2026_FIFA_World_Cup_squads,2026-08-17T01:54:00.293610+00:00
South Africa,Aubrey Modiba,DF,6,30,22 July 1995,44,3,Mamelodi Sundowns,Left-Back,1800000.0,,1,4-3-3,market-value/caps positional projection,0.0,0.0,,1.0,available,https://en.wikipedia.org/wiki/2026_FIFA_World_Cup_squads,2026-08-17T01:54:00.293610+00:00
South Africa,Oswin Appollis,FW,7,24,25 August 2001,26,8,Orlando Pirates,Left Winger,2500000.0,,1,4-3-3,market-value/caps positional projection,0.0,0.0,,1.0,available,https://en.wikipedia.org/wiki/2026_FIFA_World_Cup_squads,2026-08-17T01:54:00.293610+00:00
South Africa,Tshepang Moremi,FW,8,25,2 October 2000,10,1,Orlando Pirates,Left Winger,1400000.0,,0,4-3-3,market-value/caps positional projection,0.0,0.0,,1.0,available,https://en.wikipedia.org/wiki/2026_FIFA_World_Cup_squads,2026-08-17T01:54:00.293610+00:00
South Africa,Lyle Foster,FW,9,25,3 September 2000,27,10,Burnley,Centre-Forward,8000000.0,,1,4-3-3,market-value/caps positional projection,0.0,0.0,,1.0,available,https://en.wikipedia.org/wiki/2026_FIFA_World_Cup_squads,2026-08-17T01:54:00.293610+00:00
South Africa,Relebohile Mofokeng,FW,10,21,23 October 2004,13,0,Orlando Pirates,Left Winger,3000000.0,,0,4-3-3,market-value/caps positional projection,0.0,0.0,,1.0,available,https://en.wikipedia.org/wiki/2026_FIFA_World_Cup_squads,2026-08-17T01:54:00.293610+00:00
South Africa,Themba Zwane,MF,11,36,3 August 1989,54,12,Mamelodi Sundowns,Attacking Midfield,250000.0,,1,4-3-3,market-value/caps positional projection,0.0,0.0,,1.0,available,https://en.wikipedia.org/wiki/2026_FIFA_World_Cup_squads,2026-08-17T01:54:00.293610+00:00
South Africa,Thapelo Maseko,FW,12,22,11 November 2003,10,1,AEL Limassol,Right Winger,750000.0,,0,4-3-3,market-value/caps positional projection,0.0,0.0,,1.0,available,https://en.wikipedia.org/wiki/2026_FIFA_World_Cup_squads,2026-08-17T01:54:00.293610+00:00
South Africa,Sphephelo Sithole,MF,13,27,3 March 1999,28,1,Tondela,,0.0,,0,4-3-3,market-value/caps positional projection,0.0,0.0,,1.0,available,https://en.wikipedia.org/wiki/2026_FIFA_World_Cup_squads,2026-08-17T01:54:00.293610+00:00
South Africa,Mbekezeli Mbokazi,DF,14,20,19 September 2005,10,1,Chicago Fire FC,Centre-Back,3500000.0,,1,4-3-3,market-value/caps positional projection,0.0,0.0,,1.0,available,https://en.wikipedia.org/wiki/2026_FIFA_World_Cup_squads,2026-08-17T01:54:00.293610+00:00
South Africa,Iqraam Rayners,FW,15,30,19 December 1995,14,4,Mamelodi Sundowns,Centre-Forward,2800000.0,,0,4-3-3,market-value/caps positional projection,0.0,0.0,,1.0,available,https://en.wikipedia.org/wiki/2026_FIFA_World_Cup_squads,2026-08-17T01:54:00.293610+00:00
South Africa,Sipho Chaine,GK,16,29,14 December 1996,4,0,Orlando Pirates,Goalkeeper,1600000.0,,0,4-3-3,market-value/caps positional projection,0.0,0.0,,1.0,available,https://en.wikipedia.org/wiki/2026_FIFA_World_Cup_squads,2026-08-17T01:54:00.293610+00:00
South Africa,Evidence Makgopa,FW,17,26,5 June 2000,26,6,Orlando Pirates,Centre-Forward,1400000.0,,1,4-3-3,market-value/caps positional projection,0.0,0.0,,1.0,available,https://en.wikipedia.org/wiki/2026_FIFA_World_Cup_squads,2026-08-17T01:54:00.293610+00:00
South Africa,Samukele Kabini,DF,18,22,15 March 2004,6,0,Molde,Left-Back,2500000.0,,0,4-3-3,market-value/caps positional projection,0.0,0.0,,1.0,available,https://en.wikipedia.org/wiki/2026_FIFA_World_Cup_squads,2026-08-17T01:54:00.293610+00:00
South Africa,Nkosinathi Sibisi,DF,19,30,22 September 1995,20,0,Orlando Pirates,Centre-Back,1600000.0,,1,4-3-3,market-value/caps positional projection,0.0,0.0,,1.0,available,https://en.wikipedia.org/wiki/2026_FIFA_World_Cup_squads,2026-08-17T01:54:00.293610+00:00
South Africa,Khuliso Mudau,DF,20,31,26 April 1995,32,1,Mamelodi Sundowns,Right-Back,1200000.0,,1,4-3-3,market-value/caps positional projection,0.0,0.0,,1.0,available,https://en.wikipedia.org/wiki/2026_FIFA_World_Cup_squads,2026-08-17T01:54:00.293610+00:00
South Africa,Ime Okon,DF,21,22,20 February 2004,8,1,Hannover 96,Centre-Back,2000000.0,,0,4-3-3,market-value/caps positional projection,0.0,0.0,,1.0,available,https://en.wikipedia.org/wiki/2026_FIFA_World_Cup_squads,2026-08-17T01:54:00.293610+00:00
South Africa,Ricardo Goss,GK,22,32,2 April 1994,5,0,Siwelele,Goalkeeper,350000.0,,0,4-3-3,market-value/caps positional projection,0.0,0.0,,1.0,available,https://en.wikipedia.org/wiki/2026_FIFA_World_Cup_squads,2026-08-17T01:54:00.293610+00:00
South Africa,Jayden Adams,MF,23,25,5 May 2001,9,1,Mamelodi Sundowns,Central Midfield,1800000.0,,0,4-3-3,market-value/caps positional projection,0.0,0.0,,1.0,available,https://en.wikipedia.org/wiki/2026_FIFA_World_Cup_squads,2026-08-17T01:54:00.293610+00:00
South Africa,Olwethu Makhanya,DF,24,22,30 April 2004,1,0,Philadelphia Union,Centre-Back,2000000.0,,0,4-3-3,market-value/caps positional projection,0.0,0.0,,1.0,available,https://en.wikipedia.org/wiki/2026_FIFA_World_Cup_squads,2026-08-17T01:54:00.293610+00:00
South Africa,Kamogelo Sebelebele,FW,25,23,21 July 2002,3,0,Orlando Pirates,Right-Back,1200000.0,,0,4-3-3,market-value/caps positional projection,0.0,0.0,,1.0,available,https://en.wikipedia.org/wiki/2026_FIFA_World_Cup_squads,2026-08-17T01:54:00.293610+00:00
South Africa,Bradley Cross,DF,26,25,30 January 2001,1,0,Kaizer Chiefs,Left-Back,1000000.0,,0,4-3-3,market-value/caps positional projection,0.0,0.0,,1.0,available,https://en.wikipedia.org/wiki/2026_FIFA_World_Cup_squads,2026-08-17T01:54:00.293610+00:00
Korea Republic,Kim Seung-gyu,GK,1,35,30 September 1990,87,0,FC Tokyo,,0.0,,1,4-4-2,market-value/caps positional projection,0.0,0.0,,1.0,available,https://en.wikipedia.org/wiki/2026_FIFA_World_Cup_squads,2026-08-17T01:54:00.293610+00:00
Korea Republic,Lee Han-beom,DF,2,23,17 June 2002,8,0,Midtjylland,,0.0,,0,4-4-2,market-value/caps positional projection,0.0,0.0,,1.0,available,https://en.wikipedia.org/wiki/2026_FIFA_World_Cup_squads,2026-08-17T01:54:00.293610+00:00
Korea Republic,Lee Gi-hyuk,MF,3,25,7 July 2000,3,0,Gangwon FC,,0.0,,0,4-4-2,market-value/caps positional projection,0.0,0.0,,1.0,available,https://en.wikipedia.org/wiki/2026_FIFA_World_Cup_squads,2026-08-17T01:54:00.293610+00:00
Korea Republic,Kim Min-jae,DF,4,29,15 November 1996,79,4,Bayern Munich,,0.0,,1,4-4-2,market-value/caps positional projection,0.0,0.0,,1.0,available,https://en.wikipedia.org/wiki/2026_FIFA_World_Cup_squads,2026-08-17T01:54:00.293610+00:00
Korea Republic,Kim Tae-hyeon,DF,5,25,17 September 2000,7,0,Kashima Antlers,,0.0,,0,4-4-2,market-value/caps positional projection,0.0,0.0,,1.0,available,https://en.wikipedia.org/wiki/2026_FIFA_World_Cup_squads,2026-08-17T01:54:00.293610+00:00
Korea Republic,Hwang In-beom,MF,6,29,20 September 1996,73,6,Feyenoord,,0.0,,1,4-4-2,market-value/caps positional projection,0.0,0.0,,1.0,available,https://en.wikipedia.org/wiki/2026_FIFA_World_Cup_squads,2026-08-17T01:54:00.293610+00:00
Korea Republic,Son Heung-min,FW,7,33,8 July 1992,144,56,Los Angeles FC,,0.0,,1,4-4-2,market-value/caps positional projection,0.0,0.0,,1.0,available,https://en.wikipedia.org/wiki/2026_FIFA_World_Cup_squads,2026-08-17T01:54:00.293610+00:00
Korea Republic,Paik Seung-ho,MF,8,29,17 March 1997,27,3,Birmingham City,,0.0,,0,4-4-2,market-value/caps positional projection,0.0,0.0,,1.0,available,https://en.wikipedia.org/wiki/2026_FIFA_World_Cup_squads,2026-08-17T01:54:00.293610+00:00
Korea Republic,Cho Gue-sung,FW,9,28,25 January 1998,44,12,Midtjylland,,0.0,,1,4-4-2,market-value/caps positional projection,0.0,0.0,,1.0,available,https://en.wikipedia.org/wiki/2026_FIFA_World_Cup_squads,2026-08-17T01:54:00.293610+00:00
Korea Republic,Lee Jae-sung,MF,10,33,10 August 1992,105,15,Mainz 05,,0.0,,1,4-4-2,market-value/caps positional projection,0.0,0.0,,1.0,available,https://en.wikipedia.org/wiki/2026_FIFA_World_Cup_squads,2026-08-17T01:54:00.293610+00:00
Korea Republic,Hwang Hee-chan,MF,11,30,26 January 1996,79,17,Wolverhampton Wanderers,,0.0,,1,4-4-2,market-value/caps positional projection,0.0,0.0,,1.0,available,https://en.wikipedia.org/wiki/2026_FIFA_World_Cup_squads,2026-08-17T01:54:00.293610+00:00
Korea Republic,Song Bum-keun,GK,12,28,15 October 1997,3,0,Jeonbuk Hyundai Motors,,0.0,,0,4-4-2,market-value/caps positional projection,0.0,0.0,,1.0,available,https://en.wikipedia.org/wiki/2026_FIFA_World_Cup_squads,2026-08-17T01:54:00.293610+00:00
Korea Republic,Lee Tae-seok,DF,13,23,28 July 2002,15,1,Austria Wien,,0.0,,0,4-4-2,market-value/caps positional projection,0.0,0.0,,1.0,available,https://en.wikipedia.org/wiki/2026_FIFA_World_Cup_squads,2026-08-17T01:54:00.293610+00:00
Korea Republic,Cho Wi-je,DF,14,24,25 August 2001,1,0,Jeonbuk Hyundai Motors,,0.0,,0,4-4-2,market-value/caps positional projection,0.0,0.0,,1.0,available,https://en.wikipedia.org/wiki/2026_FIFA_World_Cup_squads,2026-08-17T01:54:00.293610+00:00
Korea Republic,Kim Moon-hwan,DF,15,30,1 August 1995,35,0,Daejeon Hana Citizen,,0.0,,1,4-4-2,market-value/caps positional projection,0.0,0.0,,1.0,available,https://en.wikipedia.org/wiki/2026_FIFA_World_Cup_squads,2026-08-17T01:54:00.293610+00:00
Korea Republic,Park Jin-seob,DF,16,30,23 October 1995,14,1,Zhejiang,,0.0,,0,4-4-2,market-value/caps positional projection,0.0,0.0,,1.0,available,https://en.wikipedia.org/wiki/2026_FIFA_World_Cup_squads,2026-08-17T01:54:00.293610+00:00
Korea Republic,Bae Jun-ho,MF,17,22,21 August 2003,13,2,Stoke City,,0.0,,0,4-4-2,market-value/caps positional projection,0.0,0.0,,1.0,available,https://en.wikipedia.org/wiki/2026_FIFA_World_Cup_squads,2026-08-17T01:54:00.293610+00:00
Korea Republic,Oh Hyeon-gyu,FW,18,25,12 April 2001,27,6,Beşiktaş,,0.0,,0,4-4-2,market-value/caps positional projection,0.0,0.0,,1.0,available,https://en.wikipedia.org/wiki/2026_FIFA_World_Cup_squads,2026-08-17T01:54:00.293610+00:00
Korea Republic,Lee Kang-in,MF,19,25,19 February 2001,47,11,Paris Saint-Germain,,0.0,,1,4-4-2,market-value/caps positional projection,0.0,0.0,,1.0,available,https://en.wikipedia.org/wiki/2026_FIFA_World_Cup_squads,2026-08-17T01:54:00.293610+00:00
Korea Republic,Yang Hyun-jun,MF,20,24,25 May 2002,9,0,Celtic,,0.0,,0,4-4-2,market-value/caps positional projection,0.0,0.0,,1.0,available,https://en.wikipedia.org/wiki/2026_FIFA_World_Cup_squads,2026-08-17T01:54:00.293610+00:00
Korea Republic,Jo Hyeon-woo,GK,21,34,25 September 1991,48,0,Ulsan HD,,0.0,,0,4-4-2,market-value/caps positional projection,0.0,0.0,,1.0,available,https://en.wikipedia.org/wiki/2026_FIFA_World_Cup_squads,2026-08-17T01:54:00.293610+00:00
Korea Republic,Seol Young-woo,DF,22,27,5 December 1998,34,0,Red Star Belgrade,,0.0,,1,4-4-2,market-value/caps positional projection,0.0,0.0,,1.0,available,https://en.wikipedia.org/wiki/2026_FIFA_World_Cup_squads,2026-08-17T01:54:00.293610+00:00
Korea Republic,Jens Castrop,DF,23,22,29 July 2003,7,0,Borussia Mönchengladbach,Central Midfield,10000000.0,,1,4-4-2,market-value/caps positional projection,0.0,0.0,,1.0,available,https://en.wikipedia.org/wiki/2026_FIFA_World_Cup_squads,2026-08-17T01:54:00.293610+00:00
Korea Republic,Kim Jin-gyu,MF,24,29,24 February 1997,22,3,Jeonbuk Hyundai Motors,,0.0,,0,4-4-2,market-value/caps positional projection,0.0,0.0,,1.0,available,https://en.wikipedia.org/wiki/2026_FIFA_World_Cup_squads,2026-08-17T01:54:00.293610+00:00
Korea Republic,Eom Ji-sung,MF,25,24,9 May 2002,9,2,Swansea City,,0.0,,0,4-4-2,market-value/caps positional projection,0.0,0.0,,1.0,available,https://en.wikipedia.org/wiki/2026_FIFA_World_Cup_squads,2026-08-17T01:54:00.293610+00:00
Korea Republic,Lee Dong-gyeong,MF,26,28,20 September 1997,18,4,Ulsan HD,,0.0,,0,4-4-2,market-value/caps positional projection,0.0,0.0,,1.0,available,https://en.wikipedia.org/wiki/2026_FIFA_World_Cup_squads,2026-08-17T01:54:00.293610+00:00
Bosnia and Herzegovina,Nikola Vasilj,GK,1,30,2 December 1995,26,0,FC St. Pauli,Goalkeeper,4500000.0,,1,4-3-3,market-value/caps positional projection,0.0,0.0,,1.0,available,https://en.wikipedia.org/wiki/2026_FIFA_World_Cup_squads,2026-08-17T01:54:00.293610+00:00
Bosnia and Herzegovina,Nihad Mujakić,DF,2,28,15 April 1998,12,1,Gaziantep,Centre-Back,1200000.0,,0,4-3-3,market-value/caps positional projection,0.0,0.0,,1.0,available,https://en.wikipedia.org/wiki/2026_FIFA_World_Cup_squads,2026-08-17T01:54:00.293610+00:00
Bosnia and Herzegovina,Dennis Hadžikadunić,DF,3,27,9 July 1998,32,0,Sampdoria,Centre-Back,1200000.0,,1,4-3-3,market-value/caps positional projection,0.0,0.0,,1.0,available,https://en.wikipedia.org/wiki/2026_FIFA_World_Cup_squads,2026-08-17T01:54:00.293610+00:00
Bosnia and Herzegovina,Tarik Muharemović,DF,4,23,28 February 2003,14,1,Sassuolo,Centre-Back,25000000.0,,1,4-3-3,market-value/caps positional projection,0.0,0.0,,1.0,available,https://en.wikipedia.org/wiki/2026_FIFA_World_Cup_squads,2026-08-17T01:54:00.293610+00:00
Bosnia and Herzegovina,Sead Kolašinac,DF,5,32,20 June 1993,65,0,Atalanta,Centre-Back,4000000.0,,1,4-3-3,market-value/caps positional projection,0.0,0.0,,1.0,available,https://en.wikipedia.org/wiki/2026_FIFA_World_Cup_squads,2026-08-17T01:54:00.293610+00:00
Bosnia and Herzegovina,Benjamin Tahirović,MF,6,23,3 March 2003,28,2,Brøndby,Central Midfield,4500000.0,,1,4-3-3,market-value/caps positional projection,0.0,0.0,,1.0,available,https://en.wikipedia.org/wiki/2026_FIFA_World_Cup_squads,2026-08-17T01:54:00.293610+00:00
Bosnia and Herzegovina,Amar Dedić,DF,7,23,18 August 2002,28,1,Benfica,Right-Back,16000000.0,,1,4-3-3,market-value/caps positional projection,0.0,0.0,,1.0,available,https://en.wikipedia.org/wiki/2026_FIFA_World_Cup_squads,2026-08-17T01:54:00.293610+00:00
Bosnia and Herzegovina,Armin Gigović,MF,8,24,6 April 2002,20,1,Young Boys,Central Midfield,2500000.0,,0,4-3-3,market-value/caps positional projection,0.0,0.0,,1.0,available,https://en.wikipedia.org/wiki/2026_FIFA_World_Cup_squads,2026-08-17T01:54:00.293610+00:00
Bosnia and Herzegovina,Samed Baždar,FW,9,22,31 January 2004,13,1,Jagiellonia Białystok,Centre-Forward,1500000.0,,0,4-3-3,market-value/caps positional projection,0.0,0.0,,1.0,available,https://en.wikipedia.org/wiki/2026_FIFA_World_Cup_squads,2026-08-17T01:54:00.293610+00:00
Bosnia and Herzegovina,Ermedin Demirović,FW,10,28,25 March 1998,40,4,VfB Stuttgart,Centre-Forward,22000000.0,27/05/2026,1,4-3-3,market-value/caps positional projection,0.0,0.0,,1.0,available,https://en.wikipedia.org/wiki/2026_FIFA_World_Cup_squads,2026-08-17T01:54:00.293610+00:00
Bosnia and Herzegovina,Edin Džeko,FW,11,40,17 March 1986,148,73,Schalke 04,Centre-Forward,1000000.0,,1,4-3-3,market-value/caps positional projection,0.0,0.0,,1.0,available,https://en.wikipedia.org/wiki/2026_FIFA_World_Cup_squads,2026-08-17T01:54:00.293610+00:00
Bosnia and Herzegovina,Mladen Jurkas,GK,12,18,7 October 2007,0,0,Borac Banja Luka,Goalkeeper,700000.0,,0,4-3-3,market-value/caps positional projection,0.0,0.0,,1.0,available,https://en.wikipedia.org/wiki/2026_FIFA_World_Cup_squads,2026-08-17T01:54:00.293610+00:00
Bosnia and Herzegovina,Ivan Bašić,MF,13,24,30 April 2002,17,0,Astana,Central Midfield,1500000.0,,0,4-3-3,market-value/caps positional projection,0.0,0.0,,1.0,available,https://en.wikipedia.org/wiki/2026_FIFA_World_Cup_squads,2026-08-17T01:54:00.293610+00:00
Bosnia and Herzegovina,Ivan Šunjić,MF,14,29,9 October 1996,11,0,Pafos,Defensive Midfield,2000000.0,,0,4-3-3,market-value/caps positional projection,0.0,0.0,,1.0,available,https://en.wikipedia.org/wiki/2026_FIFA_World_Cup_squads,2026-08-17T01:54:00.293610+00:00
Bosnia and Herzegovina,Amar Memić,MF,15,25,20 January 2001,13,1,Viktoria Plzeň,Right Midfield,4500000.0,,1,4-3-3,market-value/caps positional projection,0.0,0.0,,1.0,available,https://en.wikipedia.org/wiki/2026_FIFA_World_Cup_squads,2026-08-17T01:54:00.293610+00:00
Bosnia and Herzegovina,Amir Hadžiahmetović,MF,16,29,8 March 1997,36,0,Hull City,Defensive Midfield,4000000.0,,1,4-3-3,market-value/caps positional projection,0.0,0.0,,1.0,available,https://en.wikipedia.org/wiki/2026_FIFA_World_Cup_squads,2026-08-17T01:54:00.293610+00:00
Bosnia and Herzegovina,Dženis Burnić,MF,17,28,22 May 1998,20,0,Karlsruher SC,Defensive Midfield,1200000.0,,0,4-3-3,market-value/caps positional projection,0.0,0.0,,1.0,available,https://en.wikipedia.org/wiki/2026_FIFA_World_Cup_squads,2026-08-17T01:54:00.293610+00:00
Bosnia and Herzegovina,Nikola Katić,DF,18,29,10 October 1996,17,2,Schalke 04,Centre-Back,1800000.0,,0,4-3-3,market-value/caps positional projection,0.0,0.0,,1.0,available,https://en.wikipedia.org/wiki/2026_FIFA_World_Cup_squads,2026-08-17T01:54:00.293610+00:00
Bosnia and Herzegovina,Kerim Alajbegović,FW,19,18,21 September 2007,10,1,Red Bull Salzburg,Left Winger,22000000.0,,1,4-3-3,market-value/caps positional projection,0.0,0.0,,1.0,available,https://en.wikipedia.org/wiki/2026_FIFA_World_Cup_squads,2026-08-17T01:54:00.293610+00:00
Bosnia and Herzegovina,Esmir Bajraktarević,FW,20,21,10 March 2005,16,1,PSV Eindhoven,Right Winger,8000000.0,,0,4-3-3,market-value/caps positional projection,0.0,0.0,,1.0,available,https://en.wikipedia.org/wiki/2026_FIFA_World_Cup_squads,2026-08-17T01:54:00.293610+00:00
Bosnia and Herzegovina,Stjepan Radeljić,DF,21,28,5 September 1997,5,0,Rijeka,Centre-Back,2800000.0,,0,4-3-3,market-value/caps positional projection,0.0,0.0,,1.0,available,https://en.wikipedia.org/wiki/2026_FIFA_World_Cup_squads,2026-08-17T01:54:00.293610+00:00
Bosnia and Herzegovina,Martin Zlomislić,GK,22,27,16 August 1998,3,0,Rijeka,Goalkeeper,2000000.0,,0,4-3-3,market-value/caps positional projection,0.0,0.0,,1.0,available,https://en.wikipedia.org/wiki/2026_FIFA_World_Cup_squads,2026-08-17T01:54:00.293610+00:00
Bosnia and Herzegovina,Haris Tabaković,FW,23,31,20 June 1994,10,4,Borussia Mönchengladbach,Centre-Forward,3500000.0,,0,4-3-3,market-value/caps positional projection,0.0,0.0,,1.0,available,https://en.wikipedia.org/wiki/2026_FIFA_World_Cup_squads,2026-08-17T01:54:00.293610+00:00
Bosnia and Herzegovina,Arjan Malić,DF,24,20,28 August 2005,8,0,Sturm Graz,Right-Back,1800000.0,,0,4-3-3,market-value/caps positional projection,0.0,0.0,,1.0,available,https://en.wikipedia.org/wiki/2026_FIFA_World_Cup_squads,2026-08-17T01:54:00.293610+00:00
Bosnia and Herzegovina,Jovo Lukić,FW,25,27,28 November 1998,3,0,Universitatea Cluj,Centre-Forward,2200000.0,,0,4-3-3,market-value/caps positional projection,0.0,0.0,,1.0,available,https://en.wikipedia.org/wiki/2026_FIFA_World_Cup_squads,2026-08-17T01:54:00.293610+00:00
Bosnia and Herzegovina,Ermin Mahmić,MF,26,21,14 March 2005,2,0,Slovan Liberec,Attacking Midfield,5000000.0,,0,4-3-3,market-value/caps positional projection,0.0,0.0,,1.0,available,https://en.wikipedia.org/wiki/2026_FIFA_World_Cup_squads,2026-08-17T01:54:00.293610+00:00
Canada,Dayne St. Clair,GK,1,29,9 May 1997,20,0,Inter Miami CF,Goalkeeper,3500000.0,,0,4-3-3,market-value/caps positional projection,0.0,0.0,,1.0,available,https://en.wikipedia.org/wiki/2026_FIFA_World_Cup_squads,2026-08-17T01:54:00.293610+00:00
Canada,Alistair Johnston,DF,2,27,8 October 1998,58,1,Celtic,Right-Back,8000000.0,,1,4-3-3,market-value/caps positional projection,0.0,0.0,,1.0,available,https://en.wikipedia.org/wiki/2026_FIFA_World_Cup_squads,2026-08-17T01:54:00.293610+00:00
Canada,Alfie Jones,DF,3,28,7 October 1997,2,0,Middlesbrough,Centre-Back,6000000.0,,0,4-3-3,market-value/caps positional projection,0.0,0.0,,1.0,available,https://en.wikipedia.org/wiki/2026_FIFA_World_Cup_squads,2026-08-17T01:54:00.293610+00:00
Canada,Luc de Fougerolles,DF,4,20,12 October 2005,13,0,Dender EH,Centre-Back,1000000.0,,0,4-3-3,market-value/caps positional projection,0.0,0.0,,1.0,available,https://en.wikipedia.org/wiki/2026_FIFA_World_Cup_squads,2026-08-17T01:54:00.293610+00:00
Canada,Joel Waterman,DF,5,30,24 January 1996,17,0,Chicago Fire FC,Centre-Back,2000000.0,,0,4-3-3,market-value/caps positional projection,0.0,0.0,,1.0,available,https://en.wikipedia.org/wiki/2026_FIFA_World_Cup_squads,2026-08-17T01:54:00.293610+00:00
Canada,Mathieu Choinière,MF,6,27,7 February 1999,23,0,Los Angeles FC,Central Midfield,800000.0,,0,4-3-3,market-value/caps positional projection,0.0,0.0,,1.0,available,https://en.wikipedia.org/wiki/2026_FIFA_World_Cup_squads,2026-08-17T01:54:00.293610+00:00
Canada,Stephen Eustáquio,MF,7,29,21 December 1996,56,4,Los Angeles FC,Central Midfield,6000000.0,,1,4-3-3,market-value/caps positional projection,0.0,0.0,,1.0,available,https://en.wikipedia.org/wiki/2026_FIFA_World_Cup_squads,2026-08-17T01:54:00.293610+00:00
Canada,Ismaël Koné,MF,8,23,16 June 2002,40,4,Sassuolo,Central Midfield,25000000.0,,1,4-3-3,market-value/caps positional projection,0.0,0.0,,1.0,available,https://en.wikipedia.org/wiki/2026_FIFA_World_Cup_squads,2026-08-17T01:54:00.293610+00:00
Canada,Cyle Larin,FW,9,31,17 April 1995,90,30,Southampton,Centre-Forward,2500000.0,,1,4-3-3,market-value/caps positional projection,0.0,0.0,,1.0,available,https://en.wikipedia.org/wiki/2026_FIFA_World_Cup_squads,2026-08-17T01:54:00.293610+00:00
Canada,Jonathan David,FW,10,26,14 January 2000,77,39,Juventus,Centre-Forward,30000000.0,29/05/2026,1,4-3-3,market-value/caps positional projection,0.0,0.0,,1.0,available,https://en.wikipedia.org/wiki/2026_FIFA_World_Cup_squads,2026-08-17T01:54:00.293610+00:00
Canada,Liam Millar,MF,11,26,27 September 1999,41,1,Hull City,Left Winger,3000000.0,,0,4-3-3,market-value/caps positional projection,0.0,0.0,,1.0,available,https://en.wikipedia.org/wiki/2026_FIFA_World_Cup_squads,2026-08-17T01:54:00.293610+00:00
Canada,Tani Oluwaseyi,FW,12,26,15 May 2000,24,2,Villarreal,Centre-Forward,7000000.0,,0,4-3-3,market-value/caps positional projection,0.0,0.0,,1.0,available,https://en.wikipedia.org/wiki/2026_FIFA_World_Cup_squads,2026-08-17T01:54:00.293610+00:00
Canada,Derek Cornelius,DF,13,28,25 November 1997,44,1,Rangers,Centre-Back,2500000.0,,1,4-3-3,market-value/caps positional projection,0.0,0.0,,1.0,available,https://en.wikipedia.org/wiki/2026_FIFA_World_Cup_squads,2026-08-17T01:54:00.293610+00:00
Canada,Jacob Shaffelburg,MF,14,26,26 November 1999,31,6,Los Angeles FC,Left Winger,2500000.0,,0,4-3-3,market-value/caps positional projection,0.0,0.0,,1.0,available,https://en.wikipedia.org/wiki/2026_FIFA_World_Cup_squads,2026-08-17T01:54:00.293610+00:00
Canada,Moïse Bombito,DF,15,26,30 March 2000,20,0,Nice,Centre-Back,7000000.0,,0,4-3-3,market-value/caps positional projection,0.0,0.0,,1.0,available,https://en.wikipedia.org/wiki/2026_FIFA_World_Cup_squads,2026-08-17T01:54:00.293610+00:00
Canada,Maxime Crépeau,GK,16,32,11 May 1994,32,0,Orlando City SC,Goalkeeper,1800000.0,,1,4-3-3,market-value/caps positional projection,0.0,0.0,,1.0,available,https://en.wikipedia.org/wiki/2026_FIFA_World_Cup_squads,2026-08-17T01:54:00.293610+00:00
Canada,Tajon Buchanan,FW,17,27,8 February 1999,60,8,Villarreal,Right Winger,12000000.0,,1,4-3-3,market-value/caps positional projection,0.0,0.0,,1.0,available,https://en.wikipedia.org/wiki/2026_FIFA_World_Cup_squads,2026-08-17T01:54:00.293610+00:00
Canada,Owen Goodman,GK,18,22,27 November 2003,0,0,Barnsley,Goalkeeper,550000.0,,0,4-3-3,market-value/caps positional projection,0.0,0.0,,1.0,available,https://en.wikipedia.org/wiki/2026_FIFA_World_Cup_squads,2026-08-17T01:54:00.293610+00:00
Canada,Alphonso Davies,DF,19,25,2 November 2000,58,15,Bayern Munich,Left-Back,40000000.0,27/05/2026,1,4-3-3,market-value/caps positional projection,0.0,0.0,,1.0,available,https://en.wikipedia.org/wiki/2026_FIFA_World_Cup_squads,2026-08-17T01:54:00.293610+00:00
Canada,Ali Ahmed,FW,20,25,10 October 2000,24,1,Norwich City,Left Midfield,5000000.0,,0,4-3-3,market-value/caps positional projection,0.0,0.0,,1.0,available,https://en.wikipedia.org/wiki/2026_FIFA_World_Cup_squads,2026-08-17T01:54:00.293610+00:00
Canada,Jonathan Osorio,MF,21,33,12 June 1992,90,10,Toronto FC,Central Midfield,1000000.0,,1,4-3-3,market-value/caps positional projection,0.0,0.0,,1.0,available,https://en.wikipedia.org/wiki/2026_FIFA_World_Cup_squads,2026-08-17T01:54:00.293610+00:00
Canada,Richie Laryea,DF,22,31,7 January 1995,75,1,Toronto FC,Right-Back,1000000.0,,1,4-3-3,market-value/caps positional projection,0.0,0.0,,1.0,available,https://en.wikipedia.org/wiki/2026_FIFA_World_Cup_squads,2026-08-17T01:54:00.293610+00:00
Canada,Niko Sigur,DF,23,22,9 September 2003,19,2,Hajduk Split,Defensive Midfield,4000000.0,,0,4-3-3,market-value/caps positional projection,0.0,0.0,,1.0,available,https://en.wikipedia.org/wiki/2026_FIFA_World_Cup_squads,2026-08-17T01:54:00.293610+00:00
Canada,Promise David,FW,24,24,3 July 2001,10,3,Union Saint-Gilloise,Centre-Forward,17000000.0,,0,4-3-3,market-value/caps positional projection,0.0,0.0,,1.0,available,https://en.wikipedia.org/wiki/2026_FIFA_World_Cup_squads,2026-08-17T01:54:00.293610+00:00
Canada,Nathan Saliba,MF,25,22,7 February 2004,15,2,Anderlecht,,0.0,,0,4-3-3,market-value/caps positional projection,0.0,0.0,,1.0,available,https://en.wikipedia.org/wiki/2026_FIFA_World_Cup_squads,2026-08-17T01:54:00.293610+00:00
Canada,Jayden Nelson,FW,26,23,26 September 2002,14,3,Austin FC,Left Winger,2000000.0,,0,4-3-3,market-value/caps positional projection,0.0,0.0,,1.0,available,https://en.wikipedia.org/wiki/2026_FIFA_World_Cup_squads,2026-08-17T01:54:00.293610+00:00
Qatar,Mahmud Abunada,GK,1,26,5 February 2000,6,0,Al-Rayyan,,0.0,,0,4-3-3,market-value/caps positional projection,0.0,0.0,,1.0,available,https://en.wikipedia.org/wiki/2026_FIFA_World_Cup_squads,2026-08-17T01:54:00.293610+00:00
Qatar,Pedro Miguel,DF,2,35,6 August 1990,105,3,Al-Sadd,Centre-Back,150000.0,,1,4-3-3,market-value/caps positional projection,0.0,0.0,,1.0,available,https://en.wikipedia.org/wiki/2026_FIFA_World_Cup_squads,2026-08-17T01:54:00.293610+00:00
Qatar,Lucas Mendes,DF,3,35,3 July 1990,25,1,Al-Wakrah,Centre-Back,350000.0,,1,4-3-3,market-value/caps positional projection,0.0,0.0,,1.0,available,https://en.wikipedia.org/wiki/2026_FIFA_World_Cup_squads,2026-08-17T01:54:00.293610+00:00
Qatar,Issa Laye,DF,4,28,22 December 1997,4,0,Al-Arabi,Centre-Back,200000.0,,0,4-3-3,market-value/caps positional projection,0.0,0.0,,1.0,available,https://en.wikipedia.org/wiki/2026_FIFA_World_Cup_squads,2026-08-17T01:54:00.293610+00:00
Qatar,Jassem Gaber,DF,5,24,20 February 2002,32,1,Al-Rayyan,Defensive Midfield,500000.0,,1,4-3-3,market-value/caps positional projection,0.0,0.0,,1.0,available,https://en.wikipedia.org/wiki/2026_FIFA_World_Cup_squads,2026-08-17T01:54:00.293610+00:00
Qatar,Abdulaziz Hatem,MF,6,36,1 January 1990,119,11,Al-Rayyan,,0.0,,0,4-3-3,market-value/caps positional projection,0.0,0.0,,1.0,available,https://en.wikipedia.org/wiki/2026_FIFA_World_Cup_squads,2026-08-17T01:54:00.293610+00:00
Qatar,Ahmed Alaaeldin,FW,7,33,31 January 1993,68,9,Al-Rayyan,Centre-Forward,300000.0,,0,4-3-3,market-value/caps positional projection,0.0,0.0,,1.0,available,https://en.wikipedia.org/wiki/2026_FIFA_World_Cup_squads,2026-08-17T01:54:00.293610+00:00
Qatar,Edmilson Junior,FW,8,31,19 August 1994,16,0,Al-Duhail,Left Winger,1800000.0,,0,4-3-3,market-value/caps positional projection,0.0,0.0,,1.0,available,https://en.wikipedia.org/wiki/2026_FIFA_World_Cup_squads,2026-08-17T01:54:00.293610+00:00
Qatar,Mohammed Muntari,FW,9,32,20 December 1993,67,16,Al-Gharafa,Centre-Forward,200000.0,,0,4-3-3,market-value/caps positional projection,0.0,0.0,,1.0,available,https://en.wikipedia.org/wiki/2026_FIFA_World_Cup_squads,2026-08-17T01:54:00.293610+00:00
Qatar,Hassan Al-Haydos,FW,10,35,11 December 1990,186,41,Al-Sadd,Attacking Midfield,300000.0,,1,4-3-3,market-value/caps positional projection,0.0,0.0,,1.0,available,https://en.wikipedia.org/wiki/2026_FIFA_World_Cup_squads,2026-08-17T01:54:00.293610+00:00
Qatar,Akram Afif,FW,11,29,18 November 1996,125,39,Al-Sadd,Left Winger,8000000.0,,1,4-3-3,market-value/caps positional projection,0.0,0.0,,1.0,available,https://en.wikipedia.org/wiki/2026_FIFA_World_Cup_squads,2026-08-17T01:54:00.293610+00:00
Qatar,Karim Boudiaf,MF,12,35,16 September 1990,118,5,Al-Duhail,Defensive Midfield,175000.0,,1,4-3-3,market-value/caps positional projection,0.0,0.0,,1.0,available,https://en.wikipedia.org/wiki/2026_FIFA_World_Cup_squads,2026-08-17T01:54:00.293610+00:00
Qatar,Ayoub Al-Oui,DF,13,21,11 March 2005,6,0,Al-Gharafa,Right-Back,375000.0,,0,4-3-3,market-value/caps positional projection,0.0,0.0,,1.0,available,https://en.wikipedia.org/wiki/2026_FIFA_World_Cup_squads,2026-08-17T01:54:00.293610+00:00
Qatar,Homam Ahmed,DF,14,26,25 August 1999,68,3,Cultural Leonesa,,0.0,,0,4-3-3,market-value/caps positional projection,0.0,0.0,,1.0,available,https://en.wikipedia.org/wiki/2026_FIFA_World_Cup_squads,2026-08-17T01:54:00.293610+00:00
Qatar,Yusuf Abdurisag,FW,15,26,6 August 1999,39,3,Al-Wakrah,Right Winger,275000.0,,0,4-3-3,market-value/caps positional projection,0.0,0.0,,1.0,available,https://en.wikipedia.org/wiki/2026_FIFA_World_Cup_squads,2026-08-17T01:54:00.293610+00:00
Qatar,Boualem Khoukhi,DF,16,35,9 July 1990,116,20,Al-Sadd,Centre-Back,200000.0,,1,4-3-3,market-value/caps positional projection,0.0,0.0,,1.0,available,https://en.wikipedia.org/wiki/2026_FIFA_World_Cup_squads,2026-08-17T01:54:00.293610+00:00
Qatar,Ahmed Al-Ganehi,MF,17,25,22 September 2000,13,1,Al-Gharafa,Right Winger,500000.0,,1,4-3-3,market-value/caps positional projection,0.0,0.0,,1.0,available,https://en.wikipedia.org/wiki/2026_FIFA_World_Cup_squads,2026-08-17T01:54:00.293610+00:00
Qatar,Sultan Al-Brake,DF,18,30,7 April 1996,17,0,Al-Duhail,Left-Back,300000.0,,0,4-3-3,market-value/caps positional projection,0.0,0.0,,1.0,available,https://en.wikipedia.org/wiki/2026_FIFA_World_Cup_squads,2026-08-17T01:54:00.293610+00:00
Qatar,Almoez Ali,FW,19,29,19 August 1996,115,55,Al-Duhail,Centre-Forward,2500000.0,,1,4-3-3,market-value/caps positional projection,0.0,0.0,,1.0,available,https://en.wikipedia.org/wiki/2026_FIFA_World_Cup_squads,2026-08-17T01:54:00.293610+00:00
Qatar,Ahmed Fathy,MF,20,33,25 January 1993,48,0,Al-Arabi,,0.0,,0,4-3-3,market-value/caps positional projection,0.0,0.0,,1.0,available,https://en.wikipedia.org/wiki/2026_FIFA_World_Cup_squads,2026-08-17T01:54:00.293610+00:00
Qatar,Salah Zakaria,GK,21,27,24 April 1999,8,0,Al-Duhail,Goalkeeper,400000.0,,0,4-3-3,market-value/caps positional projection,0.0,0.0,,1.0,available,https://en.wikipedia.org/wiki/2026_FIFA_World_Cup_squads,2026-08-17T01:54:00.293610+00:00
Qatar,Meshaal Barsham,GK,22,28,14 February 1998,52,0,Al-Sadd,Goalkeeper,700000.0,,1,4-3-3,market-value/caps positional projection,0.0,0.0,,1.0,available,https://en.wikipedia.org/wiki/2026_FIFA_World_Cup_squads,2026-08-17T01:54:00.293610+00:00
Qatar,Assim Madibo,MF,23,29,22 October 1996,51,0,Al-Wakrah,Defensive Midfield,350000.0,,1,4-3-3,market-value/caps positional projection,0.0,0.0,,1.0,available,https://en.wikipedia.org/wiki/2026_FIFA_World_Cup_squads,2026-08-17T01:54:00.293610+00:00
Qatar,Tahsin Jamshid,FW,24,19,16 June 2006,3,0,Al-Duhail,,0.0,,0,4-3-3,market-value/caps positional projection,0.0,0.0,,1.0,available,https://en.wikipedia.org/wiki/2026_FIFA_World_Cup_squads,2026-08-17T01:54:00.293610+00:00
Qatar,Al-Hashmi Al-Hussain,DF,25,22,15 August 2003,8,0,Al-Arabi,Centre-Back,250000.0,,0,4-3-3,market-value/caps positional projection,0.0,0.0,,1.0,available,https://en.wikipedia.org/wiki/2026_FIFA_World_Cup_squads,2026-08-17T01:54:00.293610+00:00
Qatar,Mohamed Manai,FW,26,23,25 October 2002,10,0,Al-Shamal,Central Midfield,500000.0,,0,4-3-3,market-value/caps positional projection,0.0,0.0,,1.0,available,https://en.wikipedia.org/wiki/2026_FIFA_World_Cup_squads,2026-08-17T01:54:00.293610+00:00
Switzerland,Gregor Kobel,GK,1,28,6 December 1997,21,0,Borussia Dortmund,Goalkeeper,40000000.0,27/05/2026,1,3-4-3,market-value/caps positional projection,0.0,0.0,,1.0,available,https://en.wikipedia.org/wiki/2026_FIFA_World_Cup_squads,2026-08-17T01:54:00.293610+00:00
Switzerland,Miro Muheim,DF,2,28,24 March 1998,10,0,Hamburger SV,Left-Back,5000000.0,,0,3-4-3,market-value/caps positional projection,0.0,0.0,,1.0,available,https://en.wikipedia.org/wiki/2026_FIFA_World_Cup_squads,2026-08-17T01:54:00.293610+00:00
Switzerland,Silvan Widmer,DF,3,33,5 March 1993,60,5,Mainz 05,Right-Back,800000.0,,0,3-4-3,market-value/caps positional projection,0.0,0.0,,1.0,available,https://en.wikipedia.org/wiki/2026_FIFA_World_Cup_squads,2026-08-17T01:54:00.293610+00:00
Switzerland,Nico Elvedi,DF,4,29,30 September 1996,67,3,Borussia Mönchengladbach,Centre-Back,8000000.0,,1,3-4-3,market-value/caps positional projection,0.0,0.0,,1.0,available,https://en.wikipedia.org/wiki/2026_FIFA_World_Cup_squads,2026-08-17T01:54:00.293610+00:00
Switzerland,Manuel Akanji,DF,5,30,19 July 1995,81,4,Inter Milan,Centre-Back,17000000.0,,1,3-4-3,market-value/caps positional projection,0.0,0.0,,1.0,available,https://en.wikipedia.org/wiki/2026_FIFA_World_Cup_squads,2026-08-17T01:54:00.293610+00:00
Switzerland,Denis Zakaria,MF,6,29,20 November 1996,65,3,Monaco,Defensive Midfield,25000000.0,,1,3-4-3,market-value/caps positional projection,0.0,0.0,,1.0,available,https://en.wikipedia.org/wiki/2026_FIFA_World_Cup_squads,2026-08-17T01:54:00.293610+00:00
Switzerland,Breel Embolo,FW,7,29,14 February 1997,86,24,Rennes,Centre-Forward,15000000.0,,1,3-4-3,market-value/caps positional projection,0.0,0.0,,1.0,available,https://en.wikipedia.org/wiki/2026_FIFA_World_Cup_squads,2026-08-17T01:54:00.293610+00:00
Switzerland,Remo Freuler,MF,8,34,15 April 1992,88,11,Bologna,Central Midfield,3000000.0,,1,3-4-3,market-value/caps positional projection,0.0,0.0,,1.0,available,https://en.wikipedia.org/wiki/2026_FIFA_World_Cup_squads,2026-08-17T01:54:00.293610+00:00
Switzerland,Johan Manzambi,MF,9,20,14 October 2005,12,3,SC Freiburg,Central Midfield,50000000.0,27/05/2026,0,3-4-3,market-value/caps positional projection,0.0,0.0,,1.0,available,https://en.wikipedia.org/wiki/2026_FIFA_World_Cup_squads,2026-08-17T01:54:00.293610+00:00
Switzerland,Granit Xhaka,MF,10,33,27 September 1992,146,17,Sunderland,Defensive Midfield,8000000.0,,1,3-4-3,market-value/caps positional projection,0.0,0.0,,1.0,available,https://en.wikipedia.org/wiki/2026_FIFA_World_Cup_squads,2026-08-17T01:54:00.293610+00:00
Switzerland,Dan Ndoye,FW,11,25,25 October 2000,31,8,Nottingham Forest,Right Winger,32000000.0,03/06/2026,1,3-4-3,market-value/caps positional projection,0.0,0.0,,1.0,available,https://en.wikipedia.org/wiki/2026_FIFA_World_Cup_squads,2026-08-17T01:54:00.293610+00:00
Switzerland,Yvon Mvogo,GK,12,32,6 June 1994,13,0,Lorient,Goalkeeper,2500000.0,,0,3-4-3,market-value/caps positional projection,0.0,0.0,,1.0,available,https://en.wikipedia.org/wiki/2026_FIFA_World_Cup_squads,2026-08-17T01:54:00.293610+00:00
Switzerland,Ricardo Rodriguez,DF,13,33,25 August 1992,138,9,Real Betis,Left-Back,1400000.0,,1,3-4-3,market-value/caps positional projection,0.0,0.0,,1.0,available,https://en.wikipedia.org/wiki/2026_FIFA_World_Cup_squads,2026-08-17T01:54:00.293610+00:00
Switzerland,Ardon Jashari,MF,14,23,30 July 2002,8,0,AC Milan,Defensive Midfield,25000000.0,,0,3-4-3,market-value/caps positional projection,0.0,0.0,,1.0,available,https://en.wikipedia.org/wiki/2026_FIFA_World_Cup_squads,2026-08-17T01:54:00.293610+00:00
Switzerland,Djibril Sow,MF,15,29,6 February 1997,52,0,Sevilla,Central Midfield,7500000.0,,1,3-4-3,market-value/caps positional projection,0.0,0.0,,1.0,available,https://en.wikipedia.org/wiki/2026_FIFA_World_Cup_squads,2026-08-17T01:54:00.293610+00:00
Switzerland,Christian Fassnacht,FW,16,32,11 November 1993,23,5,Young Boys,Right Midfield,2000000.0,,0,3-4-3,market-value/caps positional projection,0.0,0.0,,1.0,available,https://en.wikipedia.org/wiki/2026_FIFA_World_Cup_squads,2026-08-17T01:54:00.293610+00:00
Switzerland,Rubén Vargas,FW,17,27,5 August 1998,61,11,Sevilla,Left Winger,12000000.0,,1,3-4-3,market-value/caps positional projection,0.0,0.0,,1.0,available,https://en.wikipedia.org/wiki/2026_FIFA_World_Cup_squads,2026-08-17T01:54:00.293610+00:00
Switzerland,Eray Cömert,DF,18,28,4 February 1998,22,0,Valencia,Centre-Back,2500000.0,,0,3-4-3,market-value/caps positional projection,0.0,0.0,,1.0,available,https://en.wikipedia.org/wiki/2026_FIFA_World_Cup_squads,2026-08-17T01:54:00.293610+00:00
Switzerland,Noah Okafor,FW,19,26,24 May 2000,25,2,Leeds United,Left Winger,25000000.0,,0,3-4-3,market-value/caps positional projection,0.0,0.0,,1.0,available,https://en.wikipedia.org/wiki/2026_FIFA_World_Cup_squads,2026-08-17T01:54:00.293610+00:00
Switzerland,Michel Aebischer,MF,20,29,6 January 1997,40,2,Pisa,Central Midfield,4000000.0,,0,3-4-3,market-value/caps positional projection,0.0,0.0,,1.0,available,https://en.wikipedia.org/wiki/2026_FIFA_World_Cup_squads,2026-08-17T01:54:00.293610+00:00
Switzerland,Marvin Keller,GK,21,23,3 July 2002,1,0,Young Boys,Goalkeeper,6000000.0,,0,3-4-3,market-value/caps positional projection,0.0,0.0,,1.0,available,https://en.wikipedia.org/wiki/2026_FIFA_World_Cup_squads,2026-08-17T01:54:00.293610+00:00
Switzerland,Fabian Rieder,MF,22,24,16 February 2002,28,1,FC Augsburg,Attacking Midfield,12000000.0,,0,3-4-3,market-value/caps positional projection,0.0,0.0,,1.0,available,https://en.wikipedia.org/wiki/2026_FIFA_World_Cup_squads,2026-08-17T01:54:00.293610+00:00
Switzerland,Zeki Amdouni,FW,23,25,4 December 2000,29,11,Burnley,Centre-Forward,7000000.0,,0,3-4-3,market-value/caps positional projection,0.0,0.0,,1.0,available,https://en.wikipedia.org/wiki/2026_FIFA_World_Cup_squads,2026-08-17T01:54:00.293610+00:00
Switzerland,Aurèle Amenda,DF,24,22,31 July 2003,7,0,Eintracht Frankfurt,Centre-Back,10000000.0,,0,3-4-3,market-value/caps positional projection,0.0,0.0,,1.0,available,https://en.wikipedia.org/wiki/2026_FIFA_World_Cup_squads,2026-08-17T01:54:00.293610+00:00
Switzerland,Luca Jaquez,DF,25,23,2 June 2003,3,0,VfB Stuttgart,Centre-Back,10000000.0,,0,3-4-3,market-value/caps positional projection,0.0,0.0,,1.0,available,https://en.wikipedia.org/wiki/2026_FIFA_World_Cup_squads,2026-08-17T01:54:00.293610+00:00
Switzerland,Cedric Itten,FW,26,29,27 December 1996,15,5,Fortuna Düsseldorf,Centre-Forward,1800000.0,,0,3-4-3,market-value/caps positional projection,0.0,0.0,,1.0,available,https://en.wikipedia.org/wiki/2026_FIFA_World_Cup_squads,2026-08-17T01:54:00.293610+00:00
Brazil,Alisson,GK,1,33,2 October 1992,78,0,Liverpool,Goalkeeper,15000000.0,,1,3-4-3,market-value/caps positional projection,0.0,0.0,,1.0,available,https://en.wikipedia.org/wiki/2026_FIFA_World_Cup_squads,2026-08-17T01:54:00.293610+00:00
Brazil,Éderson Silva,MF,2,26,7 July 1999,3,0,Atalanta,,0.0,,0,3-4-3,market-value/caps positional projection,0.0,0.0,,1.0,available,https://en.wikipedia.org/wiki/2026_FIFA_World_Cup_squads,2026-08-17T01:54:00.293610+00:00
Brazil,Gabriel Magalhães,DF,3,28,19 December 1997,17,1,Arsenal,,0.0,,0,3-4-3,market-value/caps positional projection,0.0,0.0,,1.0,available,https://en.wikipedia.org/wiki/2026_FIFA_World_Cup_squads,2026-08-17T01:54:00.293610+00:00
Brazil,Marquinhos,DF,4,32,14 May 1994,105,7,Paris Saint-Germain,Centre-Back,28000000.0,01/06/2026,1,3-4-3,market-value/caps positional projection,0.0,0.0,,1.0,available,https://en.wikipedia.org/wiki/2026_FIFA_World_Cup_squads,2026-08-17T01:54:00.293610+00:00
Brazil,Casemiro,MF,5,34,23 February 1992,86,9,Manchester United,Defensive Midfield,6000000.0,,1,3-4-3,market-value/caps positional projection,0.0,0.0,,1.0,available,https://en.wikipedia.org/wiki/2026_FIFA_World_Cup_squads,2026-08-17T01:54:00.293610+00:00
Brazil,Alex Sandro,DF,6,35,26 January 1991,45,2,Flamengo,Left-Back,1000000.0,,1,3-4-3,market-value/caps positional projection,0.0,0.0,,1.0,available,https://en.wikipedia.org/wiki/2026_FIFA_World_Cup_squads,2026-08-17T01:54:00.293610+00:00
Brazil,Vinícius Júnior,FW,7,25,12 July 2000,49,9,Real Madrid,Left Winger,140000000.0,05/06/2026,1,3-4-3,market-value/caps positional projection,0.0,0.0,,1.0,available,https://en.wikipedia.org/wiki/2026_FIFA_World_Cup_squads,2026-08-17T01:54:00.293610+00:00
Brazil,Bruno Guimarães,MF,8,28,16 November 1997,43,3,Newcastle United,Central Midfield,70000000.0,03/06/2026,1,3-4-3,market-value/caps positional projection,0.0,0.0,,1.0,available,https://en.wikipedia.org/wiki/2026_FIFA_World_Cup_squads,2026-08-17T01:54:00.293610+00:00
Brazil,Matheus Cunha,FW,9,27,27 May 1999,23,1,Manchester United,Centre-Forward,75000000.0,03/06/2026,0,3-4-3,market-value/caps positional projection,0.0,0.0,,1.0,available,https://en.wikipedia.org/wiki/2026_FIFA_World_Cup_squads,2026-08-17T01:54:00.293610+00:00
Brazil,Neymar,FW,10,34,5 February 1992,128,79,Santos,Attacking Midfield,8000000.0,,1,3-4-3,market-value/caps positional projection,0.0,0.0,,1.0,available,https://en.wikipedia.org/wiki/2026_FIFA_World_Cup_squads,2026-08-17T01:54:00.293610+00:00
Brazil,Raphinha,FW,11,29,14 December 1996,39,11,Barcelona,Left Winger,70000000.0,05/06/2026,1,3-4-3,market-value/caps positional projection,0.0,0.0,,1.0,available,https://en.wikipedia.org/wiki/2026_FIFA_World_Cup_squads,2026-08-17T01:54:00.293610+00:00
Brazil,Weverton,GK,12,38,13 December 1987,11,0,Grêmio,Goalkeeper,700000.0,,0,3-4-3,market-value/caps positional projection,0.0,0.0,,1.0,available,https://en.wikipedia.org/wiki/2026_FIFA_World_Cup_squads,2026-08-17T01:54:00.293610+00:00
Brazil,Danilo Luiz,DF,13,34,15 July 1991,70,1,Flamengo,,0.0,,0,3-4-3,market-value/caps positional projection,0.0,0.0,,1.0,available,https://en.wikipedia.org/wiki/2026_FIFA_World_Cup_squads,2026-08-17T01:54:00.293610+00:00
Brazil,Bremer,DF,14,29,18 March 1997,8,1,Juventus,Centre-Back,35000000.0,29/05/2026,1,3-4-3,market-value/caps positional projection,0.0,0.0,,1.0,available,https://en.wikipedia.org/wiki/2026_FIFA_World_Cup_squads,2026-08-17T01:54:00.293610+00:00
Brazil,Léo Pereira,DF,15,30,31 January 1996,4,0,Flamengo,Centre-Back,12000000.0,,0,3-4-3,market-value/caps positional projection,0.0,0.0,,1.0,available,https://en.wikipedia.org/wiki/2026_FIFA_World_Cup_squads,2026-08-17T01:54:00.293610+00:00
Brazil,Douglas Santos,DF,16,32,22 March 1994,7,0,Zenit Saint Petersburg,Left-Back,7500000.0,,0,3-4-3,market-value/caps positional projection,0.0,0.0,,1.0,available,https://en.wikipedia.org/wiki/2026_FIFA_World_Cup_squads,2026-08-17T01:54:00.293610+00:00
Brazil,Fabinho,MF,17,32,23 October 1993,33,0,Al-Ittihad,Defensive Midfield,12000000.0,,1,3-4-3,market-value/caps positional projection,0.0,0.0,,1.0,available,https://en.wikipedia.org/wiki/2026_FIFA_World_Cup_squads,2026-08-17T01:54:00.293610+00:00
Brazil,Danilo Santos,MF,18,25,29 April 2001,4,2,Botafogo,,0.0,,0,3-4-3,market-value/caps positional projection,0.0,0.0,,1.0,available,https://en.wikipedia.org/wiki/2026_FIFA_World_Cup_squads,2026-08-17T01:54:00.293610+00:00
Brazil,Endrick,FW,19,19,21 July 2006,17,4,Lyon,Centre-Forward,40000000.0,01/06/2026,0,3-4-3,market-value/caps positional projection,0.0,0.0,,1.0,available,https://en.wikipedia.org/wiki/2026_FIFA_World_Cup_squads,2026-08-17T01:54:00.293610+00:00
Brazil,Lucas Paquetá,MF,20,28,27 August 1997,63,13,Flamengo,Attacking Midfield,32000000.0,26/05/2026,1,3-4-3,market-value/caps positional projection,0.0,0.0,,1.0,available,https://en.wikipedia.org/wiki/2026_FIFA_World_Cup_squads,2026-08-17T01:54:00.293610+00:00
Brazil,Luiz Henrique,FW,21,25,2 January 2001,15,2,Zenit Saint Petersburg,Right Winger,24000000.0,26/05/2026,0,3-4-3,market-value/caps positional projection,0.0,0.0,,1.0,available,https://en.wikipedia.org/wiki/2026_FIFA_World_Cup_squads,2026-08-17T01:54:00.293610+00:00
Brazil,Gabriel Martinelli,FW,22,24,18 June 2001,23,4,Arsenal,Left Winger,45000000.0,03/06/2026,0,3-4-3,market-value/caps positional projection,0.0,0.0,,1.0,available,https://en.wikipedia.org/wiki/2026_FIFA_World_Cup_squads,2026-08-17T01:54:00.293610+00:00
Brazil,Ederson Moraes,GK,23,32,17 August 1993,32,0,Fenerbahçe,,0.0,,0,3-4-3,market-value/caps positional projection,0.0,0.0,,1.0,available,https://en.wikipedia.org/wiki/2026_FIFA_World_Cup_squads,2026-08-17T01:54:00.293610+00:00
Brazil,Roger Ibañez,DF,24,27,23 November 1998,7,0,Al-Ahli,Centre-Back,18000000.0,,0,3-4-3,market-value/caps positional projection,0.0,0.0,,1.0,available,https://en.wikipedia.org/wiki/2026_FIFA_World_Cup_squads,2026-08-17T01:54:00.293610+00:00
Brazil,Igor Thiago,FW,25,24,26 June 2001,4,2,Brentford,Centre-Forward,65000000.0,03/06/2026,0,3-4-3,market-value/caps positional projection,0.0,0.0,,1.0,available,https://en.wikipedia.org/wiki/2026_FIFA_World_Cup_squads,2026-08-17T01:54:00.293610+00:00
Brazil,Rayan,FW,26,19,3 August 2006,2,1,Bournemouth,Right Winger,60000000.0,03/06/2026,0,3-4-3,market-value/caps positional projection,0.0,0.0,,1.0,available,https://en.wikipedia.org/wiki/2026_FIFA_World_Cup_squads,2026-08-17T01:54:00.293610+00:00
Haiti,Johny Placide,GK,1,38,29 January 1988,82,0,Bastia,Goalkeeper,150000.0,,1,4-3-3,market-value/caps positional projection,0.0,0.0,,1.0,available,https://en.wikipedia.org/wiki/2026_FIFA_World_Cup_squads,2026-08-17T01:54:00.293610+00:00
Haiti,Carlens Arcus,DF,2,29,28 June 1996,56,1,Angers,Right-Back,1800000.0,,1,4-3-3,market-value/caps positional projection,0.0,0.0,,1.0,available,https://en.wikipedia.org/wiki/2026_FIFA_World_Cup_squads,2026-08-17T01:54:00.293610+00:00
Haiti,Keeto Thermoncy,DF,3,20,29 March 2006,1,0,Young Boys,Centre-Back,100000.0,,0,4-3-3,market-value/caps positional projection,0.0,0.0,,1.0,available,https://en.wikipedia.org/wiki/2026_FIFA_World_Cup_squads,2026-08-17T01:54:00.293610+00:00
Haiti,Ricardo Adé,DF,4,36,21 May 1990,59,2,LDU Quito,Centre-Back,300000.0,,1,4-3-3,market-value/caps positional projection,0.0,0.0,,1.0,available,https://en.wikipedia.org/wiki/2026_FIFA_World_Cup_squads,2026-08-17T01:54:00.293610+00:00
Haiti,Hannes Delcroix,DF,5,27,28 February 1999,7,0,Lugano,Centre-Back,2000000.0,,1,4-3-3,market-value/caps positional projection,0.0,0.0,,1.0,available,https://en.wikipedia.org/wiki/2026_FIFA_World_Cup_squads,2026-08-17T01:54:00.293610+00:00
Haiti,Carl Sainté,MF,6,23,9 August 2002,26,0,El Paso Locomotive FC,Defensive Midfield,125000.0,,1,4-3-3,market-value/caps positional projection,0.0,0.0,,1.0,available,https://en.wikipedia.org/wiki/2026_FIFA_World_Cup_squads,2026-08-17T01:54:00.293610+00:00
Haiti,Derrick Etienne Jr.,FW,7,29,25 November 1996,51,8,Toronto FC,Left Winger,800000.0,,1,4-3-3,market-value/caps positional projection,0.0,0.0,,1.0,available,https://en.wikipedia.org/wiki/2026_FIFA_World_Cup_squads,2026-08-17T01:54:00.293610+00:00
Haiti,Martin Expérience,DF,8,27,9 March 1999,21,0,Nancy,Left-Back,350000.0,,0,4-3-3,market-value/caps positional projection,0.0,0.0,,1.0,available,https://en.wikipedia.org/wiki/2026_FIFA_World_Cup_squads,2026-08-17T01:54:00.293610+00:00
Haiti,Duckens Nazon,FW,9,32,7 April 1994,82,44,Esteghlal,Centre-Forward,800000.0,,1,4-3-3,market-value/caps positional projection,0.0,0.0,,1.0,available,https://en.wikipedia.org/wiki/2026_FIFA_World_Cup_squads,2026-08-17T01:54:00.293610+00:00
Haiti,Jean-Ricner Bellegarde,MF,10,27,27 June 1998,10,0,Wolverhampton Wanderers,Central Midfield,16000000.0,,1,4-3-3,market-value/caps positional projection,0.0,0.0,,1.0,available,https://en.wikipedia.org/wiki/2026_FIFA_World_Cup_squads,2026-08-17T01:54:00.293610+00:00
Haiti,Louicius Deedson,FW,11,25,11 February 2001,32,10,FC Dallas,Right Winger,1200000.0,,0,4-3-3,market-value/caps positional projection,0.0,0.0,,1.0,available,https://en.wikipedia.org/wiki/2026_FIFA_World_Cup_squads,2026-08-17T01:54:00.293610+00:00
Haiti,Alexandre Pierre,GK,12,25,25 February 2001,16,0,Sochaux,Goalkeeper,700000.0,,0,4-3-3,market-value/caps positional projection,0.0,0.0,,1.0,available,https://en.wikipedia.org/wiki/2026_FIFA_World_Cup_squads,2026-08-17T01:54:00.293610+00:00
Haiti,Duke Lacroix,DF,13,32,14 October 1993,16,3,Colorado Springs Switchbacks FC,Left-Back,125000.0,,0,4-3-3,market-value/caps positional projection,0.0,0.0,,1.0,available,https://en.wikipedia.org/wiki/2026_FIFA_World_Cup_squads,2026-08-17T01:54:00.293610+00:00
Haiti,Garven Metusala,DF,14,26,31 December 1999,16,0,Colorado Springs Switchbacks FC,Centre-Back,200000.0,,0,4-3-3,market-value/caps positional projection,0.0,0.0,,1.0,available,https://en.wikipedia.org/wiki/2026_FIFA_World_Cup_squads,2026-08-17T01:54:00.293610+00:00
Haiti,Ruben Providence,FW,15,24,7 July 2001,15,3,Almere City,Left Winger,300000.0,,0,4-3-3,market-value/caps positional projection,0.0,0.0,,1.0,available,https://en.wikipedia.org/wiki/2026_FIFA_World_Cup_squads,2026-08-17T01:54:00.293610+00:00
Haiti,Lenny Joseph,FW,16,25,12 October 2000,2,1,Ferencváros,Centre-Forward,2000000.0,,0,4-3-3,market-value/caps positional projection,0.0,0.0,,1.0,available,https://en.wikipedia.org/wiki/2026_FIFA_World_Cup_squads,2026-08-17T01:54:00.293610+00:00
Haiti,Danley Jean Jacques,MF,17,26,20 May 2000,31,6,Philadelphia Union,Defensive Midfield,3000000.0,,1,4-3-3,market-value/caps positional projection,0.0,0.0,,1.0,available,https://en.wikipedia.org/wiki/2026_FIFA_World_Cup_squads,2026-08-17T01:54:00.293610+00:00
Haiti,Wilson Isidor,FW,18,25,27 August 2000,4,2,Sunderland,Centre-Forward,18000000.0,,0,4-3-3,market-value/caps positional projection,0.0,0.0,,1.0,available,https://en.wikipedia.org/wiki/2026_FIFA_World_Cup_squads,2026-08-17T01:54:00.293610+00:00
Haiti,Yassin Fortuné,FW,19,27,30 January 1999,4,0,Vizela,Centre-Forward,300000.0,,0,4-3-3,market-value/caps positional projection,0.0,0.0,,1.0,available,https://en.wikipedia.org/wiki/2026_FIFA_World_Cup_squads,2026-08-17T01:54:00.293610+00:00
Haiti,Frantzdy Pierrot,FW,20,31,29 March 1995,51,34,Çaykur Rizespor,Centre-Forward,1500000.0,,1,4-3-3,market-value/caps positional projection,0.0,0.0,,1.0,available,https://en.wikipedia.org/wiki/2026_FIFA_World_Cup_squads,2026-08-17T01:54:00.293610+00:00
Haiti,Josué Casimir,FW,21,24,24 September 2001,7,0,Auxerre,Right Winger,3000000.0,,0,4-3-3,market-value/caps positional projection,0.0,0.0,,1.0,available,https://en.wikipedia.org/wiki/2026_FIFA_World_Cup_squads,2026-08-17T01:54:00.293610+00:00
Haiti,Jean-Kévin Duverne,DF,22,28,12 July 1997,17,1,Gent,Centre-Back,2000000.0,,1,4-3-3,market-value/caps positional projection,0.0,0.0,,1.0,available,https://en.wikipedia.org/wiki/2026_FIFA_World_Cup_squads,2026-08-17T01:54:00.293610+00:00
Haiti,Josué Duverger,GK,23,26,27 April 2000,7,0,Cosmos Koblenz,Goalkeeper,0.0,,0,4-3-3,market-value/caps positional projection,0.0,0.0,,1.0,available,https://en.wikipedia.org/wiki/2026_FIFA_World_Cup_squads,2026-08-17T01:54:00.293610+00:00
Haiti,Wilguens Paugain,DF,24,24,24 August 2001,8,0,Zulte Waregem,Right-Back,800000.0,,0,4-3-3,market-value/caps positional projection,0.0,0.0,,1.0,available,https://en.wikipedia.org/wiki/2026_FIFA_World_Cup_squads,2026-08-17T01:54:00.293610+00:00
Haiti,Dominique Simon,MF,25,25,29 July 2000,2,0,Tatran Prešov,Defensive Midfield,200000.0,,0,4-3-3,market-value/caps positional projection,0.0,0.0,,1.0,available,https://en.wikipedia.org/wiki/2026_FIFA_World_Cup_squads,2026-08-17T01:54:00.293610+00:00
Haiti,Woodensky Pierre,MF,26,21,30 December 2004,1,0,Violette,Defensive Midfield,100000.0,,0,4-3-3,market-value/caps positional projection,0.0,0.0,,1.0,available,https://en.wikipedia.org/wiki/2026_FIFA_World_Cup_squads,2026-08-17T01:54:00.293610+00:00
Morocco,Yassine Bounou,GK,1,35,5 April 1991,90,0,Al-Hilal,Goalkeeper,3000000.0,,1,3-4-3,market-value/caps positional projection,0.0,0.0,,1.0,available,https://en.wikipedia.org/wiki/2026_FIFA_World_Cup_squads,2026-08-17T01:54:00.293610+00:00
Morocco,Achraf Hakimi,DF,2,27,4 November 1998,96,11,Paris Saint-Germain,Right-Back,80000000.0,01/06/2026,1,3-4-3,market-value/caps positional projection,0.0,0.0,,1.0,available,https://en.wikipedia.org/wiki/2026_FIFA_World_Cup_squads,2026-08-17T01:54:00.293610+00:00
Morocco,Noussair Mazraoui,DF,3,28,14 November 1997,45,2,Manchester United,Right-Back,18000000.0,,1,3-4-3,market-value/caps positional projection,0.0,0.0,,1.0,available,https://en.wikipedia.org/wiki/2026_FIFA_World_Cup_squads,2026-08-17T01:54:00.293610+00:00
Morocco,Sofyan Amrabat,MF,4,29,21 August 1996,75,0,Real Betis,Defensive Midfield,10000000.0,,1,3-4-3,market-value/caps positional projection,0.0,0.0,,1.0,available,https://en.wikipedia.org/wiki/2026_FIFA_World_Cup_squads,2026-08-17T01:54:00.293610+00:00
Morocco,Marwane Saâdane,DF,5,34,17 January 1992,8,0,Al-Fateh,Centre-Back,400000.0,,0,3-4-3,market-value/caps positional projection,0.0,0.0,,1.0,available,https://en.wikipedia.org/wiki/2026_FIFA_World_Cup_squads,2026-08-17T01:54:00.293610+00:00
Morocco,Ayyoub Bouaddi,MF,6,18,2 October 2007,3,0,Lille,Central Midfield,50000000.0,01/06/2026,0,3-4-3,market-value/caps positional projection,0.0,0.0,,1.0,available,https://en.wikipedia.org/wiki/2026_FIFA_World_Cup_squads,2026-08-17T01:54:00.293610+00:00
Morocco,Chemsdine Talbi,MF,7,21,9 May 2005,5,0,Sunderland,Right Winger,25000000.0,,0,3-4-3,market-value/caps positional projection,0.0,0.0,,1.0,available,https://en.wikipedia.org/wiki/2026_FIFA_World_Cup_squads,2026-08-17T01:54:00.293610+00:00
Morocco,Azzedine Ounahi,MF,8,26,19 April 2000,49,9,Girona,Central Midfield,10000000.0,,1,3-4-3,market-value/caps positional projection,0.0,0.0,,1.0,available,https://en.wikipedia.org/wiki/2026_FIFA_World_Cup_squads,2026-08-17T01:54:00.293610+00:00
Morocco,Soufiane Rahimi,FW,9,30,2 June 1996,37,12,Al Ain,Centre-Forward,6000000.0,,1,3-4-3,market-value/caps positional projection,0.0,0.0,,1.0,available,https://en.wikipedia.org/wiki/2026_FIFA_World_Cup_squads,2026-08-17T01:54:00.293610+00:00
Morocco,Brahim Díaz,FW,10,26,3 August 1999,26,14,Real Madrid,Right Winger,35000000.0,05/06/2026,1,3-4-3,market-value/caps positional projection,0.0,0.0,,1.0,available,https://en.wikipedia.org/wiki/2026_FIFA_World_Cup_squads,2026-08-17T01:54:00.293610+00:00
Morocco,Ismael Saibari,MF,11,25,28 January 2001,30,9,PSV Eindhoven,Attacking Midfield,40000000.0,28/05/2026,1,3-4-3,market-value/caps positional projection,0.0,0.0,,1.0,available,https://en.wikipedia.org/wiki/2026_FIFA_World_Cup_squads,2026-08-17T01:54:00.293610+00:00
Morocco,Munir Mohamedi,GK,12,37,10 May 1989,52,0,RS Berkane,,0.0,,0,3-4-3,market-value/caps positional projection,0.0,0.0,,1.0,available,https://en.wikipedia.org/wiki/2026_FIFA_World_Cup_squads,2026-08-17T01:54:00.293610+00:00
Morocco,Zakaria El Ouahdi,DF,13,24,31 December 2001,3,0,Genk,Right-Back,17000000.0,,0,3-4-3,market-value/caps positional projection,0.0,0.0,,1.0,available,https://en.wikipedia.org/wiki/2026_FIFA_World_Cup_squads,2026-08-17T01:54:00.293610+00:00
Morocco,Issa Diop,DF,14,29,9 January 1997,4,0,Fulham,Centre-Back,8000000.0,,0,3-4-3,market-value/caps positional projection,0.0,0.0,,1.0,available,https://en.wikipedia.org/wiki/2026_FIFA_World_Cup_squads,2026-08-17T01:54:00.293610+00:00
Morocco,Samir El Mourabet,MF,15,20,6 October 2005,4,0,Strasbourg,Central Midfield,22000000.0,,0,3-4-3,market-value/caps positional projection,0.0,0.0,,1.0,available,https://en.wikipedia.org/wiki/2026_FIFA_World_Cup_squads,2026-08-17T01:54:00.293610+00:00
Morocco,Gessime Yassine,MF,16,20,22 November 2005,4,0,Strasbourg,Right Winger,12000000.0,,0,3-4-3,market-value/caps positional projection,0.0,0.0,,1.0,available,https://en.wikipedia.org/wiki/2026_FIFA_World_Cup_squads,2026-08-17T01:54:00.293610+00:00
Morocco,Amine Sbaï,FW,17,25,5 November 2000,2,0,Angers,Left Winger,4000000.0,,0,3-4-3,market-value/caps positional projection,0.0,0.0,,1.0,available,https://en.wikipedia.org/wiki/2026_FIFA_World_Cup_squads,2026-08-17T01:54:00.293610+00:00
Morocco,Chadi Riad,DF,18,22,17 June 2003,6,1,Crystal Palace,Centre-Back,15000000.0,,1,3-4-3,market-value/caps positional projection,0.0,0.0,,1.0,available,https://en.wikipedia.org/wiki/2026_FIFA_World_Cup_squads,2026-08-17T01:54:00.293610+00:00
Morocco,Youssef Belammari,DF,19,27,20 September 1998,18,0,Al Ahly,Left-Back,1200000.0,,0,3-4-3,market-value/caps positional projection,0.0,0.0,,1.0,available,https://en.wikipedia.org/wiki/2026_FIFA_World_Cup_squads,2026-08-17T01:54:00.293610+00:00
Morocco,Ayoub El Kaabi,FW,20,32,25 June 1993,71,35,Olympiacos,Centre-Forward,4500000.0,,1,3-4-3,market-value/caps positional projection,0.0,0.0,,1.0,available,https://en.wikipedia.org/wiki/2026_FIFA_World_Cup_squads,2026-08-17T01:54:00.293610+00:00
Morocco,Ayoube Amaimouni,FW,21,21,30 November 2004,2,0,Eintracht Frankfurt,,0.0,,0,3-4-3,market-value/caps positional projection,0.0,0.0,,1.0,available,https://en.wikipedia.org/wiki/2026_FIFA_World_Cup_squads,2026-08-17T01:54:00.293610+00:00
Morocco,Ahmed Reda Tagnaouti,GK,22,30,5 April 1996,3,0,AS FAR,Goalkeeper,1000000.0,,0,3-4-3,market-value/caps positional projection,0.0,0.0,,1.0,available,https://en.wikipedia.org/wiki/2026_FIFA_World_Cup_squads,2026-08-17T01:54:00.293610+00:00
Morocco,Bilal El Khannouss,MF,23,22,10 May 2004,37,3,VfB Stuttgart,Attacking Midfield,35000000.0,27/05/2026,1,3-4-3,market-value/caps positional projection,0.0,0.0,,1.0,available,https://en.wikipedia.org/wiki/2026_FIFA_World_Cup_squads,2026-08-17T01:54:00.293610+00:00
Morocco,Neil El Aynaoui,MF,24,24,2 July 2001,16,2,Roma,Central Midfield,23000000.0,29/05/2026,0,3-4-3,market-value/caps positional projection,0.0,0.0,,1.0,available,https://en.wikipedia.org/wiki/2026_FIFA_World_Cup_squads,2026-08-17T01:54:00.293610+00:00
Morocco,Redouane Halhal,DF,25,23,5 March 2003,3,0,Mechelen,Centre-Back,5000000.0,,0,3-4-3,market-value/caps positional projection,0.0,0.0,,1.0,available,https://en.wikipedia.org/wiki/2026_FIFA_World_Cup_squads,2026-08-17T01:54:00.293610+00:00
Morocco,Anass Salah-Eddine,DF,26,24,18 January 2002,9,0,PSV Eindhoven,Left-Back,12000000.0,,0,3-4-3,market-value/caps positional projection,0.0,0.0,,1.0,available,https://en.wikipedia.org/wiki/2026_FIFA_World_Cup_squads,2026-08-17T01:54:00.293610+00:00
Scotland,Angus Gunn,GK,1,30,22 January 1996,22,0,Nottingham Forest,Goalkeeper,1000000.0,,0,4-4-2,market-value/caps positional projection,0.0,0.0,,1.0,available,https://en.wikipedia.org/wiki/2026_FIFA_World_Cup_squads,2026-08-17T01:54:00.293610+00:00
Scotland,Aaron Hickey,DF,2,24,10 June 2002,21,0,Brentford,Right-Back,16000000.0,,1,4-4-2,market-value/caps positional projection,0.0,0.0,,1.0,available,https://en.wikipedia.org/wiki/2026_FIFA_World_Cup_squads,2026-08-17T01:54:00.293610+00:00
Scotland,Andy Robertson,DF,3,32,11 March 1994,94,4,Liverpool,,0.0,,0,4-4-2,market-value/caps positional projection,0.0,0.0,,1.0,available,https://en.wikipedia.org/wiki/2026_FIFA_World_Cup_squads,2026-08-17T01:54:00.293610+00:00
Scotland,Scott McTominay,MF,4,29,8 December 1996,70,15,Napoli,Central Midfield,40000000.0,29/05/2026,1,4-4-2,market-value/caps positional projection,0.0,0.0,,1.0,available,https://en.wikipedia.org/wiki/2026_FIFA_World_Cup_squads,2026-08-17T01:54:00.293610+00:00
Scotland,Grant Hanley,DF,5,34,20 November 1991,68,2,Hibernian,Centre-Back,200000.0,,0,4-4-2,market-value/caps positional projection,0.0,0.0,,1.0,available,https://en.wikipedia.org/wiki/2026_FIFA_World_Cup_squads,2026-08-17T01:54:00.293610+00:00
Scotland,Kieran Tierney,DF,6,29,5 June 1997,56,2,Celtic,Left-Back,8000000.0,,1,4-4-2,market-value/caps positional projection,0.0,0.0,,1.0,available,https://en.wikipedia.org/wiki/2026_FIFA_World_Cup_squads,2026-08-17T01:54:00.293610+00:00
Scotland,John McGinn,MF,7,31,18 October 1994,86,20,Aston Villa,Central Midfield,13000000.0,,1,4-4-2,market-value/caps positional projection,0.0,0.0,,1.0,available,https://en.wikipedia.org/wiki/2026_FIFA_World_Cup_squads,2026-08-17T01:54:00.293610+00:00
Scotland,Tyler Fletcher,MF,8,19,19 March 2007,2,0,Manchester United,Central Midfield,1500000.0,,0,4-4-2,market-value/caps positional projection,0.0,0.0,,1.0,available,https://en.wikipedia.org/wiki/2026_FIFA_World_Cup_squads,2026-08-17T01:54:00.293610+00:00
Scotland,Lyndon Dykes,FW,9,30,7 October 1995,51,10,Charlton Athletic,Centre-Forward,800000.0,,1,4-4-2,market-value/caps positional projection,0.0,0.0,,1.0,available,https://en.wikipedia.org/wiki/2026_FIFA_World_Cup_squads,2026-08-17T01:54:00.293610+00:00
Scotland,Ché Adams,FW,10,29,13 July 1996,47,13,Torino,Centre-Forward,5000000.0,,1,4-4-2,market-value/caps positional projection,0.0,0.0,,1.0,available,https://en.wikipedia.org/wiki/2026_FIFA_World_Cup_squads,2026-08-17T01:54:00.293610+00:00
Scotland,Ryan Christie,MF,11,31,22 February 1995,68,10,Bournemouth,Central Midfield,8000000.0,,1,4-4-2,market-value/caps positional projection,0.0,0.0,,1.0,available,https://en.wikipedia.org/wiki/2026_FIFA_World_Cup_squads,2026-08-17T01:54:00.293610+00:00
Scotland,Liam Kelly,GK,12,30,23 January 1996,3,0,Rangers,Goalkeeper,800000.0,,0,4-4-2,market-value/caps positional projection,0.0,0.0,,1.0,available,https://en.wikipedia.org/wiki/2026_FIFA_World_Cup_squads,2026-08-17T01:54:00.293610+00:00
Scotland,Jack Hendry,DF,13,31,7 May 1995,38,3,Al-Ettifaq,Centre-Back,2500000.0,,0,4-4-2,market-value/caps positional projection,0.0,0.0,,1.0,available,https://en.wikipedia.org/wiki/2026_FIFA_World_Cup_squads,2026-08-17T01:54:00.293610+00:00
Scotland,Ross Stewart,FW,14,29,11 July 1996,3,0,Southampton,Centre-Forward,2500000.0,,0,4-4-2,market-value/caps positional projection,0.0,0.0,,1.0,available,https://en.wikipedia.org/wiki/2026_FIFA_World_Cup_squads,2026-08-17T01:54:00.293610+00:00
Scotland,John Souttar,DF,15,29,25 September 1996,24,2,Rangers,Centre-Back,2000000.0,,0,4-4-2,market-value/caps positional projection,0.0,0.0,,1.0,available,https://en.wikipedia.org/wiki/2026_FIFA_World_Cup_squads,2026-08-17T01:54:00.293610+00:00
Scotland,Dominic Hyam,DF,16,30,20 December 1995,4,0,Wrexham,Centre-Back,2000000.0,,0,4-4-2,market-value/caps positional projection,0.0,0.0,,1.0,available,https://en.wikipedia.org/wiki/2026_FIFA_World_Cup_squads,2026-08-17T01:54:00.293610+00:00
Scotland,Ben Gannon-Doak,FW,17,20,11 November 2005,14,1,Bournemouth,Right Winger,15000000.0,,0,4-4-2,market-value/caps positional projection,0.0,0.0,,1.0,available,https://en.wikipedia.org/wiki/2026_FIFA_World_Cup_squads,2026-08-17T01:54:00.293610+00:00
Scotland,George Hirst,FW,18,27,15 February 1999,10,1,Ipswich Town,Centre-Forward,10000000.0,,0,4-4-2,market-value/caps positional projection,0.0,0.0,,1.0,available,https://en.wikipedia.org/wiki/2026_FIFA_World_Cup_squads,2026-08-17T01:54:00.293610+00:00
Scotland,Lewis Ferguson,MF,19,26,24 August 1999,24,1,Bologna,Central Midfield,14000000.0,,1,4-4-2,market-value/caps positional projection,0.0,0.0,,1.0,available,https://en.wikipedia.org/wiki/2026_FIFA_World_Cup_squads,2026-08-17T01:54:00.293610+00:00
Scotland,Lawrence Shankland,FW,20,30,10 August 1995,20,7,Heart of Midlothian,Centre-Forward,3000000.0,,0,4-4-2,market-value/caps positional projection,0.0,0.0,,1.0,available,https://en.wikipedia.org/wiki/2026_FIFA_World_Cup_squads,2026-08-17T01:54:00.293610+00:00
Scotland,Craig Gordon,GK,21,43,31 December 1982,84,0,Heart of Midlothian,Goalkeeper,50000.0,,1,4-4-2,market-value/caps positional projection,0.0,0.0,,1.0,available,https://en.wikipedia.org/wiki/2026_FIFA_World_Cup_squads,2026-08-17T01:54:00.293610+00:00
Scotland,Nathan Patterson,DF,22,24,16 October 2001,26,1,Everton,Right-Back,10000000.0,,1,4-4-2,market-value/caps positional projection,0.0,0.0,,1.0,available,https://en.wikipedia.org/wiki/2026_FIFA_World_Cup_squads,2026-08-17T01:54:00.293610+00:00
Scotland,Kenny McLean,MF,23,34,8 January 1992,58,3,Norwich City,Central Midfield,400000.0,,0,4-4-2,market-value/caps positional projection,0.0,0.0,,1.0,available,https://en.wikipedia.org/wiki/2026_FIFA_World_Cup_squads,2026-08-17T01:54:00.293610+00:00
Scotland,Anthony Ralston,DF,24,27,16 November 1998,27,1,Celtic,Right-Back,1500000.0,,0,4-4-2,market-value/caps positional projection,0.0,0.0,,1.0,available,https://en.wikipedia.org/wiki/2026_FIFA_World_Cup_squads,2026-08-17T01:54:00.293610+00:00
Scotland,Findlay Curtis,FW,25,20,9 June 2006,3,1,Kilmarnock,Left Winger,2000000.0,,0,4-4-2,market-value/caps positional projection,0.0,0.0,,1.0,available,https://en.wikipedia.org/wiki/2026_FIFA_World_Cup_squads,2026-08-17T01:54:00.293610+00:00
Scotland,Scott McKenna,DF,26,29,12 November 1996,50,1,Dinamo Zagreb,Centre-Back,4000000.0,,1,4-4-2,market-value/caps positional projection,0.0,0.0,,1.0,available,https://en.wikipedia.org/wiki/2026_FIFA_World_Cup_squads,2026-08-17T01:54:00.293610+00:00
Australia,Mathew Ryan,GK,1,34,8 April 1992,104,0,Levante,Goalkeeper,1800000.0,,1,4-3-3,market-value/caps positional projection,0.0,0.0,,1.0,available,https://en.wikipedia.org/wiki/2026_FIFA_World_Cup_squads,2026-08-17T01:54:00.293610+00:00
Australia,Miloš Degenek,DF,2,32,28 April 1994,57,1,APOEL,Centre-Back,450000.0,,1,4-3-3,market-value/caps positional projection,0.0,0.0,,1.0,available,https://en.wikipedia.org/wiki/2026_FIFA_World_Cup_squads,2026-08-17T01:54:00.293610+00:00
Australia,Alessandro Circati,DF,3,22,10 October 2003,13,1,Parma,Centre-Back,12000000.0,,0,4-3-3,market-value/caps positional projection,0.0,0.0,,1.0,available,https://en.wikipedia.org/wiki/2026_FIFA_World_Cup_squads,2026-08-17T01:54:00.293610+00:00
Australia,Jacob Italiano,DF,4,24,30 July 2001,5,0,Grazer AK,Right-Back,600000.0,,0,4-3-3,market-value/caps positional projection,0.0,0.0,,1.0,available,https://en.wikipedia.org/wiki/2026_FIFA_World_Cup_squads,2026-08-17T01:54:00.293610+00:00
Australia,Jordan Bos,DF,5,23,29 October 2002,27,4,Feyenoord,Left-Back,12000000.0,,1,4-3-3,market-value/caps positional projection,0.0,0.0,,1.0,available,https://en.wikipedia.org/wiki/2026_FIFA_World_Cup_squads,2026-08-17T01:54:00.293610+00:00
Australia,Jason Geria,DF,6,33,10 May 1993,14,0,Albirex Niigata,Right-Back,350000.0,,0,4-3-3,market-value/caps positional projection,0.0,0.0,,1.0,available,https://en.wikipedia.org/wiki/2026_FIFA_World_Cup_squads,2026-08-17T01:54:00.293610+00:00
Australia,Mathew Leckie,FW,7,35,4 February 1991,80,14,Melbourne City,Left Winger,300000.0,,1,4-3-3,market-value/caps positional projection,0.0,0.0,,1.0,available,https://en.wikipedia.org/wiki/2026_FIFA_World_Cup_squads,2026-08-17T01:54:00.293610+00:00
Australia,Connor Metcalfe,MF,8,26,5 November 1999,36,1,FC St. Pauli,Central Midfield,1500000.0,,1,4-3-3,market-value/caps positional projection,0.0,0.0,,1.0,available,https://en.wikipedia.org/wiki/2026_FIFA_World_Cup_squads,2026-08-17T01:54:00.293610+00:00
Australia,Mohamed Touré,FW,9,22,26 March 2004,10,2,Norwich City,Centre-Forward,8000000.0,,0,4-3-3,market-value/caps positional projection,0.0,0.0,,1.0,available,https://en.wikipedia.org/wiki/2026_FIFA_World_Cup_squads,2026-08-17T01:54:00.293610+00:00
Australia,Ajdin Hrustic,FW,10,29,5 July 1996,37,4,Heracles Almelo,Central Midfield,600000.0,,0,4-3-3,market-value/caps positional projection,0.0,0.0,,1.0,available,https://en.wikipedia.org/wiki/2026_FIFA_World_Cup_squads,2026-08-17T01:54:00.293610+00:00
Australia,Awer Mabil,FW,11,30,15 September 1995,38,10,Castellón,Left Winger,500000.0,,1,4-3-3,market-value/caps positional projection,0.0,0.0,,1.0,available,https://en.wikipedia.org/wiki/2026_FIFA_World_Cup_squads,2026-08-17T01:54:00.293610+00:00
Australia,Paul Izzo,GK,12,31,6 January 1995,4,0,Randers,Goalkeeper,500000.0,,0,4-3-3,market-value/caps positional projection,0.0,0.0,,1.0,available,https://en.wikipedia.org/wiki/2026_FIFA_World_Cup_squads,2026-08-17T01:54:00.293610+00:00
Australia,Aiden O'Neill,MF,13,27,4 July 1998,31,0,New York City FC,Defensive Midfield,3000000.0,,1,4-3-3,market-value/caps positional projection,0.0,0.0,,1.0,available,https://en.wikipedia.org/wiki/2026_FIFA_World_Cup_squads,2026-08-17T01:54:00.293610+00:00
Australia,Cammy Devlin,MF,14,28,7 June 1998,5,0,Heart of Midlothian,Central Midfield,2000000.0,,0,4-3-3,market-value/caps positional projection,0.0,0.0,,1.0,available,https://en.wikipedia.org/wiki/2026_FIFA_World_Cup_squads,2026-08-17T01:54:00.293610+00:00
Australia,Kai Trewin,DF,15,25,18 May 2001,6,0,New York City FC,Defensive Midfield,1800000.0,,0,4-3-3,market-value/caps positional projection,0.0,0.0,,1.0,available,https://en.wikipedia.org/wiki/2026_FIFA_World_Cup_squads,2026-08-17T01:54:00.293610+00:00
Australia,Aziz Behich,DF,16,35,16 December 1990,84,3,Melbourne City,Left-Back,250000.0,,1,4-3-3,market-value/caps positional projection,0.0,0.0,,1.0,available,https://en.wikipedia.org/wiki/2026_FIFA_World_Cup_squads,2026-08-17T01:54:00.293610+00:00
Australia,Nestory Irankunda,FW,17,20,9 February 2006,15,5,Watford,Right Winger,8000000.0,,1,4-3-3,market-value/caps positional projection,0.0,0.0,,1.0,available,https://en.wikipedia.org/wiki/2026_FIFA_World_Cup_squads,2026-08-17T01:54:00.293610+00:00
Australia,Patrick Beach,GK,18,22,6 August 2003,2,0,Melbourne City,Goalkeeper,1000000.0,,0,4-3-3,market-value/caps positional projection,0.0,0.0,,1.0,available,https://en.wikipedia.org/wiki/2026_FIFA_World_Cup_squads,2026-08-17T01:54:00.293610+00:00
Australia,Harry Souttar,DF,19,27,22 October 1998,38,11,Leicester City,Centre-Back,3500000.0,,1,4-3-3,market-value/caps positional projection,0.0,0.0,,1.0,available,https://en.wikipedia.org/wiki/2026_FIFA_World_Cup_squads,2026-08-17T01:54:00.293610+00:00
Australia,Cristian Volpato,FW,20,22,15 November 2003,1,0,Sassuolo,Attacking Midfield,10000000.0,,0,4-3-3,market-value/caps positional projection,0.0,0.0,,1.0,available,https://en.wikipedia.org/wiki/2026_FIFA_World_Cup_squads,2026-08-17T01:54:00.293610+00:00
Australia,Cameron Burgess,DF,21,30,21 October 1995,27,0,Swansea City,Centre-Back,1500000.0,,0,4-3-3,market-value/caps positional projection,0.0,0.0,,1.0,available,https://en.wikipedia.org/wiki/2026_FIFA_World_Cup_squads,2026-08-17T01:54:00.293610+00:00
Australia,Jackson Irvine,MF,22,33,7 March 1993,82,14,FC St. Pauli,Central Midfield,1000000.0,,1,4-3-3,market-value/caps positional projection,0.0,0.0,,1.0,available,https://en.wikipedia.org/wiki/2026_FIFA_World_Cup_squads,2026-08-17T01:54:00.293610+00:00
Australia,Nishan Velupillay,FW,23,25,7 May 2001,7,3,Melbourne Victory,Left Winger,650000.0,,0,4-3-3,market-value/caps positional projection,0.0,0.0,,1.0,available,https://en.wikipedia.org/wiki/2026_FIFA_World_Cup_squads,2026-08-17T01:54:00.293610+00:00
Australia,Paul Okon-Engstler,MF,24,21,24 January 2005,6,0,Sydney FC,Defensive Midfield,1200000.0,,0,4-3-3,market-value/caps positional projection,0.0,0.0,,1.0,available,https://en.wikipedia.org/wiki/2026_FIFA_World_Cup_squads,2026-08-17T01:54:00.293610+00:00
Australia,Lucas Herrington,DF,25,18,5 September 2007,4,0,Colorado Rapids,Centre-Back,4500000.0,,0,4-3-3,market-value/caps positional projection,0.0,0.0,,1.0,available,https://en.wikipedia.org/wiki/2026_FIFA_World_Cup_squads,2026-08-17T01:54:00.293610+00:00
Australia,Tete Yengi,FW,26,25,28 November 2000,1,1,Machida Zelvia,Centre-Forward,450000.0,,0,4-3-3,market-value/caps positional projection,0.0,0.0,,1.0,available,https://en.wikipedia.org/wiki/2026_FIFA_World_Cup_squads,2026-08-17T01:54:00.293610+00:00
Paraguay,Gatito Fernández,GK,1,38,29 March 1988,31,0,Cerro Porteño,,0.0,,0,3-4-3,market-value/caps positional projection,0.0,0.0,,1.0,available,https://en.wikipedia.org/wiki/2026_FIFA_World_Cup_squads,2026-08-17T01:54:00.293610+00:00
Paraguay,Gustavo Velázquez,DF,2,35,17 April 1991,13,1,Cerro Porteño,Centre-Back,400000.0,,0,3-4-3,market-value/caps positional projection,0.0,0.0,,1.0,available,https://en.wikipedia.org/wiki/2026_FIFA_World_Cup_squads,2026-08-17T01:54:00.293610+00:00
Paraguay,Omar Alderete,DF,3,29,26 December 1996,36,3,Sunderland,Centre-Back,13000000.0,,1,3-4-3,market-value/caps positional projection,0.0,0.0,,1.0,available,https://en.wikipedia.org/wiki/2026_FIFA_World_Cup_squads,2026-08-17T01:54:00.293610+00:00
Paraguay,Juan José Cáceres,DF,4,26,1 June 2000,17,0,Dynamo Moscow,Right-Back,5000000.0,,0,3-4-3,market-value/caps positional projection,0.0,0.0,,1.0,available,https://en.wikipedia.org/wiki/2026_FIFA_World_Cup_squads,2026-08-17T01:54:00.293610+00:00
Paraguay,Fabián Balbuena,DF,5,34,23 August 1991,48,2,Grêmio,Centre-Back,900000.0,,0,3-4-3,market-value/caps positional projection,0.0,0.0,,1.0,available,https://en.wikipedia.org/wiki/2026_FIFA_World_Cup_squads,2026-08-17T01:54:00.293610+00:00
Paraguay,Júnior Alonso,DF,6,33,9 February 1993,71,3,Atlético Mineiro,Centre-Back,1500000.0,,1,3-4-3,market-value/caps positional projection,0.0,0.0,,1.0,available,https://en.wikipedia.org/wiki/2026_FIFA_World_Cup_squads,2026-08-17T01:54:00.293610+00:00
Paraguay,Ramón Sosa,MF,7,26,31 August 1999,29,1,Palmeiras,Second Striker,10000000.0,,1,3-4-3,market-value/caps positional projection,0.0,0.0,,1.0,available,https://en.wikipedia.org/wiki/2026_FIFA_World_Cup_squads,2026-08-17T01:54:00.293610+00:00
Paraguay,Diego Gómez,MF,8,23,27 March 2003,24,3,Brighton & Hove Albion,Central Midfield,25000000.0,,1,3-4-3,market-value/caps positional projection,0.0,0.0,,1.0,available,https://en.wikipedia.org/wiki/2026_FIFA_World_Cup_squads,2026-08-17T01:54:00.293610+00:00
Paraguay,Antonio Sanabria,FW,9,30,4 March 1996,48,7,Cremonese,Centre-Forward,1800000.0,,1,3-4-3,market-value/caps positional projection,0.0,0.0,,1.0,available,https://en.wikipedia.org/wiki/2026_FIFA_World_Cup_squads,2026-08-17T01:54:00.293610+00:00
Paraguay,Miguel Almirón,MF,10,32,10 February 1994,76,10,Atlanta United FC,Right Winger,7000000.0,,1,3-4-3,market-value/caps positional projection,0.0,0.0,,1.0,available,https://en.wikipedia.org/wiki/2026_FIFA_World_Cup_squads,2026-08-17T01:54:00.293610+00:00
Paraguay,Maurício,MF,11,24,22 June 2001,3,0,Palmeiras,Attacking Midfield,15000000.0,,0,3-4-3,market-value/caps positional projection,0.0,0.0,,1.0,available,https://en.wikipedia.org/wiki/2026_FIFA_World_Cup_squads,2026-08-17T01:54:00.293610+00:00
Paraguay,Orlando Gill,GK,12,26,11 June 2000,6,0,San Lorenzo,Goalkeeper,6000000.0,,1,3-4-3,market-value/caps positional projection,0.0,0.0,,1.0,available,https://en.wikipedia.org/wiki/2026_FIFA_World_Cup_squads,2026-08-17T01:54:00.293610+00:00
Paraguay,José Canale,DF,13,29,20 July 1996,2,0,Lanús,Centre-Back,2200000.0,,0,3-4-3,market-value/caps positional projection,0.0,0.0,,1.0,available,https://en.wikipedia.org/wiki/2026_FIFA_World_Cup_squads,2026-08-17T01:54:00.293610+00:00
Paraguay,Andrés Cubas,MF,14,30,11 May 1996,33,0,Vancouver Whitecaps FC,Defensive Midfield,4500000.0,,1,3-4-3,market-value/caps positional projection,0.0,0.0,,1.0,available,https://en.wikipedia.org/wiki/2026_FIFA_World_Cup_squads,2026-08-17T01:54:00.293610+00:00
Paraguay,Gustavo Gómez,DF,15,33,6 May 1993,89,4,Palmeiras,Centre-Back,3500000.0,,1,3-4-3,market-value/caps positional projection,0.0,0.0,,1.0,available,https://en.wikipedia.org/wiki/2026_FIFA_World_Cup_squads,2026-08-17T01:54:00.293610+00:00
Paraguay,Damián Bobadilla,MF,16,24,11 July 2001,19,1,São Paulo,Central Midfield,6000000.0,,0,3-4-3,market-value/caps positional projection,0.0,0.0,,1.0,available,https://en.wikipedia.org/wiki/2026_FIFA_World_Cup_squads,2026-08-17T01:54:00.293610+00:00
Paraguay,Kaku,FW,17,31,11 January 1995,33,6,Al Ain,Attacking Midfield,4500000.0,,1,3-4-3,market-value/caps positional projection,0.0,0.0,,1.0,available,https://en.wikipedia.org/wiki/2026_FIFA_World_Cup_squads,2026-08-17T01:54:00.293610+00:00
Paraguay,Álex Arce,FW,18,30,16 June 1995,15,1,Independiente Rivadavia,Centre-Forward,3500000.0,,0,3-4-3,market-value/caps positional projection,0.0,0.0,,1.0,available,https://en.wikipedia.org/wiki/2026_FIFA_World_Cup_squads,2026-08-17T01:54:00.293610+00:00
Paraguay,Julio Enciso,FW,19,22,23 January 2004,32,4,Strasbourg,Attacking Midfield,25000000.0,,1,3-4-3,market-value/caps positional projection,0.0,0.0,,1.0,available,https://en.wikipedia.org/wiki/2026_FIFA_World_Cup_squads,2026-08-17T01:54:00.293610+00:00
Paraguay,Braian Ojeda,MF,20,25,27 June 2000,17,0,Orlando City SC,Defensive Midfield,3500000.0,,0,3-4-3,market-value/caps positional projection,0.0,0.0,,1.0,available,https://en.wikipedia.org/wiki/2026_FIFA_World_Cup_squads,2026-08-17T01:54:00.293610+00:00
Paraguay,Gabriel Ávalos,FW,21,34,9 July 1991,23,2,Independiente,Centre-Forward,750000.0,,0,3-4-3,market-value/caps positional projection,0.0,0.0,,1.0,available,https://en.wikipedia.org/wiki/2026_FIFA_World_Cup_squads,2026-08-17T01:54:00.293610+00:00
Paraguay,Gastón Olveira,GK,22,33,21 April 1993,1,0,Olimpia,Goalkeeper,500000.0,,0,3-4-3,market-value/caps positional projection,0.0,0.0,,1.0,available,https://en.wikipedia.org/wiki/2026_FIFA_World_Cup_squads,2026-08-17T01:54:00.293610+00:00
Paraguay,Matías Galarza,MF,23,24,11 February 2002,15,3,Atlanta United FC,Central Midfield,3000000.0,,0,3-4-3,market-value/caps positional projection,0.0,0.0,,1.0,available,https://en.wikipedia.org/wiki/2026_FIFA_World_Cup_squads,2026-08-17T01:54:00.293610+00:00
Paraguay,Gustavo Caballero,MF,24,24,21 September 2001,2,1,Portsmouth,Left Winger,1000000.0,,0,3-4-3,market-value/caps positional projection,0.0,0.0,,1.0,available,https://en.wikipedia.org/wiki/2026_FIFA_World_Cup_squads,2026-08-17T01:54:00.293610+00:00
Paraguay,Isidro Pitta,FW,25,26,14 August 1999,5,0,Red Bull Bragantino,Centre-Forward,7500000.0,,0,3-4-3,market-value/caps positional projection,0.0,0.0,,1.0,available,https://en.wikipedia.org/wiki/2026_FIFA_World_Cup_squads,2026-08-17T01:54:00.293610+00:00
Paraguay,Alexandro Maidana,DF,26,20,26 July 2005,2,1,Talleres,Left-Back,2500000.0,,0,3-4-3,market-value/caps positional projection,0.0,0.0,,1.0,available,https://en.wikipedia.org/wiki/2026_FIFA_World_Cup_squads,2026-08-17T01:54:00.293610+00:00
Turkiye,Mert Günok,GK,1,37,1 March 1989,37,0,Fenerbahçe,Goalkeeper,500000.0,,0,4-3-3,market-value/caps positional projection,0.0,0.0,,1.0,available,https://en.wikipedia.org/wiki/2026_FIFA_World_Cup_squads,2026-08-17T01:54:00.293610+00:00
Turkiye,Zeki Çelik,DF,2,29,17 February 1997,61,3,Roma,Right-Back,14000000.0,,1,4-3-3,market-value/caps positional projection,0.0,0.0,,1.0,available,https://en.wikipedia.org/wiki/2026_FIFA_World_Cup_squads,2026-08-17T01:54:00.293610+00:00
Turkiye,Merih Demiral,DF,3,28,5 March 1998,62,6,Al-Ahli,Centre-Back,12000000.0,,1,4-3-3,market-value/caps positional projection,0.0,0.0,,1.0,available,https://en.wikipedia.org/wiki/2026_FIFA_World_Cup_squads,2026-08-17T01:54:00.293610+00:00
Turkiye,Çağlar Söyüncü,DF,4,30,23 May 1996,60,2,Fenerbahçe,Centre-Back,3500000.0,,1,4-3-3,market-value/caps positional projection,0.0,0.0,,1.0,available,https://en.wikipedia.org/wiki/2026_FIFA_World_Cup_squads,2026-08-17T01:54:00.293610+00:00
Turkiye,Salih Özcan,MF,5,28,11 January 1998,30,1,Borussia Dortmund,Defensive Midfield,3500000.0,,0,4-3-3,market-value/caps positional projection,0.0,0.0,,1.0,available,https://en.wikipedia.org/wiki/2026_FIFA_World_Cup_squads,2026-08-17T01:54:00.293610+00:00
Turkiye,Orkun Kökçü,MF,6,25,29 December 2000,50,4,Beşiktaş,Central Midfield,25000000.0,21/05/2026,1,4-3-3,market-value/caps positional projection,0.0,0.0,,1.0,available,https://en.wikipedia.org/wiki/2026_FIFA_World_Cup_squads,2026-08-17T01:54:00.293610+00:00
Turkiye,Kerem Aktürkoğlu,FW,7,27,21 October 1998,52,15,Fenerbahçe,Left Winger,20000000.0,,1,4-3-3,market-value/caps positional projection,0.0,0.0,,1.0,available,https://en.wikipedia.org/wiki/2026_FIFA_World_Cup_squads,2026-08-17T01:54:00.293610+00:00
Turkiye,Arda Güler,FW,8,21,25 February 2005,29,6,Real Madrid,Attacking Midfield,90000000.0,05/06/2026,1,4-3-3,market-value/caps positional projection,0.0,0.0,,1.0,available,https://en.wikipedia.org/wiki/2026_FIFA_World_Cup_squads,2026-08-17T01:54:00.293610+00:00
Turkiye,Deniz Gül,FW,9,21,2 July 2004,8,2,Porto,Centre-Forward,5000000.0,,0,4-3-3,market-value/caps positional projection,0.0,0.0,,1.0,available,https://en.wikipedia.org/wiki/2026_FIFA_World_Cup_squads,2026-08-17T01:54:00.293610+00:00
Turkiye,Hakan Çalhanoğlu,MF,10,32,8 February 1994,105,22,Inter Milan,Defensive Midfield,16000000.0,,1,4-3-3,market-value/caps positional projection,0.0,0.0,,1.0,available,https://en.wikipedia.org/wiki/2026_FIFA_World_Cup_squads,2026-08-17T01:54:00.293610+00:00
Turkiye,Kenan Yıldız,FW,11,21,4 May 2005,28,5,Juventus,Left Winger,75000000.0,29/05/2026,1,4-3-3,market-value/caps positional projection,0.0,0.0,,1.0,available,https://en.wikipedia.org/wiki/2026_FIFA_World_Cup_squads,2026-08-17T01:54:00.293610+00:00
Turkiye,Altay Bayındır,GK,12,28,14 April 1998,12,0,Manchester United,Goalkeeper,5000000.0,,0,4-3-3,market-value/caps positional projection,0.0,0.0,,1.0,available,https://en.wikipedia.org/wiki/2026_FIFA_World_Cup_squads,2026-08-17T01:54:00.293610+00:00
Turkiye,Eren Elmalı,DF,13,25,7 July 2000,23,0,Galatasaray,Left-Back,5000000.0,,0,4-3-3,market-value/caps positional projection,0.0,0.0,,1.0,available,https://en.wikipedia.org/wiki/2026_FIFA_World_Cup_squads,2026-08-17T01:54:00.293610+00:00
Turkiye,Abdülkerim Bardakcı,DF,14,31,7 September 1994,27,2,Galatasaray,Centre-Back,6500000.0,,0,4-3-3,market-value/caps positional projection,0.0,0.0,,1.0,available,https://en.wikipedia.org/wiki/2026_FIFA_World_Cup_squads,2026-08-17T01:54:00.293610+00:00
Turkiye,Ozan Kabak,DF,15,26,25 March 2000,30,2,TSG Hoffenheim,Centre-Back,15000000.0,,0,4-3-3,market-value/caps positional projection,0.0,0.0,,1.0,available,https://en.wikipedia.org/wiki/2026_FIFA_World_Cup_squads,2026-08-17T01:54:00.293610+00:00
Turkiye,İsmail Yüksek,MF,16,27,26 January 1999,32,1,Fenerbahçe,Defensive Midfield,15000000.0,,0,4-3-3,market-value/caps positional projection,0.0,0.0,,1.0,available,https://en.wikipedia.org/wiki/2026_FIFA_World_Cup_squads,2026-08-17T01:54:00.293610+00:00
Turkiye,İrfan Can Kahveci,FW,17,30,15 July 1995,47,6,Kasımpaşa,Right Winger,3000000.0,,0,4-3-3,market-value/caps positional projection,0.0,0.0,,1.0,available,https://en.wikipedia.org/wiki/2026_FIFA_World_Cup_squads,2026-08-17T01:54:00.293610+00:00
Turkiye,Mert Müldür,DF,18,27,3 April 1999,45,3,Fenerbahçe,Right-Back,7000000.0,,0,4-3-3,market-value/caps positional projection,0.0,0.0,,1.0,available,https://en.wikipedia.org/wiki/2026_FIFA_World_Cup_squads,2026-08-17T01:54:00.293610+00:00
Turkiye,Yunus Akgün,FW,19,25,7 July 2000,19,4,Galatasaray,Right Winger,18000000.0,,0,4-3-3,market-value/caps positional projection,0.0,0.0,,1.0,available,https://en.wikipedia.org/wiki/2026_FIFA_World_Cup_squads,2026-08-17T01:54:00.293610+00:00
Turkiye,Ferdi Kadıoğlu,DF,20,26,7 October 1999,30,2,Brighton & Hove Albion,Left-Back,35000000.0,03/06/2026,1,4-3-3,market-value/caps positional projection,0.0,0.0,,1.0,available,https://en.wikipedia.org/wiki/2026_FIFA_World_Cup_squads,2026-08-17T01:54:00.293610+00:00
Turkiye,Barış Alper Yılmaz,FW,21,26,23 May 2000,35,4,Galatasaray,Left Winger,30000000.0,21/05/2026,0,4-3-3,market-value/caps positional projection,0.0,0.0,,1.0,available,https://en.wikipedia.org/wiki/2026_FIFA_World_Cup_squads,2026-08-17T01:54:00.293610+00:00
Turkiye,Kaan Ayhan,MF,22,31,10 November 1994,73,5,Galatasaray,Defensive Midfield,1500000.0,,1,4-3-3,market-value/caps positional projection,0.0,0.0,,1.0,available,https://en.wikipedia.org/wiki/2026_FIFA_World_Cup_squads,2026-08-17T01:54:00.293610+00:00
Turkiye,Uğurcan Çakır,GK,23,30,5 April 1996,39,0,Galatasaray,Goalkeeper,15000000.0,,1,4-3-3,market-value/caps positional projection,0.0,0.0,,1.0,available,https://en.wikipedia.org/wiki/2026_FIFA_World_Cup_squads,2026-08-17T01:54:00.293610+00:00
Turkiye,Oğuz Aydın,FW,24,25,27 October 2000,11,0,Fenerbahçe,Right Winger,7000000.0,,0,4-3-3,market-value/caps positional projection,0.0,0.0,,1.0,available,https://en.wikipedia.org/wiki/2026_FIFA_World_Cup_squads,2026-08-17T01:54:00.293610+00:00
Turkiye,Samet Akaydin,DF,25,32,13 March 1994,19,1,Çaykur Rizespor,Centre-Back,1200000.0,,0,4-3-3,market-value/caps positional projection,0.0,0.0,,1.0,available,https://en.wikipedia.org/wiki/2026_FIFA_World_Cup_squads,2026-08-17T01:54:00.293610+00:00
Turkiye,Can Uzun,FW,26,20,11 November 2005,6,1,Eintracht Frankfurt,Attacking Midfield,45000000.0,27/05/2026,0,4-3-3,market-value/caps positional projection,0.0,0.0,,1.0,available,https://en.wikipedia.org/wiki/2026_FIFA_World_Cup_squads,2026-08-17T01:54:00.293610+00:00
USA,Matt Turner,GK,1,31,"June 24, 1994",54,0,New England Revolution,Goalkeeper,2500000.0,,1,3-4-3,market-value/caps positional projection,0.0,0.0,,1.0,available,https://en.wikipedia.org/wiki/2026_FIFA_World_Cup_squads,2026-08-17T01:54:00.293610+00:00
USA,Sergiño Dest,DF,2,25,"November 3, 2000",39,3,PSV Eindhoven,Right-Back,18000000.0,,1,3-4-3,market-value/caps positional projection,0.0,0.0,,1.0,available,https://en.wikipedia.org/wiki/2026_FIFA_World_Cup_squads,2026-08-17T01:54:00.293610+00:00
USA,Chris Richards,DF,3,26,"March 28, 2000",36,3,Crystal Palace,Centre-Back,28000000.0,03/06/2026,1,3-4-3,market-value/caps positional projection,0.0,0.0,,1.0,available,https://en.wikipedia.org/wiki/2026_FIFA_World_Cup_squads,2026-08-17T01:54:00.293610+00:00
USA,Tyler Adams,MF,4,27,"February 14, 1999",54,2,Bournemouth,Defensive Midfield,25000000.0,,1,3-4-3,market-value/caps positional projection,0.0,0.0,,1.0,available,https://en.wikipedia.org/wiki/2026_FIFA_World_Cup_squads,2026-08-17T01:54:00.293610+00:00
USA,Antonee Robinson,DF,5,28,"August 8, 1997",54,5,Fulham,Left-Back,22000000.0,,1,3-4-3,market-value/caps positional projection,0.0,0.0,,1.0,available,https://en.wikipedia.org/wiki/2026_FIFA_World_Cup_squads,2026-08-17T01:54:00.293610+00:00
USA,Auston Trusty,DF,6,27,"August 12, 1998",8,0,Celtic,Centre-Back,6000000.0,,0,3-4-3,market-value/caps positional projection,0.0,0.0,,1.0,available,https://en.wikipedia.org/wiki/2026_FIFA_World_Cup_squads,2026-08-17T01:54:00.293610+00:00
USA,Giovanni Reyna,MF,7,23,"November 13, 2002",38,9,Borussia Mönchengladbach,Attacking Midfield,4000000.0,,1,3-4-3,market-value/caps positional projection,0.0,0.0,,1.0,available,https://en.wikipedia.org/wiki/2026_FIFA_World_Cup_squads,2026-08-17T01:54:00.293610+00:00
USA,Weston McKennie,MF,8,27,"August 28, 1998",66,12,Juventus,Central Midfield,30000000.0,29/05/2026,1,3-4-3,market-value/caps positional projection,0.0,0.0,,1.0,available,https://en.wikipedia.org/wiki/2026_FIFA_World_Cup_squads,2026-08-17T01:54:00.293610+00:00
USA,Ricardo Pepi,FW,9,23,"January 9, 2003",37,13,PSV Eindhoven,Centre-Forward,30000000.0,28/05/2026,0,3-4-3,market-value/caps positional projection,0.0,0.0,,1.0,available,https://en.wikipedia.org/wiki/2026_FIFA_World_Cup_squads,2026-08-17T01:54:00.293610+00:00
USA,Christian Pulisic,FW,10,27,"September 18, 1998",86,33,AC Milan,Right Winger,40000000.0,29/05/2026,1,3-4-3,market-value/caps positional projection,0.0,0.0,,1.0,available,https://en.wikipedia.org/wiki/2026_FIFA_World_Cup_squads,2026-08-17T01:54:00.293610+00:00
USA,Brenden Aaronson,FW,11,25,"October 22, 2000",58,9,Leeds United,Attacking Midfield,22000000.0,,1,3-4-3,market-value/caps positional projection,0.0,0.0,,1.0,available,https://en.wikipedia.org/wiki/2026_FIFA_World_Cup_squads,2026-08-17T01:54:00.293610+00:00
USA,Miles Robinson,DF,12,29,"March 14, 1997",40,3,FC Cincinnati,Centre-Back,3500000.0,,0,3-4-3,market-value/caps positional projection,0.0,0.0,,1.0,available,https://en.wikipedia.org/wiki/2026_FIFA_World_Cup_squads,2026-08-17T01:54:00.293610+00:00
USA,Tim Ream,DF,13,38,"October 5, 1987",82,1,Charlotte FC,Centre-Back,150000.0,,0,3-4-3,market-value/caps positional projection,0.0,0.0,,1.0,available,https://en.wikipedia.org/wiki/2026_FIFA_World_Cup_squads,2026-08-17T01:54:00.293610+00:00
USA,Sebastian Berhalter,MF,14,25,"May 10, 2001",13,1,Vancouver Whitecaps FC,Central Midfield,8000000.0,,0,3-4-3,market-value/caps positional projection,0.0,0.0,,1.0,available,https://en.wikipedia.org/wiki/2026_FIFA_World_Cup_squads,2026-08-17T01:54:00.293610+00:00
USA,Cristian Roldan,MF,15,31,"June 3, 1995",47,0,Seattle Sounders FC,Central Midfield,3500000.0,,0,3-4-3,market-value/caps positional projection,0.0,0.0,,1.0,available,https://en.wikipedia.org/wiki/2026_FIFA_World_Cup_squads,2026-08-17T01:54:00.293610+00:00
USA,Alex Freeman,DF,16,21,"August 9, 2004",17,2,Villarreal,Right-Back,3500000.0,,0,3-4-3,market-value/caps positional projection,0.0,0.0,,1.0,available,https://en.wikipedia.org/wiki/2026_FIFA_World_Cup_squads,2026-08-17T01:54:00.293610+00:00
USA,Malik Tillman,MF,17,24,"May 28, 2002",30,3,Bayer Leverkusen,Attacking Midfield,30000000.0,27/05/2026,1,3-4-3,market-value/caps positional projection,0.0,0.0,,1.0,available,https://en.wikipedia.org/wiki/2026_FIFA_World_Cup_squads,2026-08-17T01:54:00.293610+00:00
USA,Max Arfsten,DF,18,25,"April 19, 2001",20,1,Columbus Crew,Left Winger,5000000.0,,0,3-4-3,market-value/caps positional projection,0.0,0.0,,1.0,available,https://en.wikipedia.org/wiki/2026_FIFA_World_Cup_squads,2026-08-17T01:54:00.293610+00:00
USA,Haji Wright,FW,19,28,"March 27, 1998",20,7,Coventry City,Centre-Forward,16000000.0,,0,3-4-3,market-value/caps positional projection,0.0,0.0,,1.0,available,https://en.wikipedia.org/wiki/2026_FIFA_World_Cup_squads,2026-08-17T01:54:00.293610+00:00
USA,Folarin Balogun,FW,20,24,"July 3, 2001",27,9,Monaco,Centre-Forward,40000000.0,01/06/2026,0,3-4-3,market-value/caps positional projection,0.0,0.0,,1.0,available,https://en.wikipedia.org/wiki/2026_FIFA_World_Cup_squads,2026-08-17T01:54:00.293610+00:00
USA,Timothy Weah,FW,21,26,"February 22, 2000",51,7,Marseille,Right Midfield,20000000.0,,1,3-4-3,market-value/caps positional projection,0.0,0.0,,1.0,available,https://en.wikipedia.org/wiki/2026_FIFA_World_Cup_squads,2026-08-17T01:54:00.293610+00:00
USA,Mark McKenzie,DF,22,27,"February 25, 1999",29,0,Toulouse,Centre-Back,7000000.0,,0,3-4-3,market-value/caps positional projection,0.0,0.0,,1.0,available,https://en.wikipedia.org/wiki/2026_FIFA_World_Cup_squads,2026-08-17T01:54:00.293610+00:00
USA,Joe Scally,DF,23,23,"December 31, 2002",26,0,Borussia Mönchengladbach,Right-Back,7000000.0,,0,3-4-3,market-value/caps positional projection,0.0,0.0,,1.0,available,https://en.wikipedia.org/wiki/2026_FIFA_World_Cup_squads,2026-08-17T01:54:00.293610+00:00
USA,Matt Freese,GK,24,27,"September 2, 1998",15,0,New York City FC,Goalkeeper,2000000.0,,0,3-4-3,market-value/caps positional projection,0.0,0.0,,1.0,available,https://en.wikipedia.org/wiki/2026_FIFA_World_Cup_squads,2026-08-17T01:54:00.293610+00:00
USA,Chris Brady,GK,25,22,"March 3, 2004",1,0,Chicago Fire FC,Goalkeeper,2500000.0,,0,3-4-3,market-value/caps positional projection,0.0,0.0,,1.0,available,https://en.wikipedia.org/wiki/2026_FIFA_World_Cup_squads,2026-08-17T01:54:00.293610+00:00
USA,Alejandro Zendejas,FW,26,28,"February 7, 1998",14,2,América,,0.0,,0,3-4-3,market-value/caps positional projection,0.0,0.0,,1.0,available,https://en.wikipedia.org/wiki/2026_FIFA_World_Cup_squads,2026-08-17T01:54:00.293610+00:00
Curacao,Eloy Room,GK,1,37,6 February 1989,71,0,Miami FC,Goalkeeper,150000.0,,1,4-3-3,market-value/caps positional projection,0.0,0.0,,1.0,available,https://en.wikipedia.org/wiki/2026_FIFA_World_Cup_squads,2026-08-17T01:54:00.293610+00:00
Curacao,Shurandy Sambo,DF,2,24,19 August 2001,8,0,Sparta Rotterdam,Right-Back,1300000.0,,0,4-3-3,market-value/caps positional projection,0.0,0.0,,1.0,available,https://en.wikipedia.org/wiki/2026_FIFA_World_Cup_squads,2026-08-17T01:54:00.293610+00:00
Curacao,Juriën Gaari,DF,3,32,23 December 1993,60,1,Abha,Centre-Back,350000.0,,1,4-3-3,market-value/caps positional projection,0.0,0.0,,1.0,available,https://en.wikipedia.org/wiki/2026_FIFA_World_Cup_squads,2026-08-17T01:54:00.293610+00:00
Curacao,Roshon van Eijma,DF,4,28,9 June 1998,28,1,RKC Waalwijk,Centre-Back,375000.0,,0,4-3-3,market-value/caps positional projection,0.0,0.0,,1.0,available,https://en.wikipedia.org/wiki/2026_FIFA_World_Cup_squads,2026-08-17T01:54:00.293610+00:00
Curacao,Sherel Floranus,DF,5,27,23 August 1998,28,0,PEC Zwolle,Left-Back,800000.0,,1,4-3-3,market-value/caps positional projection,0.0,0.0,,1.0,available,https://en.wikipedia.org/wiki/2026_FIFA_World_Cup_squads,2026-08-17T01:54:00.293610+00:00
Curacao,Godfried Roemeratoe,MF,6,26,19 August 1999,28,1,RKC Waalwijk,Defensive Midfield,350000.0,,0,4-3-3,market-value/caps positional projection,0.0,0.0,,1.0,available,https://en.wikipedia.org/wiki/2026_FIFA_World_Cup_squads,2026-08-17T01:54:00.293610+00:00
Curacao,Juninho Bacuna,MF,7,28,7 August 1997,49,15,Volendam,Central Midfield,1700000.0,,1,4-3-3,market-value/caps positional projection,0.0,0.0,,1.0,available,https://en.wikipedia.org/wiki/2026_FIFA_World_Cup_squads,2026-08-17T01:54:00.293610+00:00
Curacao,Livano Comenencia,MF,8,22,3 February 2004,20,2,Zürich,Right-Back,500000.0,,0,4-3-3,market-value/caps positional projection,0.0,0.0,,1.0,available,https://en.wikipedia.org/wiki/2026_FIFA_World_Cup_squads,2026-08-17T01:54:00.293610+00:00
Curacao,Jürgen Locadia,FW,9,32,7 November 1993,13,1,Miami FC,Centre-Forward,200000.0,,0,4-3-3,market-value/caps positional projection,0.0,0.0,,1.0,available,https://en.wikipedia.org/wiki/2026_FIFA_World_Cup_squads,2026-08-17T01:54:00.293610+00:00
Curacao,Leandro Bacuna,MF,10,34,21 August 1991,72,16,Iğdır,Central Midfield,250000.0,,1,4-3-3,market-value/caps positional projection,0.0,0.0,,1.0,available,https://en.wikipedia.org/wiki/2026_FIFA_World_Cup_squads,2026-08-17T01:54:00.293610+00:00
Curacao,Jeremy Antonisse,FW,11,24,29 March 2002,27,4,Kifisia,Left Winger,800000.0,,1,4-3-3,market-value/caps positional projection,0.0,0.0,,1.0,available,https://en.wikipedia.org/wiki/2026_FIFA_World_Cup_squads,2026-08-17T01:54:00.293610+00:00
Curacao,Sontje Hansen,FW,12,24,18 May 2002,6,1,Middlesbrough,Right Winger,3500000.0,,0,4-3-3,market-value/caps positional projection,0.0,0.0,,1.0,available,https://en.wikipedia.org/wiki/2026_FIFA_World_Cup_squads,2026-08-17T01:54:00.293610+00:00
Curacao,Tyrese Noslin,FW,13,23,11 September 2002,7,1,Telstar,Right Midfield,750000.0,,0,4-3-3,market-value/caps positional projection,0.0,0.0,,1.0,available,https://en.wikipedia.org/wiki/2026_FIFA_World_Cup_squads,2026-08-17T01:54:00.293610+00:00
Curacao,Kenji Gorré,FW,14,31,29 September 1994,38,6,Maccabi Haifa,Left Winger,600000.0,,1,4-3-3,market-value/caps positional projection,0.0,0.0,,1.0,available,https://en.wikipedia.org/wiki/2026_FIFA_World_Cup_squads,2026-08-17T01:54:00.293610+00:00
Curacao,Ar'jany Martha,MF,15,22,4 September 2003,9,2,Rotherham United,Right Winger,700000.0,,0,4-3-3,market-value/caps positional projection,0.0,0.0,,1.0,available,https://en.wikipedia.org/wiki/2026_FIFA_World_Cup_squads,2026-08-17T01:54:00.293610+00:00
Curacao,Jearl Margaritha,FW,16,26,10 April 2000,22,5,Beveren,Left Winger,1000000.0,,1,4-3-3,market-value/caps positional projection,0.0,0.0,,1.0,available,https://en.wikipedia.org/wiki/2026_FIFA_World_Cup_squads,2026-08-17T01:54:00.293610+00:00
Curacao,Brandley Kuwas,FW,17,33,19 September 1992,35,2,Volendam,Right Winger,250000.0,,0,4-3-3,market-value/caps positional projection,0.0,0.0,,1.0,available,https://en.wikipedia.org/wiki/2026_FIFA_World_Cup_squads,2026-08-17T01:54:00.293610+00:00
Curacao,Armando Obispo,DF,18,27,5 March 1999,6,0,PSV Eindhoven,Centre-Back,4000000.0,,1,4-3-3,market-value/caps positional projection,0.0,0.0,,1.0,available,https://en.wikipedia.org/wiki/2026_FIFA_World_Cup_squads,2026-08-17T01:54:00.293610+00:00
Curacao,Gervane Kastaneer,FW,19,30,9 June 1996,29,9,Terengganu,Centre-Forward,225000.0,,0,4-3-3,market-value/caps positional projection,0.0,0.0,,1.0,available,https://en.wikipedia.org/wiki/2026_FIFA_World_Cup_squads,2026-08-17T01:54:00.293610+00:00
Curacao,Joshua Brenet,DF,20,32,20 March 1994,18,2,Kayserispor,Right-Back,1000000.0,,1,4-3-3,market-value/caps positional projection,0.0,0.0,,1.0,available,https://en.wikipedia.org/wiki/2026_FIFA_World_Cup_squads,2026-08-17T01:54:00.293610+00:00
Curacao,Tahith Chong,MF,21,26,4 December 1999,6,3,Sheffield United,Attacking Midfield,3500000.0,,1,4-3-3,market-value/caps positional projection,0.0,0.0,,1.0,available,https://en.wikipedia.org/wiki/2026_FIFA_World_Cup_squads,2026-08-17T01:54:00.293610+00:00
Curacao,Kevin Felida,MF,22,26,11 November 1999,19,1,Den Bosch,Defensive Midfield,400000.0,,0,4-3-3,market-value/caps positional projection,0.0,0.0,,1.0,available,https://en.wikipedia.org/wiki/2026_FIFA_World_Cup_squads,2026-08-17T01:54:00.293610+00:00
Curacao,Riechedly Bazoer,DF,23,29,12 October 1996,5,0,Konyaspor,Centre-Back,1500000.0,,0,4-3-3,market-value/caps positional projection,0.0,0.0,,1.0,available,https://en.wikipedia.org/wiki/2026_FIFA_World_Cup_squads,2026-08-17T01:54:00.293610+00:00
Curacao,Deveron Fonville,DF,24,23,16 May 2003,2,0,NEC,Centre-Back,1500000.0,,0,4-3-3,market-value/caps positional projection,0.0,0.0,,1.0,available,https://en.wikipedia.org/wiki/2026_FIFA_World_Cup_squads,2026-08-17T01:54:00.293610+00:00
Curacao,Tyrick Bodak,GK,25,24,15 May 2002,4,0,Telstar,Goalkeeper,25000.0,,0,4-3-3,market-value/caps positional projection,0.0,0.0,,1.0,available,https://en.wikipedia.org/wiki/2026_FIFA_World_Cup_squads,2026-08-17T01:54:00.293610+00:00
Curacao,Trevor Doornbusch,GK,26,26,6 July 1999,8,0,VVV-Venlo,Goalkeeper,50000.0,,0,4-3-3,market-value/caps positional projection,0.0,0.0,,1.0,available,https://en.wikipedia.org/wiki/2026_FIFA_World_Cup_squads,2026-08-17T01:54:00.293610+00:00
Ecuador,Hernán Galíndez,GK,1,39,30 March 1987,35,0,Huracán,Goalkeeper,300000.0,,1,4-3-3,market-value/caps positional projection,0.0,0.0,,1.0,available,https://en.wikipedia.org/wiki/2026_FIFA_World_Cup_squads,2026-08-17T01:54:00.293610+00:00
Ecuador,Félix Torres,DF,2,29,11 January 1997,49,5,Internacional,Centre-Back,1000000.0,,0,4-3-3,market-value/caps positional projection,0.0,0.0,,1.0,available,https://en.wikipedia.org/wiki/2026_FIFA_World_Cup_squads,2026-08-17T01:54:00.293610+00:00
Ecuador,Piero Hincapié,DF,3,24,9 January 2002,52,3,Arsenal,Centre-Back,50000000.0,03/06/2026,1,4-3-3,market-value/caps positional projection,0.0,0.0,,1.0,available,https://en.wikipedia.org/wiki/2026_FIFA_World_Cup_squads,2026-08-17T01:54:00.293610+00:00
Ecuador,Joel Ordóñez,DF,4,22,21 April 2004,17,0,Club Brugge,Centre-Back,33000000.0,04/06/2026,0,4-3-3,market-value/caps positional projection,0.0,0.0,,1.0,available,https://en.wikipedia.org/wiki/2026_FIFA_World_Cup_squads,2026-08-17T01:54:00.293610+00:00
Ecuador,Jordy Alcívar,MF,5,26,5 August 1999,11,1,Independiente del Valle,Defensive Midfield,2000000.0,,0,4-3-3,market-value/caps positional projection,0.0,0.0,,1.0,available,https://en.wikipedia.org/wiki/2026_FIFA_World_Cup_squads,2026-08-17T01:54:00.293610+00:00
Ecuador,Willian Pacho,DF,6,24,16 October 2001,34,2,Paris Saint-Germain,Centre-Back,80000000.0,01/06/2026,1,4-3-3,market-value/caps positional projection,0.0,0.0,,1.0,available,https://en.wikipedia.org/wiki/2026_FIFA_World_Cup_squads,2026-08-17T01:54:00.293610+00:00
Ecuador,Pervis Estupiñán,DF,7,28,21 January 1998,54,5,AC Milan,Left-Back,12000000.0,,1,4-3-3,market-value/caps positional projection,0.0,0.0,,1.0,available,https://en.wikipedia.org/wiki/2026_FIFA_World_Cup_squads,2026-08-17T01:54:00.293610+00:00
Ecuador,Anthony Valencia,MF,8,22,21 July 2003,3,1,Antwerp,Right Winger,1800000.0,,0,4-3-3,market-value/caps positional projection,0.0,0.0,,1.0,available,https://en.wikipedia.org/wiki/2026_FIFA_World_Cup_squads,2026-08-17T01:54:00.293610+00:00
Ecuador,John Yeboah,FW,9,25,23 June 2000,23,3,Venezia,Second Striker,5500000.0,,0,4-3-3,market-value/caps positional projection,0.0,0.0,,1.0,available,https://en.wikipedia.org/wiki/2026_FIFA_World_Cup_squads,2026-08-17T01:54:00.293610+00:00
Ecuador,Kendry Páez,MF,10,19,4 May 2007,26,2,River Plate,Attacking Midfield,8000000.0,,1,4-3-3,market-value/caps positional projection,0.0,0.0,,1.0,available,https://en.wikipedia.org/wiki/2026_FIFA_World_Cup_squads,2026-08-17T01:54:00.293610+00:00
Ecuador,Kevin Rodríguez,FW,11,26,4 March 2000,31,2,Union Saint-Gilloise,Centre-Forward,6000000.0,,1,4-3-3,market-value/caps positional projection,0.0,0.0,,1.0,available,https://en.wikipedia.org/wiki/2026_FIFA_World_Cup_squads,2026-08-17T01:54:00.293610+00:00
Ecuador,Moisés Ramírez,GK,12,25,9 September 2000,7,0,Kifisia,Goalkeeper,800000.0,,0,4-3-3,market-value/caps positional projection,0.0,0.0,,1.0,available,https://en.wikipedia.org/wiki/2026_FIFA_World_Cup_squads,2026-08-17T01:54:00.293610+00:00
Ecuador,Enner Valencia,FW,13,36,4 November 1989,105,49,Pachuca,Centre-Forward,1000000.0,,1,4-3-3,market-value/caps positional projection,0.0,0.0,,1.0,available,https://en.wikipedia.org/wiki/2026_FIFA_World_Cup_squads,2026-08-17T01:54:00.293610+00:00
Ecuador,Alan Minda,MF,14,23,14 May 2003,20,2,Atlético Mineiro,Right Winger,3000000.0,,0,4-3-3,market-value/caps positional projection,0.0,0.0,,1.0,available,https://en.wikipedia.org/wiki/2026_FIFA_World_Cup_squads,2026-08-17T01:54:00.293610+00:00
Ecuador,Pedro Vite,MF,15,24,9 March 2002,17,1,Pumas UNAM,Central Midfield,6000000.0,,0,4-3-3,market-value/caps positional projection,0.0,0.0,,1.0,available,https://en.wikipedia.org/wiki/2026_FIFA_World_Cup_squads,2026-08-17T01:54:00.293610+00:00
Ecuador,Jordy Caicedo,FW,16,28,18 November 1997,20,4,Huracán,Centre-Forward,2000000.0,,0,4-3-3,market-value/caps positional projection,0.0,0.0,,1.0,available,https://en.wikipedia.org/wiki/2026_FIFA_World_Cup_squads,2026-08-17T01:54:00.293610+00:00
Ecuador,Ángelo Preciado,DF,17,28,18 February 1998,55,0,Atlético Mineiro,Right-Back,3500000.0,,1,4-3-3,market-value/caps positional projection,0.0,0.0,,1.0,available,https://en.wikipedia.org/wiki/2026_FIFA_World_Cup_squads,2026-08-17T01:54:00.293610+00:00
Ecuador,Denil Castillo,MF,18,22,24 March 2004,5,0,Midtjylland,Central Midfield,7000000.0,,0,4-3-3,market-value/caps positional projection,0.0,0.0,,1.0,available,https://en.wikipedia.org/wiki/2026_FIFA_World_Cup_squads,2026-08-17T01:54:00.293610+00:00
Ecuador,Gonzalo Plata,FW,19,25,1 November 2000,50,8,Flamengo,Right Winger,9000000.0,,1,4-3-3,market-value/caps positional projection,0.0,0.0,,1.0,available,https://en.wikipedia.org/wiki/2026_FIFA_World_Cup_squads,2026-08-17T01:54:00.293610+00:00
Ecuador,Nilson Angulo,FW,20,22,19 June 2003,14,2,Sunderland,Left Winger,17000000.0,,0,4-3-3,market-value/caps positional projection,0.0,0.0,,1.0,available,https://en.wikipedia.org/wiki/2026_FIFA_World_Cup_squads,2026-08-17T01:54:00.293610+00:00
Ecuador,Alan Franco,MF,21,27,21 August 1998,58,1,Atlético Mineiro,Central Midfield,4500000.0,,1,4-3-3,market-value/caps positional projection,0.0,0.0,,1.0,available,https://en.wikipedia.org/wiki/2026_FIFA_World_Cup_squads,2026-08-17T01:54:00.293610+00:00
Ecuador,Gonzalo Valle,GK,22,30,28 February 1996,4,0,LDU Quito,Goalkeeper,1800000.0,,0,4-3-3,market-value/caps positional projection,0.0,0.0,,1.0,available,https://en.wikipedia.org/wiki/2026_FIFA_World_Cup_squads,2026-08-17T01:54:00.293610+00:00
Ecuador,Moisés Caicedo,MF,23,24,2 November 2001,61,3,Chelsea,Defensive Midfield,100000000.0,03/06/2026,1,4-3-3,market-value/caps positional projection,0.0,0.0,,1.0,available,https://en.wikipedia.org/wiki/2026_FIFA_World_Cup_squads,2026-08-17T01:54:00.293610+00:00
Ecuador,Jeremy Arévalo,FW,24,21,19 March 2005,4,0,VfB Stuttgart,Centre-Forward,7000000.0,,0,4-3-3,market-value/caps positional projection,0.0,0.0,,1.0,available,https://en.wikipedia.org/wiki/2026_FIFA_World_Cup_squads,2026-08-17T01:54:00.293610+00:00
Ecuador,Jackson Porozo,DF,25,25,4 August 2000,10,1,Tijuana,Centre-Back,2500000.0,,0,4-3-3,market-value/caps positional projection,0.0,0.0,,1.0,available,https://en.wikipedia.org/wiki/2026_FIFA_World_Cup_squads,2026-08-17T01:54:00.293610+00:00
Ecuador,Yaimar Medina,DF,26,21,5 November 2004,6,0,Genk,Left-Back,4000000.0,,0,4-3-3,market-value/caps positional projection,0.0,0.0,,1.0,available,https://en.wikipedia.org/wiki/2026_FIFA_World_Cup_squads,2026-08-17T01:54:00.293610+00:00
Germany,Manuel Neuer,GK,1,40,27 March 1986,124,0,Bayern Munich,Goalkeeper,4000000.0,,1,4-2-3-1,market-value/caps positional projection,0.0,0.0,,1.0,available,https://en.wikipedia.org/wiki/2026_FIFA_World_Cup_squads,2026-08-17T01:54:00.293610+00:00
Germany,Antonio Rüdiger,DF,2,33,3 March 1993,82,3,Real Madrid,Centre-Back,6000000.0,,1,4-2-3-1,market-value/caps positional projection,0.0,0.0,,1.0,available,https://en.wikipedia.org/wiki/2026_FIFA_World_Cup_squads,2026-08-17T01:54:00.293610+00:00
Germany,Waldemar Anton,DF,3,29,20 July 1996,13,0,Borussia Dortmund,Centre-Back,18000000.0,,0,4-2-3-1,market-value/caps positional projection,0.0,0.0,,1.0,available,https://en.wikipedia.org/wiki/2026_FIFA_World_Cup_squads,2026-08-17T01:54:00.293610+00:00
Germany,Jonathan Tah,DF,4,30,11 February 1996,47,1,Bayern Munich,Centre-Back,28000000.0,27/05/2026,1,4-2-3-1,market-value/caps positional projection,0.0,0.0,,1.0,available,https://en.wikipedia.org/wiki/2026_FIFA_World_Cup_squads,2026-08-17T01:54:00.293610+00:00
Germany,Aleksandar Pavlović,MF,5,22,3 May 2004,11,1,Bayern Munich,Defensive Midfield,90000000.0,27/05/2026,1,4-2-3-1,market-value/caps positional projection,0.0,0.0,,1.0,available,https://en.wikipedia.org/wiki/2026_FIFA_World_Cup_squads,2026-08-17T01:54:00.293610+00:00
Germany,Joshua Kimmich,DF,6,31,8 February 1995,110,10,Bayern Munich,Defensive Midfield,35000000.0,27/05/2026,1,4-2-3-1,market-value/caps positional projection,0.0,0.0,,1.0,available,https://en.wikipedia.org/wiki/2026_FIFA_World_Cup_squads,2026-08-17T01:54:00.293610+00:00
Germany,Kai Havertz,FW,7,27,11 June 1999,58,22,Arsenal,Centre-Forward,55000000.0,03/06/2026,1,4-2-3-1,market-value/caps positional projection,0.0,0.0,,1.0,available,https://en.wikipedia.org/wiki/2026_FIFA_World_Cup_squads,2026-08-17T01:54:00.293610+00:00
Germany,Leon Goretzka,MF,8,31,6 February 1995,70,15,Bayern Munich,Central Midfield,12000000.0,,1,4-2-3-1,market-value/caps positional projection,0.0,0.0,,1.0,available,https://en.wikipedia.org/wiki/2026_FIFA_World_Cup_squads,2026-08-17T01:54:00.293610+00:00
Germany,Jamie Leweling,MF,9,25,26 February 2001,5,1,VfB Stuttgart,Right Winger,40000000.0,27/05/2026,0,4-2-3-1,market-value/caps positional projection,0.0,0.0,,1.0,available,https://en.wikipedia.org/wiki/2026_FIFA_World_Cup_squads,2026-08-17T01:54:00.293610+00:00
Germany,Jamal Musiala,MF,10,23,26 February 2003,42,9,Bayern Munich,Attacking Midfield,100000000.0,27/05/2026,1,4-2-3-1,market-value/caps positional projection,0.0,0.0,,1.0,available,https://en.wikipedia.org/wiki/2026_FIFA_World_Cup_squads,2026-08-17T01:54:00.293610+00:00
Germany,Nick Woltemade,FW,11,24,14 February 2002,11,4,Newcastle United,Centre-Forward,55000000.0,03/06/2026,0,4-2-3-1,market-value/caps positional projection,0.0,0.0,,1.0,available,https://en.wikipedia.org/wiki/2026_FIFA_World_Cup_squads,2026-08-17T01:54:00.293610+00:00
Germany,Oliver Baumann,GK,12,36,2 June 1990,13,0,TSG Hoffenheim,Goalkeeper,2500000.0,,0,4-2-3-1,market-value/caps positional projection,0.0,0.0,,1.0,available,https://en.wikipedia.org/wiki/2026_FIFA_World_Cup_squads,2026-08-17T01:54:00.293610+00:00
Germany,Pascal Groß,MF,13,34,15 June 1991,18,1,Brighton & Hove Albion,Central Midfield,2500000.0,,0,4-2-3-1,market-value/caps positional projection,0.0,0.0,,1.0,available,https://en.wikipedia.org/wiki/2026_FIFA_World_Cup_squads,2026-08-17T01:54:00.293610+00:00
Germany,Maximilian Beier,FW,14,23,17 October 2002,9,0,Borussia Dortmund,Centre-Forward,40000000.0,27/05/2026,0,4-2-3-1,market-value/caps positional projection,0.0,0.0,,1.0,available,https://en.wikipedia.org/wiki/2026_FIFA_World_Cup_squads,2026-08-17T01:54:00.293610+00:00
Germany,Nico Schlotterbeck,DF,15,26,1 December 1999,27,0,Borussia Dortmund,Centre-Back,55000000.0,27/05/2026,0,4-2-3-1,market-value/caps positional projection,0.0,0.0,,1.0,available,https://en.wikipedia.org/wiki/2026_FIFA_World_Cup_squads,2026-08-17T01:54:00.293610+00:00
Germany,Angelo Stiller,MF,16,25,4 April 2001,8,0,VfB Stuttgart,Defensive Midfield,45000000.0,27/05/2026,0,4-2-3-1,market-value/caps positional projection,0.0,0.0,,1.0,available,https://en.wikipedia.org/wiki/2026_FIFA_World_Cup_squads,2026-08-17T01:54:00.293610+00:00
Germany,Florian Wirtz,MF,17,23,3 May 2003,41,11,Liverpool,Attacking Midfield,100000000.0,03/06/2026,1,4-2-3-1,market-value/caps positional projection,0.0,0.0,,1.0,available,https://en.wikipedia.org/wiki/2026_FIFA_World_Cup_squads,2026-08-17T01:54:00.293610+00:00
Germany,Nathaniel Brown,DF,18,22,16 June 2003,5,0,Eintracht Frankfurt,Left-Back,40000000.0,27/05/2026,0,4-2-3-1,market-value/caps positional projection,0.0,0.0,,1.0,available,https://en.wikipedia.org/wiki/2026_FIFA_World_Cup_squads,2026-08-17T01:54:00.293610+00:00
Germany,Leroy Sané,MF,19,30,11 January 1996,76,17,Galatasaray,Right Winger,20000000.0,,1,4-2-3-1,market-value/caps positional projection,0.0,0.0,,1.0,available,https://en.wikipedia.org/wiki/2026_FIFA_World_Cup_squads,2026-08-17T01:54:00.293610+00:00
Germany,Nadiem Amiri,MF,20,29,27 October 1996,11,1,Mainz 05,Central Midfield,17000000.0,,0,4-2-3-1,market-value/caps positional projection,0.0,0.0,,1.0,available,https://en.wikipedia.org/wiki/2026_FIFA_World_Cup_squads,2026-08-17T01:54:00.293610+00:00
Germany,Alexander Nübel,GK,21,29,30 September 1996,3,0,VfB Stuttgart,Goalkeeper,12000000.0,,0,4-2-3-1,market-value/caps positional projection,0.0,0.0,,1.0,available,https://en.wikipedia.org/wiki/2026_FIFA_World_Cup_squads,2026-08-17T01:54:00.293610+00:00
Germany,David Raum,DF,22,28,22 April 1998,37,1,RB Leipzig,Left-Back,25000000.0,,1,4-2-3-1,market-value/caps positional projection,0.0,0.0,,1.0,available,https://en.wikipedia.org/wiki/2026_FIFA_World_Cup_squads,2026-08-17T01:54:00.293610+00:00
Germany,Felix Nmecha,MF,23,25,10 October 2000,8,1,Borussia Dortmund,Central Midfield,50000000.0,27/05/2026,0,4-2-3-1,market-value/caps positional projection,0.0,0.0,,1.0,available,https://en.wikipedia.org/wiki/2026_FIFA_World_Cup_squads,2026-08-17T01:54:00.293610+00:00
Germany,Malick Thiaw,DF,24,24,8 August 2001,5,0,Newcastle United,Centre-Back,45000000.0,03/06/2026,0,4-2-3-1,market-value/caps positional projection,0.0,0.0,,1.0,available,https://en.wikipedia.org/wiki/2026_FIFA_World_Cup_squads,2026-08-17T01:54:00.293610+00:00
Germany,Assan Ouédraogo,MF,25,20,9 May 2006,1,1,RB Leipzig,Central Midfield,28000000.0,27/05/2026,0,4-2-3-1,market-value/caps positional projection,0.0,0.0,,1.0,available,https://en.wikipedia.org/wiki/2026_FIFA_World_Cup_squads,2026-08-17T01:54:00.293610+00:00
Germany,Deniz Undav,FW,26,29,19 July 1996,9,6,VfB Stuttgart,Centre-Forward,22000000.0,27/05/2026,0,4-2-3-1,market-value/caps positional projection,0.0,0.0,,1.0,available,https://en.wikipedia.org/wiki/2026_FIFA_World_Cup_squads,2026-08-17T01:54:00.293610+00:00
Cote d'Ivoire,Yahia Fofana,GK,1,25,21 August 2000,35,0,Çaykur Rizespor,Goalkeeper,5000000.0,,1,4-3-3,market-value/caps positional projection,0.0,0.0,,1.0,available,https://en.wikipedia.org/wiki/2026_FIFA_World_Cup_squads,2026-08-17T01:54:00.293610+00:00
Cote d'Ivoire,Ousmane Diomande,DF,2,22,4 December 2003,15,1,Sporting CP,Centre-Back,42000000.0,28/05/2026,0,4-3-3,market-value/caps positional projection,0.0,0.0,,1.0,available,https://en.wikipedia.org/wiki/2026_FIFA_World_Cup_squads,2026-08-17T01:54:00.293610+00:00
Cote d'Ivoire,Ghislain Konan,DF,3,30,27 December 1995,54,0,Gil Vicente,Left-Back,3000000.0,,1,4-3-3,market-value/caps positional projection,0.0,0.0,,1.0,available,https://en.wikipedia.org/wiki/2026_FIFA_World_Cup_squads,2026-08-17T01:54:00.293610+00:00
Cote d'Ivoire,Jean Michaël Seri,MF,4,34,19 July 1991,65,4,Maribor,Defensive Midfield,100000.0,,0,4-3-3,market-value/caps positional projection,0.0,0.0,,1.0,available,https://en.wikipedia.org/wiki/2026_FIFA_World_Cup_squads,2026-08-17T01:54:00.293610+00:00
Cote d'Ivoire,Wilfried Singo,DF,5,25,25 December 2000,34,1,Galatasaray,Right-Back,23000000.0,21/05/2026,1,4-3-3,market-value/caps positional projection,0.0,0.0,,1.0,available,https://en.wikipedia.org/wiki/2026_FIFA_World_Cup_squads,2026-08-17T01:54:00.293610+00:00
Cote d'Ivoire,Seko Fofana,MF,6,31,7 May 1995,33,7,Porto,Central Midfield,8000000.0,,1,4-3-3,market-value/caps positional projection,0.0,0.0,,1.0,available,https://en.wikipedia.org/wiki/2026_FIFA_World_Cup_squads,2026-08-17T01:54:00.293610+00:00
Cote d'Ivoire,Odilon Kossounou,DF,7,25,4 January 2001,36,0,Atalanta,Centre-Back,15000000.0,,1,4-3-3,market-value/caps positional projection,0.0,0.0,,1.0,available,https://en.wikipedia.org/wiki/2026_FIFA_World_Cup_squads,2026-08-17T01:54:00.293610+00:00
Cote d'Ivoire,Franck Kessié,MF,8,29,19 December 1996,102,15,Al-Ahli,Central Midfield,12000000.0,,1,4-3-3,market-value/caps positional projection,0.0,0.0,,1.0,available,https://en.wikipedia.org/wiki/2026_FIFA_World_Cup_squads,2026-08-17T01:54:00.293610+00:00
Cote d'Ivoire,Ange-Yoan Bonny,FW,9,22,25 October 2003,1,0,Inter Milan,Centre-Forward,35000000.0,29/05/2026,0,4-3-3,market-value/caps positional projection,0.0,0.0,,1.0,available,https://en.wikipedia.org/wiki/2026_FIFA_World_Cup_squads,2026-08-17T01:54:00.293610+00:00
Cote d'Ivoire,Simon Adingra,FW,10,24,1 January 2002,29,5,Monaco,Left Winger,22000000.0,01/06/2026,1,4-3-3,market-value/caps positional projection,0.0,0.0,,1.0,available,https://en.wikipedia.org/wiki/2026_FIFA_World_Cup_squads,2026-08-17T01:54:00.293610+00:00
Cote d'Ivoire,Yan Diomande,FW,11,19,14 November 2006,10,3,RB Leipzig,Left Winger,90000000.0,27/05/2026,0,4-3-3,market-value/caps positional projection,0.0,0.0,,1.0,available,https://en.wikipedia.org/wiki/2026_FIFA_World_Cup_squads,2026-08-17T01:54:00.293610+00:00
Cote d'Ivoire,Elye Wahi,FW,12,23,2 January 2003,2,0,Nice,Centre-Forward,18000000.0,,0,4-3-3,market-value/caps positional projection,0.0,0.0,,1.0,available,https://en.wikipedia.org/wiki/2026_FIFA_World_Cup_squads,2026-08-17T01:54:00.293610+00:00
Cote d'Ivoire,Christopher Opéri,DF,13,29,29 April 1997,12,0,İstanbul Başakşehir,Left-Back,4000000.0,,0,4-3-3,market-value/caps positional projection,0.0,0.0,,1.0,available,https://en.wikipedia.org/wiki/2026_FIFA_World_Cup_squads,2026-08-17T01:54:00.293610+00:00
Cote d'Ivoire,Oumar Diakité,FW,14,22,20 December 2003,30,6,Cercle Brugge,Centre-Forward,5000000.0,,0,4-3-3,market-value/caps positional projection,0.0,0.0,,1.0,available,https://en.wikipedia.org/wiki/2026_FIFA_World_Cup_squads,2026-08-17T01:54:00.293610+00:00
Cote d'Ivoire,Amad Diallo,FW,15,23,11 July 2002,19,6,Manchester United,Right Winger,45000000.0,03/06/2026,1,4-3-3,market-value/caps positional projection,0.0,0.0,,1.0,available,https://en.wikipedia.org/wiki/2026_FIFA_World_Cup_squads,2026-08-17T01:54:00.293610+00:00
Cote d'Ivoire,Mohamed Koné,GK,16,24,7 March 2002,0,0,Charleroi,Goalkeeper,2000000.0,,0,4-3-3,market-value/caps positional projection,0.0,0.0,,1.0,available,https://en.wikipedia.org/wiki/2026_FIFA_World_Cup_squads,2026-08-17T01:54:00.293610+00:00
Cote d'Ivoire,Guéla Doué,DF,17,23,17 October 2002,20,3,Strasbourg,Right-Back,20000000.0,,0,4-3-3,market-value/caps positional projection,0.0,0.0,,1.0,available,https://en.wikipedia.org/wiki/2026_FIFA_World_Cup_squads,2026-08-17T01:54:00.293610+00:00
Cote d'Ivoire,Ibrahim Sangaré,MF,18,28,2 December 1997,57,12,Nottingham Forest,Defensive Midfield,20000000.0,,1,4-3-3,market-value/caps positional projection,0.0,0.0,,1.0,available,https://en.wikipedia.org/wiki/2026_FIFA_World_Cup_squads,2026-08-17T01:54:00.293610+00:00
Cote d'Ivoire,Nicolas Pépé,FW,19,31,29 May 1995,56,12,Villarreal,Right Winger,6000000.0,,1,4-3-3,market-value/caps positional projection,0.0,0.0,,1.0,available,https://en.wikipedia.org/wiki/2026_FIFA_World_Cup_squads,2026-08-17T01:54:00.293610+00:00
Cote d'Ivoire,Emmanuel Agbadou,DF,20,28,17 June 1997,20,2,Beşiktaş,Centre-Back,16000000.0,,0,4-3-3,market-value/caps positional projection,0.0,0.0,,1.0,available,https://en.wikipedia.org/wiki/2026_FIFA_World_Cup_squads,2026-08-17T01:54:00.293610+00:00
Cote d'Ivoire,Evan Ndicka,DF,21,26,20 August 1999,28,0,Roma,Centre-Back,35000000.0,29/05/2026,1,4-3-3,market-value/caps positional projection,0.0,0.0,,1.0,available,https://en.wikipedia.org/wiki/2026_FIFA_World_Cup_squads,2026-08-17T01:54:00.293610+00:00
Cote d'Ivoire,Evann Guessand,FW,22,24,1 July 2001,21,4,Crystal Palace,Right Winger,25000000.0,03/06/2026,0,4-3-3,market-value/caps positional projection,0.0,0.0,,1.0,available,https://en.wikipedia.org/wiki/2026_FIFA_World_Cup_squads,2026-08-17T01:54:00.293610+00:00
Cote d'Ivoire,Alban Lafont,GK,23,27,23 January 1999,4,0,Panathinaikos,Goalkeeper,3000000.0,,0,4-3-3,market-value/caps positional projection,0.0,0.0,,1.0,available,https://en.wikipedia.org/wiki/2026_FIFA_World_Cup_squads,2026-08-17T01:54:00.293610+00:00
Cote d'Ivoire,Bazoumana Touré,FW,24,20,2 March 2006,6,2,TSG Hoffenheim,Left Winger,40000000.0,27/05/2026,0,4-3-3,market-value/caps positional projection,0.0,0.0,,1.0,available,https://en.wikipedia.org/wiki/2026_FIFA_World_Cup_squads,2026-08-17T01:54:00.293610+00:00
Cote d'Ivoire,Parfait Guiagon,MF,25,25,22 February 2001,5,0,Charleroi,Left Winger,5000000.0,,0,4-3-3,market-value/caps positional projection,0.0,0.0,,1.0,available,https://en.wikipedia.org/wiki/2026_FIFA_World_Cup_squads,2026-08-17T01:54:00.293610+00:00
Cote d'Ivoire,Christ Inao Oulaï,MF,26,20,6 April 2006,9,0,Trabzonspor,Central Midfield,23000000.0,21/05/2026,0,4-3-3,market-value/caps positional projection,0.0,0.0,,1.0,available,https://en.wikipedia.org/wiki/2026_FIFA_World_Cup_squads,2026-08-17T01:54:00.293610+00:00
Japan,Zion Suzuki,GK,1,23,21 August 2002,24,0,Parma,Goalkeeper,20000000.0,,1,4-2-3-1,market-value/caps positional projection,0.0,0.0,,1.0,available,https://en.wikipedia.org/wiki/2026_FIFA_World_Cup_squads,2026-08-17T01:54:00.293610+00:00
Japan,Yukinari Sugawara,DF,2,25,28 June 2000,21,2,Werder Bremen,Right-Back,5500000.0,,0,4-2-3-1,market-value/caps positional projection,0.0,0.0,,1.0,available,https://en.wikipedia.org/wiki/2026_FIFA_World_Cup_squads,2026-08-17T01:54:00.293610+00:00
Japan,Shōgo Taniguchi,DF,3,34,15 July 1991,38,1,Sint-Truiden,Centre-Back,750000.0,,0,4-2-3-1,market-value/caps positional projection,0.0,0.0,,1.0,available,https://en.wikipedia.org/wiki/2026_FIFA_World_Cup_squads,2026-08-17T01:54:00.293610+00:00
Japan,Kō Itakura,DF,4,29,27 January 1997,40,2,Ajax,Centre-Back,8000000.0,,1,4-2-3-1,market-value/caps positional projection,0.0,0.0,,1.0,available,https://en.wikipedia.org/wiki/2026_FIFA_World_Cup_squads,2026-08-17T01:54:00.293610+00:00
Japan,Yūto Nagatomo,DF,5,39,12 September 1986,145,4,FC Tokyo,Left-Back,100000.0,,1,4-2-3-1,market-value/caps positional projection,0.0,0.0,,1.0,available,https://en.wikipedia.org/wiki/2026_FIFA_World_Cup_squads,2026-08-17T01:54:00.293610+00:00
Japan,Shūto Machino,FW,6,26,30 September 1999,14,5,Borussia Mönchengladbach,Centre-Forward,4000000.0,,0,4-2-3-1,market-value/caps positional projection,0.0,0.0,,1.0,available,https://en.wikipedia.org/wiki/2026_FIFA_World_Cup_squads,2026-08-17T01:54:00.293610+00:00
Japan,Ao Tanaka,MF,7,27,10 September 1998,38,8,Leeds United,Central Midfield,13000000.0,,1,4-2-3-1,market-value/caps positional projection,0.0,0.0,,1.0,available,https://en.wikipedia.org/wiki/2026_FIFA_World_Cup_squads,2026-08-17T01:54:00.293610+00:00
Japan,Takefusa Kubo,MF,8,25,4 June 2001,49,7,Real Sociedad,Right Winger,20000000.0,,1,4-2-3-1,market-value/caps positional projection,0.0,0.0,,1.0,available,https://en.wikipedia.org/wiki/2026_FIFA_World_Cup_squads,2026-08-17T01:54:00.293610+00:00
Japan,Keisuke Gotō,FW,9,21,3 June 2005,4,0,Sint-Truiden,Centre-Forward,10000000.0,,0,4-2-3-1,market-value/caps positional projection,0.0,0.0,,1.0,available,https://en.wikipedia.org/wiki/2026_FIFA_World_Cup_squads,2026-08-17T01:54:00.293610+00:00
Japan,Ritsu Dōan,MF,10,27,16 June 1998,65,11,Eintracht Frankfurt,Right Winger,17000000.0,,1,4-2-3-1,market-value/caps positional projection,0.0,0.0,,1.0,available,https://en.wikipedia.org/wiki/2026_FIFA_World_Cup_squads,2026-08-17T01:54:00.293610+00:00
Japan,Daizen Maeda,MF,11,28,20 October 1997,27,4,Celtic,Left Winger,13000000.0,,0,4-2-3-1,market-value/caps positional projection,0.0,0.0,,1.0,available,https://en.wikipedia.org/wiki/2026_FIFA_World_Cup_squads,2026-08-17T01:54:00.293610+00:00
Japan,Keisuke Ōsako,GK,12,26,28 July 1999,11,0,Sanfrecce Hiroshima,Goalkeeper,2000000.0,,0,4-2-3-1,market-value/caps positional projection,0.0,0.0,,1.0,available,https://en.wikipedia.org/wiki/2026_FIFA_World_Cup_squads,2026-08-17T01:54:00.293610+00:00
Japan,Keito Nakamura,MF,13,25,28 July 2000,25,10,Reims,Left Winger,10000000.0,,0,4-2-3-1,market-value/caps positional projection,0.0,0.0,,1.0,available,https://en.wikipedia.org/wiki/2026_FIFA_World_Cup_squads,2026-08-17T01:54:00.293610+00:00
Japan,Junya Itō,MF,14,33,9 March 1993,69,15,Genk,Right Winger,3000000.0,,1,4-2-3-1,market-value/caps positional projection,0.0,0.0,,1.0,available,https://en.wikipedia.org/wiki/2026_FIFA_World_Cup_squads,2026-08-17T01:54:00.293610+00:00
Japan,Daichi Kamada,MF,15,29,5 August 1996,49,12,Crystal Palace,Attacking Midfield,10000000.0,,1,4-2-3-1,market-value/caps positional projection,0.0,0.0,,1.0,available,https://en.wikipedia.org/wiki/2026_FIFA_World_Cup_squads,2026-08-17T01:54:00.293610+00:00
Japan,Tsuyoshi Watanabe,DF,16,29,5 February 1997,11,0,Feyenoord,Centre-Back,10000000.0,,0,4-2-3-1,market-value/caps positional projection,0.0,0.0,,1.0,available,https://en.wikipedia.org/wiki/2026_FIFA_World_Cup_squads,2026-08-17T01:54:00.293610+00:00
Japan,Yuito Suzuki,MF,17,24,25 October 2001,6,0,SC Freiburg,Second Striker,24000000.0,27/05/2026,0,4-2-3-1,market-value/caps positional projection,0.0,0.0,,1.0,available,https://en.wikipedia.org/wiki/2026_FIFA_World_Cup_squads,2026-08-17T01:54:00.293610+00:00
Japan,Ayase Ueda,FW,18,27,28 August 1998,39,16,Feyenoord,Centre-Forward,17000000.0,,1,4-2-3-1,market-value/caps positional projection,0.0,0.0,,1.0,available,https://en.wikipedia.org/wiki/2026_FIFA_World_Cup_squads,2026-08-17T01:54:00.293610+00:00
Japan,Kōki Ogawa,FW,19,28,8 August 1997,15,11,NEC,Centre-Forward,2000000.0,,0,4-2-3-1,market-value/caps positional projection,0.0,0.0,,1.0,available,https://en.wikipedia.org/wiki/2026_FIFA_World_Cup_squads,2026-08-17T01:54:00.293610+00:00
Japan,Ayumu Seko,DF,20,26,7 June 2000,14,0,Le Havre,Centre-Back,5000000.0,,0,4-2-3-1,market-value/caps positional projection,0.0,0.0,,1.0,available,https://en.wikipedia.org/wiki/2026_FIFA_World_Cup_squads,2026-08-17T01:54:00.293610+00:00
Japan,Hiroki Itō,DF,21,27,12 May 1999,24,1,Bayern Munich,Centre-Back,18000000.0,,1,4-2-3-1,market-value/caps positional projection,0.0,0.0,,1.0,available,https://en.wikipedia.org/wiki/2026_FIFA_World_Cup_squads,2026-08-17T01:54:00.293610+00:00
Japan,Takehiro Tomiyasu,DF,22,27,5 November 1998,43,1,Ajax,Centre-Back,5000000.0,,1,4-2-3-1,market-value/caps positional projection,0.0,0.0,,1.0,available,https://en.wikipedia.org/wiki/2026_FIFA_World_Cup_squads,2026-08-17T01:54:00.293610+00:00
Japan,Tomoki Hayakawa,GK,23,27,3 March 1999,4,0,Kashima Antlers,Goalkeeper,2000000.0,,0,4-2-3-1,market-value/caps positional projection,0.0,0.0,,1.0,available,https://en.wikipedia.org/wiki/2026_FIFA_World_Cup_squads,2026-08-17T01:54:00.293610+00:00
Japan,Kaishū Sano,MF,24,25,30 December 2000,13,0,Mainz 05,Defensive Midfield,40000000.0,27/05/2026,0,4-2-3-1,market-value/caps positional projection,0.0,0.0,,1.0,available,https://en.wikipedia.org/wiki/2026_FIFA_World_Cup_squads,2026-08-17T01:54:00.293610+00:00
Japan,Junnosuke Suzuki,DF,25,22,12 July 2003,6,0,Copenhagen,Centre-Back,3500000.0,,0,4-2-3-1,market-value/caps positional projection,0.0,0.0,,1.0,available,https://en.wikipedia.org/wiki/2026_FIFA_World_Cup_squads,2026-08-17T01:54:00.293610+00:00
Japan,Kento Shiogai,FW,26,21,26 March 2005,2,0,VfL Wolfsburg,Centre-Forward,8000000.0,,0,4-2-3-1,market-value/caps positional projection,0.0,0.0,,1.0,available,https://en.wikipedia.org/wiki/2026_FIFA_World_Cup_squads,2026-08-17T01:54:00.293610+00:00
Netherlands,Bart Verbruggen,GK,1,23,18 August 2002,29,0,Brighton & Hove Albion,Goalkeeper,40000000.0,03/06/2026,1,4-3-3,market-value/caps positional projection,0.0,0.0,,1.0,available,https://en.wikipedia.org/wiki/2026_FIFA_World_Cup_squads,2026-08-17T01:54:00.293610+00:00
Netherlands,Lutsharel Geertruida,DF,2,25,18 July 2000,21,0,Sunderland,Right-Back,20000000.0,,0,4-3-3,market-value/caps positional projection,0.0,0.0,,1.0,available,https://en.wikipedia.org/wiki/2026_FIFA_World_Cup_squads,2026-08-17T01:54:00.293610+00:00
Netherlands,Marten de Roon,MF,3,35,29 March 1991,43,1,Atalanta,Defensive Midfield,3200000.0,,0,4-3-3,market-value/caps positional projection,0.0,0.0,,1.0,available,https://en.wikipedia.org/wiki/2026_FIFA_World_Cup_squads,2026-08-17T01:54:00.293610+00:00
Netherlands,Virgil van Dijk,DF,4,34,8 July 1991,92,12,Liverpool,Centre-Back,15000000.0,,1,4-3-3,market-value/caps positional projection,0.0,0.0,,1.0,available,https://en.wikipedia.org/wiki/2026_FIFA_World_Cup_squads,2026-08-17T01:54:00.293610+00:00
Netherlands,Nathan Aké,DF,5,31,18 February 1995,59,5,Manchester City,Centre-Back,12000000.0,,1,4-3-3,market-value/caps positional projection,0.0,0.0,,1.0,available,https://en.wikipedia.org/wiki/2026_FIFA_World_Cup_squads,2026-08-17T01:54:00.293610+00:00
Netherlands,Jan Paul van Hecke,DF,6,26,8 June 2000,12,0,Brighton & Hove Albion,Centre-Back,45000000.0,03/06/2026,0,4-3-3,market-value/caps positional projection,0.0,0.0,,1.0,available,https://en.wikipedia.org/wiki/2026_FIFA_World_Cup_squads,2026-08-17T01:54:00.293610+00:00
Netherlands,Justin Kluivert,MF,7,27,5 May 1999,12,0,Bournemouth,Attacking Midfield,25000000.0,03/06/2026,0,4-3-3,market-value/caps positional projection,0.0,0.0,,1.0,available,https://en.wikipedia.org/wiki/2026_FIFA_World_Cup_squads,2026-08-17T01:54:00.293610+00:00
Netherlands,Ryan Gravenberch,MF,8,24,16 May 2002,27,1,Liverpool,Defensive Midfield,80000000.0,03/06/2026,1,4-3-3,market-value/caps positional projection,0.0,0.0,,1.0,available,https://en.wikipedia.org/wiki/2026_FIFA_World_Cup_squads,2026-08-17T01:54:00.293610+00:00
Netherlands,Wout Weghorst,FW,9,33,7 August 1992,52,14,Ajax,Centre-Forward,2000000.0,,0,4-3-3,market-value/caps positional projection,0.0,0.0,,1.0,available,https://en.wikipedia.org/wiki/2026_FIFA_World_Cup_squads,2026-08-17T01:54:00.293610+00:00
Netherlands,Memphis Depay,FW,10,32,13 February 1994,109,55,Corinthians,Centre-Forward,7000000.0,,1,4-3-3,market-value/caps positional projection,0.0,0.0,,1.0,available,https://en.wikipedia.org/wiki/2026_FIFA_World_Cup_squads,2026-08-17T01:54:00.293610+00:00
Netherlands,Cody Gakpo,FW,11,27,7 May 1999,50,21,Liverpool,Left Winger,60000000.0,03/06/2026,1,4-3-3,market-value/caps positional projection,0.0,0.0,,1.0,available,https://en.wikipedia.org/wiki/2026_FIFA_World_Cup_squads,2026-08-17T01:54:00.293610+00:00
Netherlands,Mats Wieffer,DF,12,26,16 November 1999,15,1,Brighton & Hove Albion,Right-Back,25000000.0,03/06/2026,0,4-3-3,market-value/caps positional projection,0.0,0.0,,1.0,available,https://en.wikipedia.org/wiki/2026_FIFA_World_Cup_squads,2026-08-17T01:54:00.293610+00:00
Netherlands,Robin Roefs,GK,13,23,17 January 2003,1,0,Sunderland,Goalkeeper,28000000.0,03/06/2026,0,4-3-3,market-value/caps positional projection,0.0,0.0,,1.0,available,https://en.wikipedia.org/wiki/2026_FIFA_World_Cup_squads,2026-08-17T01:54:00.293610+00:00
Netherlands,Tijjani Reijnders,MF,14,27,29 July 1998,32,7,Manchester City,Central Midfield,50000000.0,03/06/2026,1,4-3-3,market-value/caps positional projection,0.0,0.0,,1.0,available,https://en.wikipedia.org/wiki/2026_FIFA_World_Cup_squads,2026-08-17T01:54:00.293610+00:00
Netherlands,Micky van de Ven,DF,15,25,19 April 2001,21,1,Tottenham Hotspur,Centre-Back,50000000.0,03/06/2026,1,4-3-3,market-value/caps positional projection,0.0,0.0,,1.0,available,https://en.wikipedia.org/wiki/2026_FIFA_World_Cup_squads,2026-08-17T01:54:00.293610+00:00
Netherlands,Guus Til,MF,16,28,22 December 1997,7,1,PSV Eindhoven,Attacking Midfield,15000000.0,,0,4-3-3,market-value/caps positional projection,0.0,0.0,,1.0,available,https://en.wikipedia.org/wiki/2026_FIFA_World_Cup_squads,2026-08-17T01:54:00.293610+00:00
Netherlands,Noa Lang,FW,17,26,17 June 1999,15,3,Galatasaray,Left Winger,22000000.0,,0,4-3-3,market-value/caps positional projection,0.0,0.0,,1.0,available,https://en.wikipedia.org/wiki/2026_FIFA_World_Cup_squads,2026-08-17T01:54:00.293610+00:00
Netherlands,Donyell Malen,FW,18,27,19 January 1999,53,13,Roma,Centre-Forward,45000000.0,29/05/2026,1,4-3-3,market-value/caps positional projection,0.0,0.0,,1.0,available,https://en.wikipedia.org/wiki/2026_FIFA_World_Cup_squads,2026-08-17T01:54:00.293610+00:00
Netherlands,Brian Brobbey,FW,19,24,1 February 2002,12,1,Sunderland,Centre-Forward,30000000.0,03/06/2026,0,4-3-3,market-value/caps positional projection,0.0,0.0,,1.0,available,https://en.wikipedia.org/wiki/2026_FIFA_World_Cup_squads,2026-08-17T01:54:00.293610+00:00
Netherlands,Teun Koopmeiners,MF,20,28,28 February 1998,28,3,Juventus,Defensive Midfield,14000000.0,,0,4-3-3,market-value/caps positional projection,0.0,0.0,,1.0,available,https://en.wikipedia.org/wiki/2026_FIFA_World_Cup_squads,2026-08-17T01:54:00.293610+00:00
Netherlands,Frenkie de Jong,MF,21,29,12 May 1997,66,2,Barcelona,Central Midfield,35000000.0,05/06/2026,1,4-3-3,market-value/caps positional projection,0.0,0.0,,1.0,available,https://en.wikipedia.org/wiki/2026_FIFA_World_Cup_squads,2026-08-17T01:54:00.293610+00:00
Netherlands,Denzel Dumfries,DF,22,30,18 April 1996,72,11,Inter Milan,Right-Back,25000000.0,29/05/2026,1,4-3-3,market-value/caps positional projection,0.0,0.0,,1.0,available,https://en.wikipedia.org/wiki/2026_FIFA_World_Cup_squads,2026-08-17T01:54:00.293610+00:00
Netherlands,Mark Flekken,GK,23,32,13 June 1993,12,0,Bayer Leverkusen,Goalkeeper,6000000.0,,0,4-3-3,market-value/caps positional projection,0.0,0.0,,1.0,available,https://en.wikipedia.org/wiki/2026_FIFA_World_Cup_squads,2026-08-17T01:54:00.293610+00:00
Netherlands,Crysencio Summerville,FW,24,24,30 October 2001,2,0,West Ham United,Left Winger,35000000.0,03/06/2026,0,4-3-3,market-value/caps positional projection,0.0,0.0,,1.0,available,https://en.wikipedia.org/wiki/2026_FIFA_World_Cup_squads,2026-08-17T01:54:00.293610+00:00
Netherlands,Jorrel Hato,DF,25,20,7 March 2006,8,0,Chelsea,Left-Back,40000000.0,03/06/2026,0,4-3-3,market-value/caps positional projection,0.0,0.0,,1.0,available,https://en.wikipedia.org/wiki/2026_FIFA_World_Cup_squads,2026-08-17T01:54:00.293610+00:00
Netherlands,Quinten Timber,MF,26,24,17 June 2001,11,1,Marseille,Central Midfield,25000000.0,01/06/2026,0,4-3-3,market-value/caps positional projection,0.0,0.0,,1.0,available,https://en.wikipedia.org/wiki/2026_FIFA_World_Cup_squads,2026-08-17T01:54:00.293610+00:00
Sweden,Jacob Widell Zetterström,GK,1,27,11 July 1998,3,0,Derby County,Goalkeeper,2500000.0,,0,4-3-3,market-value/caps positional projection,0.0,0.0,,1.0,available,https://en.wikipedia.org/wiki/2026_FIFA_World_Cup_squads,2026-08-17T01:54:00.293610+00:00
Sweden,Gustaf Lagerbielke,DF,2,26,10 April 2000,11,2,Braga,Centre-Back,10000000.0,,0,4-3-3,market-value/caps positional projection,0.0,0.0,,1.0,available,https://en.wikipedia.org/wiki/2026_FIFA_World_Cup_squads,2026-08-17T01:54:00.293610+00:00
Sweden,Victor Lindelöf,DF,3,31,17 July 1994,76,3,Aston Villa,Centre-Back,5000000.0,,1,4-3-3,market-value/caps positional projection,0.0,0.0,,1.0,available,https://en.wikipedia.org/wiki/2026_FIFA_World_Cup_squads,2026-08-17T01:54:00.293610+00:00
Sweden,Isak Hien,DF,4,27,13 January 1999,29,0,Atalanta,Centre-Back,22000000.0,,1,4-3-3,market-value/caps positional projection,0.0,0.0,,1.0,available,https://en.wikipedia.org/wiki/2026_FIFA_World_Cup_squads,2026-08-17T01:54:00.293610+00:00
Sweden,Gabriel Gudmundsson,DF,5,27,29 April 1999,24,0,Leeds United,Left-Back,20000000.0,,1,4-3-3,market-value/caps positional projection,0.0,0.0,,1.0,available,https://en.wikipedia.org/wiki/2026_FIFA_World_Cup_squads,2026-08-17T01:54:00.293610+00:00
Sweden,Herman Johansson,DF,6,28,16 October 1997,3,0,FC Dallas,Right Midfield,1800000.0,,0,4-3-3,market-value/caps positional projection,0.0,0.0,,1.0,available,https://en.wikipedia.org/wiki/2026_FIFA_World_Cup_squads,2026-08-17T01:54:00.293610+00:00
Sweden,Lucas Bergvall,MF,7,20,2 February 2006,10,0,Tottenham Hotspur,Central Midfield,35000000.0,03/06/2026,1,4-3-3,market-value/caps positional projection,0.0,0.0,,1.0,available,https://en.wikipedia.org/wiki/2026_FIFA_World_Cup_squads,2026-08-17T01:54:00.293610+00:00
Sweden,Daniel Svensson,DF,8,24,12 February 2002,13,0,Borussia Dortmund,Left-Back,22000000.0,,1,4-3-3,market-value/caps positional projection,0.0,0.0,,1.0,available,https://en.wikipedia.org/wiki/2026_FIFA_World_Cup_squads,2026-08-17T01:54:00.293610+00:00
Sweden,Alexander Isak,FW,9,26,21 September 1999,58,17,Liverpool,Centre-Forward,85000000.0,03/06/2026,1,4-3-3,market-value/caps positional projection,0.0,0.0,,1.0,available,https://en.wikipedia.org/wiki/2026_FIFA_World_Cup_squads,2026-08-17T01:54:00.293610+00:00
Sweden,Benjamin Nygren,MF,10,24,8 July 2001,11,3,Celtic,Attacking Midfield,14000000.0,,0,4-3-3,market-value/caps positional projection,0.0,0.0,,1.0,available,https://en.wikipedia.org/wiki/2026_FIFA_World_Cup_squads,2026-08-17T01:54:00.293610+00:00
Sweden,Anthony Elanga,FW,11,24,27 April 2002,30,6,Newcastle United,Right Winger,32000000.0,03/06/2026,1,4-3-3,market-value/caps positional projection,0.0,0.0,,1.0,available,https://en.wikipedia.org/wiki/2026_FIFA_World_Cup_squads,2026-08-17T01:54:00.293610+00:00
Sweden,Viktor Johansson,GK,12,27,14 September 1998,12,0,Stoke City,Goalkeeper,12000000.0,,1,4-3-3,market-value/caps positional projection,0.0,0.0,,1.0,available,https://en.wikipedia.org/wiki/2026_FIFA_World_Cup_squads,2026-08-17T01:54:00.293610+00:00
Sweden,Ken Sema,MF,13,32,30 September 1993,33,5,Pafos,Left-Back,800000.0,,0,4-3-3,market-value/caps positional projection,0.0,0.0,,1.0,available,https://en.wikipedia.org/wiki/2026_FIFA_World_Cup_squads,2026-08-17T01:54:00.293610+00:00
Sweden,Hjalmar Ekdal,DF,14,27,21 October 1998,13,0,Burnley,Centre-Back,5000000.0,,0,4-3-3,market-value/caps positional projection,0.0,0.0,,1.0,available,https://en.wikipedia.org/wiki/2026_FIFA_World_Cup_squads,2026-08-17T01:54:00.293610+00:00
Sweden,Carl Starfelt,DF,15,31,1 June 1995,18,0,Celta Vigo,Centre-Back,4500000.0,,0,4-3-3,market-value/caps positional projection,0.0,0.0,,1.0,available,https://en.wikipedia.org/wiki/2026_FIFA_World_Cup_squads,2026-08-17T01:54:00.293610+00:00
Sweden,Jesper Karlström,MF,16,30,21 June 1995,25,0,Udinese,Defensive Midfield,4000000.0,,0,4-3-3,market-value/caps positional projection,0.0,0.0,,1.0,available,https://en.wikipedia.org/wiki/2026_FIFA_World_Cup_squads,2026-08-17T01:54:00.293610+00:00
Sweden,Viktor Gyökeres,FW,17,28,4 June 1998,33,20,Arsenal,Centre-Forward,65000000.0,03/06/2026,1,4-3-3,market-value/caps positional projection,0.0,0.0,,1.0,available,https://en.wikipedia.org/wiki/2026_FIFA_World_Cup_squads,2026-08-17T01:54:00.293610+00:00
Sweden,Yasin Ayari,MF,18,22,6 October 2003,21,3,Brighton & Hove Albion,Central Midfield,35000000.0,03/06/2026,1,4-3-3,market-value/caps positional projection,0.0,0.0,,1.0,available,https://en.wikipedia.org/wiki/2026_FIFA_World_Cup_squads,2026-08-17T01:54:00.293610+00:00
Sweden,Mattias Svanberg,MF,19,27,5 January 1999,41,2,VfL Wolfsburg,Central Midfield,8000000.0,,1,4-3-3,market-value/caps positional projection,0.0,0.0,,1.0,available,https://en.wikipedia.org/wiki/2026_FIFA_World_Cup_squads,2026-08-17T01:54:00.293610+00:00
Sweden,Eric Smith,DF,20,29,8 January 1997,2,0,FC St. Pauli,Centre-Back,5000000.0,,0,4-3-3,market-value/caps positional projection,0.0,0.0,,1.0,available,https://en.wikipedia.org/wiki/2026_FIFA_World_Cup_squads,2026-08-17T01:54:00.293610+00:00
Sweden,Alexander Bernhardsson,DF,21,27,8 September 1998,11,0,Holstein Kiel,Right Winger,3000000.0,,0,4-3-3,market-value/caps positional projection,0.0,0.0,,1.0,available,https://en.wikipedia.org/wiki/2026_FIFA_World_Cup_squads,2026-08-17T01:54:00.293610+00:00
Sweden,Besfort Zeneli,MF,22,23,21 November 2002,8,0,Union Saint-Gilloise,Central Midfield,6000000.0,,0,4-3-3,market-value/caps positional projection,0.0,0.0,,1.0,available,https://en.wikipedia.org/wiki/2026_FIFA_World_Cup_squads,2026-08-17T01:54:00.293610+00:00
Sweden,Kristoffer Nordfeldt,GK,23,36,23 June 1989,21,0,AIK,Goalkeeper,175000.0,,0,4-3-3,market-value/caps positional projection,0.0,0.0,,1.0,available,https://en.wikipedia.org/wiki/2026_FIFA_World_Cup_squads,2026-08-17T01:54:00.293610+00:00
Sweden,Elliot Stroud,DF,24,23,22 June 2002,1,0,Mjällby AIF,Left Midfield,8000000.0,,0,4-3-3,market-value/caps positional projection,0.0,0.0,,1.0,available,https://en.wikipedia.org/wiki/2026_FIFA_World_Cup_squads,2026-08-17T01:54:00.293610+00:00
Sweden,Gustaf Nilsson,FW,25,29,23 May 1997,10,4,Club Brugge,Centre-Forward,1800000.0,,0,4-3-3,market-value/caps positional projection,0.0,0.0,,1.0,available,https://en.wikipedia.org/wiki/2026_FIFA_World_Cup_squads,2026-08-17T01:54:00.293610+00:00
Sweden,Taha Ali,FW,26,27,1 July 1998,2,0,Malmö FF,Left Winger,1500000.0,,0,4-3-3,market-value/caps positional projection,0.0,0.0,,1.0,available,https://en.wikipedia.org/wiki/2026_FIFA_World_Cup_squads,2026-08-17T01:54:00.293610+00:00
Tunisia,Mouhib Chamakh,GK,1,24,25 August 2001,3,0,Club Africain,,0.0,,0,3-4-3,market-value/caps positional projection,0.0,0.0,,1.0,available,https://en.wikipedia.org/wiki/2026_FIFA_World_Cup_squads,2026-08-17T01:54:00.293610+00:00
Tunisia,Ali Abdi,DF,2,32,20 December 1993,46,7,Nice,Left-Back,2000000.0,,1,3-4-3,market-value/caps positional projection,0.0,0.0,,1.0,available,https://en.wikipedia.org/wiki/2026_FIFA_World_Cup_squads,2026-08-17T01:54:00.293610+00:00
Tunisia,Montassar Talbi,DF,3,28,26 May 1998,64,4,Lorient,Centre-Back,8000000.0,,1,3-4-3,market-value/caps positional projection,0.0,0.0,,1.0,available,https://en.wikipedia.org/wiki/2026_FIFA_World_Cup_squads,2026-08-17T01:54:00.293610+00:00
Tunisia,Omar Rekik,DF,4,24,20 December 2001,6,0,Maribor,Centre-Back,500000.0,,0,3-4-3,market-value/caps positional projection,0.0,0.0,,1.0,available,https://en.wikipedia.org/wiki/2026_FIFA_World_Cup_squads,2026-08-17T01:54:00.293610+00:00
Tunisia,Adem Arous,DF,5,21,17 July 2004,2,0,Kasımpaşa,Centre-Back,4000000.0,,0,3-4-3,market-value/caps positional projection,0.0,0.0,,1.0,available,https://en.wikipedia.org/wiki/2026_FIFA_World_Cup_squads,2026-08-17T01:54:00.293610+00:00
Tunisia,Dylan Bronn,DF,6,30,19 June 1995,52,2,Servette,Centre-Back,600000.0,,1,3-4-3,market-value/caps positional projection,0.0,0.0,,1.0,available,https://en.wikipedia.org/wiki/2026_FIFA_World_Cup_squads,2026-08-17T01:54:00.293610+00:00
Tunisia,Elias Achouri,FW,7,27,10 February 1999,30,4,Copenhagen,Left Winger,3000000.0,,1,3-4-3,market-value/caps positional projection,0.0,0.0,,1.0,available,https://en.wikipedia.org/wiki/2026_FIFA_World_Cup_squads,2026-08-17T01:54:00.293610+00:00
Tunisia,Elias Saad,FW,8,26,27 December 1999,15,4,Hannover 96,Left Winger,2000000.0,,1,3-4-3,market-value/caps positional projection,0.0,0.0,,1.0,available,https://en.wikipedia.org/wiki/2026_FIFA_World_Cup_squads,2026-08-17T01:54:00.293610+00:00
Tunisia,Hazem Mastouri,FW,9,28,18 June 1997,19,4,Dynamo Makhachkala,Centre-Forward,900000.0,,0,3-4-3,market-value/caps positional projection,0.0,0.0,,1.0,available,https://en.wikipedia.org/wiki/2026_FIFA_World_Cup_squads,2026-08-17T01:54:00.293610+00:00
Tunisia,Hannibal Mejbri,MF,10,23,21 January 2003,45,1,Burnley,,0.0,,0,3-4-3,market-value/caps positional projection,0.0,0.0,,1.0,available,https://en.wikipedia.org/wiki/2026_FIFA_World_Cup_squads,2026-08-17T01:54:00.293610+00:00
Tunisia,Ismaël Gharbi,MF,11,22,10 April 2004,17,2,FC Augsburg,Left Winger,5000000.0,,1,3-4-3,market-value/caps positional projection,0.0,0.0,,1.0,available,https://en.wikipedia.org/wiki/2026_FIFA_World_Cup_squads,2026-08-17T01:54:00.293610+00:00
Tunisia,Mortadha Ben Ouanes,DF,12,31,2 July 1994,18,0,Kasımpaşa,Left Winger,1500000.0,,0,3-4-3,market-value/caps positional projection,0.0,0.0,,1.0,available,https://en.wikipedia.org/wiki/2026_FIFA_World_Cup_squads,2026-08-17T01:54:00.293610+00:00
Tunisia,Rani Khedira,MF,13,32,27 January 1994,3,0,Union Berlin,Defensive Midfield,2000000.0,,0,3-4-3,market-value/caps positional projection,0.0,0.0,,1.0,available,https://en.wikipedia.org/wiki/2026_FIFA_World_Cup_squads,2026-08-17T01:54:00.293610+00:00
Tunisia,Khalil Ayari,MF,14,21,2 February 2005,4,0,Paris Saint-Germain,Right Winger,1000000.0,,0,3-4-3,market-value/caps positional projection,0.0,0.0,,1.0,available,https://en.wikipedia.org/wiki/2026_FIFA_World_Cup_squads,2026-08-17T01:54:00.293610+00:00
Tunisia,Mohamed Belhadj Mahmoud,MF,15,26,24 April 2000,9,0,Lugano,,0.0,,0,3-4-3,market-value/caps positional projection,0.0,0.0,,1.0,available,https://en.wikipedia.org/wiki/2026_FIFA_World_Cup_squads,2026-08-17T01:54:00.293610+00:00
Tunisia,Aymen Dahmen,GK,16,29,28 January 1997,37,0,CS Sfaxien,Goalkeeper,800000.0,,1,3-4-3,market-value/caps positional projection,0.0,0.0,,1.0,available,https://en.wikipedia.org/wiki/2026_FIFA_World_Cup_squads,2026-08-17T01:54:00.293610+00:00
Tunisia,Ellyes Skhiri,MF,17,31,10 May 1995,83,4,Eintracht Frankfurt,Defensive Midfield,5000000.0,,1,3-4-3,market-value/caps positional projection,0.0,0.0,,1.0,available,https://en.wikipedia.org/wiki/2026_FIFA_World_Cup_squads,2026-08-17T01:54:00.293610+00:00
Tunisia,Rayan Elloumi,FW,18,18,17 September 2007,4,0,Vancouver Whitecaps FC,Centre-Forward,800000.0,,0,3-4-3,market-value/caps positional projection,0.0,0.0,,1.0,available,https://en.wikipedia.org/wiki/2026_FIFA_World_Cup_squads,2026-08-17T01:54:00.293610+00:00
Tunisia,Firas Chaouat,FW,19,30,8 May 1996,30,6,Club Africain,Centre-Forward,1200000.0,,1,3-4-3,market-value/caps positional projection,0.0,0.0,,1.0,available,https://en.wikipedia.org/wiki/2026_FIFA_World_Cup_squads,2026-08-17T01:54:00.293610+00:00
Tunisia,Yan Valery,DF,20,27,22 February 1999,22,0,Young Boys,Right-Back,1500000.0,,0,3-4-3,market-value/caps positional projection,0.0,0.0,,1.0,available,https://en.wikipedia.org/wiki/2026_FIFA_World_Cup_squads,2026-08-17T01:54:00.293610+00:00
Tunisia,Mohamed Amine Ben Hamida,DF,21,30,15 December 1995,13,0,Espérance de Tunis,Left-Back,1000000.0,,0,3-4-3,market-value/caps positional projection,0.0,0.0,,1.0,available,https://en.wikipedia.org/wiki/2026_FIFA_World_Cup_squads,2026-08-17T01:54:00.293610+00:00
Tunisia,Sabri Ben Hessen,GK,22,29,13 June 1996,2,0,Étoile du Sahel,Goalkeeper,550000.0,,0,3-4-3,market-value/caps positional projection,0.0,0.0,,1.0,available,https://en.wikipedia.org/wiki/2026_FIFA_World_Cup_squads,2026-08-17T01:54:00.293610+00:00
Tunisia,Moutaz Neffati,DF,23,21,4 September 2004,5,0,IFK Norrköping,Right-Back,1200000.0,,0,3-4-3,market-value/caps positional projection,0.0,0.0,,1.0,available,https://en.wikipedia.org/wiki/2026_FIFA_World_Cup_squads,2026-08-17T01:54:00.293610+00:00
Tunisia,Raed Chikhaoui,DF,24,22,9 June 2004,0,0,US Monastir,Centre-Back,600000.0,,0,3-4-3,market-value/caps positional projection,0.0,0.0,,1.0,available,https://en.wikipedia.org/wiki/2026_FIFA_World_Cup_squads,2026-08-17T01:54:00.293610+00:00
Tunisia,Anis Ben Slimane,MF,25,25,16 March 2001,41,4,Norwich City,Attacking Midfield,4000000.0,,1,3-4-3,market-value/caps positional projection,0.0,0.0,,1.0,available,https://en.wikipedia.org/wiki/2026_FIFA_World_Cup_squads,2026-08-17T01:54:00.293610+00:00
Tunisia,Sebastian Tounekti,MF,26,23,13 July 2002,12,1,Celtic,Left Winger,5000000.0,,1,3-4-3,market-value/caps positional projection,0.0,0.0,,1.0,available,https://en.wikipedia.org/wiki/2026_FIFA_World_Cup_squads,2026-08-17T01:54:00.293610+00:00
Belgium,Thibaut Courtois,GK,1,34,11 May 1992,109,0,Real Madrid,Goalkeeper,15000000.0,,1,3-4-3,market-value/caps positional projection,0.0,0.0,,1.0,available,https://en.wikipedia.org/wiki/2026_FIFA_World_Cup_squads,2026-08-17T01:54:00.293610+00:00
Belgium,Zeno Debast,DF,2,22,24 October 2003,26,1,Sporting CP,Centre-Back,28000000.0,,0,3-4-3,market-value/caps positional projection,0.0,0.0,,1.0,available,https://en.wikipedia.org/wiki/2026_FIFA_World_Cup_squads,2026-08-17T01:54:00.293610+00:00
Belgium,Arthur Theate,DF,3,26,25 May 2000,33,1,Eintracht Frankfurt,Centre-Back,17000000.0,,1,3-4-3,market-value/caps positional projection,0.0,0.0,,1.0,available,https://en.wikipedia.org/wiki/2026_FIFA_World_Cup_squads,2026-08-17T01:54:00.293610+00:00
Belgium,Brandon Mechele,DF,4,33,28 January 1993,9,1,Club Brugge,Centre-Back,2800000.0,,0,3-4-3,market-value/caps positional projection,0.0,0.0,,1.0,available,https://en.wikipedia.org/wiki/2026_FIFA_World_Cup_squads,2026-08-17T01:54:00.293610+00:00
Belgium,Maxim De Cuyper,DF,5,25,22 December 2000,19,4,Brighton & Hove Albion,Left-Back,22000000.0,,0,3-4-3,market-value/caps positional projection,0.0,0.0,,1.0,available,https://en.wikipedia.org/wiki/2026_FIFA_World_Cup_squads,2026-08-17T01:54:00.293610+00:00
Belgium,Axel Witsel,MF,6,37,12 January 1989,138,12,Girona,Defensive Midfield,1200000.0,,1,3-4-3,market-value/caps positional projection,0.0,0.0,,1.0,available,https://en.wikipedia.org/wiki/2026_FIFA_World_Cup_squads,2026-08-17T01:54:00.293610+00:00
Belgium,Kevin De Bruyne,MF,7,34,28 June 1991,119,37,Napoli,Attacking Midfield,8000000.0,,1,3-4-3,market-value/caps positional projection,0.0,0.0,,1.0,available,https://en.wikipedia.org/wiki/2026_FIFA_World_Cup_squads,2026-08-17T01:54:00.293610+00:00
Belgium,Youri Tielemans,MF,8,29,7 May 1997,85,13,Aston Villa,Central Midfield,30000000.0,03/06/2026,1,3-4-3,market-value/caps positional projection,0.0,0.0,,1.0,available,https://en.wikipedia.org/wiki/2026_FIFA_World_Cup_squads,2026-08-17T01:54:00.293610+00:00
Belgium,Romelu Lukaku,FW,9,33,13 May 1993,126,90,Napoli,Centre-Forward,6000000.0,,1,3-4-3,market-value/caps positional projection,0.0,0.0,,1.0,available,https://en.wikipedia.org/wiki/2026_FIFA_World_Cup_squads,2026-08-17T01:54:00.293610+00:00
Belgium,Leandro Trossard,FW,10,31,4 December 1994,51,12,Arsenal,Left Winger,18000000.0,,1,3-4-3,market-value/caps positional projection,0.0,0.0,,1.0,available,https://en.wikipedia.org/wiki/2026_FIFA_World_Cup_squads,2026-08-17T01:54:00.293610+00:00
Belgium,Jérémy Doku,FW,11,24,27 May 2002,43,7,Manchester City,Left Winger,75000000.0,03/06/2026,1,3-4-3,market-value/caps positional projection,0.0,0.0,,1.0,available,https://en.wikipedia.org/wiki/2026_FIFA_World_Cup_squads,2026-08-17T01:54:00.293610+00:00
Belgium,Senne Lammens,GK,12,23,7 July 2002,2,0,Manchester United,Goalkeeper,35000000.0,03/06/2026,0,3-4-3,market-value/caps positional projection,0.0,0.0,,1.0,available,https://en.wikipedia.org/wiki/2026_FIFA_World_Cup_squads,2026-08-17T01:54:00.293610+00:00
Belgium,Mike Penders,GK,13,20,31 July 2005,0,0,Strasbourg,Goalkeeper,25000000.0,,0,3-4-3,market-value/caps positional projection,0.0,0.0,,1.0,available,https://en.wikipedia.org/wiki/2026_FIFA_World_Cup_squads,2026-08-17T01:54:00.293610+00:00
Belgium,Dodi Lukébakio,FW,14,28,24 September 1997,30,6,Benfica,Right Winger,15000000.0,,0,3-4-3,market-value/caps positional projection,0.0,0.0,,1.0,available,https://en.wikipedia.org/wiki/2026_FIFA_World_Cup_squads,2026-08-17T01:54:00.293610+00:00
Belgium,Thomas Meunier,DF,15,34,12 September 1991,80,10,Lille,Right-Back,1500000.0,,1,3-4-3,market-value/caps positional projection,0.0,0.0,,1.0,available,https://en.wikipedia.org/wiki/2026_FIFA_World_Cup_squads,2026-08-17T01:54:00.293610+00:00
Belgium,Koni De Winter,DF,16,23,12 June 2002,8,0,AC Milan,Centre-Back,23000000.0,29/05/2026,0,3-4-3,market-value/caps positional projection,0.0,0.0,,1.0,available,https://en.wikipedia.org/wiki/2026_FIFA_World_Cup_squads,2026-08-17T01:54:00.293610+00:00
Belgium,Charles De Ketelaere,FW,17,25,10 March 2001,30,6,Atalanta,Attacking Midfield,30000000.0,29/05/2026,0,3-4-3,market-value/caps positional projection,0.0,0.0,,1.0,available,https://en.wikipedia.org/wiki/2026_FIFA_World_Cup_squads,2026-08-17T01:54:00.293610+00:00
Belgium,Joaquin Seys,DF,18,21,28 March 2005,5,0,Club Brugge,Left-Back,20000000.0,,0,3-4-3,market-value/caps positional projection,0.0,0.0,,1.0,available,https://en.wikipedia.org/wiki/2026_FIFA_World_Cup_squads,2026-08-17T01:54:00.293610+00:00
Belgium,Diego Moreira,MF,19,21,6 August 2004,3,0,Strasbourg,Left Midfield,25000000.0,,0,3-4-3,market-value/caps positional projection,0.0,0.0,,1.0,available,https://en.wikipedia.org/wiki/2026_FIFA_World_Cup_squads,2026-08-17T01:54:00.293610+00:00
Belgium,Hans Vanaken,MF,20,33,24 August 1992,34,7,Club Brugge,Attacking Midfield,5000000.0,,0,3-4-3,market-value/caps positional projection,0.0,0.0,,1.0,available,https://en.wikipedia.org/wiki/2026_FIFA_World_Cup_squads,2026-08-17T01:54:00.293610+00:00
Belgium,Timothy Castagne,DF,21,30,5 December 1995,63,2,Fulham,Right-Back,8000000.0,,1,3-4-3,market-value/caps positional projection,0.0,0.0,,1.0,available,https://en.wikipedia.org/wiki/2026_FIFA_World_Cup_squads,2026-08-17T01:54:00.293610+00:00
Belgium,Alexis Saelemaekers,MF,22,26,27 June 1999,24,2,AC Milan,Right Midfield,20000000.0,,0,3-4-3,market-value/caps positional projection,0.0,0.0,,1.0,available,https://en.wikipedia.org/wiki/2026_FIFA_World_Cup_squads,2026-08-17T01:54:00.293610+00:00
Belgium,Nicolas Raskin,MF,23,25,23 February 2001,13,2,Rangers,Defensive Midfield,12000000.0,,0,3-4-3,market-value/caps positional projection,0.0,0.0,,1.0,available,https://en.wikipedia.org/wiki/2026_FIFA_World_Cup_squads,2026-08-17T01:54:00.293610+00:00
Belgium,Amadou Onana,MF,24,24,16 August 2001,29,1,Aston Villa,Defensive Midfield,45000000.0,03/06/2026,1,3-4-3,market-value/caps positional projection,0.0,0.0,,1.0,available,https://en.wikipedia.org/wiki/2026_FIFA_World_Cup_squads,2026-08-17T01:54:00.293610+00:00
Belgium,Nathan Ngoy,DF,25,23,10 June 2003,4,0,Lille,Centre-Back,25000000.0,,0,3-4-3,market-value/caps positional projection,0.0,0.0,,1.0,available,https://en.wikipedia.org/wiki/2026_FIFA_World_Cup_squads,2026-08-17T01:54:00.293610+00:00
Belgium,Matias Fernandez-Pardo,FW,26,21,3 February 2005,2,0,Lille,Centre-Forward,35000000.0,01/06/2026,0,3-4-3,market-value/caps positional projection,0.0,0.0,,1.0,available,https://en.wikipedia.org/wiki/2026_FIFA_World_Cup_squads,2026-08-17T01:54:00.293610+00:00
Egypt,Mohamed El Shenawy,GK,1,37,18 December 1988,76,0,Al Ahly,Goalkeeper,500000.0,,1,4-3-3,market-value/caps positional projection,0.0,0.0,,1.0,available,https://en.wikipedia.org/wiki/2026_FIFA_World_Cup_squads,2026-08-17T01:54:00.293610+00:00
Egypt,Yasser Ibrahim,DF,2,33,10 February 1993,17,1,Al Ahly,Centre-Back,275000.0,,0,4-3-3,market-value/caps positional projection,0.0,0.0,,1.0,available,https://en.wikipedia.org/wiki/2026_FIFA_World_Cup_squads,2026-08-17T01:54:00.293610+00:00
Egypt,Mohamed Hany,DF,3,30,2 February 1996,42,0,Al Ahly,Right-Back,1500000.0,,1,4-3-3,market-value/caps positional projection,0.0,0.0,,1.0,available,https://en.wikipedia.org/wiki/2026_FIFA_World_Cup_squads,2026-08-17T01:54:00.293610+00:00
Egypt,Hossam Abdelmaguid,DF,4,25,30 April 2001,13,0,Zamalek,Centre-Back,2000000.0,,0,4-3-3,market-value/caps positional projection,0.0,0.0,,1.0,available,https://en.wikipedia.org/wiki/2026_FIFA_World_Cup_squads,2026-08-17T01:54:00.293610+00:00
Egypt,Ramy Rabia,DF,5,33,20 May 1993,44,5,Al Ain,Centre-Back,600000.0,,1,4-3-3,market-value/caps positional projection,0.0,0.0,,1.0,available,https://en.wikipedia.org/wiki/2026_FIFA_World_Cup_squads,2026-08-17T01:54:00.293610+00:00
Egypt,Mohamed Abdelmonem,DF,6,27,1 February 1999,36,3,Nice,Centre-Back,2500000.0,,1,4-3-3,market-value/caps positional projection,0.0,0.0,,1.0,available,https://en.wikipedia.org/wiki/2026_FIFA_World_Cup_squads,2026-08-17T01:54:00.293610+00:00
Egypt,Trézéguet,FW,7,31,1 October 1994,96,23,Al Ahly,Left Winger,4500000.0,,1,4-3-3,market-value/caps positional projection,0.0,0.0,,1.0,available,https://en.wikipedia.org/wiki/2026_FIFA_World_Cup_squads,2026-08-17T01:54:00.293610+00:00
Egypt,Emam Ashour,MF,8,28,20 February 1998,29,0,Al Ahly,Central Midfield,4000000.0,,1,4-3-3,market-value/caps positional projection,0.0,0.0,,1.0,available,https://en.wikipedia.org/wiki/2026_FIFA_World_Cup_squads,2026-08-17T01:54:00.293610+00:00
Egypt,Hamza Abdelkarim,FW,9,18,1 January 2008,2,0,Barcelona B,Centre-Forward,1500000.0,,0,4-3-3,market-value/caps positional projection,0.0,0.0,,1.0,available,https://en.wikipedia.org/wiki/2026_FIFA_World_Cup_squads,2026-08-17T01:54:00.293610+00:00
Egypt,Mohamed Salah,FW,10,33,15 June 1992,116,67,Liverpool,Right Winger,22000000.0,,1,4-3-3,market-value/caps positional projection,0.0,0.0,,1.0,available,https://en.wikipedia.org/wiki/2026_FIFA_World_Cup_squads,2026-08-17T01:54:00.293610+00:00
Egypt,Mostafa Ziko,MF,11,29,27 April 1997,2,2,Pyramids,Left Winger,1800000.0,,0,4-3-3,market-value/caps positional projection,0.0,0.0,,1.0,available,https://en.wikipedia.org/wiki/2026_FIFA_World_Cup_squads,2026-08-17T01:54:00.293610+00:00
Egypt,Haissem Hassan,FW,12,24,8 February 2002,4,0,Oviedo,Right Winger,3500000.0,,0,4-3-3,market-value/caps positional projection,0.0,0.0,,1.0,available,https://en.wikipedia.org/wiki/2026_FIFA_World_Cup_squads,2026-08-17T01:54:00.293610+00:00
Egypt,Ahmed Fatouh,DF,13,28,22 March 1998,39,1,Zamalek,Left-Back,1000000.0,,1,4-3-3,market-value/caps positional projection,0.0,0.0,,1.0,available,https://en.wikipedia.org/wiki/2026_FIFA_World_Cup_squads,2026-08-17T01:54:00.293610+00:00
Egypt,Hamdy Fathy,MF,14,31,29 September 1994,63,3,Al-Wakrah,Defensive Midfield,1800000.0,,1,4-3-3,market-value/caps positional projection,0.0,0.0,,1.0,available,https://en.wikipedia.org/wiki/2026_FIFA_World_Cup_squads,2026-08-17T01:54:00.293610+00:00
Egypt,Karim Hafez,DF,15,30,12 March 1996,9,0,Pyramids,Left-Back,700000.0,,0,4-3-3,market-value/caps positional projection,0.0,0.0,,1.0,available,https://en.wikipedia.org/wiki/2026_FIFA_World_Cup_squads,2026-08-17T01:54:00.293610+00:00
Egypt,El Mahdy Soliman,GK,16,39,8 June 1987,0,0,Zamalek,,0.0,,0,4-3-3,market-value/caps positional projection,0.0,0.0,,1.0,available,https://en.wikipedia.org/wiki/2026_FIFA_World_Cup_squads,2026-08-17T01:54:00.293610+00:00
Egypt,Mohanad Lasheen,MF,17,30,29 May 1996,23,0,Pyramids,Defensive Midfield,3000000.0,,1,4-3-3,market-value/caps positional projection,0.0,0.0,,1.0,available,https://en.wikipedia.org/wiki/2026_FIFA_World_Cup_squads,2026-08-17T01:54:00.293610+00:00
Egypt,Nabil Emad,MF,18,30,6 April 1996,12,0,Al-Najma,,0.0,,0,4-3-3,market-value/caps positional projection,0.0,0.0,,1.0,available,https://en.wikipedia.org/wiki/2026_FIFA_World_Cup_squads,2026-08-17T01:54:00.293610+00:00
Egypt,Marwan Attia,MF,19,27,1 August 1998,34,1,Al Ahly,,0.0,,0,4-3-3,market-value/caps positional projection,0.0,0.0,,1.0,available,https://en.wikipedia.org/wiki/2026_FIFA_World_Cup_squads,2026-08-17T01:54:00.293610+00:00
Egypt,Ibrahim Adel,FW,20,25,23 April 2001,24,3,Nordsjælland,Left Winger,2500000.0,,0,4-3-3,market-value/caps positional projection,0.0,0.0,,1.0,available,https://en.wikipedia.org/wiki/2026_FIFA_World_Cup_squads,2026-08-17T01:54:00.293610+00:00
Egypt,Mahmoud Saber,MF,21,24,30 July 2001,15,1,ZED,Central Midfield,1500000.0,,0,4-3-3,market-value/caps positional projection,0.0,0.0,,1.0,available,https://en.wikipedia.org/wiki/2026_FIFA_World_Cup_squads,2026-08-17T01:54:00.293610+00:00
Egypt,Omar Marmoush,FW,22,27,7 February 1999,50,11,Manchester City,Centre-Forward,50000000.0,03/06/2026,1,4-3-3,market-value/caps positional projection,0.0,0.0,,1.0,available,https://en.wikipedia.org/wiki/2026_FIFA_World_Cup_squads,2026-08-17T01:54:00.293610+00:00
Egypt,Mostafa Shobeir,GK,23,26,15 May 2000,9,0,Al Ahly,,0.0,,0,4-3-3,market-value/caps positional projection,0.0,0.0,,1.0,available,https://en.wikipedia.org/wiki/2026_FIFA_World_Cup_squads,2026-08-17T01:54:00.293610+00:00
Egypt,Tarek Alaa,DF,24,24,5 January 2002,3,0,ZED,Right-Back,250000.0,,0,4-3-3,market-value/caps positional projection,0.0,0.0,,1.0,available,https://en.wikipedia.org/wiki/2026_FIFA_World_Cup_squads,2026-08-17T01:54:00.293610+00:00
Egypt,Zizo,FW,25,30,10 January 1996,63,5,Al Ahly,Right Winger,3500000.0,,0,4-3-3,market-value/caps positional projection,0.0,0.0,,1.0,available,https://en.wikipedia.org/wiki/2026_FIFA_World_Cup_squads,2026-08-17T01:54:00.293610+00:00
Egypt,Mohamed Alaa,GK,26,27,1 January 1999,0,0,El Gouna,Goalkeeper,1200000.0,,0,4-3-3,market-value/caps positional projection,0.0,0.0,,1.0,available,https://en.wikipedia.org/wiki/2026_FIFA_World_Cup_squads,2026-08-17T01:54:00.293610+00:00
IR Iran,Alireza Beiranvand,GK,1,33,21 September 1992,86,0,Tractor,Goalkeeper,650000.0,,1,4-3-3,market-value/caps positional projection,0.0,0.0,,1.0,available,https://en.wikipedia.org/wiki/2026_FIFA_World_Cup_squads,2026-08-17T01:54:00.293610+00:00
IR Iran,Saleh Hardani,DF,2,27,26 December 1998,18,1,Esteghlal,Right-Back,800000.0,,0,4-3-3,market-value/caps positional projection,0.0,0.0,,1.0,available,https://en.wikipedia.org/wiki/2026_FIFA_World_Cup_squads,2026-08-17T01:54:00.293610+00:00
IR Iran,Ehsan Hajsafi,DF,3,36,25 February 1990,146,7,Sepahan,Left-Back,250000.0,,1,4-3-3,market-value/caps positional projection,0.0,0.0,,1.0,available,https://en.wikipedia.org/wiki/2026_FIFA_World_Cup_squads,2026-08-17T01:54:00.293610+00:00
IR Iran,Shojae Khalilzadeh,DF,4,37,14 May 1989,58,2,Tractor,,0.0,,0,4-3-3,market-value/caps positional projection,0.0,0.0,,1.0,available,https://en.wikipedia.org/wiki/2026_FIFA_World_Cup_squads,2026-08-17T01:54:00.293610+00:00
IR Iran,Milad Mohammadi,DF,5,32,29 September 1993,76,1,Persepolis,Left-Back,900000.0,,1,4-3-3,market-value/caps positional projection,0.0,0.0,,1.0,available,https://en.wikipedia.org/wiki/2026_FIFA_World_Cup_squads,2026-08-17T01:54:00.293610+00:00
IR Iran,Saeid Ezatolahi,MF,6,29,1 October 1996,83,2,Shabab Al Ahli,,0.0,,0,4-3-3,market-value/caps positional projection,0.0,0.0,,1.0,available,https://en.wikipedia.org/wiki/2026_FIFA_World_Cup_squads,2026-08-17T01:54:00.293610+00:00
IR Iran,Alireza Jahanbakhsh,MF,7,32,11 August 1993,99,17,Dender EH,Right Winger,500000.0,,1,4-3-3,market-value/caps positional projection,0.0,0.0,,1.0,available,https://en.wikipedia.org/wiki/2026_FIFA_World_Cup_squads,2026-08-17T01:54:00.293610+00:00
IR Iran,Mohammad Mohebi,MF,8,27,20 December 1998,37,14,Rostov,Left Winger,2500000.0,,1,4-3-3,market-value/caps positional projection,0.0,0.0,,1.0,available,https://en.wikipedia.org/wiki/2026_FIFA_World_Cup_squads,2026-08-17T01:54:00.293610+00:00
IR Iran,Mehdi Taremi,FW,9,33,18 July 1992,105,60,Olympiacos,Centre-Forward,2000000.0,,1,4-3-3,market-value/caps positional projection,0.0,0.0,,1.0,available,https://en.wikipedia.org/wiki/2026_FIFA_World_Cup_squads,2026-08-17T01:54:00.293610+00:00
IR Iran,Mehdi Ghayedi,FW,10,27,5 December 1998,30,10,Al Nasr,Left Winger,4500000.0,,1,4-3-3,market-value/caps positional projection,0.0,0.0,,1.0,available,https://en.wikipedia.org/wiki/2026_FIFA_World_Cup_squads,2026-08-17T01:54:00.293610+00:00
IR Iran,Ali Alipour,FW,11,30,11 November 1995,14,1,Persepolis,Centre-Forward,1700000.0,,0,4-3-3,market-value/caps positional projection,0.0,0.0,,1.0,available,https://en.wikipedia.org/wiki/2026_FIFA_World_Cup_squads,2026-08-17T01:54:00.293610+00:00
IR Iran,Payam Niazmand,GK,12,31,6 April 1995,15,0,Persepolis,Goalkeeper,700000.0,,0,4-3-3,market-value/caps positional projection,0.0,0.0,,1.0,available,https://en.wikipedia.org/wiki/2026_FIFA_World_Cup_squads,2026-08-17T01:54:00.293610+00:00
IR Iran,Hossein Kanaanizadegan,DF,13,32,23 March 1994,65,6,Persepolis,,0.0,,0,4-3-3,market-value/caps positional projection,0.0,0.0,,1.0,available,https://en.wikipedia.org/wiki/2026_FIFA_World_Cup_squads,2026-08-17T01:54:00.293610+00:00
IR Iran,Saman Ghoddos,MF,14,32,6 September 1993,68,3,Kalba,Attacking Midfield,1200000.0,,1,4-3-3,market-value/caps positional projection,0.0,0.0,,1.0,available,https://en.wikipedia.org/wiki/2026_FIFA_World_Cup_squads,2026-08-17T01:54:00.293610+00:00
IR Iran,Rouzbeh Cheshmi,MF,15,32,24 July 1993,40,3,Esteghlal,,0.0,,0,4-3-3,market-value/caps positional projection,0.0,0.0,,1.0,available,https://en.wikipedia.org/wiki/2026_FIFA_World_Cup_squads,2026-08-17T01:54:00.293610+00:00
IR Iran,Mahdi Torabi,MF,16,31,10 September 1994,52,7,Tractor,,0.0,,0,4-3-3,market-value/caps positional projection,0.0,0.0,,1.0,available,https://en.wikipedia.org/wiki/2026_FIFA_World_Cup_squads,2026-08-17T01:54:00.293610+00:00
IR Iran,Arya Yousefi,DF,17,24,22 April 2002,14,1,Sepahan,Right-Back,1500000.0,,1,4-3-3,market-value/caps positional projection,0.0,0.0,,1.0,available,https://en.wikipedia.org/wiki/2026_FIFA_World_Cup_squads,2026-08-17T01:54:00.293610+00:00
IR Iran,Amirhossein Hosseinzadeh,FW,18,25,30 October 2000,18,5,Tractor,Centre-Forward,2200000.0,,1,4-3-3,market-value/caps positional projection,0.0,0.0,,1.0,available,https://en.wikipedia.org/wiki/2026_FIFA_World_Cup_squads,2026-08-17T01:54:00.293610+00:00
IR Iran,Ali Nemati,DF,19,30,8 February 1996,18,0,Foolad,Centre-Back,550000.0,,0,4-3-3,market-value/caps positional projection,0.0,0.0,,1.0,available,https://en.wikipedia.org/wiki/2026_FIFA_World_Cup_squads,2026-08-17T01:54:00.293610+00:00
IR Iran,Shahriyar Moghanlou,FW,20,31,21 December 1994,21,2,Kalba,,0.0,,0,4-3-3,market-value/caps positional projection,0.0,0.0,,1.0,available,https://en.wikipedia.org/wiki/2026_FIFA_World_Cup_squads,2026-08-17T01:54:00.293610+00:00
IR Iran,Mohammad Ghorbani,MF,21,24,7 October 2001,16,0,Al Wahda,Defensive Midfield,1200000.0,,0,4-3-3,market-value/caps positional projection,0.0,0.0,,1.0,available,https://en.wikipedia.org/wiki/2026_FIFA_World_Cup_squads,2026-08-17T01:54:00.293610+00:00
IR Iran,Hossein Hosseini,GK,22,33,30 June 1992,13,0,Sepahan,,0.0,,0,4-3-3,market-value/caps positional projection,0.0,0.0,,1.0,available,https://en.wikipedia.org/wiki/2026_FIFA_World_Cup_squads,2026-08-17T01:54:00.293610+00:00
IR Iran,Ramin Rezaeian,DF,23,36,21 March 1990,74,8,Foolad,Right-Back,250000.0,,1,4-3-3,market-value/caps positional projection,0.0,0.0,,1.0,available,https://en.wikipedia.org/wiki/2026_FIFA_World_Cup_squads,2026-08-17T01:54:00.293610+00:00
IR Iran,Dennis Eckert,FW,24,29,9 January 1997,0,0,Standard Liège,,0.0,,0,4-3-3,market-value/caps positional projection,0.0,0.0,,1.0,available,https://en.wikipedia.org/wiki/2026_FIFA_World_Cup_squads,2026-08-17T01:54:00.293610+00:00
IR Iran,Danial Eiri,DF,25,22,26 October 2003,0,0,Malavan,Centre-Back,1000000.0,,0,4-3-3,market-value/caps positional projection,0.0,0.0,,1.0,available,https://en.wikipedia.org/wiki/2026_FIFA_World_Cup_squads,2026-08-17T01:54:00.293610+00:00
IR Iran,Amirmohammad Razzaghinia,MF,26,20,11 April 2006,4,0,Esteghlal,Central Midfield,1200000.0,,0,4-3-3,market-value/caps positional projection,0.0,0.0,,1.0,available,https://en.wikipedia.org/wiki/2026_FIFA_World_Cup_squads,2026-08-17T01:54:00.293610+00:00
New Zealand,Max Crocombe,GK,1,32,12 August 1993,24,0,Millwall,Goalkeeper,1000000.0,,1,4-4-2,market-value/caps positional projection,0.0,0.0,,1.0,available,https://en.wikipedia.org/wiki/2026_FIFA_World_Cup_squads,2026-08-17T01:54:00.293610+00:00
New Zealand,Tim Payne,DF,2,32,10 January 1994,51,3,Wellington Phoenix,Right-Back,350000.0,,1,4-4-2,market-value/caps positional projection,0.0,0.0,,1.0,available,https://en.wikipedia.org/wiki/2026_FIFA_World_Cup_squads,2026-08-17T01:54:00.293610+00:00
New Zealand,Francis de Vries,DF,3,31,28 November 1994,20,1,Auckland FC,Left-Back,600000.0,,0,4-4-2,market-value/caps positional projection,0.0,0.0,,1.0,available,https://en.wikipedia.org/wiki/2026_FIFA_World_Cup_squads,2026-08-17T01:54:00.293610+00:00
New Zealand,Tyler Bindon,DF,4,21,27 January 2005,25,3,Sheffield United,Centre-Back,3500000.0,,1,4-4-2,market-value/caps positional projection,0.0,0.0,,1.0,available,https://en.wikipedia.org/wiki/2026_FIFA_World_Cup_squads,2026-08-17T01:54:00.293610+00:00
New Zealand,Michael Boxall,DF,5,37,18 August 1988,63,1,Minnesota United FC,Centre-Back,150000.0,,1,4-4-2,market-value/caps positional projection,0.0,0.0,,1.0,available,https://en.wikipedia.org/wiki/2026_FIFA_World_Cup_squads,2026-08-17T01:54:00.293610+00:00
New Zealand,Joe Bell,MF,6,27,27 April 1999,32,1,Viking,Defensive Midfield,3500000.0,,1,4-4-2,market-value/caps positional projection,0.0,0.0,,1.0,available,https://en.wikipedia.org/wiki/2026_FIFA_World_Cup_squads,2026-08-17T01:54:00.293610+00:00
New Zealand,Logan Rogerson,FW,7,28,28 May 1998,18,2,Auckland FC,Right Winger,400000.0,,0,4-4-2,market-value/caps positional projection,0.0,0.0,,1.0,available,https://en.wikipedia.org/wiki/2026_FIFA_World_Cup_squads,2026-08-17T01:54:00.293610+00:00
New Zealand,Marko Stamenić,MF,8,24,19 February 2002,39,3,Swansea City,Central Midfield,3000000.0,,1,4-4-2,market-value/caps positional projection,0.0,0.0,,1.0,available,https://en.wikipedia.org/wiki/2026_FIFA_World_Cup_squads,2026-08-17T01:54:00.293610+00:00
New Zealand,Chris Wood,FW,9,34,7 December 1991,90,45,Nottingham Forest,Centre-Forward,5000000.0,,1,4-4-2,market-value/caps positional projection,0.0,0.0,,1.0,available,https://en.wikipedia.org/wiki/2026_FIFA_World_Cup_squads,2026-08-17T01:54:00.293610+00:00
New Zealand,Sarpreet Singh,MF,10,27,20 February 1999,28,3,Wellington Phoenix,Attacking Midfield,500000.0,,0,4-4-2,market-value/caps positional projection,0.0,0.0,,1.0,available,https://en.wikipedia.org/wiki/2026_FIFA_World_Cup_squads,2026-08-17T01:54:00.293610+00:00
New Zealand,Elijah Just,MF,11,26,1 May 2000,44,9,Motherwell,Attacking Midfield,2500000.0,,1,4-4-2,market-value/caps positional projection,0.0,0.0,,1.0,available,https://en.wikipedia.org/wiki/2026_FIFA_World_Cup_squads,2026-08-17T01:54:00.293610+00:00
New Zealand,Alex Paulsen,GK,12,23,4 July 2002,8,0,Lechia Gdańsk,Goalkeeper,500000.0,,0,4-4-2,market-value/caps positional projection,0.0,0.0,,1.0,available,https://en.wikipedia.org/wiki/2026_FIFA_World_Cup_squads,2026-08-17T01:54:00.293610+00:00
New Zealand,Liberato Cacace,DF,13,25,27 September 2000,37,1,Wrexham,Left-Back,2500000.0,,1,4-4-2,market-value/caps positional projection,0.0,0.0,,1.0,available,https://en.wikipedia.org/wiki/2026_FIFA_World_Cup_squads,2026-08-17T01:54:00.293610+00:00
New Zealand,Alex Rufer,MF,14,29,12 June 1996,26,0,Wellington Phoenix,Defensive Midfield,600000.0,,0,4-4-2,market-value/caps positional projection,0.0,0.0,,1.0,available,https://en.wikipedia.org/wiki/2026_FIFA_World_Cup_squads,2026-08-17T01:54:00.293610+00:00
New Zealand,Nando Pijnaker,DF,15,27,25 February 1999,25,0,Auckland FC,Centre-Back,400000.0,,0,4-4-2,market-value/caps positional projection,0.0,0.0,,1.0,available,https://en.wikipedia.org/wiki/2026_FIFA_World_Cup_squads,2026-08-17T01:54:00.293610+00:00
New Zealand,Finn Surman,DF,16,22,23 September 2003,19,2,Portland Timbers,Centre-Back,1800000.0,,0,4-4-2,market-value/caps positional projection,0.0,0.0,,1.0,available,https://en.wikipedia.org/wiki/2026_FIFA_World_Cup_squads,2026-08-17T01:54:00.293610+00:00
New Zealand,Kosta Barbarouses,FW,17,36,19 February 1990,76,10,Western Sydney Wanderers,Centre-Forward,300000.0,,1,4-4-2,market-value/caps positional projection,0.0,0.0,,1.0,available,https://en.wikipedia.org/wiki/2026_FIFA_World_Cup_squads,2026-08-17T01:54:00.293610+00:00
New Zealand,Ben Waine,FW,18,25,11 June 2001,31,9,Port Vale,Centre-Forward,400000.0,,0,4-4-2,market-value/caps positional projection,0.0,0.0,,1.0,available,https://en.wikipedia.org/wiki/2026_FIFA_World_Cup_squads,2026-08-17T01:54:00.293610+00:00
New Zealand,Ben Old,MF,19,23,13 August 2002,24,2,Saint-Étienne,Left-Back,1800000.0,,0,4-4-2,market-value/caps positional projection,0.0,0.0,,1.0,available,https://en.wikipedia.org/wiki/2026_FIFA_World_Cup_squads,2026-08-17T01:54:00.293610+00:00
New Zealand,Callum McCowatt,MF,20,27,30 April 1999,32,4,Silkeborg,Attacking Midfield,2500000.0,,1,4-4-2,market-value/caps positional projection,0.0,0.0,,1.0,available,https://en.wikipedia.org/wiki/2026_FIFA_World_Cup_squads,2026-08-17T01:54:00.293610+00:00
New Zealand,Jesse Randall,FW,21,23,19 August 2002,11,2,Auckland FC,Left Winger,900000.0,,0,4-4-2,market-value/caps positional projection,0.0,0.0,,1.0,available,https://en.wikipedia.org/wiki/2026_FIFA_World_Cup_squads,2026-08-17T01:54:00.293610+00:00
New Zealand,Michael Woud,GK,22,27,16 January 1999,6,0,Auckland FC,Goalkeeper,400000.0,,0,4-4-2,market-value/caps positional projection,0.0,0.0,,1.0,available,https://en.wikipedia.org/wiki/2026_FIFA_World_Cup_squads,2026-08-17T01:54:00.293610+00:00
New Zealand,Ryan Thomas,MF,23,31,20 December 1994,25,3,PEC Zwolle,Defensive Midfield,650000.0,,0,4-4-2,market-value/caps positional projection,0.0,0.0,,1.0,available,https://en.wikipedia.org/wiki/2026_FIFA_World_Cup_squads,2026-08-17T01:54:00.293610+00:00
New Zealand,Callan Elliot,DF,24,26,7 July 1999,11,0,Auckland FC,Right-Back,450000.0,,0,4-4-2,market-value/caps positional projection,0.0,0.0,,1.0,available,https://en.wikipedia.org/wiki/2026_FIFA_World_Cup_squads,2026-08-17T01:54:00.293610+00:00
New Zealand,Lachlan Bayliss,MF,25,23,24 July 2002,4,0,Newcastle Jets,Central Midfield,550000.0,,0,4-4-2,market-value/caps positional projection,0.0,0.0,,1.0,available,https://en.wikipedia.org/wiki/2026_FIFA_World_Cup_squads,2026-08-17T01:54:00.293610+00:00
New Zealand,Tommy Smith,DF,26,36,31 March 1990,56,2,Braintree Town,Centre-Back,50000.0,,0,4-4-2,market-value/caps positional projection,0.0,0.0,,1.0,available,https://en.wikipedia.org/wiki/2026_FIFA_World_Cup_squads,2026-08-17T01:54:00.293610+00:00
Cabo Verde,Vozinha,GK,1,40,3 June 1986,90,0,Chaves,Goalkeeper,50000.0,,1,3-5-2,market-value/caps positional projection,0.0,0.0,,1.0,available,https://en.wikipedia.org/wiki/2026_FIFA_World_Cup_squads,2026-08-17T01:54:00.293610+00:00
Cabo Verde,Stopira,DF,2,38,20 May 1988,61,4,Torreense,Centre-Back,50000.0,,0,3-5-2,market-value/caps positional projection,0.0,0.0,,1.0,available,https://en.wikipedia.org/wiki/2026_FIFA_World_Cup_squads,2026-08-17T01:54:00.293610+00:00
Cabo Verde,Diney,DF,3,31,17 January 1995,32,2,Al Bataeh,,0.0,,0,3-5-2,market-value/caps positional projection,0.0,0.0,,1.0,available,https://en.wikipedia.org/wiki/2026_FIFA_World_Cup_squads,2026-08-17T01:54:00.293610+00:00
Cabo Verde,Pico,DF,4,33,17 June 1992,45,0,Shamrock Rovers,,0.0,,0,3-5-2,market-value/caps positional projection,0.0,0.0,,1.0,available,https://en.wikipedia.org/wiki/2026_FIFA_World_Cup_squads,2026-08-17T01:54:00.293610+00:00
Cabo Verde,Logan Costa,DF,5,25,1 April 2001,28,0,Villarreal,Centre-Back,15000000.0,,1,3-5-2,market-value/caps positional projection,0.0,0.0,,1.0,available,https://en.wikipedia.org/wiki/2026_FIFA_World_Cup_squads,2026-08-17T01:54:00.293610+00:00
Cabo Verde,Kevin Pina,MF,6,29,27 January 1997,31,3,Krasnodar,Defensive Midfield,5000000.0,,1,3-5-2,market-value/caps positional projection,0.0,0.0,,1.0,available,https://en.wikipedia.org/wiki/2026_FIFA_World_Cup_squads,2026-08-17T01:54:00.293610+00:00
Cabo Verde,Jovane Cabral,MF,7,27,14 June 1998,29,3,Estrela Amadora,Left Winger,1000000.0,,0,3-5-2,market-value/caps positional projection,0.0,0.0,,1.0,available,https://en.wikipedia.org/wiki/2026_FIFA_World_Cup_squads,2026-08-17T01:54:00.293610+00:00
Cabo Verde,João Paulo,MF,8,28,26 May 1998,41,1,FCSB,Defensive Midfield,900000.0,,1,3-5-2,market-value/caps positional projection,0.0,0.0,,1.0,available,https://en.wikipedia.org/wiki/2026_FIFA_World_Cup_squads,2026-08-17T01:54:00.293610+00:00
Cabo Verde,Gilson Benchimol,FW,9,24,29 December 2001,21,6,Akron Tolyatti,Centre-Forward,1200000.0,,1,3-5-2,market-value/caps positional projection,0.0,0.0,,1.0,available,https://en.wikipedia.org/wiki/2026_FIFA_World_Cup_squads,2026-08-17T01:54:00.293610+00:00
Cabo Verde,Jamiro Monteiro,MF,10,32,23 November 1993,55,5,PEC Zwolle,Central Midfield,650000.0,,1,3-5-2,market-value/caps positional projection,0.0,0.0,,1.0,available,https://en.wikipedia.org/wiki/2026_FIFA_World_Cup_squads,2026-08-17T01:54:00.293610+00:00
Cabo Verde,Garry Rodrigues,MF,11,35,27 November 1990,61,10,Apollon Limassol,Right Winger,300000.0,,1,3-5-2,market-value/caps positional projection,0.0,0.0,,1.0,available,https://en.wikipedia.org/wiki/2026_FIFA_World_Cup_squads,2026-08-17T01:54:00.293610+00:00
Cabo Verde,Márcio Rosa,GK,12,29,23 February 1997,11,0,Montana,Goalkeeper,350000.0,,0,3-5-2,market-value/caps positional projection,0.0,0.0,,1.0,available,https://en.wikipedia.org/wiki/2026_FIFA_World_Cup_squads,2026-08-17T01:54:00.293610+00:00
Cabo Verde,Sidny Lopes Cabral,DF,13,23,18 September 2002,11,3,Benfica,Left-Back,4000000.0,,1,3-5-2,market-value/caps positional projection,0.0,0.0,,1.0,available,https://en.wikipedia.org/wiki/2026_FIFA_World_Cup_squads,2026-08-17T01:54:00.293610+00:00
Cabo Verde,Deroy Duarte,MF,14,26,4 July 1999,33,0,Ludogorets Razgrad,Central Midfield,1800000.0,,0,3-5-2,market-value/caps positional projection,0.0,0.0,,1.0,available,https://en.wikipedia.org/wiki/2026_FIFA_World_Cup_squads,2026-08-17T01:54:00.293610+00:00
Cabo Verde,Laros Duarte,MF,15,29,28 February 1997,20,1,Puskás Akadémia,Defensive Midfield,1000000.0,,0,3-5-2,market-value/caps positional projection,0.0,0.0,,1.0,available,https://en.wikipedia.org/wiki/2026_FIFA_World_Cup_squads,2026-08-17T01:54:00.293610+00:00
Cabo Verde,Yannick Semedo,MF,16,30,29 December 1995,11,1,Farense,Central Midfield,250000.0,,0,3-5-2,market-value/caps positional projection,0.0,0.0,,1.0,available,https://en.wikipedia.org/wiki/2026_FIFA_World_Cup_squads,2026-08-17T01:54:00.293610+00:00
Cabo Verde,Willy Semedo,MF,17,32,27 April 1994,38,3,Omonia,Left Winger,1000000.0,,1,3-5-2,market-value/caps positional projection,0.0,0.0,,1.0,available,https://en.wikipedia.org/wiki/2026_FIFA_World_Cup_squads,2026-08-17T01:54:00.293610+00:00
Cabo Verde,Telmo Arcanjo,MF,18,24,21 June 2001,16,1,Vitória de Guimarães,Right Winger,3000000.0,,0,3-5-2,market-value/caps positional projection,0.0,0.0,,1.0,available,https://en.wikipedia.org/wiki/2026_FIFA_World_Cup_squads,2026-08-17T01:54:00.293610+00:00
Cabo Verde,Dailon Livramento,FW,19,25,4 May 2001,22,7,Casa Pia,Centre-Forward,800000.0,,0,3-5-2,market-value/caps positional projection,0.0,0.0,,1.0,available,https://en.wikipedia.org/wiki/2026_FIFA_World_Cup_squads,2026-08-17T01:54:00.293610+00:00
Cabo Verde,Ryan Mendes,FW,20,36,8 January 1990,96,22,Iğdır,Left Winger,200000.0,,1,3-5-2,market-value/caps positional projection,0.0,0.0,,1.0,available,https://en.wikipedia.org/wiki/2026_FIFA_World_Cup_squads,2026-08-17T01:54:00.293610+00:00
Cabo Verde,Nuno da Costa,MF,21,35,10 February 1991,9,2,İstanbul Başakşehir,Centre-Forward,400000.0,,0,3-5-2,market-value/caps positional projection,0.0,0.0,,1.0,available,https://en.wikipedia.org/wiki/2026_FIFA_World_Cup_squads,2026-08-17T01:54:00.293610+00:00
Cabo Verde,Steven Moreira,DF,22,31,13 August 1994,20,0,Columbus Crew,Right-Back,1500000.0,,0,3-5-2,market-value/caps positional projection,0.0,0.0,,1.0,available,https://en.wikipedia.org/wiki/2026_FIFA_World_Cup_squads,2026-08-17T01:54:00.293610+00:00
Cabo Verde,CJ dos Santos,GK,23,25,24 August 2000,1,0,San Diego FC,Goalkeeper,1000000.0,,0,3-5-2,market-value/caps positional projection,0.0,0.0,,1.0,available,https://en.wikipedia.org/wiki/2026_FIFA_World_Cup_squads,2026-08-17T01:54:00.293610+00:00
Cabo Verde,Wagner Pina,DF,24,23,3 November 2002,14,0,Trabzonspor,Right-Back,11000000.0,,1,3-5-2,market-value/caps positional projection,0.0,0.0,,1.0,available,https://en.wikipedia.org/wiki/2026_FIFA_World_Cup_squads,2026-08-17T01:54:00.293610+00:00
Cabo Verde,Kelvin Pires,DF,25,26,5 June 2000,6,1,SJK,Centre-Back,400000.0,,0,3-5-2,market-value/caps positional projection,0.0,0.0,,1.0,available,https://en.wikipedia.org/wiki/2026_FIFA_World_Cup_squads,2026-08-17T01:54:00.293610+00:00
Cabo Verde,Hélio Varela,MF,26,24,3 May 2002,21,0,Maccabi Tel Aviv,Left Winger,2500000.0,,0,3-5-2,market-value/caps positional projection,0.0,0.0,,1.0,available,https://en.wikipedia.org/wiki/2026_FIFA_World_Cup_squads,2026-08-17T01:54:00.293610+00:00
Saudi Arabia,Nawaf Al-Aqidi,GK,1,26,10 May 2000,24,0,Al-Nassr,Goalkeeper,650000.0,,0,3-4-3,market-value/caps positional projection,0.0,0.0,,1.0,available,https://en.wikipedia.org/wiki/2026_FIFA_World_Cup_squads,2026-08-17T01:54:00.293610+00:00
Saudi Arabia,Ali Majrashi,DF,2,26,2 October 1999,21,0,Al-Ahli,Right-Back,1400000.0,,0,3-4-3,market-value/caps positional projection,0.0,0.0,,1.0,available,https://en.wikipedia.org/wiki/2026_FIFA_World_Cup_squads,2026-08-17T01:54:00.293610+00:00
Saudi Arabia,Ali Lajami,DF,3,30,24 April 1996,24,1,Al-Hilal,Centre-Back,750000.0,,0,3-4-3,market-value/caps positional projection,0.0,0.0,,1.0,available,https://en.wikipedia.org/wiki/2026_FIFA_World_Cup_squads,2026-08-17T01:54:00.293610+00:00
Saudi Arabia,Abdulelah Al-Amri,DF,4,29,15 January 1997,44,1,Al-Nassr,Centre-Back,1400000.0,,1,3-4-3,market-value/caps positional projection,0.0,0.0,,1.0,available,https://en.wikipedia.org/wiki/2026_FIFA_World_Cup_squads,2026-08-17T01:54:00.293610+00:00
Saudi Arabia,Hassan Al-Tambakti,DF,5,27,9 February 1999,54,1,Al-Hilal,,0.0,,0,3-4-3,market-value/caps positional projection,0.0,0.0,,1.0,available,https://en.wikipedia.org/wiki/2026_FIFA_World_Cup_squads,2026-08-17T01:54:00.293610+00:00
Saudi Arabia,Nasser Al-Dawsari,MF,6,27,19 December 1998,47,1,Al-Hilal,Central Midfield,900000.0,,1,3-4-3,market-value/caps positional projection,0.0,0.0,,1.0,available,https://en.wikipedia.org/wiki/2026_FIFA_World_Cup_squads,2026-08-17T01:54:00.293610+00:00
Saudi Arabia,Musab Al-Juwayr,MF,7,22,20 June 2003,37,6,Al-Qadsiah,Central Midfield,6000000.0,,1,3-4-3,market-value/caps positional projection,0.0,0.0,,1.0,available,https://en.wikipedia.org/wiki/2026_FIFA_World_Cup_squads,2026-08-17T01:54:00.293610+00:00
Saudi Arabia,Ayman Yahya,FW,8,25,14 May 2001,26,0,Al-Nassr,Left-Back,1200000.0,,0,3-4-3,market-value/caps positional projection,0.0,0.0,,1.0,available,https://en.wikipedia.org/wiki/2026_FIFA_World_Cup_squads,2026-08-17T01:54:00.293610+00:00
Saudi Arabia,Firas Al-Buraikan,FW,9,26,14 May 2000,72,16,Al-Ahli,Centre-Forward,3500000.0,,1,3-4-3,market-value/caps positional projection,0.0,0.0,,1.0,available,https://en.wikipedia.org/wiki/2026_FIFA_World_Cup_squads,2026-08-17T01:54:00.293610+00:00
Saudi Arabia,Salem Al-Dawsari,FW,10,34,19 August 1991,111,27,Al-Hilal,Left Winger,1200000.0,,1,3-4-3,market-value/caps positional projection,0.0,0.0,,1.0,available,https://en.wikipedia.org/wiki/2026_FIFA_World_Cup_squads,2026-08-17T01:54:00.293610+00:00
Saudi Arabia,Saleh Al-Shehri,FW,11,32,1 November 1993,59,17,Al-Ittihad,Centre-Forward,500000.0,,1,3-4-3,market-value/caps positional projection,0.0,0.0,,1.0,available,https://en.wikipedia.org/wiki/2026_FIFA_World_Cup_squads,2026-08-17T01:54:00.293610+00:00
Saudi Arabia,Saud Abdulhamid,DF,12,26,18 July 1999,55,1,Lens,Right-Back,9000000.0,,1,3-4-3,market-value/caps positional projection,0.0,0.0,,1.0,available,https://en.wikipedia.org/wiki/2026_FIFA_World_Cup_squads,2026-08-17T01:54:00.293610+00:00
Saudi Arabia,Nawaf Boushal,DF,13,26,16 September 1999,27,0,Al-Nassr,Right-Back,1400000.0,,1,3-4-3,market-value/caps positional projection,0.0,0.0,,1.0,available,https://en.wikipedia.org/wiki/2026_FIFA_World_Cup_squads,2026-08-17T01:54:00.293610+00:00
Saudi Arabia,Hassan Kadesh,DF,14,33,26 September 1992,21,2,Al-Ittihad,Left-Back,275000.0,,0,3-4-3,market-value/caps positional projection,0.0,0.0,,1.0,available,https://en.wikipedia.org/wiki/2026_FIFA_World_Cup_squads,2026-08-17T01:54:00.293610+00:00
Saudi Arabia,Abdullah Al-Khaibari,MF,15,29,16 August 1996,42,0,Al-Nassr,Defensive Midfield,750000.0,,1,3-4-3,market-value/caps positional projection,0.0,0.0,,1.0,available,https://en.wikipedia.org/wiki/2026_FIFA_World_Cup_squads,2026-08-17T01:54:00.293610+00:00
Saudi Arabia,Ziyad Al-Johani,MF,16,24,11 November 2001,12,0,Al-Ahli,Defensive Midfield,800000.0,,0,3-4-3,market-value/caps positional projection,0.0,0.0,,1.0,available,https://en.wikipedia.org/wiki/2026_FIFA_World_Cup_squads,2026-08-17T01:54:00.293610+00:00
Saudi Arabia,Khalid Al-Ghannam,FW,17,25,8 November 2000,7,0,Al-Ettifaq,Left Winger,2500000.0,,0,3-4-3,market-value/caps positional projection,0.0,0.0,,1.0,available,https://en.wikipedia.org/wiki/2026_FIFA_World_Cup_squads,2026-08-17T01:54:00.293610+00:00
Saudi Arabia,Alaa Al-Hejji,MF,18,30,3 December 1995,3,0,Neom,,0.0,,0,3-4-3,market-value/caps positional projection,0.0,0.0,,1.0,available,https://en.wikipedia.org/wiki/2026_FIFA_World_Cup_squads,2026-08-17T01:54:00.293610+00:00
Saudi Arabia,Abdullah Al-Hamdan,FW,19,26,13 September 1999,52,13,Al-Nassr,Centre-Forward,350000.0,,0,3-4-3,market-value/caps positional projection,0.0,0.0,,1.0,available,https://en.wikipedia.org/wiki/2026_FIFA_World_Cup_squads,2026-08-17T01:54:00.293610+00:00
Saudi Arabia,Sultan Mandash,FW,20,31,17 October 1994,7,2,Al-Hilal,Right Winger,350000.0,,0,3-4-3,market-value/caps positional projection,0.0,0.0,,1.0,available,https://en.wikipedia.org/wiki/2026_FIFA_World_Cup_squads,2026-08-17T01:54:00.293610+00:00
Saudi Arabia,Mohammed Al-Owais,GK,21,34,10 October 1991,65,0,Al-Ula,Goalkeeper,275000.0,,1,3-4-3,market-value/caps positional projection,0.0,0.0,,1.0,available,https://en.wikipedia.org/wiki/2026_FIFA_World_Cup_squads,2026-08-17T01:54:00.293610+00:00
Saudi Arabia,Ahmed Al-Kassar,GK,22,35,8 May 1991,9,0,Al-Qadsiah,Goalkeeper,175000.0,,0,3-4-3,market-value/caps positional projection,0.0,0.0,,1.0,available,https://en.wikipedia.org/wiki/2026_FIFA_World_Cup_squads,2026-08-17T01:54:00.293610+00:00
Saudi Arabia,Mohamed Kanno,MF,23,31,22 September 1994,79,8,Al-Hilal,Central Midfield,800000.0,,1,3-4-3,market-value/caps positional projection,0.0,0.0,,1.0,available,https://en.wikipedia.org/wiki/2026_FIFA_World_Cup_squads,2026-08-17T01:54:00.293610+00:00
Saudi Arabia,Moteb Al-Harbi,DF,24,26,20 February 2000,13,0,Al-Hilal,Left-Back,1400000.0,,0,3-4-3,market-value/caps positional projection,0.0,0.0,,1.0,available,https://en.wikipedia.org/wiki/2026_FIFA_World_Cup_squads,2026-08-17T01:54:00.293610+00:00
Saudi Arabia,Jehad Thakri,DF,25,24,21 July 2001,8,0,Al-Qadsiah,Centre-Back,1200000.0,,0,3-4-3,market-value/caps positional projection,0.0,0.0,,1.0,available,https://en.wikipedia.org/wiki/2026_FIFA_World_Cup_squads,2026-08-17T01:54:00.293610+00:00
Saudi Arabia,Mohammed Abu Al-Shamat,DF,26,23,11 August 2002,8,0,Al-Qadsiah,Right-Back,1800000.0,,0,3-4-3,market-value/caps positional projection,0.0,0.0,,1.0,available,https://en.wikipedia.org/wiki/2026_FIFA_World_Cup_squads,2026-08-17T01:54:00.293610+00:00
Spain,David Raya,GK,1,30,15 September 1995,13,0,Arsenal,Goalkeeper,30000000.0,03/06/2026,0,3-4-3,market-value/caps positional projection,0.0,0.0,,1.0,available,https://en.wikipedia.org/wiki/2026_FIFA_World_Cup_squads,2026-08-17T01:54:00.293610+00:00
Spain,Marc Pubill,DF,2,22,20 June 2003,2,0,Atlético Madrid,Centre-Back,35000000.0,05/06/2026,0,3-4-3,market-value/caps positional projection,0.0,0.0,,1.0,available,https://en.wikipedia.org/wiki/2026_FIFA_World_Cup_squads,2026-08-17T01:54:00.293610+00:00
Spain,Álex Grimaldo,DF,3,30,20 September 1995,14,0,Bayer Leverkusen,,0.0,,0,3-4-3,market-value/caps positional projection,0.0,0.0,,1.0,available,https://en.wikipedia.org/wiki/2026_FIFA_World_Cup_squads,2026-08-17T01:54:00.293610+00:00
Spain,Eric García,DF,4,25,9 January 2001,21,0,Barcelona,Centre-Back,40000000.0,05/06/2026,1,3-4-3,market-value/caps positional projection,0.0,0.0,,1.0,available,https://en.wikipedia.org/wiki/2026_FIFA_World_Cup_squads,2026-08-17T01:54:00.293610+00:00
Spain,Marcos Llorente,DF,5,31,30 January 1995,24,0,Atlético Madrid,Right-Back,20000000.0,,0,3-4-3,market-value/caps positional projection,0.0,0.0,,1.0,available,https://en.wikipedia.org/wiki/2026_FIFA_World_Cup_squads,2026-08-17T01:54:00.293610+00:00
Spain,Mikel Merino,MF,6,29,22 June 1996,43,10,Arsenal,Central Midfield,25000000.0,03/06/2026,1,3-4-3,market-value/caps positional projection,0.0,0.0,,1.0,available,https://en.wikipedia.org/wiki/2026_FIFA_World_Cup_squads,2026-08-17T01:54:00.293610+00:00
Spain,Ferran Torres,FW,7,26,29 February 2000,57,24,Barcelona,Centre-Forward,50000000.0,05/06/2026,1,3-4-3,market-value/caps positional projection,0.0,0.0,,1.0,available,https://en.wikipedia.org/wiki/2026_FIFA_World_Cup_squads,2026-08-17T01:54:00.293610+00:00
Spain,Fabián Ruiz,MF,8,30,3 April 1996,42,6,Paris Saint-Germain,Central Midfield,30000000.0,01/06/2026,1,3-4-3,market-value/caps positional projection,0.0,0.0,,1.0,available,https://en.wikipedia.org/wiki/2026_FIFA_World_Cup_squads,2026-08-17T01:54:00.293610+00:00
Spain,Gavi,MF,9,21,5 August 2004,30,5,Barcelona,Central Midfield,30000000.0,05/06/2026,0,3-4-3,market-value/caps positional projection,0.0,0.0,,1.0,available,https://en.wikipedia.org/wiki/2026_FIFA_World_Cup_squads,2026-08-17T01:54:00.293610+00:00
Spain,Dani Olmo,FW,10,28,7 May 1998,50,12,Barcelona,Attacking Midfield,60000000.0,05/06/2026,1,3-4-3,market-value/caps positional projection,0.0,0.0,,1.0,available,https://en.wikipedia.org/wiki/2026_FIFA_World_Cup_squads,2026-08-17T01:54:00.293610+00:00
Spain,Yéremy Pino,FW,11,23,20 October 2002,23,4,Crystal Palace,Right Winger,30000000.0,03/06/2026,0,3-4-3,market-value/caps positional projection,0.0,0.0,,1.0,available,https://en.wikipedia.org/wiki/2026_FIFA_World_Cup_squads,2026-08-17T01:54:00.293610+00:00
Spain,Pedro Porro,DF,12,26,13 September 1999,18,0,Tottenham Hotspur,Right-Back,35000000.0,03/06/2026,0,3-4-3,market-value/caps positional projection,0.0,0.0,,1.0,available,https://en.wikipedia.org/wiki/2026_FIFA_World_Cup_squads,2026-08-17T01:54:00.293610+00:00
Spain,Joan Garcia,GK,13,25,4 May 2001,2,0,Barcelona,Goalkeeper,45000000.0,05/06/2026,0,3-4-3,market-value/caps positional projection,0.0,0.0,,1.0,available,https://en.wikipedia.org/wiki/2026_FIFA_World_Cup_squads,2026-08-17T01:54:00.293610+00:00
Spain,Aymeric Laporte,DF,14,32,27 May 1994,46,2,Athletic Bilbao,Centre-Back,8000000.0,,1,3-4-3,market-value/caps positional projection,0.0,0.0,,1.0,available,https://en.wikipedia.org/wiki/2026_FIFA_World_Cup_squads,2026-08-17T01:54:00.293610+00:00
Spain,Álex Baena,MF,15,24,20 July 2001,17,2,Atlético Madrid,Left Winger,40000000.0,05/06/2026,0,3-4-3,market-value/caps positional projection,0.0,0.0,,1.0,available,https://en.wikipedia.org/wiki/2026_FIFA_World_Cup_squads,2026-08-17T01:54:00.293610+00:00
Spain,Rodri,MF,16,29,22 June 1996,62,4,Manchester City,Defensive Midfield,50000000.0,03/06/2026,1,3-4-3,market-value/caps positional projection,0.0,0.0,,1.0,available,https://en.wikipedia.org/wiki/2026_FIFA_World_Cup_squads,2026-08-17T01:54:00.293610+00:00
Spain,Nico Williams,FW,17,23,12 July 2002,30,6,Athletic Bilbao,Left Winger,40000000.0,05/06/2026,0,3-4-3,market-value/caps positional projection,0.0,0.0,,1.0,available,https://en.wikipedia.org/wiki/2026_FIFA_World_Cup_squads,2026-08-17T01:54:00.293610+00:00
Spain,Martín Zubimendi,MF,18,27,2 February 1999,26,3,Arsenal,Defensive Midfield,75000000.0,03/06/2026,0,3-4-3,market-value/caps positional projection,0.0,0.0,,1.0,available,https://en.wikipedia.org/wiki/2026_FIFA_World_Cup_squads,2026-08-17T01:54:00.293610+00:00
Spain,Lamine Yamal,FW,19,18,13 July 2007,25,6,Barcelona,Right Winger,200000000.0,05/06/2026,0,3-4-3,market-value/caps positional projection,0.0,0.0,,1.0,available,https://en.wikipedia.org/wiki/2026_FIFA_World_Cup_squads,2026-08-17T01:54:00.293610+00:00
Spain,Pedri,MF,20,23,25 November 2002,41,6,Barcelona,Central Midfield,150000000.0,05/06/2026,1,3-4-3,market-value/caps positional projection,0.0,0.0,,1.0,available,https://en.wikipedia.org/wiki/2026_FIFA_World_Cup_squads,2026-08-17T01:54:00.293610+00:00
Spain,Mikel Oyarzabal,FW,21,29,21 April 1997,53,25,Real Sociedad,Centre-Forward,25000000.0,05/06/2026,1,3-4-3,market-value/caps positional projection,0.0,0.0,,1.0,available,https://en.wikipedia.org/wiki/2026_FIFA_World_Cup_squads,2026-08-17T01:54:00.293610+00:00
Spain,Pau Cubarsí,DF,22,19,22 January 2007,12,0,Barcelona,Centre-Back,80000000.0,05/06/2026,0,3-4-3,market-value/caps positional projection,0.0,0.0,,1.0,available,https://en.wikipedia.org/wiki/2026_FIFA_World_Cup_squads,2026-08-17T01:54:00.293610+00:00
Spain,Unai Simón,GK,23,29,11 June 1997,58,0,Athletic Bilbao,Goalkeeper,22000000.0,,1,3-4-3,market-value/caps positional projection,0.0,0.0,,1.0,available,https://en.wikipedia.org/wiki/2026_FIFA_World_Cup_squads,2026-08-17T01:54:00.293610+00:00
Spain,Marc Cucurella,DF,24,27,22 July 1998,24,1,Chelsea,Left-Back,50000000.0,03/06/2026,1,3-4-3,market-value/caps positional projection,0.0,0.0,,1.0,available,https://en.wikipedia.org/wiki/2026_FIFA_World_Cup_squads,2026-08-17T01:54:00.293610+00:00
Spain,Víctor Muñoz,FW,25,22,13 July 2003,2,1,Osasuna,Left Winger,30000000.0,05/06/2026,0,3-4-3,market-value/caps positional projection,0.0,0.0,,1.0,available,https://en.wikipedia.org/wiki/2026_FIFA_World_Cup_squads,2026-08-17T01:54:00.293610+00:00
Spain,Borja Iglesias,FW,26,33,17 January 1993,8,0,Celta Vigo,Centre-Forward,2800000.0,,0,3-4-3,market-value/caps positional projection,0.0,0.0,,1.0,available,https://en.wikipedia.org/wiki/2026_FIFA_World_Cup_squads,2026-08-17T01:54:00.293610+00:00
Uruguay,Sergio Rochet,GK,1,33,23 March 1993,35,0,Internacional,Goalkeeper,1800000.0,,0,3-5-2,market-value/caps positional projection,0.0,0.0,,1.0,available,https://en.wikipedia.org/wiki/2026_FIFA_World_Cup_squads,2026-08-17T01:54:00.293610+00:00
Uruguay,José María Giménez,DF,2,31,20 January 1995,99,8,Atlético Madrid,Centre-Back,9000000.0,,1,3-5-2,market-value/caps positional projection,0.0,0.0,,1.0,available,https://en.wikipedia.org/wiki/2026_FIFA_World_Cup_squads,2026-08-17T01:54:00.293610+00:00
Uruguay,Sebastián Cáceres,DF,3,26,18 August 1999,24,0,América,Centre-Back,4500000.0,,0,3-5-2,market-value/caps positional projection,0.0,0.0,,1.0,available,https://en.wikipedia.org/wiki/2026_FIFA_World_Cup_squads,2026-08-17T01:54:00.293610+00:00
Uruguay,Ronald Araújo,DF,4,27,7 March 1999,27,1,Barcelona,Centre-Back,20000000.0,,1,3-5-2,market-value/caps positional projection,0.0,0.0,,1.0,available,https://en.wikipedia.org/wiki/2026_FIFA_World_Cup_squads,2026-08-17T01:54:00.293610+00:00
Uruguay,Manuel Ugarte,MF,5,25,11 April 2001,36,1,Manchester United,Defensive Midfield,25000000.0,,1,3-5-2,market-value/caps positional projection,0.0,0.0,,1.0,available,https://en.wikipedia.org/wiki/2026_FIFA_World_Cup_squads,2026-08-17T01:54:00.293610+00:00
Uruguay,Rodrigo Bentancur,MF,6,28,25 June 1997,74,3,Tottenham Hotspur,Defensive Midfield,20000000.0,,1,3-5-2,market-value/caps positional projection,0.0,0.0,,1.0,available,https://en.wikipedia.org/wiki/2026_FIFA_World_Cup_squads,2026-08-17T01:54:00.293610+00:00
Uruguay,Nicolás de la Cruz,MF,7,29,1 June 1997,34,5,Flamengo,Central Midfield,8000000.0,,1,3-5-2,market-value/caps positional projection,0.0,0.0,,1.0,available,https://en.wikipedia.org/wiki/2026_FIFA_World_Cup_squads,2026-08-17T01:54:00.293610+00:00
Uruguay,Federico Valverde,MF,8,27,22 July 1998,73,9,Real Madrid,Central Midfield,90000000.0,05/06/2026,1,3-5-2,market-value/caps positional projection,0.0,0.0,,1.0,available,https://en.wikipedia.org/wiki/2026_FIFA_World_Cup_squads,2026-08-17T01:54:00.293610+00:00
Uruguay,Darwin Núñez,FW,9,26,24 June 1999,38,13,Al-Hilal,Centre-Forward,20000000.0,,1,3-5-2,market-value/caps positional projection,0.0,0.0,,1.0,available,https://en.wikipedia.org/wiki/2026_FIFA_World_Cup_squads,2026-08-17T01:54:00.293610+00:00
Uruguay,Giorgian de Arrascaeta,MF,10,32,1 June 1994,60,13,Flamengo,Attacking Midfield,14000000.0,,1,3-5-2,market-value/caps positional projection,0.0,0.0,,1.0,available,https://en.wikipedia.org/wiki/2026_FIFA_World_Cup_squads,2026-08-17T01:54:00.293610+00:00
Uruguay,Facundo Pellistri,FW,11,24,20 December 2001,39,2,Panathinaikos,Right Winger,5000000.0,,0,3-5-2,market-value/caps positional projection,0.0,0.0,,1.0,available,https://en.wikipedia.org/wiki/2026_FIFA_World_Cup_squads,2026-08-17T01:54:00.293610+00:00
Uruguay,Santiago Mele,GK,12,28,6 September 1997,8,0,Monterrey,Goalkeeper,2000000.0,,0,3-5-2,market-value/caps positional projection,0.0,0.0,,1.0,available,https://en.wikipedia.org/wiki/2026_FIFA_World_Cup_squads,2026-08-17T01:54:00.293610+00:00
Uruguay,Guillermo Varela,DF,13,33,24 March 1993,28,0,Flamengo,Right-Back,1000000.0,,0,3-5-2,market-value/caps positional projection,0.0,0.0,,1.0,available,https://en.wikipedia.org/wiki/2026_FIFA_World_Cup_squads,2026-08-17T01:54:00.293610+00:00
Uruguay,Agustín Canobbio,MF,14,27,1 October 1998,15,1,Fluminense,Right Winger,8000000.0,,0,3-5-2,market-value/caps positional projection,0.0,0.0,,1.0,available,https://en.wikipedia.org/wiki/2026_FIFA_World_Cup_squads,2026-08-17T01:54:00.293610+00:00
Uruguay,Emiliano Martínez,MF,15,26,17 August 1999,10,0,Palmeiras,Defensive Midfield,6500000.0,,0,3-5-2,market-value/caps positional projection,0.0,0.0,,1.0,available,https://en.wikipedia.org/wiki/2026_FIFA_World_Cup_squads,2026-08-17T01:54:00.293610+00:00
Uruguay,Mathías Olivera,DF,16,28,31 October 1997,35,2,Napoli,Left-Back,15000000.0,,1,3-5-2,market-value/caps positional projection,0.0,0.0,,1.0,available,https://en.wikipedia.org/wiki/2026_FIFA_World_Cup_squads,2026-08-17T01:54:00.293610+00:00
Uruguay,Matías Viña,DF,17,28,9 November 1997,43,1,River Plate,Left-Back,3500000.0,,0,3-5-2,market-value/caps positional projection,0.0,0.0,,1.0,available,https://en.wikipedia.org/wiki/2026_FIFA_World_Cup_squads,2026-08-17T01:54:00.293610+00:00
Uruguay,Brian Rodríguez,FW,18,26,20 May 2000,32,4,América,Left Winger,8000000.0,,1,3-5-2,market-value/caps positional projection,0.0,0.0,,1.0,available,https://en.wikipedia.org/wiki/2026_FIFA_World_Cup_squads,2026-08-17T01:54:00.293610+00:00
Uruguay,Rodrigo Aguirre,FW,19,31,1 October 1994,10,3,Tigres UANL,Centre-Forward,2300000.0,,0,3-5-2,market-value/caps positional projection,0.0,0.0,,1.0,available,https://en.wikipedia.org/wiki/2026_FIFA_World_Cup_squads,2026-08-17T01:54:00.293610+00:00
Uruguay,Maximiliano Araújo,MF,20,26,15 February 2000,28,3,Sporting CP,,0.0,,0,3-5-2,market-value/caps positional projection,0.0,0.0,,1.0,available,https://en.wikipedia.org/wiki/2026_FIFA_World_Cup_squads,2026-08-17T01:54:00.293610+00:00
Uruguay,Federico Viñas,FW,21,27,30 June 1998,11,2,Oviedo,Centre-Forward,4000000.0,,0,3-5-2,market-value/caps positional projection,0.0,0.0,,1.0,available,https://en.wikipedia.org/wiki/2026_FIFA_World_Cup_squads,2026-08-17T01:54:00.293610+00:00
Uruguay,Joaquín Piquerez,MF,22,27,24 August 1998,19,0,Palmeiras,Left-Back,12000000.0,,0,3-5-2,market-value/caps positional projection,0.0,0.0,,1.0,available,https://en.wikipedia.org/wiki/2026_FIFA_World_Cup_squads,2026-08-17T01:54:00.293610+00:00
Uruguay,Fernando Muslera,GK,23,39,16 June 1986,134,0,Estudiantes,Goalkeeper,700000.0,,1,3-5-2,market-value/caps positional projection,0.0,0.0,,1.0,available,https://en.wikipedia.org/wiki/2026_FIFA_World_Cup_squads,2026-08-17T01:54:00.293610+00:00
Uruguay,Santiago Bueno,DF,24,27,9 November 1998,8,0,Wolverhampton Wanderers,Centre-Back,10000000.0,,0,3-5-2,market-value/caps positional projection,0.0,0.0,,1.0,available,https://en.wikipedia.org/wiki/2026_FIFA_World_Cup_squads,2026-08-17T01:54:00.293610+00:00
Uruguay,Juan Manuel Sanabria,MF,25,26,29 March 2000,5,1,Real Salt Lake,Left-Back,4000000.0,,0,3-5-2,market-value/caps positional projection,0.0,0.0,,1.0,available,https://en.wikipedia.org/wiki/2026_FIFA_World_Cup_squads,2026-08-17T01:54:00.293610+00:00
Uruguay,Rodrigo Zalazar,MF,26,26,12 August 1999,8,2,Braga,Attacking Midfield,30000000.0,28/05/2026,0,3-5-2,market-value/caps positional projection,0.0,0.0,,1.0,available,https://en.wikipedia.org/wiki/2026_FIFA_World_Cup_squads,2026-08-17T01:54:00.293610+00:00
France,Brice Samba,GK,1,32,25 April 1994,4,0,Rennes,Goalkeeper,7000000.0,,0,4-3-3,market-value/caps positional projection,0.0,0.0,,1.0,available,https://en.wikipedia.org/wiki/2026_FIFA_World_Cup_squads,2026-08-17T01:54:00.293610+00:00
France,Malo Gusto,DF,2,23,19 May 2003,11,0,Chelsea,Right-Back,35000000.0,03/06/2026,0,4-3-3,market-value/caps positional projection,0.0,0.0,,1.0,available,https://en.wikipedia.org/wiki/2026_FIFA_World_Cup_squads,2026-08-17T01:54:00.293610+00:00
France,Lucas Digne,DF,3,32,20 July 1993,58,0,Aston Villa,Left-Back,6000000.0,,0,4-3-3,market-value/caps positional projection,0.0,0.0,,1.0,available,https://en.wikipedia.org/wiki/2026_FIFA_World_Cup_squads,2026-08-17T01:54:00.293610+00:00
France,Dayot Upamecano,DF,4,27,27 October 1998,38,2,Bayern Munich,Centre-Back,70000000.0,27/05/2026,1,4-3-3,market-value/caps positional projection,0.0,0.0,,1.0,available,https://en.wikipedia.org/wiki/2026_FIFA_World_Cup_squads,2026-08-17T01:54:00.293610+00:00
France,Jules Koundé,DF,5,27,12 November 1998,48,0,Barcelona,Right-Back,60000000.0,05/06/2026,1,4-3-3,market-value/caps positional projection,0.0,0.0,,1.0,available,https://en.wikipedia.org/wiki/2026_FIFA_World_Cup_squads,2026-08-17T01:54:00.293610+00:00
France,Manu Koné,MF,6,25,17 May 2001,14,0,Roma,Central Midfield,50000000.0,29/05/2026,0,4-3-3,market-value/caps positional projection,0.0,0.0,,1.0,available,https://en.wikipedia.org/wiki/2026_FIFA_World_Cup_squads,2026-08-17T01:54:00.293610+00:00
France,Ousmane Dembélé,FW,7,29,15 May 1997,59,7,Paris Saint-Germain,Centre-Forward,100000000.0,01/06/2026,1,4-3-3,market-value/caps positional projection,0.0,0.0,,1.0,available,https://en.wikipedia.org/wiki/2026_FIFA_World_Cup_squads,2026-08-17T01:54:00.293610+00:00
France,Aurélien Tchouaméni,MF,8,26,27 January 2000,46,3,Real Madrid,Defensive Midfield,70000000.0,05/06/2026,1,4-3-3,market-value/caps positional projection,0.0,0.0,,1.0,available,https://en.wikipedia.org/wiki/2026_FIFA_World_Cup_squads,2026-08-17T01:54:00.293610+00:00
France,Marcus Thuram,FW,9,28,6 August 1997,34,3,Inter Milan,Centre-Forward,50000000.0,29/05/2026,0,4-3-3,market-value/caps positional projection,0.0,0.0,,1.0,available,https://en.wikipedia.org/wiki/2026_FIFA_World_Cup_squads,2026-08-17T01:54:00.293610+00:00
France,Kylian Mbappé,FW,10,27,20 December 1998,98,56,Real Madrid,Centre-Forward,180000000.0,05/06/2026,1,4-3-3,market-value/caps positional projection,0.0,0.0,,1.0,available,https://en.wikipedia.org/wiki/2026_FIFA_World_Cup_squads,2026-08-17T01:54:00.293610+00:00
France,Michael Olise,FW,11,24,12 December 2001,17,7,Bayern Munich,Right Winger,150000000.0,27/05/2026,1,4-3-3,market-value/caps positional projection,0.0,0.0,,1.0,available,https://en.wikipedia.org/wiki/2026_FIFA_World_Cup_squads,2026-08-17T01:54:00.293610+00:00
France,Bradley Barcola,FW,12,23,2 September 2002,20,3,Paris Saint-Germain,Left Winger,70000000.0,01/06/2026,0,4-3-3,market-value/caps positional projection,0.0,0.0,,1.0,available,https://en.wikipedia.org/wiki/2026_FIFA_World_Cup_squads,2026-08-17T01:54:00.293610+00:00
France,N'Golo Kanté,MF,13,35,29 March 1991,69,2,Fenerbahçe,Defensive Midfield,4000000.0,,1,4-3-3,market-value/caps positional projection,0.0,0.0,,1.0,available,https://en.wikipedia.org/wiki/2026_FIFA_World_Cup_squads,2026-08-17T01:54:00.293610+00:00
France,Adrien Rabiot,MF,14,31,3 April 1995,59,7,AC Milan,Central Midfield,18000000.0,,1,4-3-3,market-value/caps positional projection,0.0,0.0,,1.0,available,https://en.wikipedia.org/wiki/2026_FIFA_World_Cup_squads,2026-08-17T01:54:00.293610+00:00
France,Ibrahima Konaté,DF,15,27,25 May 1999,28,0,Liverpool,Centre-Back,45000000.0,03/06/2026,0,4-3-3,market-value/caps positional projection,0.0,0.0,,1.0,available,https://en.wikipedia.org/wiki/2026_FIFA_World_Cup_squads,2026-08-17T01:54:00.293610+00:00
France,Mike Maignan,GK,16,30,3 July 1995,40,0,AC Milan,Goalkeeper,20000000.0,,1,4-3-3,market-value/caps positional projection,0.0,0.0,,1.0,available,https://en.wikipedia.org/wiki/2026_FIFA_World_Cup_squads,2026-08-17T01:54:00.293610+00:00
France,William Saliba,DF,17,25,24 March 2001,32,0,Arsenal,Centre-Back,100000000.0,03/06/2026,1,4-3-3,market-value/caps positional projection,0.0,0.0,,1.0,available,https://en.wikipedia.org/wiki/2026_FIFA_World_Cup_squads,2026-08-17T01:54:00.293610+00:00
France,Warren Zaïre-Emery,MF,18,20,8 March 2006,11,1,Paris Saint-Germain,Central Midfield,80000000.0,01/06/2026,0,4-3-3,market-value/caps positional projection,0.0,0.0,,1.0,available,https://en.wikipedia.org/wiki/2026_FIFA_World_Cup_squads,2026-08-17T01:54:00.293610+00:00
France,Théo Hernandez,DF,19,28,6 October 1997,44,2,Al-Hilal,Left-Back,20000000.0,,1,4-3-3,market-value/caps positional projection,0.0,0.0,,1.0,available,https://en.wikipedia.org/wiki/2026_FIFA_World_Cup_squads,2026-08-17T01:54:00.293610+00:00
France,Désiré Doué,FW,20,21,3 June 2005,7,2,Paris Saint-Germain,Right Winger,120000000.0,01/06/2026,0,4-3-3,market-value/caps positional projection,0.0,0.0,,1.0,available,https://en.wikipedia.org/wiki/2026_FIFA_World_Cup_squads,2026-08-17T01:54:00.293610+00:00
France,Lucas Hernandez,DF,21,30,14 February 1996,42,0,Paris Saint-Germain,Left-Back,18000000.0,,0,4-3-3,market-value/caps positional projection,0.0,0.0,,1.0,available,https://en.wikipedia.org/wiki/2026_FIFA_World_Cup_squads,2026-08-17T01:54:00.293610+00:00
France,Jean-Philippe Mateta,FW,22,28,28 June 1997,4,2,Crystal Palace,Centre-Forward,30000000.0,03/06/2026,0,4-3-3,market-value/caps positional projection,0.0,0.0,,1.0,available,https://en.wikipedia.org/wiki/2026_FIFA_World_Cup_squads,2026-08-17T01:54:00.293610+00:00
France,Robin Risser,GK,23,21,2 December 2004,0,0,Lens,Goalkeeper,30000000.0,01/06/2026,0,4-3-3,market-value/caps positional projection,0.0,0.0,,1.0,available,https://en.wikipedia.org/wiki/2026_FIFA_World_Cup_squads,2026-08-17T01:54:00.293610+00:00
France,Rayan Cherki,MF,24,22,17 August 2003,7,2,Manchester City,Attacking Midfield,90000000.0,03/06/2026,0,4-3-3,market-value/caps positional projection,0.0,0.0,,1.0,available,https://en.wikipedia.org/wiki/2026_FIFA_World_Cup_squads,2026-08-17T01:54:00.293610+00:00
France,Maghnes Akliouche,MF,25,24,25 February 2002,9,1,Monaco,Right Winger,50000000.0,01/06/2026,0,4-3-3,market-value/caps positional projection,0.0,0.0,,1.0,available,https://en.wikipedia.org/wiki/2026_FIFA_World_Cup_squads,2026-08-17T01:54:00.293610+00:00
France,Maxence Lacroix,DF,26,26,6 April 2000,4,0,Crystal Palace,Centre-Back,50000000.0,03/06/2026,0,4-3-3,market-value/caps positional projection,0.0,0.0,,1.0,available,https://en.wikipedia.org/wiki/2026_FIFA_World_Cup_squads,2026-08-17T01:54:00.293610+00:00
Iraq,Fahad Talib,GK,1,31,21 October 1994,21,0,Al-Talaba,Goalkeeper,375000.0,,0,3-4-3,market-value/caps positional projection,0.0,0.0,,1.0,available,https://en.wikipedia.org/wiki/2026_FIFA_World_Cup_squads,2026-08-17T01:54:00.293610+00:00
Iraq,Rebin Sulaka,DF,2,34,12 April 1992,56,1,Port,Centre-Back,100000.0,,1,3-4-3,market-value/caps positional projection,0.0,0.0,,1.0,available,https://en.wikipedia.org/wiki/2026_FIFA_World_Cup_squads,2026-08-17T01:54:00.293610+00:00
Iraq,Hussein Ali,DF,3,24,1 March 2002,27,1,Pogoń Szczecin,Right-Back,400000.0,,0,3-4-3,market-value/caps positional projection,0.0,0.0,,1.0,available,https://en.wikipedia.org/wiki/2026_FIFA_World_Cup_squads,2026-08-17T01:54:00.293610+00:00
Iraq,Zaid Tahseen,DF,4,25,29 January 2001,28,1,Pakhtakor,Centre-Back,600000.0,,1,3-4-3,market-value/caps positional projection,0.0,0.0,,1.0,available,https://en.wikipedia.org/wiki/2026_FIFA_World_Cup_squads,2026-08-17T01:54:00.293610+00:00
Iraq,Akam Hashim,DF,5,27,16 August 1998,14,1,Al-Zawraa,,0.0,,0,3-4-3,market-value/caps positional projection,0.0,0.0,,1.0,available,https://en.wikipedia.org/wiki/2026_FIFA_World_Cup_squads,2026-08-17T01:54:00.293610+00:00
Iraq,Manaf Younis,DF,6,29,16 November 1996,34,1,Al-Shorta,Centre-Back,300000.0,,0,3-4-3,market-value/caps positional projection,0.0,0.0,,1.0,available,https://en.wikipedia.org/wiki/2026_FIFA_World_Cup_squads,2026-08-17T01:54:00.293610+00:00
Iraq,Youssef Amyn,MF,7,22,21 August 2003,27,2,AEK Larnaca,Left Winger,550000.0,,1,3-4-3,market-value/caps positional projection,0.0,0.0,,1.0,available,https://en.wikipedia.org/wiki/2026_FIFA_World_Cup_squads,2026-08-17T01:54:00.293610+00:00
Iraq,Ibrahim Bayesh,MF,8,26,1 May 2000,76,8,Al Dhafra,Right Winger,800000.0,,1,3-4-3,market-value/caps positional projection,0.0,0.0,,1.0,available,https://en.wikipedia.org/wiki/2026_FIFA_World_Cup_squads,2026-08-17T01:54:00.293610+00:00
Iraq,Ali Al-Hamadi,FW,9,24,1 March 2002,20,5,Luton Town,Centre-Forward,1500000.0,,1,3-4-3,market-value/caps positional projection,0.0,0.0,,1.0,available,https://en.wikipedia.org/wiki/2026_FIFA_World_Cup_squads,2026-08-17T01:54:00.293610+00:00
Iraq,Mohanad Ali,FW,10,25,20 June 2000,72,27,Dibba,Centre-Forward,1200000.0,,1,3-4-3,market-value/caps positional projection,0.0,0.0,,1.0,available,https://en.wikipedia.org/wiki/2026_FIFA_World_Cup_squads,2026-08-17T01:54:00.293610+00:00
Iraq,Ahmed Qasem,FW,11,22,12 July 2003,3,0,Nashville SC,Right Winger,3500000.0,,0,3-4-3,market-value/caps positional projection,0.0,0.0,,1.0,available,https://en.wikipedia.org/wiki/2026_FIFA_World_Cup_squads,2026-08-17T01:54:00.293610+00:00
Iraq,Jalal Hassan,GK,12,35,18 May 1991,102,0,Al-Zawraa,Goalkeeper,250000.0,,1,3-4-3,market-value/caps positional projection,0.0,0.0,,1.0,available,https://en.wikipedia.org/wiki/2026_FIFA_World_Cup_squads,2026-08-17T01:54:00.293610+00:00
Iraq,Ali Yousif,FW,13,30,19 January 1996,7,1,Al-Talaba,Centre-Forward,200000.0,,0,3-4-3,market-value/caps positional projection,0.0,0.0,,1.0,available,https://en.wikipedia.org/wiki/2026_FIFA_World_Cup_squads,2026-08-17T01:54:00.293610+00:00
Iraq,Zidane Iqbal,MF,14,23,27 April 2003,25,2,Utrecht,Central Midfield,1000000.0,,1,3-4-3,market-value/caps positional projection,0.0,0.0,,1.0,available,https://en.wikipedia.org/wiki/2026_FIFA_World_Cup_squads,2026-08-17T01:54:00.293610+00:00
Iraq,Ahmed Maknzi,DF,15,24,24 September 2001,7,0,Al-Karma,Left-Back,450000.0,,0,3-4-3,market-value/caps positional projection,0.0,0.0,,1.0,available,https://en.wikipedia.org/wiki/2026_FIFA_World_Cup_squads,2026-08-17T01:54:00.293610+00:00
Iraq,Amir Al-Ammari,MF,16,28,27 July 1997,51,3,Cracovia,Defensive Midfield,1000000.0,,1,3-4-3,market-value/caps positional projection,0.0,0.0,,1.0,available,https://en.wikipedia.org/wiki/2026_FIFA_World_Cup_squads,2026-08-17T01:54:00.293610+00:00
Iraq,Ali Jasim,FW,17,22,20 January 2004,36,2,Al-Najma,Left Winger,500000.0,,0,3-4-3,market-value/caps positional projection,0.0,0.0,,1.0,available,https://en.wikipedia.org/wiki/2026_FIFA_World_Cup_squads,2026-08-17T01:54:00.293610+00:00
Iraq,Aymen Hussein,FW,18,30,22 March 1996,95,33,Al-Karma,Centre-Forward,400000.0,,1,3-4-3,market-value/caps positional projection,0.0,0.0,,1.0,available,https://en.wikipedia.org/wiki/2026_FIFA_World_Cup_squads,2026-08-17T01:54:00.293610+00:00
Iraq,Kevin Yakob,MF,19,25,10 October 2000,9,0,AGF,Central Midfield,850000.0,,0,3-4-3,market-value/caps positional projection,0.0,0.0,,1.0,available,https://en.wikipedia.org/wiki/2026_FIFA_World_Cup_squads,2026-08-17T01:54:00.293610+00:00
Iraq,Aimar Sher,MF,20,23,20 December 2002,7,0,Sarpsborg 08,Central Midfield,1500000.0,,0,3-4-3,market-value/caps positional projection,0.0,0.0,,1.0,available,https://en.wikipedia.org/wiki/2026_FIFA_World_Cup_squads,2026-08-17T01:54:00.293610+00:00
Iraq,Marko Farji,FW,21,22,16 March 2004,12,0,Venezia,Left Winger,1700000.0,,0,3-4-3,market-value/caps positional projection,0.0,0.0,,1.0,available,https://en.wikipedia.org/wiki/2026_FIFA_World_Cup_squads,2026-08-17T01:54:00.293610+00:00
Iraq,Ahmed Basil,GK,22,29,19 August 1996,16,0,Al-Shorta,,0.0,,0,3-4-3,market-value/caps positional projection,0.0,0.0,,1.0,available,https://en.wikipedia.org/wiki/2026_FIFA_World_Cup_squads,2026-08-17T01:54:00.293610+00:00
Iraq,Merchas Doski,DF,23,26,7 December 1999,31,1,Viktoria Plzeň,Left-Back,1700000.0,,1,3-4-3,market-value/caps positional projection,0.0,0.0,,1.0,available,https://en.wikipedia.org/wiki/2026_FIFA_World_Cup_squads,2026-08-17T01:54:00.293610+00:00
Iraq,Zaid Ismail,MF,24,24,3 January 2002,6,0,Al-Talaba,Defensive Midfield,500000.0,,0,3-4-3,market-value/caps positional projection,0.0,0.0,,1.0,available,https://en.wikipedia.org/wiki/2026_FIFA_World_Cup_squads,2026-08-17T01:54:00.293610+00:00
Iraq,Mustafa Saadoon,DF,25,25,25 May 2001,17,0,Al-Shorta,Right-Back,350000.0,,0,3-4-3,market-value/caps positional projection,0.0,0.0,,1.0,available,https://en.wikipedia.org/wiki/2026_FIFA_World_Cup_squads,2026-08-17T01:54:00.293610+00:00
Iraq,Frans Putros,DF,26,32,14 July 1993,28,0,Persib,Centre-Back,325000.0,,0,3-4-3,market-value/caps positional projection,0.0,0.0,,1.0,available,https://en.wikipedia.org/wiki/2026_FIFA_World_Cup_squads,2026-08-17T01:54:00.293610+00:00
Norway,Ørjan Nyland,GK,1,35,10 September 1990,71,0,Sevilla,Goalkeeper,800000.0,,1,3-4-3,market-value/caps positional projection,0.0,0.0,,1.0,available,https://en.wikipedia.org/wiki/2026_FIFA_World_Cup_squads,2026-08-17T01:54:00.293610+00:00
Norway,Morten Thorsby,MF,2,30,5 May 1996,31,0,Cremonese,Central Midfield,2800000.0,,0,3-4-3,market-value/caps positional projection,0.0,0.0,,1.0,available,https://en.wikipedia.org/wiki/2026_FIFA_World_Cup_squads,2026-08-17T01:54:00.293610+00:00
Norway,Kristoffer Ajer,DF,3,28,17 April 1998,52,2,Brentford,Centre-Back,18000000.0,,1,3-4-3,market-value/caps positional projection,0.0,0.0,,1.0,available,https://en.wikipedia.org/wiki/2026_FIFA_World_Cup_squads,2026-08-17T01:54:00.293610+00:00
Norway,Leo Østigård,DF,4,26,28 November 1999,38,1,Genoa,Centre-Back,13000000.0,,1,3-4-3,market-value/caps positional projection,0.0,0.0,,1.0,available,https://en.wikipedia.org/wiki/2026_FIFA_World_Cup_squads,2026-08-17T01:54:00.293610+00:00
Norway,David Møller Wolfe,DF,5,24,23 April 2002,22,1,Wolverhampton Wanderers,Left-Back,8000000.0,,0,3-4-3,market-value/caps positional projection,0.0,0.0,,1.0,available,https://en.wikipedia.org/wiki/2026_FIFA_World_Cup_squads,2026-08-17T01:54:00.293610+00:00
Norway,Patrick Berg,MF,6,28,24 November 1997,43,0,Bodø/Glimt,Defensive Midfield,8000000.0,,0,3-4-3,market-value/caps positional projection,0.0,0.0,,1.0,available,https://en.wikipedia.org/wiki/2026_FIFA_World_Cup_squads,2026-08-17T01:54:00.293610+00:00
Norway,Alexander Sørloth,FW,7,30,5 December 1995,72,26,Atlético Madrid,Centre-Forward,18000000.0,,1,3-4-3,market-value/caps positional projection,0.0,0.0,,1.0,available,https://en.wikipedia.org/wiki/2026_FIFA_World_Cup_squads,2026-08-17T01:54:00.293610+00:00
Norway,Sander Berge,MF,8,28,14 February 1998,66,1,Fulham,Defensive Midfield,25000000.0,,1,3-4-3,market-value/caps positional projection,0.0,0.0,,1.0,available,https://en.wikipedia.org/wiki/2026_FIFA_World_Cup_squads,2026-08-17T01:54:00.293610+00:00
Norway,Erling Haaland,FW,9,25,21 July 2000,50,55,Manchester City,Centre-Forward,200000000.0,03/06/2026,1,3-4-3,market-value/caps positional projection,0.0,0.0,,1.0,available,https://en.wikipedia.org/wiki/2026_FIFA_World_Cup_squads,2026-08-17T01:54:00.293610+00:00
Norway,Martin Ødegaard,MF,10,27,17 December 1998,68,5,Arsenal,Attacking Midfield,65000000.0,03/06/2026,1,3-4-3,market-value/caps positional projection,0.0,0.0,,1.0,available,https://en.wikipedia.org/wiki/2026_FIFA_World_Cup_squads,2026-08-17T01:54:00.293610+00:00
Norway,Jørgen Strand Larsen,FW,11,26,6 February 2000,28,6,Crystal Palace,Centre-Forward,40000000.0,03/06/2026,1,3-4-3,market-value/caps positional projection,0.0,0.0,,1.0,available,https://en.wikipedia.org/wiki/2026_FIFA_World_Cup_squads,2026-08-17T01:54:00.293610+00:00
Norway,Sander Tangvik,GK,12,23,29 November 2002,0,0,Hamburger SV,Goalkeeper,3000000.0,,0,3-4-3,market-value/caps positional projection,0.0,0.0,,1.0,available,https://en.wikipedia.org/wiki/2026_FIFA_World_Cup_squads,2026-08-17T01:54:00.293610+00:00
Norway,Egil Selvik,GK,13,28,30 July 1997,7,0,Watford,Goalkeeper,1500000.0,,0,3-4-3,market-value/caps positional projection,0.0,0.0,,1.0,available,https://en.wikipedia.org/wiki/2026_FIFA_World_Cup_squads,2026-08-17T01:54:00.293610+00:00
Norway,Fredrik Aursnes,MF,14,30,10 December 1995,22,1,Benfica,Central Midfield,15000000.0,,0,3-4-3,market-value/caps positional projection,0.0,0.0,,1.0,available,https://en.wikipedia.org/wiki/2026_FIFA_World_Cup_squads,2026-08-17T01:54:00.293610+00:00
Norway,Fredrik André Bjørkan,DF,15,27,21 August 1998,21,1,Bodø/Glimt,,0.0,,0,3-4-3,market-value/caps positional projection,0.0,0.0,,1.0,available,https://en.wikipedia.org/wiki/2026_FIFA_World_Cup_squads,2026-08-17T01:54:00.293610+00:00
Norway,Marcus Holmgren Pedersen,DF,16,25,16 July 2000,32,0,Torino,,0.0,,0,3-4-3,market-value/caps positional projection,0.0,0.0,,1.0,available,https://en.wikipedia.org/wiki/2026_FIFA_World_Cup_squads,2026-08-17T01:54:00.293610+00:00
Norway,Torbjørn Heggem,DF,17,27,12 January 1999,15,0,Bologna,Centre-Back,13000000.0,,0,3-4-3,market-value/caps positional projection,0.0,0.0,,1.0,available,https://en.wikipedia.org/wiki/2026_FIFA_World_Cup_squads,2026-08-17T01:54:00.293610+00:00
Norway,Kristian Thorstvedt,MF,18,27,13 March 1999,37,4,Sassuolo,Central Midfield,12000000.0,,1,3-4-3,market-value/caps positional projection,0.0,0.0,,1.0,available,https://en.wikipedia.org/wiki/2026_FIFA_World_Cup_squads,2026-08-17T01:54:00.293610+00:00
Norway,Thelo Aasgaard,MF,19,24,2 May 2002,8,5,Rangers,Attacking Midfield,2800000.0,,0,3-4-3,market-value/caps positional projection,0.0,0.0,,1.0,available,https://en.wikipedia.org/wiki/2026_FIFA_World_Cup_squads,2026-08-17T01:54:00.293610+00:00
Norway,Antonio Nusa,MF,20,21,17 April 2005,24,8,RB Leipzig,Left Winger,32000000.0,27/05/2026,1,3-4-3,market-value/caps positional projection,0.0,0.0,,1.0,available,https://en.wikipedia.org/wiki/2026_FIFA_World_Cup_squads,2026-08-17T01:54:00.293610+00:00
Norway,Andreas Schjelderup,MF,21,22,1 June 2004,12,1,Benfica,Left Winger,30000000.0,28/05/2026,0,3-4-3,market-value/caps positional projection,0.0,0.0,,1.0,available,https://en.wikipedia.org/wiki/2026_FIFA_World_Cup_squads,2026-08-17T01:54:00.293610+00:00
Norway,Oscar Bobb,MF,22,22,12 July 2003,20,2,Fulham,Right Winger,28000000.0,,0,3-4-3,market-value/caps positional projection,0.0,0.0,,1.0,available,https://en.wikipedia.org/wiki/2026_FIFA_World_Cup_squads,2026-08-17T01:54:00.293610+00:00
Norway,Jens Petter Hauge,MF,23,26,12 October 1999,15,1,Bodø/Glimt,Left Winger,12000000.0,,0,3-4-3,market-value/caps positional projection,0.0,0.0,,1.0,available,https://en.wikipedia.org/wiki/2026_FIFA_World_Cup_squads,2026-08-17T01:54:00.293610+00:00
Norway,Sondre Langås,DF,24,25,2 February 2001,3,0,Derby County,Centre-Back,4000000.0,,0,3-4-3,market-value/caps positional projection,0.0,0.0,,1.0,available,https://en.wikipedia.org/wiki/2026_FIFA_World_Cup_squads,2026-08-17T01:54:00.293610+00:00
Norway,Henrik Falchener,DF,25,23,8 May 2003,1,0,Viking,Centre-Back,6000000.0,,0,3-4-3,market-value/caps positional projection,0.0,0.0,,1.0,available,https://en.wikipedia.org/wiki/2026_FIFA_World_Cup_squads,2026-08-17T01:54:00.293610+00:00
Norway,Julian Ryerson,DF,26,28,17 November 1997,43,1,Borussia Dortmund,Right-Back,25000000.0,,1,3-4-3,market-value/caps positional projection,0.0,0.0,,1.0,available,https://en.wikipedia.org/wiki/2026_FIFA_World_Cup_squads,2026-08-17T01:54:00.293610+00:00
Senegal,Yehvann Diouf,GK,1,26,16 November 1999,2,0,Nice,Goalkeeper,7000000.0,,0,3-4-3,market-value/caps positional projection,0.0,0.0,,1.0,available,https://en.wikipedia.org/wiki/2026_FIFA_World_Cup_squads,2026-08-17T01:54:00.293610+00:00
Senegal,Mamadou Sarr,DF,2,20,29 August 2005,8,0,Chelsea,Centre-Back,22000000.0,,0,3-4-3,market-value/caps positional projection,0.0,0.0,,1.0,available,https://en.wikipedia.org/wiki/2026_FIFA_World_Cup_squads,2026-08-17T01:54:00.293610+00:00
Senegal,Kalidou Koulibaly,DF,3,34,20 June 1991,104,2,Al-Hilal,Centre-Back,4500000.0,,1,3-4-3,market-value/caps positional projection,0.0,0.0,,1.0,available,https://en.wikipedia.org/wiki/2026_FIFA_World_Cup_squads,2026-08-17T01:54:00.293610+00:00
Senegal,Abdoulaye Seck,DF,4,34,4 June 1992,25,4,Maccabi Haifa,Centre-Back,400000.0,,0,3-4-3,market-value/caps positional projection,0.0,0.0,,1.0,available,https://en.wikipedia.org/wiki/2026_FIFA_World_Cup_squads,2026-08-17T01:54:00.293610+00:00
Senegal,Idrissa Gueye,MF,5,36,26 September 1989,132,7,Everton,Defensive Midfield,500000.0,,1,3-4-3,market-value/caps positional projection,0.0,0.0,,1.0,available,https://en.wikipedia.org/wiki/2026_FIFA_World_Cup_squads,2026-08-17T01:54:00.293610+00:00
Senegal,Pathé Ciss,MF,6,32,16 March 1994,30,0,Rayo Vallecano,Central Midfield,1800000.0,,0,3-4-3,market-value/caps positional projection,0.0,0.0,,1.0,available,https://en.wikipedia.org/wiki/2026_FIFA_World_Cup_squads,2026-08-17T01:54:00.293610+00:00
Senegal,Assane Diao,FW,7,20,7 September 2005,5,0,Como,Left Winger,30000000.0,29/05/2026,0,3-4-3,market-value/caps positional projection,0.0,0.0,,1.0,available,https://en.wikipedia.org/wiki/2026_FIFA_World_Cup_squads,2026-08-17T01:54:00.293610+00:00
Senegal,Lamine Camara,MF,8,22,1 January 2004,45,7,Monaco,Central Midfield,40000000.0,01/06/2026,1,3-4-3,market-value/caps positional projection,0.0,0.0,,1.0,available,https://en.wikipedia.org/wiki/2026_FIFA_World_Cup_squads,2026-08-17T01:54:00.293610+00:00
Senegal,Bamba Dieng,FW,9,26,23 March 2000,23,2,Lorient,Centre-Forward,15000000.0,,0,3-4-3,market-value/caps positional projection,0.0,0.0,,1.0,available,https://en.wikipedia.org/wiki/2026_FIFA_World_Cup_squads,2026-08-17T01:54:00.293610+00:00
Senegal,Sadio Mané,FW,10,34,10 April 1992,128,55,Al-Nassr,Left Winger,6000000.0,,1,3-4-3,market-value/caps positional projection,0.0,0.0,,1.0,available,https://en.wikipedia.org/wiki/2026_FIFA_World_Cup_squads,2026-08-17T01:54:00.293610+00:00
Senegal,Nicolas Jackson,FW,11,24,20 June 2001,33,8,Bayern Munich,Centre-Forward,40000000.0,27/05/2026,0,3-4-3,market-value/caps positional projection,0.0,0.0,,1.0,available,https://en.wikipedia.org/wiki/2026_FIFA_World_Cup_squads,2026-08-17T01:54:00.293610+00:00
Senegal,Cherif Ndiaye,FW,12,30,23 January 1996,19,4,Samsunspor,Centre-Forward,5000000.0,,0,3-4-3,market-value/caps positional projection,0.0,0.0,,1.0,available,https://en.wikipedia.org/wiki/2026_FIFA_World_Cup_squads,2026-08-17T01:54:00.293610+00:00
Senegal,Iliman Ndiaye,FW,13,26,6 March 2000,41,4,Everton,Right Winger,55000000.0,03/06/2026,1,3-4-3,market-value/caps positional projection,0.0,0.0,,1.0,available,https://en.wikipedia.org/wiki/2026_FIFA_World_Cup_squads,2026-08-17T01:54:00.293610+00:00
Senegal,Ismail Jakobs,DF,14,26,17 August 1999,31,0,Galatasaray,Left-Back,8000000.0,,0,3-4-3,market-value/caps positional projection,0.0,0.0,,1.0,available,https://en.wikipedia.org/wiki/2026_FIFA_World_Cup_squads,2026-08-17T01:54:00.293610+00:00
Senegal,Krépin Diatta,DF,15,27,25 February 1999,62,2,Monaco,Right Midfield,6000000.0,,1,3-4-3,market-value/caps positional projection,0.0,0.0,,1.0,available,https://en.wikipedia.org/wiki/2026_FIFA_World_Cup_squads,2026-08-17T01:54:00.293610+00:00
Senegal,Édouard Mendy,GK,16,34,1 March 1992,58,0,Al-Ahli,Goalkeeper,4000000.0,,1,3-4-3,market-value/caps positional projection,0.0,0.0,,1.0,available,https://en.wikipedia.org/wiki/2026_FIFA_World_Cup_squads,2026-08-17T01:54:00.293610+00:00
Senegal,Pape Matar Sarr,MF,17,23,14 September 2002,40,4,Tottenham Hotspur,Central Midfield,30000000.0,03/06/2026,1,3-4-3,market-value/caps positional projection,0.0,0.0,,1.0,available,https://en.wikipedia.org/wiki/2026_FIFA_World_Cup_squads,2026-08-17T01:54:00.293610+00:00
Senegal,Ismaïla Sarr,FW,18,28,25 February 1998,84,19,Crystal Palace,Right Winger,40000000.0,03/06/2026,1,3-4-3,market-value/caps positional projection,0.0,0.0,,1.0,available,https://en.wikipedia.org/wiki/2026_FIFA_World_Cup_squads,2026-08-17T01:54:00.293610+00:00
Senegal,Moussa Niakhaté,DF,19,30,8 March 1996,32,0,Lyon,Centre-Back,15000000.0,,1,3-4-3,market-value/caps positional projection,0.0,0.0,,1.0,available,https://en.wikipedia.org/wiki/2026_FIFA_World_Cup_squads,2026-08-17T01:54:00.293610+00:00
Senegal,Ibrahim Mbaye,FW,20,18,24 January 2008,11,3,Paris Saint-Germain,Right Winger,30000000.0,01/06/2026,0,3-4-3,market-value/caps positional projection,0.0,0.0,,1.0,available,https://en.wikipedia.org/wiki/2026_FIFA_World_Cup_squads,2026-08-17T01:54:00.293610+00:00
Senegal,Habib Diarra,MF,21,22,3 January 2004,21,4,Sunderland,Central Midfield,35000000.0,03/06/2026,0,3-4-3,market-value/caps positional projection,0.0,0.0,,1.0,available,https://en.wikipedia.org/wiki/2026_FIFA_World_Cup_squads,2026-08-17T01:54:00.293610+00:00
Senegal,Bara Sapoko Ndiaye,MF,22,18,31 December 2007,1,0,Bayern Munich,Central Midfield,4000000.0,,0,3-4-3,market-value/caps positional projection,0.0,0.0,,1.0,available,https://en.wikipedia.org/wiki/2026_FIFA_World_Cup_squads,2026-08-17T01:54:00.293610+00:00
Senegal,Mory Diaw,GK,23,32,22 June 1993,5,0,Le Havre,Goalkeeper,900000.0,,0,3-4-3,market-value/caps positional projection,0.0,0.0,,1.0,available,https://en.wikipedia.org/wiki/2026_FIFA_World_Cup_squads,2026-08-17T01:54:00.293610+00:00
Senegal,Antoine Mendy,DF,24,22,27 May 2004,7,0,Nice,Centre-Back,10000000.0,,0,3-4-3,market-value/caps positional projection,0.0,0.0,,1.0,available,https://en.wikipedia.org/wiki/2026_FIFA_World_Cup_squads,2026-08-17T01:54:00.293610+00:00
Senegal,El Hadji Malick Diouf,DF,25,21,29 December 2004,20,1,West Ham United,Left-Back,28000000.0,03/06/2026,0,3-4-3,market-value/caps positional projection,0.0,0.0,,1.0,available,https://en.wikipedia.org/wiki/2026_FIFA_World_Cup_squads,2026-08-17T01:54:00.293610+00:00
Senegal,Pape Gueye,MF,26,27,24 January 1999,42,5,Villarreal,Central Midfield,40000000.0,05/06/2026,1,3-4-3,market-value/caps positional projection,0.0,0.0,,1.0,available,https://en.wikipedia.org/wiki/2026_FIFA_World_Cup_squads,2026-08-17T01:54:00.293610+00:00
Algeria,Melvin Mastil,GK,1,26,19 February 2000,2,0,Stade Nyonnais,Goalkeeper,250000.0,,0,3-4-3,market-value/caps positional projection,0.0,0.0,,1.0,available,https://en.wikipedia.org/wiki/2026_FIFA_World_Cup_squads,2026-08-17T01:54:00.293610+00:00
Algeria,Aïssa Mandi,DF,2,34,22 October 1991,119,8,Lille,Centre-Back,1000000.0,,1,3-4-3,market-value/caps positional projection,0.0,0.0,,1.0,available,https://en.wikipedia.org/wiki/2026_FIFA_World_Cup_squads,2026-08-17T01:54:00.293610+00:00
Algeria,Achref Abada,DF,3,26,15 June 1999,9,1,USM Alger,Centre-Back,1000000.0,,0,3-4-3,market-value/caps positional projection,0.0,0.0,,1.0,available,https://en.wikipedia.org/wiki/2026_FIFA_World_Cup_squads,2026-08-17T01:54:00.293610+00:00
Algeria,Mohamed Amine Tougai,DF,4,26,22 January 2000,30,2,Espérance de Tunis,Centre-Back,1300000.0,,0,3-4-3,market-value/caps positional projection,0.0,0.0,,1.0,available,https://en.wikipedia.org/wiki/2026_FIFA_World_Cup_squads,2026-08-17T01:54:00.293610+00:00
Algeria,Zineddine Belaïd,DF,5,27,20 March 1999,18,1,JS Kabylie,Centre-Back,1800000.0,,0,3-4-3,market-value/caps positional projection,0.0,0.0,,1.0,available,https://en.wikipedia.org/wiki/2026_FIFA_World_Cup_squads,2026-08-17T01:54:00.293610+00:00
Algeria,Ramiz Zerrouki,MF,6,28,26 May 1998,53,3,Twente,Defensive Midfield,6500000.0,,1,3-4-3,market-value/caps positional projection,0.0,0.0,,1.0,available,https://en.wikipedia.org/wiki/2026_FIFA_World_Cup_squads,2026-08-17T01:54:00.293610+00:00
Algeria,Riyad Mahrez,FW,7,35,21 February 1991,116,38,Al-Ahli,Right Winger,5000000.0,,1,3-4-3,market-value/caps positional projection,0.0,0.0,,1.0,available,https://en.wikipedia.org/wiki/2026_FIFA_World_Cup_squads,2026-08-17T01:54:00.293610+00:00
Algeria,Houssem Aouar,MF,8,27,30 June 1998,22,6,Al-Ittihad,Attacking Midfield,8000000.0,,0,3-4-3,market-value/caps positional projection,0.0,0.0,,1.0,available,https://en.wikipedia.org/wiki/2026_FIFA_World_Cup_squads,2026-08-17T01:54:00.293610+00:00
Algeria,Amine Gouiri,FW,9,26,16 February 2000,23,10,Marseille,Centre-Forward,28000000.0,01/06/2026,1,3-4-3,market-value/caps positional projection,0.0,0.0,,1.0,available,https://en.wikipedia.org/wiki/2026_FIFA_World_Cup_squads,2026-08-17T01:54:00.293610+00:00
Algeria,Farès Chaïbi,MF,10,23,28 November 2002,31,3,Eintracht Frankfurt,Attacking Midfield,15000000.0,,1,3-4-3,market-value/caps positional projection,0.0,0.0,,1.0,available,https://en.wikipedia.org/wiki/2026_FIFA_World_Cup_squads,2026-08-17T01:54:00.293610+00:00
Algeria,Anis Hadj Moussa,FW,11,24,11 February 2002,15,2,Feyenoord,Right Winger,23000000.0,28/05/2026,0,3-4-3,market-value/caps positional projection,0.0,0.0,,1.0,available,https://en.wikipedia.org/wiki/2026_FIFA_World_Cup_squads,2026-08-17T01:54:00.293610+00:00
Algeria,Nadhir Benbouali,FW,12,26,17 April 2000,4,1,Győri ETO,Centre-Forward,1200000.0,,0,3-4-3,market-value/caps positional projection,0.0,0.0,,1.0,available,https://en.wikipedia.org/wiki/2026_FIFA_World_Cup_squads,2026-08-17T01:54:00.293610+00:00
Algeria,Jaouen Hadjam,DF,13,23,26 March 2003,18,3,Young Boys,Left-Back,7000000.0,,0,3-4-3,market-value/caps positional projection,0.0,0.0,,1.0,available,https://en.wikipedia.org/wiki/2026_FIFA_World_Cup_squads,2026-08-17T01:54:00.293610+00:00
Algeria,Hicham Boudaoui,MF,14,26,23 September 1999,34,0,Nice,Central Midfield,12000000.0,,0,3-4-3,market-value/caps positional projection,0.0,0.0,,1.0,available,https://en.wikipedia.org/wiki/2026_FIFA_World_Cup_squads,2026-08-17T01:54:00.293610+00:00
Algeria,Rayan Aït-Nouri,DF,15,25,6 June 2001,30,0,Manchester City,Left-Back,40000000.0,03/06/2026,1,3-4-3,market-value/caps positional projection,0.0,0.0,,1.0,available,https://en.wikipedia.org/wiki/2026_FIFA_World_Cup_squads,2026-08-17T01:54:00.293610+00:00
Algeria,Oussama Benbot,GK,16,31,11 October 1994,5,0,USM Alger,,0.0,,0,3-4-3,market-value/caps positional projection,0.0,0.0,,1.0,available,https://en.wikipedia.org/wiki/2026_FIFA_World_Cup_squads,2026-08-17T01:54:00.293610+00:00
Algeria,Rafik Belghali,DF,17,24,7 June 2002,13,1,Hellas Verona,Right-Back,7000000.0,,0,3-4-3,market-value/caps positional projection,0.0,0.0,,1.0,available,https://en.wikipedia.org/wiki/2026_FIFA_World_Cup_squads,2026-08-17T01:54:00.293610+00:00
Algeria,Mohamed Amoura,FW,18,26,9 May 2000,47,19,VfL Wolfsburg,Centre-Forward,20000000.0,,1,3-4-3,market-value/caps positional projection,0.0,0.0,,1.0,available,https://en.wikipedia.org/wiki/2026_FIFA_World_Cup_squads,2026-08-17T01:54:00.293610+00:00
Algeria,Nabil Bentaleb,MF,19,31,24 November 1994,60,6,Lille,Defensive Midfield,4500000.0,,1,3-4-3,market-value/caps positional projection,0.0,0.0,,1.0,available,https://en.wikipedia.org/wiki/2026_FIFA_World_Cup_squads,2026-08-17T01:54:00.293610+00:00
Algeria,Adil Boulbina,FW,20,23,2 May 2003,12,6,Al-Duhail,Left Winger,3000000.0,,0,3-4-3,market-value/caps positional projection,0.0,0.0,,1.0,available,https://en.wikipedia.org/wiki/2026_FIFA_World_Cup_squads,2026-08-17T01:54:00.293610+00:00
Algeria,Ramy Bensebaini,DF,21,31,16 April 1995,82,9,Borussia Dortmund,Centre-Back,7000000.0,,1,3-4-3,market-value/caps positional projection,0.0,0.0,,1.0,available,https://en.wikipedia.org/wiki/2026_FIFA_World_Cup_squads,2026-08-17T01:54:00.293610+00:00
Algeria,Ibrahim Maza,MF,22,20,24 November 2005,17,2,Bayer Leverkusen,Attacking Midfield,45000000.0,27/05/2026,1,3-4-3,market-value/caps positional projection,0.0,0.0,,1.0,available,https://en.wikipedia.org/wiki/2026_FIFA_World_Cup_squads,2026-08-17T01:54:00.293610+00:00
Algeria,Luca Zidane,GK,23,28,13 May 1998,7,0,Granada,Goalkeeper,1000000.0,,1,3-4-3,market-value/caps positional projection,0.0,0.0,,1.0,available,https://en.wikipedia.org/wiki/2026_FIFA_World_Cup_squads,2026-08-17T01:54:00.293610+00:00
Algeria,Yacine Titraoui,MF,24,22,26 July 2003,5,0,Charleroi,,0.0,,0,3-4-3,market-value/caps positional projection,0.0,0.0,,1.0,available,https://en.wikipedia.org/wiki/2026_FIFA_World_Cup_squads,2026-08-17T01:54:00.293610+00:00
Algeria,Farès Ghedjemis,FW,25,23,6 September 2002,1,1,Frosinone,Right Winger,7500000.0,,0,3-4-3,market-value/caps positional projection,0.0,0.0,,1.0,available,https://en.wikipedia.org/wiki/2026_FIFA_World_Cup_squads,2026-08-17T01:54:00.293610+00:00
Algeria,Samir Chergui,DF,26,27,6 February 1999,5,0,Paris FC,Centre-Back,3000000.0,,0,3-4-3,market-value/caps positional projection,0.0,0.0,,1.0,available,https://en.wikipedia.org/wiki/2026_FIFA_World_Cup_squads,2026-08-17T01:54:00.293610+00:00
Argentina,Juan Musso,GK,1,32,6 May 1994,4,0,Atlético Madrid,Goalkeeper,3000000.0,,0,3-4-3,market-value/caps positional projection,0.0,0.0,,1.0,available,https://en.wikipedia.org/wiki/2026_FIFA_World_Cup_squads,2026-08-17T01:54:00.293610+00:00
Argentina,Marcos Senesi,DF,2,29,10 May 1997,3,0,Bournemouth,Centre-Back,25000000.0,,0,3-4-3,market-value/caps positional projection,0.0,0.0,,1.0,available,https://en.wikipedia.org/wiki/2026_FIFA_World_Cup_squads,2026-08-17T01:54:00.293610+00:00
Argentina,Nicolás Tagliafico,DF,3,33,31 August 1992,76,1,Lyon,Left-Back,4000000.0,,1,3-4-3,market-value/caps positional projection,0.0,0.0,,1.0,available,https://en.wikipedia.org/wiki/2026_FIFA_World_Cup_squads,2026-08-17T01:54:00.293610+00:00
Argentina,Gonzalo Montiel,DF,4,29,1 January 1997,39,2,River Plate,Right-Back,4500000.0,,0,3-4-3,market-value/caps positional projection,0.0,0.0,,1.0,available,https://en.wikipedia.org/wiki/2026_FIFA_World_Cup_squads,2026-08-17T01:54:00.293610+00:00
Argentina,Leandro Paredes,MF,5,31,29 June 1994,77,5,Boca Juniors,Defensive Midfield,5000000.0,,1,3-4-3,market-value/caps positional projection,0.0,0.0,,1.0,available,https://en.wikipedia.org/wiki/2026_FIFA_World_Cup_squads,2026-08-17T01:54:00.293610+00:00
Argentina,Lisandro Martínez,DF,6,28,18 January 1998,28,1,Manchester United,Centre-Back,40000000.0,03/06/2026,0,3-4-3,market-value/caps positional projection,0.0,0.0,,1.0,available,https://en.wikipedia.org/wiki/2026_FIFA_World_Cup_squads,2026-08-17T01:54:00.293610+00:00
Argentina,Rodrigo De Paul,MF,7,32,24 May 1994,87,2,Inter Miami CF,Central Midfield,14000000.0,,1,3-4-3,market-value/caps positional projection,0.0,0.0,,1.0,available,https://en.wikipedia.org/wiki/2026_FIFA_World_Cup_squads,2026-08-17T01:54:00.293610+00:00
Argentina,Valentín Barco,MF,8,21,23 July 2004,4,2,Strasbourg,Central Midfield,40000000.0,01/06/2026,0,3-4-3,market-value/caps positional projection,0.0,0.0,,1.0,available,https://en.wikipedia.org/wiki/2026_FIFA_World_Cup_squads,2026-08-17T01:54:00.293610+00:00
Argentina,Julián Alvarez,FW,9,26,31 January 2000,51,14,Atlético Madrid,Centre-Forward,100000000.0,05/06/2026,1,3-4-3,market-value/caps positional projection,0.0,0.0,,1.0,available,https://en.wikipedia.org/wiki/2026_FIFA_World_Cup_squads,2026-08-17T01:54:00.293610+00:00
Argentina,Lionel Messi,FW,10,38,24 June 1987,199,117,Inter Miami CF,Right Winger,15000000.0,,1,3-4-3,market-value/caps positional projection,0.0,0.0,,1.0,available,https://en.wikipedia.org/wiki/2026_FIFA_World_Cup_squads,2026-08-17T01:54:00.293610+00:00
Argentina,Giovani Lo Celso,MF,11,30,9 April 1996,67,4,Real Betis,Attacking Midfield,8000000.0,,0,3-4-3,market-value/caps positional projection,0.0,0.0,,1.0,available,https://en.wikipedia.org/wiki/2026_FIFA_World_Cup_squads,2026-08-17T01:54:00.293610+00:00
Argentina,Gerónimo Rulli,GK,12,34,20 May 1992,8,0,Marseille,Goalkeeper,6000000.0,,0,3-4-3,market-value/caps positional projection,0.0,0.0,,1.0,available,https://en.wikipedia.org/wiki/2026_FIFA_World_Cup_squads,2026-08-17T01:54:00.293610+00:00
Argentina,Cristian Romero,DF,13,28,27 April 1998,51,3,Tottenham Hotspur,Centre-Back,45000000.0,03/06/2026,1,3-4-3,market-value/caps positional projection,0.0,0.0,,1.0,available,https://en.wikipedia.org/wiki/2026_FIFA_World_Cup_squads,2026-08-17T01:54:00.293610+00:00
Argentina,Exequiel Palacios,MF,14,27,5 October 1998,40,0,Bayer Leverkusen,Central Midfield,25000000.0,,0,3-4-3,market-value/caps positional projection,0.0,0.0,,1.0,available,https://en.wikipedia.org/wiki/2026_FIFA_World_Cup_squads,2026-08-17T01:54:00.293610+00:00
Argentina,Nicolás González,MF,15,28,6 April 1998,51,6,Atlético Madrid,,0.0,,0,3-4-3,market-value/caps positional projection,0.0,0.0,,1.0,available,https://en.wikipedia.org/wiki/2026_FIFA_World_Cup_squads,2026-08-17T01:54:00.293610+00:00
Argentina,Thiago Almada,FW,16,25,26 April 2001,16,5,Atlético Madrid,Left Winger,15000000.0,,0,3-4-3,market-value/caps positional projection,0.0,0.0,,1.0,available,https://en.wikipedia.org/wiki/2026_FIFA_World_Cup_squads,2026-08-17T01:54:00.293610+00:00
Argentina,Giuliano Simeone,FW,17,23,18 December 2002,13,2,Atlético Madrid,Right Winger,40000000.0,05/06/2026,0,3-4-3,market-value/caps positional projection,0.0,0.0,,1.0,available,https://en.wikipedia.org/wiki/2026_FIFA_World_Cup_squads,2026-08-17T01:54:00.293610+00:00
Argentina,Nico Paz,FW,18,21,8 September 2004,9,1,Como,Attacking Midfield,80000000.0,29/05/2026,0,3-4-3,market-value/caps positional projection,0.0,0.0,,1.0,available,https://en.wikipedia.org/wiki/2026_FIFA_World_Cup_squads,2026-08-17T01:54:00.293610+00:00
Argentina,Nicolás Otamendi,DF,19,38,12 February 1988,132,8,Benfica,Centre-Back,1000000.0,,0,3-4-3,market-value/caps positional projection,0.0,0.0,,1.0,available,https://en.wikipedia.org/wiki/2026_FIFA_World_Cup_squads,2026-08-17T01:54:00.293610+00:00
Argentina,Alexis Mac Allister,MF,20,27,24 December 1998,46,6,Liverpool,Central Midfield,70000000.0,03/06/2026,1,3-4-3,market-value/caps positional projection,0.0,0.0,,1.0,available,https://en.wikipedia.org/wiki/2026_FIFA_World_Cup_squads,2026-08-17T01:54:00.293610+00:00
Argentina,José Manuel López,FW,21,25,6 December 2000,5,0,Palmeiras,Centre-Forward,25000000.0,,0,3-4-3,market-value/caps positional projection,0.0,0.0,,1.0,available,https://en.wikipedia.org/wiki/2026_FIFA_World_Cup_squads,2026-08-17T01:54:00.293610+00:00
Argentina,Lautaro Martínez,FW,22,28,22 August 1997,77,37,Inter Milan,Centre-Forward,85000000.0,29/05/2026,1,3-4-3,market-value/caps positional projection,0.0,0.0,,1.0,available,https://en.wikipedia.org/wiki/2026_FIFA_World_Cup_squads,2026-08-17T01:54:00.293610+00:00
Argentina,Emiliano Martínez,GK,23,33,2 September 1992,59,0,Aston Villa,Defensive Midfield,6500000.0,,1,3-4-3,market-value/caps positional projection,0.0,0.0,,1.0,available,https://en.wikipedia.org/wiki/2026_FIFA_World_Cup_squads,2026-08-17T01:54:00.293610+00:00
Argentina,Enzo Fernández,MF,24,25,17 January 2001,42,6,Chelsea,Central Midfield,90000000.0,03/06/2026,1,3-4-3,market-value/caps positional projection,0.0,0.0,,1.0,available,https://en.wikipedia.org/wiki/2026_FIFA_World_Cup_squads,2026-08-17T01:54:00.293610+00:00
Argentina,Facundo Medina,DF,25,27,28 May 1999,9,0,Marseille,Centre-Back,18000000.0,,0,3-4-3,market-value/caps positional projection,0.0,0.0,,1.0,available,https://en.wikipedia.org/wiki/2026_FIFA_World_Cup_squads,2026-08-17T01:54:00.293610+00:00
Argentina,Nahuel Molina,DF,26,28,6 April 1998,58,1,Atlético Madrid,Right-Back,15000000.0,,1,3-4-3,market-value/caps positional projection,0.0,0.0,,1.0,available,https://en.wikipedia.org/wiki/2026_FIFA_World_Cup_squads,2026-08-17T01:54:00.293610+00:00
Austria,Alexander Schlager,GK,1,30,1 February 1996,26,0,Red Bull Salzburg,Goalkeeper,2000000.0,,1,3-5-2,market-value/caps positional projection,0.0,0.0,,1.0,available,https://en.wikipedia.org/wiki/2026_FIFA_World_Cup_squads,2026-08-17T01:54:00.293610+00:00
Austria,David Affengruber,DF,2,25,19 March 2001,1,0,Elche,Centre-Back,20000000.0,,0,3-5-2,market-value/caps positional projection,0.0,0.0,,1.0,available,https://en.wikipedia.org/wiki/2026_FIFA_World_Cup_squads,2026-08-17T01:54:00.293610+00:00
Austria,Kevin Danso,DF,3,27,19 September 1998,32,0,Tottenham Hotspur,Centre-Back,20000000.0,,0,3-5-2,market-value/caps positional projection,0.0,0.0,,1.0,available,https://en.wikipedia.org/wiki/2026_FIFA_World_Cup_squads,2026-08-17T01:54:00.293610+00:00
Austria,Xaver Schlager,MF,4,28,28 September 1997,51,4,RB Leipzig,Central Midfield,10000000.0,,1,3-5-2,market-value/caps positional projection,0.0,0.0,,1.0,available,https://en.wikipedia.org/wiki/2026_FIFA_World_Cup_squads,2026-08-17T01:54:00.293610+00:00
Austria,Stefan Posch,DF,5,29,14 May 1997,52,5,Mainz 05,Centre-Back,6000000.0,,1,3-5-2,market-value/caps positional projection,0.0,0.0,,1.0,available,https://en.wikipedia.org/wiki/2026_FIFA_World_Cup_squads,2026-08-17T01:54:00.293610+00:00
Austria,Nicolas Seiwald,MF,6,25,4 May 2001,47,1,RB Leipzig,Defensive Midfield,25000000.0,,1,3-5-2,market-value/caps positional projection,0.0,0.0,,1.0,available,https://en.wikipedia.org/wiki/2026_FIFA_World_Cup_squads,2026-08-17T01:54:00.293610+00:00
Austria,Marko Arnautović,FW,7,37,19 April 1989,133,47,Red Star Belgrade,Centre-Forward,2000000.0,,1,3-5-2,market-value/caps positional projection,0.0,0.0,,1.0,available,https://en.wikipedia.org/wiki/2026_FIFA_World_Cup_squads,2026-08-17T01:54:00.293610+00:00
Austria,David Alaba,DF,8,33,24 June 1992,113,15,Real Madrid,Centre-Back,3000000.0,,1,3-5-2,market-value/caps positional projection,0.0,0.0,,1.0,available,https://en.wikipedia.org/wiki/2026_FIFA_World_Cup_squads,2026-08-17T01:54:00.293610+00:00
Austria,Marcel Sabitzer,MF,9,32,17 March 1994,98,26,Borussia Dortmund,Central Midfield,6000000.0,,1,3-5-2,market-value/caps positional projection,0.0,0.0,,1.0,available,https://en.wikipedia.org/wiki/2026_FIFA_World_Cup_squads,2026-08-17T01:54:00.293610+00:00
Austria,Florian Grillitsch,MF,10,30,7 August 1995,58,1,Braga,Defensive Midfield,2500000.0,,0,3-5-2,market-value/caps positional projection,0.0,0.0,,1.0,available,https://en.wikipedia.org/wiki/2026_FIFA_World_Cup_squads,2026-08-17T01:54:00.293610+00:00
Austria,Michael Gregoritsch,FW,11,32,18 April 1994,75,24,FC Augsburg,Centre-Forward,1500000.0,,1,3-5-2,market-value/caps positional projection,0.0,0.0,,1.0,available,https://en.wikipedia.org/wiki/2026_FIFA_World_Cup_squads,2026-08-17T01:54:00.293610+00:00
Austria,Florian Wiegele,GK,12,25,21 March 2001,1,0,Viktoria Plzeň,Goalkeeper,2200000.0,,0,3-5-2,market-value/caps positional projection,0.0,0.0,,1.0,available,https://en.wikipedia.org/wiki/2026_FIFA_World_Cup_squads,2026-08-17T01:54:00.293610+00:00
Austria,Patrick Pentz,GK,13,29,2 January 1997,18,0,Brøndby,Goalkeeper,2200000.0,,0,3-5-2,market-value/caps positional projection,0.0,0.0,,1.0,available,https://en.wikipedia.org/wiki/2026_FIFA_World_Cup_squads,2026-08-17T01:54:00.293610+00:00
Austria,Saša Kalajdžić,FW,14,28,7 July 1997,22,4,LASK,Centre-Forward,4000000.0,,0,3-5-2,market-value/caps positional projection,0.0,0.0,,1.0,available,https://en.wikipedia.org/wiki/2026_FIFA_World_Cup_squads,2026-08-17T01:54:00.293610+00:00
Austria,Philipp Lienhart,DF,15,29,11 July 1996,41,3,SC Freiburg,Centre-Back,10000000.0,,1,3-5-2,market-value/caps positional projection,0.0,0.0,,1.0,available,https://en.wikipedia.org/wiki/2026_FIFA_World_Cup_squads,2026-08-17T01:54:00.293610+00:00
Austria,Phillipp Mwene,DF,16,32,29 January 1994,30,0,Mainz 05,Left-Back,1500000.0,,0,3-5-2,market-value/caps positional projection,0.0,0.0,,1.0,available,https://en.wikipedia.org/wiki/2026_FIFA_World_Cup_squads,2026-08-17T01:54:00.293610+00:00
Austria,Carney Chukwuemeka,MF,17,22,20 October 2003,3,1,Borussia Dortmund,Central Midfield,20000000.0,,0,3-5-2,market-value/caps positional projection,0.0,0.0,,1.0,available,https://en.wikipedia.org/wiki/2026_FIFA_World_Cup_squads,2026-08-17T01:54:00.293610+00:00
Austria,Romano Schmid,MF,18,26,27 January 2000,34,3,Werder Bremen,Attacking Midfield,15000000.0,,1,3-5-2,market-value/caps positional projection,0.0,0.0,,1.0,available,https://en.wikipedia.org/wiki/2026_FIFA_World_Cup_squads,2026-08-17T01:54:00.293610+00:00
Austria,Dejan Ljubičić,MF,19,28,8 October 1997,9,1,Schalke 04,Defensive Midfield,3000000.0,,0,3-5-2,market-value/caps positional projection,0.0,0.0,,1.0,available,https://en.wikipedia.org/wiki/2026_FIFA_World_Cup_squads,2026-08-17T01:54:00.293610+00:00
Austria,Konrad Laimer,MF,20,29,27 May 1997,57,7,Bayern Munich,Right-Back,32000000.0,27/05/2026,1,3-5-2,market-value/caps positional projection,0.0,0.0,,1.0,available,https://en.wikipedia.org/wiki/2026_FIFA_World_Cup_squads,2026-08-17T01:54:00.293610+00:00
Austria,Patrick Wimmer,FW,21,25,30 May 2001,30,1,VfL Wolfsburg,Right Winger,12000000.0,,0,3-5-2,market-value/caps positional projection,0.0,0.0,,1.0,available,https://en.wikipedia.org/wiki/2026_FIFA_World_Cup_squads,2026-08-17T01:54:00.293610+00:00
Austria,Alexander Prass,MF,22,25,26 May 2001,19,0,TSG Hoffenheim,Left Midfield,9000000.0,,0,3-5-2,market-value/caps positional projection,0.0,0.0,,1.0,available,https://en.wikipedia.org/wiki/2026_FIFA_World_Cup_squads,2026-08-17T01:54:00.293610+00:00
Austria,Marco Friedl,DF,23,28,16 March 1998,11,0,Werder Bremen,Centre-Back,10000000.0,,0,3-5-2,market-value/caps positional projection,0.0,0.0,,1.0,available,https://en.wikipedia.org/wiki/2026_FIFA_World_Cup_squads,2026-08-17T01:54:00.293610+00:00
Austria,Paul Wanner,MF,24,20,23 December 2005,3,0,PSV Eindhoven,Central Midfield,22000000.0,,0,3-5-2,market-value/caps positional projection,0.0,0.0,,1.0,available,https://en.wikipedia.org/wiki/2026_FIFA_World_Cup_squads,2026-08-17T01:54:00.293610+00:00
Austria,Michael Svoboda,DF,25,27,15 October 1998,4,0,Venezia,Centre-Back,3500000.0,,0,3-5-2,market-value/caps positional projection,0.0,0.0,,1.0,available,https://en.wikipedia.org/wiki/2026_FIFA_World_Cup_squads,2026-08-17T01:54:00.293610+00:00
Austria,Alessandro Schöpf,MF,26,32,7 February 1994,35,6,Wolfsberger AC,Central Midfield,800000.0,,0,3-5-2,market-value/caps positional projection,0.0,0.0,,1.0,available,https://en.wikipedia.org/wiki/2026_FIFA_World_Cup_squads,2026-08-17T01:54:00.293610+00:00
Jordan,Yazeed Abulaila,GK,1,33,8 January 1993,76,0,Al-Hussein,Goalkeeper,300000.0,,1,3-4-3,market-value/caps positional projection,0.0,0.0,,1.0,available,https://en.wikipedia.org/wiki/2026_FIFA_World_Cup_squads,2026-08-17T01:54:00.293610+00:00
Jordan,Mohammad Abu Hashish,DF,2,31,9 May 1995,56,1,Al-Karma,,0.0,,0,3-4-3,market-value/caps positional projection,0.0,0.0,,1.0,available,https://en.wikipedia.org/wiki/2026_FIFA_World_Cup_squads,2026-08-17T01:54:00.293610+00:00
Jordan,Abdallah Nasib,DF,3,32,25 February 1994,65,3,Al-Zawraa,Centre-Back,400000.0,,1,3-4-3,market-value/caps positional projection,0.0,0.0,,1.0,available,https://en.wikipedia.org/wiki/2026_FIFA_World_Cup_squads,2026-08-17T01:54:00.293610+00:00
Jordan,Husam Abu Dahab,DF,4,26,13 May 2000,18,0,Al-Faisaly,Centre-Back,350000.0,,1,3-4-3,market-value/caps positional projection,0.0,0.0,,1.0,available,https://en.wikipedia.org/wiki/2026_FIFA_World_Cup_squads,2026-08-17T01:54:00.293610+00:00
Jordan,Yazan Al-Arab,DF,5,30,31 January 1996,80,3,FC Seoul,Centre-Back,1000000.0,,1,3-4-3,market-value/caps positional projection,0.0,0.0,,1.0,available,https://en.wikipedia.org/wiki/2026_FIFA_World_Cup_squads,2026-08-17T01:54:00.293610+00:00
Jordan,Amer Jamous,MF,6,23,3 July 2002,19,1,Al-Zawraa,Central Midfield,500000.0,,0,3-4-3,market-value/caps positional projection,0.0,0.0,,1.0,available,https://en.wikipedia.org/wiki/2026_FIFA_World_Cup_squads,2026-08-17T01:54:00.293610+00:00
Jordan,Mohammad Abu Zrayq,FW,7,28,30 December 1997,41,5,Raja Casablanca,Right Winger,700000.0,,1,3-4-3,market-value/caps positional projection,0.0,0.0,,1.0,available,https://en.wikipedia.org/wiki/2026_FIFA_World_Cup_squads,2026-08-17T01:54:00.293610+00:00
Jordan,Noor Al-Rawabdeh,MF,8,29,24 February 1997,68,3,Selangor,Central Midfield,500000.0,,1,3-4-3,market-value/caps positional projection,0.0,0.0,,1.0,available,https://en.wikipedia.org/wiki/2026_FIFA_World_Cup_squads,2026-08-17T01:54:00.293610+00:00
Jordan,Ali Olwan,FW,9,26,26 March 2000,66,29,Al-Sailiya,Centre-Forward,800000.0,,1,3-4-3,market-value/caps positional projection,0.0,0.0,,1.0,available,https://en.wikipedia.org/wiki/2026_FIFA_World_Cup_squads,2026-08-17T01:54:00.293610+00:00
Jordan,Musa Al-Taamari,FW,10,29,10 June 1997,92,24,Rennes,,0.0,,0,3-4-3,market-value/caps positional projection,0.0,0.0,,1.0,available,https://en.wikipedia.org/wiki/2026_FIFA_World_Cup_squads,2026-08-17T01:54:00.293610+00:00
Jordan,Odeh Al-Fakhouri,FW,11,20,22 November 2005,10,1,Pyramids,,0.0,,0,3-4-3,market-value/caps positional projection,0.0,0.0,,1.0,available,https://en.wikipedia.org/wiki/2026_FIFA_World_Cup_squads,2026-08-17T01:54:00.293610+00:00
Jordan,Nour Bani Attiah,GK,12,33,25 January 1993,5,0,Al-Faisaly,,0.0,,0,3-4-3,market-value/caps positional projection,0.0,0.0,,1.0,available,https://en.wikipedia.org/wiki/2026_FIFA_World_Cup_squads,2026-08-17T01:54:00.293610+00:00
Jordan,Mahmoud Al-Mardi,FW,13,32,6 October 1993,89,9,Al-Hussein,Left Winger,350000.0,,1,3-4-3,market-value/caps positional projection,0.0,0.0,,1.0,available,https://en.wikipedia.org/wiki/2026_FIFA_World_Cup_squads,2026-08-17T01:54:00.293610+00:00
Jordan,Rajaei Ayed,MF,14,32,25 July 1993,72,0,Al-Hussein,Central Midfield,325000.0,,1,3-4-3,market-value/caps positional projection,0.0,0.0,,1.0,available,https://en.wikipedia.org/wiki/2026_FIFA_World_Cup_squads,2026-08-17T01:54:00.293610+00:00
Jordan,Ibrahim Sadeh,MF,15,26,27 April 2000,57,3,Al-Karma,,0.0,,0,3-4-3,market-value/caps positional projection,0.0,0.0,,1.0,available,https://en.wikipedia.org/wiki/2026_FIFA_World_Cup_squads,2026-08-17T01:54:00.293610+00:00
Jordan,Mo Abualnadi,DF,16,25,8 February 2001,18,0,Selangor,,0.0,,0,3-4-3,market-value/caps positional projection,0.0,0.0,,1.0,available,https://en.wikipedia.org/wiki/2026_FIFA_World_Cup_squads,2026-08-17T01:54:00.293610+00:00
Jordan,Salim Obaid,DF,17,34,17 January 1992,11,0,Al-Hussein,,0.0,,0,3-4-3,market-value/caps positional projection,0.0,0.0,,1.0,available,https://en.wikipedia.org/wiki/2026_FIFA_World_Cup_squads,2026-08-17T01:54:00.293610+00:00
Jordan,Mohammad Taha,MF,18,20,13 July 2005,2,0,Al-Hussein,,0.0,,0,3-4-3,market-value/caps positional projection,0.0,0.0,,1.0,available,https://en.wikipedia.org/wiki/2026_FIFA_World_Cup_squads,2026-08-17T01:54:00.293610+00:00
Jordan,Saed Al-Rosan,DF,19,29,1 February 1997,21,2,Al-Hussein,,0.0,,0,3-4-3,market-value/caps positional projection,0.0,0.0,,1.0,available,https://en.wikipedia.org/wiki/2026_FIFA_World_Cup_squads,2026-08-17T01:54:00.293610+00:00
Jordan,Mohannad Abu Taha,MF,20,23,2 February 2003,29,1,Al-Quwa Al-Jawiya,Left-Back,550000.0,,1,3-4-3,market-value/caps positional projection,0.0,0.0,,1.0,available,https://en.wikipedia.org/wiki/2026_FIFA_World_Cup_squads,2026-08-17T01:54:00.293610+00:00
Jordan,Nizar Al-Rashdan,MF,21,27,23 March 1999,47,4,Qatar SC,Defensive Midfield,600000.0,,1,3-4-3,market-value/caps positional projection,0.0,0.0,,1.0,available,https://en.wikipedia.org/wiki/2026_FIFA_World_Cup_squads,2026-08-17T01:54:00.293610+00:00
Jordan,Abdallah Al-Fakhouri,GK,22,26,22 January 2000,11,0,Al-Wehdat,Goalkeeper,250000.0,,0,3-4-3,market-value/caps positional projection,0.0,0.0,,1.0,available,https://en.wikipedia.org/wiki/2026_FIFA_World_Cup_squads,2026-08-17T01:54:00.293610+00:00
Jordan,Ihsan Haddad,DF,23,32,5 February 1994,92,2,Al-Hussein,,0.0,,0,3-4-3,market-value/caps positional projection,0.0,0.0,,1.0,available,https://en.wikipedia.org/wiki/2026_FIFA_World_Cup_squads,2026-08-17T01:54:00.293610+00:00
Jordan,Ali Azaizeh,FW,24,22,13 April 2004,4,0,Al-Shabab,Right Winger,325000.0,,0,3-4-3,market-value/caps positional projection,0.0,0.0,,1.0,available,https://en.wikipedia.org/wiki/2026_FIFA_World_Cup_squads,2026-08-17T01:54:00.293610+00:00
Jordan,Mohammad Al-Dawoud,MF,25,34,12 April 1992,13,1,Al-Wehdat,Central Midfield,150000.0,,0,3-4-3,market-value/caps positional projection,0.0,0.0,,1.0,available,https://en.wikipedia.org/wiki/2026_FIFA_World_Cup_squads,2026-08-17T01:54:00.293610+00:00
Jordan,Anas Badawi,DF,26,28,13 September 1997,1,0,Al-Faisaly,Right-Back,200000.0,,0,3-4-3,market-value/caps positional projection,0.0,0.0,,1.0,available,https://en.wikipedia.org/wiki/2026_FIFA_World_Cup_squads,2026-08-17T01:54:00.293610+00:00
Colombia,David Ospina,GK,1,37,31 August 1988,130,0,Atlético Nacional,Goalkeeper,100000.0,,1,4-2-3-1,market-value/caps positional projection,0.0,0.0,,1.0,available,https://en.wikipedia.org/wiki/2026_FIFA_World_Cup_squads,2026-08-17T01:54:00.293610+00:00
Colombia,Daniel Muñoz,DF,2,30,26 May 1996,46,3,Crystal Palace,Right-Back,22000000.0,,1,4-2-3-1,market-value/caps positional projection,0.0,0.0,,1.0,available,https://en.wikipedia.org/wiki/2026_FIFA_World_Cup_squads,2026-08-17T01:54:00.293610+00:00
Colombia,Jhon Lucumí,DF,3,27,26 June 1998,37,1,Bologna,Centre-Back,22000000.0,29/05/2026,1,4-2-3-1,market-value/caps positional projection,0.0,0.0,,1.0,available,https://en.wikipedia.org/wiki/2026_FIFA_World_Cup_squads,2026-08-17T01:54:00.293610+00:00
Colombia,Santiago Arias,DF,4,34,13 January 1992,68,0,Independiente,Right-Back,1200000.0,,0,4-2-3-1,market-value/caps positional projection,0.0,0.0,,1.0,available,https://en.wikipedia.org/wiki/2026_FIFA_World_Cup_squads,2026-08-17T01:54:00.293610+00:00
Colombia,Kevin Castaño,MF,5,25,29 September 2000,25,0,River Plate,Defensive Midfield,5000000.0,,0,4-2-3-1,market-value/caps positional projection,0.0,0.0,,1.0,available,https://en.wikipedia.org/wiki/2026_FIFA_World_Cup_squads,2026-08-17T01:54:00.293610+00:00
Colombia,Richard Ríos,MF,6,26,2 June 2000,32,2,Benfica,Defensive Midfield,25000000.0,28/05/2026,1,4-2-3-1,market-value/caps positional projection,0.0,0.0,,1.0,available,https://en.wikipedia.org/wiki/2026_FIFA_World_Cup_squads,2026-08-17T01:54:00.293610+00:00
Colombia,Luis Díaz,FW,7,29,13 January 1997,74,22,Bayern Munich,Left Winger,70000000.0,27/05/2026,1,4-2-3-1,market-value/caps positional projection,0.0,0.0,,1.0,available,https://en.wikipedia.org/wiki/2026_FIFA_World_Cup_squads,2026-08-17T01:54:00.293610+00:00
Colombia,Jorge Carrascal,MF,8,28,25 May 1998,24,2,Flamengo,Attacking Midfield,13000000.0,,0,4-2-3-1,market-value/caps positional projection,0.0,0.0,,1.0,available,https://en.wikipedia.org/wiki/2026_FIFA_World_Cup_squads,2026-08-17T01:54:00.293610+00:00
Colombia,Jhon Córdoba,FW,9,33,11 May 1993,21,6,Krasnodar,Centre-Forward,10000000.0,,0,4-2-3-1,market-value/caps positional projection,0.0,0.0,,1.0,available,https://en.wikipedia.org/wiki/2026_FIFA_World_Cup_squads,2026-08-17T01:54:00.293610+00:00
Colombia,James Rodríguez,MF,10,34,12 July 1991,126,31,Minnesota United FC,Attacking Midfield,1500000.0,,1,4-2-3-1,market-value/caps positional projection,0.0,0.0,,1.0,available,https://en.wikipedia.org/wiki/2026_FIFA_World_Cup_squads,2026-08-17T01:54:00.293610+00:00
Colombia,Jhon Arias,MF,11,28,21 September 1997,38,6,Palmeiras,Right Winger,15000000.0,,1,4-2-3-1,market-value/caps positional projection,0.0,0.0,,1.0,available,https://en.wikipedia.org/wiki/2026_FIFA_World_Cup_squads,2026-08-17T01:54:00.293610+00:00
Colombia,Camilo Vargas,GK,12,37,9 March 1989,42,0,Atlas,Goalkeeper,450000.0,,0,4-2-3-1,market-value/caps positional projection,0.0,0.0,,1.0,available,https://en.wikipedia.org/wiki/2026_FIFA_World_Cup_squads,2026-08-17T01:54:00.293610+00:00
Colombia,Yerry Mina,DF,13,31,23 September 1994,54,8,Cagliari,Centre-Back,2500000.0,,1,4-2-3-1,market-value/caps positional projection,0.0,0.0,,1.0,available,https://en.wikipedia.org/wiki/2026_FIFA_World_Cup_squads,2026-08-17T01:54:00.293610+00:00
Colombia,Gustavo Puerta,DF,14,22,23 July 2003,6,1,Racing Santander,Central Midfield,10000000.0,,0,4-2-3-1,market-value/caps positional projection,0.0,0.0,,1.0,available,https://en.wikipedia.org/wiki/2026_FIFA_World_Cup_squads,2026-08-17T01:54:00.293610+00:00
Colombia,Juan Portilla,MF,15,27,12 September 1998,10,0,Athletico Paranaense,Central Midfield,5000000.0,,0,4-2-3-1,market-value/caps positional projection,0.0,0.0,,1.0,available,https://en.wikipedia.org/wiki/2026_FIFA_World_Cup_squads,2026-08-17T01:54:00.293610+00:00
Colombia,Jefferson Lerma,MF,16,31,25 October 1994,65,5,Crystal Palace,Defensive Midfield,6000000.0,,1,4-2-3-1,market-value/caps positional projection,0.0,0.0,,1.0,available,https://en.wikipedia.org/wiki/2026_FIFA_World_Cup_squads,2026-08-17T01:54:00.293610+00:00
Colombia,Johan Mojica,DF,17,33,21 August 1992,45,1,Mallorca,Left-Back,1500000.0,,0,4-2-3-1,market-value/caps positional projection,0.0,0.0,,1.0,available,https://en.wikipedia.org/wiki/2026_FIFA_World_Cup_squads,2026-08-17T01:54:00.293610+00:00
Colombia,Willer Ditta,DF,18,28,23 January 1998,5,0,Cruz Azul,Centre-Back,5500000.0,,0,4-2-3-1,market-value/caps positional projection,0.0,0.0,,1.0,available,https://en.wikipedia.org/wiki/2026_FIFA_World_Cup_squads,2026-08-17T01:54:00.293610+00:00
Colombia,Cucho Hernández,FW,19,27,20 April 1999,9,2,Real Betis,Centre-Forward,18000000.0,,0,4-2-3-1,market-value/caps positional projection,0.0,0.0,,1.0,available,https://en.wikipedia.org/wiki/2026_FIFA_World_Cup_squads,2026-08-17T01:54:00.293610+00:00
Colombia,Juan Fernando Quintero,MF,20,33,18 January 1993,49,6,River Plate,Attacking Midfield,1800000.0,,1,4-2-3-1,market-value/caps positional projection,0.0,0.0,,1.0,available,https://en.wikipedia.org/wiki/2026_FIFA_World_Cup_squads,2026-08-17T01:54:00.293610+00:00
Colombia,Jaminton Campaz,FW,21,26,24 May 2000,10,1,Rosario Central,Left Winger,5500000.0,,0,4-2-3-1,market-value/caps positional projection,0.0,0.0,,1.0,available,https://en.wikipedia.org/wiki/2026_FIFA_World_Cup_squads,2026-08-17T01:54:00.293610+00:00
Colombia,Deiver Machado,DF,22,32,2 September 1993,15,0,Nantes,Left-Back,1800000.0,,0,4-2-3-1,market-value/caps positional projection,0.0,0.0,,1.0,available,https://en.wikipedia.org/wiki/2026_FIFA_World_Cup_squads,2026-08-17T01:54:00.293610+00:00
Colombia,Davinson Sánchez,DF,23,29,12 June 1996,79,4,Galatasaray,Centre-Back,16000000.0,,1,4-2-3-1,market-value/caps positional projection,0.0,0.0,,1.0,available,https://en.wikipedia.org/wiki/2026_FIFA_World_Cup_squads,2026-08-17T01:54:00.293610+00:00
Colombia,Álvaro Montero,GK,24,31,29 March 1995,12,0,Vélez Sarsfield,Goalkeeper,2500000.0,,0,4-2-3-1,market-value/caps positional projection,0.0,0.0,,1.0,available,https://en.wikipedia.org/wiki/2026_FIFA_World_Cup_squads,2026-08-17T01:54:00.293610+00:00
Colombia,Luis Suárez,FW,25,28,2 December 1997,12,5,Sporting CP,Centre-Forward,30000000.0,28/05/2026,0,4-2-3-1,market-value/caps positional projection,0.0,0.0,,1.0,available,https://en.wikipedia.org/wiki/2026_FIFA_World_Cup_squads,2026-08-17T01:54:00.293610+00:00
Colombia,Andrés Gómez,FW,26,23,12 September 2002,8,2,Vasco da Gama,Left Winger,11000000.0,,0,4-2-3-1,market-value/caps positional projection,0.0,0.0,,1.0,available,https://en.wikipedia.org/wiki/2026_FIFA_World_Cup_squads,2026-08-17T01:54:00.293610+00:00
Congo DR,Lionel Mpasi,GK,1,31,1 August 1994,29,0,Le Havre,,0.0,,0,3-4-3,market-value/caps positional projection,0.0,0.0,,1.0,available,https://en.wikipedia.org/wiki/2026_FIFA_World_Cup_squads,2026-08-17T01:54:00.293610+00:00
Congo DR,Aaron Wan-Bissaka,DF,2,28,26 November 1997,12,0,West Ham United,Right-Back,15000000.0,,1,3-4-3,market-value/caps positional projection,0.0,0.0,,1.0,available,https://en.wikipedia.org/wiki/2026_FIFA_World_Cup_squads,2026-08-17T01:54:00.293610+00:00
Congo DR,Steve Kapuadi,DF,3,28,30 April 1998,4,0,Widzew Łódź,Centre-Back,2500000.0,,0,3-4-3,market-value/caps positional projection,0.0,0.0,,1.0,available,https://en.wikipedia.org/wiki/2026_FIFA_World_Cup_squads,2026-08-17T01:54:00.293610+00:00
Congo DR,Axel Tuanzebe,DF,4,28,14 November 1997,14,1,Burnley,Centre-Back,5000000.0,,0,3-4-3,market-value/caps positional projection,0.0,0.0,,1.0,available,https://en.wikipedia.org/wiki/2026_FIFA_World_Cup_squads,2026-08-17T01:54:00.293610+00:00
Congo DR,Dylan Batubinsika,DF,5,30,15 February 1996,14,1,AEL,Centre-Back,600000.0,,0,3-4-3,market-value/caps positional projection,0.0,0.0,,1.0,available,https://en.wikipedia.org/wiki/2026_FIFA_World_Cup_squads,2026-08-17T01:54:00.293610+00:00
Congo DR,Ngal'ayel Mukau,MF,6,21,3 November 2004,14,0,Lille,Defensive Midfield,15000000.0,,0,3-4-3,market-value/caps positional projection,0.0,0.0,,1.0,available,https://en.wikipedia.org/wiki/2026_FIFA_World_Cup_squads,2026-08-17T01:54:00.293610+00:00
Congo DR,Nathanaël Mbuku,MF,7,24,16 March 2002,19,2,Montpellier,Left Winger,2000000.0,,0,3-4-3,market-value/caps positional projection,0.0,0.0,,1.0,available,https://en.wikipedia.org/wiki/2026_FIFA_World_Cup_squads,2026-08-17T01:54:00.293610+00:00
Congo DR,Samuel Moutoussamy,MF,8,29,12 August 1996,58,0,Atromitos,Central Midfield,1200000.0,,1,3-4-3,market-value/caps positional projection,0.0,0.0,,1.0,available,https://en.wikipedia.org/wiki/2026_FIFA_World_Cup_squads,2026-08-17T01:54:00.293610+00:00
Congo DR,Brian Cipenga,FW,9,28,11 March 1998,8,0,Castellón,Left Winger,2000000.0,,0,3-4-3,market-value/caps positional projection,0.0,0.0,,1.0,available,https://en.wikipedia.org/wiki/2026_FIFA_World_Cup_squads,2026-08-17T01:54:00.293610+00:00
Congo DR,Théo Bongonda,MF,10,30,20 November 1995,38,7,Spartak Moscow,Right Winger,3000000.0,,1,3-4-3,market-value/caps positional projection,0.0,0.0,,1.0,available,https://en.wikipedia.org/wiki/2026_FIFA_World_Cup_squads,2026-08-17T01:54:00.293610+00:00
Congo DR,Gaël Kakuta,FW,11,34,21 June 1991,31,5,AEL,Attacking Midfield,0.0,,0,3-4-3,market-value/caps positional projection,0.0,0.0,,1.0,available,https://en.wikipedia.org/wiki/2026_FIFA_World_Cup_squads,2026-08-17T01:54:00.293610+00:00
Congo DR,Joris Kayembe,DF,12,31,8 August 1994,26,1,Genk,Left-Back,2000000.0,,0,3-4-3,market-value/caps positional projection,0.0,0.0,,1.0,available,https://en.wikipedia.org/wiki/2026_FIFA_World_Cup_squads,2026-08-17T01:54:00.293610+00:00
Congo DR,Meschak Elia,FW,13,28,6 August 1997,69,12,Alanyaspor,,0.0,,0,3-4-3,market-value/caps positional projection,0.0,0.0,,1.0,available,https://en.wikipedia.org/wiki/2026_FIFA_World_Cup_squads,2026-08-17T01:54:00.293610+00:00
Congo DR,Noah Sadiki,MF,14,21,17 December 2004,20,0,Sunderland,Central Midfield,35000000.0,03/06/2026,1,3-4-3,market-value/caps positional projection,0.0,0.0,,1.0,available,https://en.wikipedia.org/wiki/2026_FIFA_World_Cup_squads,2026-08-17T01:54:00.293610+00:00
Congo DR,Aaron Tshibola,MF,15,31,2 January 1995,17,1,Kilmarnock,Central Midfield,150000.0,,0,3-4-3,market-value/caps positional projection,0.0,0.0,,1.0,available,https://en.wikipedia.org/wiki/2026_FIFA_World_Cup_squads,2026-08-17T01:54:00.293610+00:00
Congo DR,Timothy Fayulu,GK,16,26,24 July 1999,3,0,Noah,Goalkeeper,800000.0,,0,3-4-3,market-value/caps positional projection,0.0,0.0,,1.0,available,https://en.wikipedia.org/wiki/2026_FIFA_World_Cup_squads,2026-08-17T01:54:00.293610+00:00
Congo DR,Cédric Bakambu,FW,17,35,11 April 1991,70,21,Real Betis,Centre-Forward,1200000.0,,1,3-4-3,market-value/caps positional projection,0.0,0.0,,1.0,available,https://en.wikipedia.org/wiki/2026_FIFA_World_Cup_squads,2026-08-17T01:54:00.293610+00:00
Congo DR,Charles Pickel,MF,18,29,15 May 1997,34,1,Espanyol,Defensive Midfield,2500000.0,,0,3-4-3,market-value/caps positional projection,0.0,0.0,,1.0,available,https://en.wikipedia.org/wiki/2026_FIFA_World_Cup_squads,2026-08-17T01:54:00.293610+00:00
Congo DR,Fiston Mayele,FW,19,31,24 June 1994,37,6,Pyramids,Centre-Forward,1800000.0,,1,3-4-3,market-value/caps positional projection,0.0,0.0,,1.0,available,https://en.wikipedia.org/wiki/2026_FIFA_World_Cup_squads,2026-08-17T01:54:00.293610+00:00
Congo DR,Yoane Wissa,FW,20,29,3 September 1996,38,9,Newcastle United,Centre-Forward,25000000.0,,1,3-4-3,market-value/caps positional projection,0.0,0.0,,1.0,available,https://en.wikipedia.org/wiki/2026_FIFA_World_Cup_squads,2026-08-17T01:54:00.293610+00:00
Congo DR,Matthieu Epolo,GK,21,21,15 January 2005,1,0,Standard Liège,Goalkeeper,8000000.0,,1,3-4-3,market-value/caps positional projection,0.0,0.0,,1.0,available,https://en.wikipedia.org/wiki/2026_FIFA_World_Cup_squads,2026-08-17T01:54:00.293610+00:00
Congo DR,Chancel Mbemba,DF,22,31,8 August 1994,109,7,Lille,Centre-Back,2000000.0,,1,3-4-3,market-value/caps positional projection,0.0,0.0,,1.0,available,https://en.wikipedia.org/wiki/2026_FIFA_World_Cup_squads,2026-08-17T01:54:00.293610+00:00
Congo DR,Simon Banza,FW,23,29,13 August 1996,15,2,Al Jazira,Centre-Forward,10000000.0,,0,3-4-3,market-value/caps positional projection,0.0,0.0,,1.0,available,https://en.wikipedia.org/wiki/2026_FIFA_World_Cup_squads,2026-08-17T01:54:00.293610+00:00
Congo DR,Gédéon Kalulu,DF,24,28,29 August 1997,28,0,Aris Limassol,Right-Back,1000000.0,,0,3-4-3,market-value/caps positional projection,0.0,0.0,,1.0,available,https://en.wikipedia.org/wiki/2026_FIFA_World_Cup_squads,2026-08-17T01:54:00.293610+00:00
Congo DR,Edo Kayembe,MF,25,28,3 June 1998,43,2,Watford,Central Midfield,4000000.0,,1,3-4-3,market-value/caps positional projection,0.0,0.0,,1.0,available,https://en.wikipedia.org/wiki/2026_FIFA_World_Cup_squads,2026-08-17T01:54:00.293610+00:00
Congo DR,Arthur Masuaku,DF,26,32,7 November 1993,45,4,Lens,Left-Back,2000000.0,,1,3-4-3,market-value/caps positional projection,0.0,0.0,,1.0,available,https://en.wikipedia.org/wiki/2026_FIFA_World_Cup_squads,2026-08-17T01:54:00.293610+00:00
Portugal,Diogo Costa,GK,1,26,19 September 1999,43,0,Porto,Goalkeeper,40000000.0,28/05/2026,1,3-4-3,market-value/caps positional projection,0.0,0.0,,1.0,available,https://en.wikipedia.org/wiki/2026_FIFA_World_Cup_squads,2026-08-17T01:54:00.293610+00:00
Portugal,Nélson Semedo,DF,2,32,16 November 1993,50,0,Fenerbahçe,Right-Back,6000000.0,,0,3-4-3,market-value/caps positional projection,0.0,0.0,,1.0,available,https://en.wikipedia.org/wiki/2026_FIFA_World_Cup_squads,2026-08-17T01:54:00.293610+00:00
Portugal,Rúben Dias,DF,3,29,14 May 1997,76,3,Manchester City,Centre-Back,55000000.0,03/06/2026,1,3-4-3,market-value/caps positional projection,0.0,0.0,,1.0,available,https://en.wikipedia.org/wiki/2026_FIFA_World_Cup_squads,2026-08-17T01:54:00.293610+00:00
Portugal,Tomás Araújo,DF,4,24,16 May 2002,5,0,Benfica,Centre-Back,30000000.0,28/05/2026,0,3-4-3,market-value/caps positional projection,0.0,0.0,,1.0,available,https://en.wikipedia.org/wiki/2026_FIFA_World_Cup_squads,2026-08-17T01:54:00.293610+00:00
Portugal,Diogo Dalot,DF,5,27,18 March 1999,35,3,Manchester United,Right-Back,30000000.0,03/06/2026,0,3-4-3,market-value/caps positional projection,0.0,0.0,,1.0,available,https://en.wikipedia.org/wiki/2026_FIFA_World_Cup_squads,2026-08-17T01:54:00.293610+00:00
Portugal,Matheus Nunes,MF,6,27,27 August 1998,20,2,Manchester City,Right-Back,50000000.0,03/06/2026,0,3-4-3,market-value/caps positional projection,0.0,0.0,,1.0,available,https://en.wikipedia.org/wiki/2026_FIFA_World_Cup_squads,2026-08-17T01:54:00.293610+00:00
Portugal,Cristiano Ronaldo,FW,7,41,5 February 1985,228,143,Al-Nassr,Centre-Forward,10000000.0,,1,3-4-3,market-value/caps positional projection,0.0,0.0,,1.0,available,https://en.wikipedia.org/wiki/2026_FIFA_World_Cup_squads,2026-08-17T01:54:00.293610+00:00
Portugal,Bruno Fernandes,MF,8,31,8 September 1994,89,29,Manchester United,Attacking Midfield,35000000.0,03/06/2026,1,3-4-3,market-value/caps positional projection,0.0,0.0,,1.0,available,https://en.wikipedia.org/wiki/2026_FIFA_World_Cup_squads,2026-08-17T01:54:00.293610+00:00
Portugal,Gonçalo Ramos,FW,9,24,20 June 2001,25,10,Paris Saint-Germain,Centre-Forward,30000000.0,01/06/2026,0,3-4-3,market-value/caps positional projection,0.0,0.0,,1.0,available,https://en.wikipedia.org/wiki/2026_FIFA_World_Cup_squads,2026-08-17T01:54:00.293610+00:00
Portugal,Bernardo Silva,MF,10,31,10 August 1994,109,14,Manchester City,Attacking Midfield,22000000.0,03/06/2026,1,3-4-3,market-value/caps positional projection,0.0,0.0,,1.0,available,https://en.wikipedia.org/wiki/2026_FIFA_World_Cup_squads,2026-08-17T01:54:00.293610+00:00
Portugal,João Félix,FW,11,26,10 November 1999,54,12,Al-Nassr,Second Striker,28000000.0,04/06/2026,1,3-4-3,market-value/caps positional projection,0.0,0.0,,1.0,available,https://en.wikipedia.org/wiki/2026_FIFA_World_Cup_squads,2026-08-17T01:54:00.293610+00:00
Portugal,José Sá,GK,12,33,17 January 1993,5,0,Wolverhampton Wanderers,Goalkeeper,3500000.0,,0,3-4-3,market-value/caps positional projection,0.0,0.0,,1.0,available,https://en.wikipedia.org/wiki/2026_FIFA_World_Cup_squads,2026-08-17T01:54:00.293610+00:00
Portugal,Renato Veiga,DF,13,22,29 July 2003,13,1,Villarreal,Centre-Back,25000000.0,05/06/2026,0,3-4-3,market-value/caps positional projection,0.0,0.0,,1.0,available,https://en.wikipedia.org/wiki/2026_FIFA_World_Cup_squads,2026-08-17T01:54:00.293610+00:00
Portugal,Gonçalo Inácio,DF,14,24,25 August 2001,22,2,Sporting CP,Centre-Back,40000000.0,28/05/2026,0,3-4-3,market-value/caps positional projection,0.0,0.0,,1.0,available,https://en.wikipedia.org/wiki/2026_FIFA_World_Cup_squads,2026-08-17T01:54:00.293610+00:00
Portugal,João Neves,MF,15,21,27 September 2004,22,3,Paris Saint-Germain,Central Midfield,140000000.0,01/06/2026,0,3-4-3,market-value/caps positional projection,0.0,0.0,,1.0,available,https://en.wikipedia.org/wiki/2026_FIFA_World_Cup_squads,2026-08-17T01:54:00.293610+00:00
Portugal,Francisco Trincão,FW,16,26,29 December 1999,18,3,Sporting CP,Attacking Midfield,40000000.0,28/05/2026,0,3-4-3,market-value/caps positional projection,0.0,0.0,,1.0,available,https://en.wikipedia.org/wiki/2026_FIFA_World_Cup_squads,2026-08-17T01:54:00.293610+00:00
Portugal,Rafael Leão,FW,17,27,10 June 1999,44,5,AC Milan,Left Winger,50000000.0,29/05/2026,1,3-4-3,market-value/caps positional projection,0.0,0.0,,1.0,available,https://en.wikipedia.org/wiki/2026_FIFA_World_Cup_squads,2026-08-17T01:54:00.293610+00:00
Portugal,Pedro Neto,FW,18,26,9 March 2000,25,3,Chelsea,Right Winger,60000000.0,03/06/2026,0,3-4-3,market-value/caps positional projection,0.0,0.0,,1.0,available,https://en.wikipedia.org/wiki/2026_FIFA_World_Cup_squads,2026-08-17T01:54:00.293610+00:00
Portugal,Gonçalo Guedes,FW,19,29,29 November 1996,34,8,Real Sociedad,Left Winger,6000000.0,,0,3-4-3,market-value/caps positional projection,0.0,0.0,,1.0,available,https://en.wikipedia.org/wiki/2026_FIFA_World_Cup_squads,2026-08-17T01:54:00.293610+00:00
Portugal,João Cancelo,DF,20,32,27 May 1994,68,12,Barcelona,Right-Back,8000000.0,,1,3-4-3,market-value/caps positional projection,0.0,0.0,,1.0,available,https://en.wikipedia.org/wiki/2026_FIFA_World_Cup_squads,2026-08-17T01:54:00.293610+00:00
Portugal,Rúben Neves,MF,21,29,13 March 1997,67,1,Al-Hilal,Defensive Midfield,25000000.0,,1,3-4-3,market-value/caps positional projection,0.0,0.0,,1.0,available,https://en.wikipedia.org/wiki/2026_FIFA_World_Cup_squads,2026-08-17T01:54:00.293610+00:00
Portugal,Rui Silva,GK,22,32,7 February 1994,3,0,Sporting CP,Goalkeeper,7000000.0,,0,3-4-3,market-value/caps positional projection,0.0,0.0,,1.0,available,https://en.wikipedia.org/wiki/2026_FIFA_World_Cup_squads,2026-08-17T01:54:00.293610+00:00
Portugal,Vitinha,MF,23,26,13 February 2000,38,0,Paris Saint-Germain,Defensive Midfield,140000000.0,01/06/2026,1,3-4-3,market-value/caps positional projection,0.0,0.0,,1.0,available,https://en.wikipedia.org/wiki/2026_FIFA_World_Cup_squads,2026-08-17T01:54:00.293610+00:00
Portugal,Samú Costa,DF,24,25,27 November 2000,6,0,Mallorca,Defensive Midfield,15000000.0,,0,3-4-3,market-value/caps positional projection,0.0,0.0,,1.0,available,https://en.wikipedia.org/wiki/2026_FIFA_World_Cup_squads,2026-08-17T01:54:00.293610+00:00
Portugal,Nuno Mendes,DF,25,23,19 June 2002,44,1,Paris Saint-Germain,Left-Back,80000000.0,01/06/2026,1,3-4-3,market-value/caps positional projection,0.0,0.0,,1.0,available,https://en.wikipedia.org/wiki/2026_FIFA_World_Cup_squads,2026-08-17T01:54:00.293610+00:00
Portugal,Francisco Conceição,FW,26,23,14 December 2002,17,4,Juventus,Right Winger,30000000.0,29/05/2026,0,3-4-3,market-value/caps positional projection,0.0,0.0,,1.0,available,https://en.wikipedia.org/wiki/2026_FIFA_World_Cup_squads,2026-08-17T01:54:00.293610+00:00
Uzbekistan,Utkir Yusupov,GK,1,35,4 January 1991,40,0,Navbahor Namangan,Goalkeeper,500000.0,,1,3-5-2,market-value/caps positional projection,0.0,0.0,,1.0,available,https://en.wikipedia.org/wiki/2026_FIFA_World_Cup_squads,2026-08-17T01:54:00.293610+00:00
Uzbekistan,Abdukodir Khusanov,DF,2,22,29 February 2004,27,0,Manchester City,Centre-Back,50000000.0,03/06/2026,1,3-5-2,market-value/caps positional projection,0.0,0.0,,1.0,available,https://en.wikipedia.org/wiki/2026_FIFA_World_Cup_squads,2026-08-17T01:54:00.293610+00:00
Uzbekistan,Khojiakbar Alijonov,DF,3,29,19 April 1997,40,2,Pakhtakor,,0.0,,0,3-5-2,market-value/caps positional projection,0.0,0.0,,1.0,available,https://en.wikipedia.org/wiki/2026_FIFA_World_Cup_squads,2026-08-17T01:54:00.293610+00:00
Uzbekistan,Farrukh Sayfiev,DF,4,35,17 January 1991,46,1,Neftchi Fergana,Left-Back,225000.0,,0,3-5-2,market-value/caps positional projection,0.0,0.0,,1.0,available,https://en.wikipedia.org/wiki/2026_FIFA_World_Cup_squads,2026-08-17T01:54:00.293610+00:00
Uzbekistan,Rustam Ashurmatov,DF,5,29,7 July 1996,49,1,Esteghlal,Centre-Back,750000.0,,1,3-5-2,market-value/caps positional projection,0.0,0.0,,1.0,available,https://en.wikipedia.org/wiki/2026_FIFA_World_Cup_squads,2026-08-17T01:54:00.293610+00:00
Uzbekistan,Akmal Mozgovoy,MF,6,27,2 April 1999,25,1,Pakhtakor,Central Midfield,1400000.0,,0,3-5-2,market-value/caps positional projection,0.0,0.0,,1.0,available,https://en.wikipedia.org/wiki/2026_FIFA_World_Cup_squads,2026-08-17T01:54:00.293610+00:00
Uzbekistan,Otabek Shukurov,MF,7,29,22 June 1996,84,9,Baniyas,Central Midfield,1500000.0,,1,3-5-2,market-value/caps positional projection,0.0,0.0,,1.0,available,https://en.wikipedia.org/wiki/2026_FIFA_World_Cup_squads,2026-08-17T01:54:00.293610+00:00
Uzbekistan,Jamshid Iskanderov,MF,8,32,16 October 1993,38,4,Neftchi Fergana,Attacking Midfield,1000000.0,,1,3-5-2,market-value/caps positional projection,0.0,0.0,,1.0,available,https://en.wikipedia.org/wiki/2026_FIFA_World_Cup_squads,2026-08-17T01:54:00.293610+00:00
Uzbekistan,Odiljon Hamrobekov,MF,9,30,13 February 1996,72,1,Tractor,,0.0,,0,3-5-2,market-value/caps positional projection,0.0,0.0,,1.0,available,https://en.wikipedia.org/wiki/2026_FIFA_World_Cup_squads,2026-08-17T01:54:00.293610+00:00
Uzbekistan,Ruslanbek Jiyanov,MF,10,25,5 June 2001,5,0,Navbahor Namangan,Left Winger,800000.0,,0,3-5-2,market-value/caps positional projection,0.0,0.0,,1.0,available,https://en.wikipedia.org/wiki/2026_FIFA_World_Cup_squads,2026-08-17T01:54:00.293610+00:00
Uzbekistan,Oston Urunov,MF,11,25,19 December 2000,42,10,Persepolis,Left Winger,2000000.0,,1,3-5-2,market-value/caps positional projection,0.0,0.0,,1.0,available,https://en.wikipedia.org/wiki/2026_FIFA_World_Cup_squads,2026-08-17T01:54:00.293610+00:00
Uzbekistan,Abduvohid Nematov,GK,12,25,20 March 2001,8,0,Nasaf,,0.0,,0,3-5-2,market-value/caps positional projection,0.0,0.0,,1.0,available,https://en.wikipedia.org/wiki/2026_FIFA_World_Cup_squads,2026-08-17T01:54:00.293610+00:00
Uzbekistan,Sherzod Nasrullaev,DF,13,27,23 July 1998,31,2,Nasaf,Left-Back,1200000.0,,1,3-5-2,market-value/caps positional projection,0.0,0.0,,1.0,available,https://en.wikipedia.org/wiki/2026_FIFA_World_Cup_squads,2026-08-17T01:54:00.293610+00:00
Uzbekistan,Eldor Shomurodov,FW,14,30,29 June 1995,92,44,İstanbul Başakşehir,Centre-Forward,7000000.0,,1,3-5-2,market-value/caps positional projection,0.0,0.0,,1.0,available,https://en.wikipedia.org/wiki/2026_FIFA_World_Cup_squads,2026-08-17T01:54:00.293610+00:00
Uzbekistan,Umar Eshmurodov,DF,15,33,30 November 1992,29,0,Nasaf,Centre-Back,450000.0,,0,3-5-2,market-value/caps positional projection,0.0,0.0,,1.0,available,https://en.wikipedia.org/wiki/2026_FIFA_World_Cup_squads,2026-08-17T01:54:00.293610+00:00
Uzbekistan,Botirali Ergashev,GK,16,30,23 June 1995,2,0,Neftchi Fergana,Goalkeeper,500000.0,,0,3-5-2,market-value/caps positional projection,0.0,0.0,,1.0,available,https://en.wikipedia.org/wiki/2026_FIFA_World_Cup_squads,2026-08-17T01:54:00.293610+00:00
Uzbekistan,Dostonbek Khamdamov,MF,17,29,24 July 1996,34,5,Pakhtakor,Right Winger,900000.0,,1,3-5-2,market-value/caps positional projection,0.0,0.0,,1.0,available,https://en.wikipedia.org/wiki/2026_FIFA_World_Cup_squads,2026-08-17T01:54:00.293610+00:00
Uzbekistan,Abdulla Abdullaev,DF,18,28,1 September 1997,17,0,Dibba,Defensive Midfield,500000.0,,0,3-5-2,market-value/caps positional projection,0.0,0.0,,1.0,available,https://en.wikipedia.org/wiki/2026_FIFA_World_Cup_squads,2026-08-17T01:54:00.293610+00:00
Uzbekistan,Azizjon Ganiev,MF,19,28,22 February 1998,19,0,Al Bataeh,,0.0,,0,3-5-2,market-value/caps positional projection,0.0,0.0,,1.0,available,https://en.wikipedia.org/wiki/2026_FIFA_World_Cup_squads,2026-08-17T01:54:00.293610+00:00
Uzbekistan,Azizbek Amonov,FW,20,28,30 October 1997,12,2,Dinamo Samarqand,,0.0,,0,3-5-2,market-value/caps positional projection,0.0,0.0,,1.0,available,https://en.wikipedia.org/wiki/2026_FIFA_World_Cup_squads,2026-08-17T01:54:00.293610+00:00
Uzbekistan,Igor Sergeev,FW,21,33,30 April 1993,83,25,Persepolis,Centre-Forward,1200000.0,,1,3-5-2,market-value/caps positional projection,0.0,0.0,,1.0,available,https://en.wikipedia.org/wiki/2026_FIFA_World_Cup_squads,2026-08-17T01:54:00.293610+00:00
Uzbekistan,Abbosbek Fayzullaev,MF,22,22,3 October 2003,32,9,İstanbul Başakşehir,Right Winger,7000000.0,,1,3-5-2,market-value/caps positional projection,0.0,0.0,,1.0,available,https://en.wikipedia.org/wiki/2026_FIFA_World_Cup_squads,2026-08-17T01:54:00.293610+00:00
Uzbekistan,Sherzod Esanov,MF,23,23,1 February 2003,1,0,Bukhara,Central Midfield,450000.0,,0,3-5-2,market-value/caps positional projection,0.0,0.0,,1.0,available,https://en.wikipedia.org/wiki/2026_FIFA_World_Cup_squads,2026-08-17T01:54:00.293610+00:00
Uzbekistan,Bekhruz Karimov,DF,24,18,7 August 2007,2,0,Surkhon Termiz,Right-Back,350000.0,,0,3-5-2,market-value/caps positional projection,0.0,0.0,,1.0,available,https://en.wikipedia.org/wiki/2026_FIFA_World_Cup_squads,2026-08-17T01:54:00.293610+00:00
Uzbekistan,Avazbek Ulmasaliev,DF,25,26,27 March 2000,0,0,AGMK,Centre-Back,500000.0,,0,3-5-2,market-value/caps positional projection,0.0,0.0,,1.0,available,https://en.wikipedia.org/wiki/2026_FIFA_World_Cup_squads,2026-08-17T01:54:00.293610+00:00
Uzbekistan,Jakhongir Urozov,DF,26,22,18 January 2004,4,0,Dinamo Samarqand,Centre-Back,600000.0,,0,3-5-2,market-value/caps positional projection,0.0,0.0,,1.0,available,https://en.wikipedia.org/wiki/2026_FIFA_World_Cup_squads,2026-08-17T01:54:00.293610+00:00
Croatia,Dominik Livaković,GK,1,31,9 January 1995,75,0,Dinamo Zagreb,Goalkeeper,4000000.0,,1,3-5-2,market-value/caps positional projection,0.0,0.0,,1.0,available,https://en.wikipedia.org/wiki/2026_FIFA_World_Cup_squads,2026-08-17T01:54:00.293610+00:00
Croatia,Josip Stanišić,DF,2,26,2 April 2000,31,0,Bayern Munich,Right-Back,40000000.0,27/05/2026,1,3-5-2,market-value/caps positional projection,0.0,0.0,,1.0,available,https://en.wikipedia.org/wiki/2026_FIFA_World_Cup_squads,2026-08-17T01:54:00.293610+00:00
Croatia,Marin Pongračić,DF,3,28,11 September 1997,20,0,Fiorentina,Centre-Back,6500000.0,,0,3-5-2,market-value/caps positional projection,0.0,0.0,,1.0,available,https://en.wikipedia.org/wiki/2026_FIFA_World_Cup_squads,2026-08-17T01:54:00.293610+00:00
Croatia,Joško Gvardiol,DF,4,24,23 January 2002,48,4,Manchester City,Centre-Back,70000000.0,03/06/2026,1,3-5-2,market-value/caps positional projection,0.0,0.0,,1.0,available,https://en.wikipedia.org/wiki/2026_FIFA_World_Cup_squads,2026-08-17T01:54:00.293610+00:00
Croatia,Duje Ćaleta-Car,DF,5,29,17 September 1996,38,1,Real Sociedad,Centre-Back,2800000.0,,0,3-5-2,market-value/caps positional projection,0.0,0.0,,1.0,available,https://en.wikipedia.org/wiki/2026_FIFA_World_Cup_squads,2026-08-17T01:54:00.293610+00:00
Croatia,Josip Šutalo,DF,6,26,28 February 2000,33,0,Ajax,Centre-Back,12000000.0,,1,3-5-2,market-value/caps positional projection,0.0,0.0,,1.0,available,https://en.wikipedia.org/wiki/2026_FIFA_World_Cup_squads,2026-08-17T01:54:00.293610+00:00
Croatia,Nikola Moro,MF,7,28,12 March 1998,10,0,Bologna,Defensive Midfield,7000000.0,,0,3-5-2,market-value/caps positional projection,0.0,0.0,,1.0,available,https://en.wikipedia.org/wiki/2026_FIFA_World_Cup_squads,2026-08-17T01:54:00.293610+00:00
Croatia,Mateo Kovačić,MF,8,32,6 May 1994,113,5,Manchester City,Central Midfield,10000000.0,,1,3-5-2,market-value/caps positional projection,0.0,0.0,,1.0,available,https://en.wikipedia.org/wiki/2026_FIFA_World_Cup_squads,2026-08-17T01:54:00.293610+00:00
Croatia,Andrej Kramarić,FW,9,34,19 June 1991,116,36,TSG Hoffenheim,Second Striker,2500000.0,,1,3-5-2,market-value/caps positional projection,0.0,0.0,,1.0,available,https://en.wikipedia.org/wiki/2026_FIFA_World_Cup_squads,2026-08-17T01:54:00.293610+00:00
Croatia,Luka Modrić,MF,10,40,9 September 1985,198,29,AC Milan,Central Midfield,3500000.0,,1,3-5-2,market-value/caps positional projection,0.0,0.0,,1.0,available,https://en.wikipedia.org/wiki/2026_FIFA_World_Cup_squads,2026-08-17T01:54:00.293610+00:00
Croatia,Ante Budimir,FW,11,34,22 July 1991,38,6,Osasuna,Centre-Forward,2800000.0,,0,3-5-2,market-value/caps positional projection,0.0,0.0,,1.0,available,https://en.wikipedia.org/wiki/2026_FIFA_World_Cup_squads,2026-08-17T01:54:00.293610+00:00
Croatia,Ivor Pandur,GK,12,26,25 March 2000,0,0,Hull City,Goalkeeper,4500000.0,,0,3-5-2,market-value/caps positional projection,0.0,0.0,,1.0,available,https://en.wikipedia.org/wiki/2026_FIFA_World_Cup_squads,2026-08-17T01:54:00.293610+00:00
Croatia,Nikola Vlašić,MF,13,28,4 October 1997,63,10,Torino,Attacking Midfield,10000000.0,,1,3-5-2,market-value/caps positional projection,0.0,0.0,,1.0,available,https://en.wikipedia.org/wiki/2026_FIFA_World_Cup_squads,2026-08-17T01:54:00.293610+00:00
Croatia,Ivan Perišić,FW,14,37,2 February 1989,154,38,PSV Eindhoven,Left Winger,1200000.0,,1,3-5-2,market-value/caps positional projection,0.0,0.0,,1.0,available,https://en.wikipedia.org/wiki/2026_FIFA_World_Cup_squads,2026-08-17T01:54:00.293610+00:00
Croatia,Mario Pašalić,MF,15,31,9 February 1995,85,12,Atalanta,Central Midfield,6000000.0,,1,3-5-2,market-value/caps positional projection,0.0,0.0,,1.0,available,https://en.wikipedia.org/wiki/2026_FIFA_World_Cup_squads,2026-08-17T01:54:00.293610+00:00
Croatia,Martin Baturina,MF,16,23,16 February 2003,19,1,Como,Attacking Midfield,30000000.0,29/05/2026,0,3-5-2,market-value/caps positional projection,0.0,0.0,,1.0,available,https://en.wikipedia.org/wiki/2026_FIFA_World_Cup_squads,2026-08-17T01:54:00.293610+00:00
Croatia,Petar Sučić,MF,17,22,25 October 2003,17,1,Inter Milan,Central Midfield,40000000.0,29/05/2026,1,3-5-2,market-value/caps positional projection,0.0,0.0,,1.0,available,https://en.wikipedia.org/wiki/2026_FIFA_World_Cup_squads,2026-08-17T01:54:00.293610+00:00
Croatia,Kristijan Jakić,DF,18,29,14 May 1997,17,2,FC Augsburg,Defensive Midfield,6000000.0,,0,3-5-2,market-value/caps positional projection,0.0,0.0,,1.0,available,https://en.wikipedia.org/wiki/2026_FIFA_World_Cup_squads,2026-08-17T01:54:00.293610+00:00
Croatia,Toni Fruk,MF,19,25,9 March 2001,7,1,Rijeka,Attacking Midfield,9000000.0,,0,3-5-2,market-value/caps positional projection,0.0,0.0,,1.0,available,https://en.wikipedia.org/wiki/2026_FIFA_World_Cup_squads,2026-08-17T01:54:00.293610+00:00
Croatia,Igor Matanović,FW,20,23,31 March 2003,9,2,SC Freiburg,Centre-Forward,22000000.0,,0,3-5-2,market-value/caps positional projection,0.0,0.0,,1.0,available,https://en.wikipedia.org/wiki/2026_FIFA_World_Cup_squads,2026-08-17T01:54:00.293610+00:00
Croatia,Luka Sučić,MF,21,23,8 September 2002,21,1,Real Sociedad,Central Midfield,10000000.0,,0,3-5-2,market-value/caps positional projection,0.0,0.0,,1.0,available,https://en.wikipedia.org/wiki/2026_FIFA_World_Cup_squads,2026-08-17T01:54:00.293610+00:00
Croatia,Luka Vušković,DF,22,19,24 February 2007,5,1,Hamburger SV,Centre-Back,60000000.0,27/05/2026,0,3-5-2,market-value/caps positional projection,0.0,0.0,,1.0,available,https://en.wikipedia.org/wiki/2026_FIFA_World_Cup_squads,2026-08-17T01:54:00.293610+00:00
Croatia,Dominik Kotarski,GK,23,26,10 February 2000,4,0,Copenhagen,Goalkeeper,5000000.0,,0,3-5-2,market-value/caps positional projection,0.0,0.0,,1.0,available,https://en.wikipedia.org/wiki/2026_FIFA_World_Cup_squads,2026-08-17T01:54:00.293610+00:00
Croatia,Marco Pašalić,FW,24,25,14 September 2000,15,1,Orlando City SC,Right Winger,6500000.0,,0,3-5-2,market-value/caps positional projection,0.0,0.0,,1.0,available,https://en.wikipedia.org/wiki/2026_FIFA_World_Cup_squads,2026-08-17T01:54:00.293610+00:00
Croatia,Martin Erlić,DF,25,28,24 January 1998,13,1,Midtjylland,Centre-Back,4000000.0,,0,3-5-2,market-value/caps positional projection,0.0,0.0,,1.0,available,https://en.wikipedia.org/wiki/2026_FIFA_World_Cup_squads,2026-08-17T01:54:00.293610+00:00
Croatia,Petar Musa,FW,26,28,4 March 1998,11,1,FC Dallas,Centre-Forward,12000000.0,,0,3-5-2,market-value/caps positional projection,0.0,0.0,,1.0,available,https://en.wikipedia.org/wiki/2026_FIFA_World_Cup_squads,2026-08-17T01:54:00.293610+00:00
England,Jordan Pickford,GK,1,32,7 March 1994,84,0,Everton,Goalkeeper,13000000.0,,1,3-4-3,market-value/caps positional projection,0.0,0.0,,1.0,available,https://en.wikipedia.org/wiki/2026_FIFA_World_Cup_squads,2026-08-17T01:54:00.293610+00:00
England,Ezri Konsa,DF,2,28,23 October 1997,20,1,Aston Villa,Centre-Back,40000000.0,03/06/2026,0,3-4-3,market-value/caps positional projection,0.0,0.0,,1.0,available,https://en.wikipedia.org/wiki/2026_FIFA_World_Cup_squads,2026-08-17T01:54:00.293610+00:00
England,Nico O'Reilly,DF,3,21,21 March 2005,5,0,Manchester City,Left-Back,70000000.0,03/06/2026,0,3-4-3,market-value/caps positional projection,0.0,0.0,,1.0,available,https://en.wikipedia.org/wiki/2026_FIFA_World_Cup_squads,2026-08-17T01:54:00.293610+00:00
England,Declan Rice,MF,4,27,14 January 1999,73,7,Arsenal,Central Midfield,120000000.0,03/06/2026,1,3-4-3,market-value/caps positional projection,0.0,0.0,,1.0,available,https://en.wikipedia.org/wiki/2026_FIFA_World_Cup_squads,2026-08-17T01:54:00.293610+00:00
England,John Stones,DF,5,32,28 May 1994,89,3,Manchester City,Centre-Back,12000000.0,,1,3-4-3,market-value/caps positional projection,0.0,0.0,,1.0,available,https://en.wikipedia.org/wiki/2026_FIFA_World_Cup_squads,2026-08-17T01:54:00.293610+00:00
England,Marc Guéhi,DF,6,25,13 July 2000,29,1,Manchester City,Centre-Back,70000000.0,03/06/2026,1,3-4-3,market-value/caps positional projection,0.0,0.0,,1.0,available,https://en.wikipedia.org/wiki/2026_FIFA_World_Cup_squads,2026-08-17T01:54:00.293610+00:00
England,Bukayo Saka,FW,7,24,5 September 2001,49,14,Arsenal,Right Winger,110000000.0,03/06/2026,1,3-4-3,market-value/caps positional projection,0.0,0.0,,1.0,available,https://en.wikipedia.org/wiki/2026_FIFA_World_Cup_squads,2026-08-17T01:54:00.293610+00:00
England,Elliot Anderson,MF,8,23,6 November 2002,9,0,Nottingham Forest,Central Midfield,75000000.0,03/06/2026,0,3-4-3,market-value/caps positional projection,0.0,0.0,,1.0,available,https://en.wikipedia.org/wiki/2026_FIFA_World_Cup_squads,2026-08-17T01:54:00.293610+00:00
England,Harry Kane,FW,9,32,28 July 1993,114,79,Bayern Munich,Centre-Forward,60000000.0,27/05/2026,1,3-4-3,market-value/caps positional projection,0.0,0.0,,1.0,available,https://en.wikipedia.org/wiki/2026_FIFA_World_Cup_squads,2026-08-17T01:54:00.293610+00:00
England,Jude Bellingham,MF,10,22,29 June 2003,48,6,Real Madrid,Attacking Midfield,130000000.0,05/06/2026,1,3-4-3,market-value/caps positional projection,0.0,0.0,,1.0,available,https://en.wikipedia.org/wiki/2026_FIFA_World_Cup_squads,2026-08-17T01:54:00.293610+00:00
England,Marcus Rashford,FW,11,28,31 October 1997,72,18,Barcelona,Left Winger,40000000.0,05/06/2026,1,3-4-3,market-value/caps positional projection,0.0,0.0,,1.0,available,https://en.wikipedia.org/wiki/2026_FIFA_World_Cup_squads,2026-08-17T01:54:00.293610+00:00
England,Trevoh Chalobah,DF,12,26,5 July 1999,1,0,Chelsea,Centre-Back,40000000.0,03/06/2026,0,3-4-3,market-value/caps positional projection,0.0,0.0,,1.0,available,https://en.wikipedia.org/wiki/2026_FIFA_World_Cup_squads,2026-08-17T01:54:00.293610+00:00
England,Dean Henderson,GK,13,29,12 March 1997,5,0,Crystal Palace,Goalkeeper,28000000.0,,0,3-4-3,market-value/caps positional projection,0.0,0.0,,1.0,available,https://en.wikipedia.org/wiki/2026_FIFA_World_Cup_squads,2026-08-17T01:54:00.293610+00:00
England,Jordan Henderson,MF,14,35,17 June 1990,90,3,Brentford,Defensive Midfield,1200000.0,,1,3-4-3,market-value/caps positional projection,0.0,0.0,,1.0,available,https://en.wikipedia.org/wiki/2026_FIFA_World_Cup_squads,2026-08-17T01:54:00.293610+00:00
England,Dan Burn,DF,15,34,9 May 1992,8,0,Newcastle United,Centre-Back,4000000.0,,0,3-4-3,market-value/caps positional projection,0.0,0.0,,1.0,available,https://en.wikipedia.org/wiki/2026_FIFA_World_Cup_squads,2026-08-17T01:54:00.293610+00:00
England,Kobbie Mainoo,MF,16,21,19 April 2005,14,0,Manchester United,Central Midfield,70000000.0,03/06/2026,0,3-4-3,market-value/caps positional projection,0.0,0.0,,1.0,available,https://en.wikipedia.org/wiki/2026_FIFA_World_Cup_squads,2026-08-17T01:54:00.293610+00:00
England,Morgan Rogers,MF,17,23,26 July 2002,15,1,Aston Villa,Attacking Midfield,90000000.0,03/06/2026,0,3-4-3,market-value/caps positional projection,0.0,0.0,,1.0,available,https://en.wikipedia.org/wiki/2026_FIFA_World_Cup_squads,2026-08-17T01:54:00.293610+00:00
England,Anthony Gordon,FW,18,25,24 February 2001,19,3,Newcastle United,Left Winger,65000000.0,03/06/2026,0,3-4-3,market-value/caps positional projection,0.0,0.0,,1.0,available,https://en.wikipedia.org/wiki/2026_FIFA_World_Cup_squads,2026-08-17T01:54:00.293610+00:00
England,Ollie Watkins,FW,19,30,30 December 1995,22,7,Aston Villa,Centre-Forward,25000000.0,03/06/2026,0,3-4-3,market-value/caps positional projection,0.0,0.0,,1.0,available,https://en.wikipedia.org/wiki/2026_FIFA_World_Cup_squads,2026-08-17T01:54:00.293610+00:00
England,Noni Madueke,FW,20,24,10 March 2002,11,1,Arsenal,Right Winger,50000000.0,03/06/2026,0,3-4-3,market-value/caps positional projection,0.0,0.0,,1.0,available,https://en.wikipedia.org/wiki/2026_FIFA_World_Cup_squads,2026-08-17T01:54:00.293610+00:00
England,Eberechi Eze,MF,21,27,29 June 1998,17,3,Arsenal,Attacking Midfield,65000000.0,03/06/2026,1,3-4-3,market-value/caps positional projection,0.0,0.0,,1.0,available,https://en.wikipedia.org/wiki/2026_FIFA_World_Cup_squads,2026-08-17T01:54:00.293610+00:00
England,Ivan Toney,FW,22,30,16 March 1996,8,1,Al-Ahli,Centre-Forward,20000000.0,,0,3-4-3,market-value/caps positional projection,0.0,0.0,,1.0,available,https://en.wikipedia.org/wiki/2026_FIFA_World_Cup_squads,2026-08-17T01:54:00.293610+00:00
England,James Trafford,GK,23,23,10 October 2002,2,0,Manchester City,Goalkeeper,25000000.0,03/06/2026,0,3-4-3,market-value/caps positional projection,0.0,0.0,,1.0,available,https://en.wikipedia.org/wiki/2026_FIFA_World_Cup_squads,2026-08-17T01:54:00.293610+00:00
England,Reece James,DF,24,26,8 December 1999,24,1,Chelsea,Right-Back,60000000.0,03/06/2026,1,3-4-3,market-value/caps positional projection,0.0,0.0,,1.0,available,https://en.wikipedia.org/wiki/2026_FIFA_World_Cup_squads,2026-08-17T01:54:00.293610+00:00
England,Djed Spence,DF,25,25,9 August 2000,6,0,Tottenham Hotspur,Left-Back,30000000.0,03/06/2026,0,3-4-3,market-value/caps positional projection,0.0,0.0,,1.0,available,https://en.wikipedia.org/wiki/2026_FIFA_World_Cup_squads,2026-08-17T01:54:00.293610+00:00
England,Jarell Quansah,DF,26,23,29 January 2003,3,0,Bayer Leverkusen,Centre-Back,45000000.0,27/05/2026,0,3-4-3,market-value/caps positional projection,0.0,0.0,,1.0,available,https://en.wikipedia.org/wiki/2026_FIFA_World_Cup_squads,2026-08-17T01:54:00.293610+00:00
Ghana,Lawrence Ati-Zigi,GK,1,29,29 November 1996,29,0,St. Gallen,Goalkeeper,1500000.0,,1,3-4-3,market-value/caps positional projection,0.0,0.0,,1.0,available,https://en.wikipedia.org/wiki/2026_FIFA_World_Cup_squads,2026-08-17T01:54:00.293610+00:00
Ghana,Alidu Seidu,DF,2,26,4 June 2000,24,1,Rennes,Centre-Back,6000000.0,,1,3-4-3,market-value/caps positional projection,0.0,0.0,,1.0,available,https://en.wikipedia.org/wiki/2026_FIFA_World_Cup_squads,2026-08-17T01:54:00.293610+00:00
Ghana,Caleb Yirenkyi,MF,3,20,15 January 2006,11,1,Nordsjælland,Central Midfield,10000000.0,,1,3-4-3,market-value/caps positional projection,0.0,0.0,,1.0,available,https://en.wikipedia.org/wiki/2026_FIFA_World_Cup_squads,2026-08-17T01:54:00.293610+00:00
Ghana,Jonas Adjetey,DF,4,22,13 December 2003,10,0,VfL Wolfsburg,Centre-Back,6000000.0,,0,3-4-3,market-value/caps positional projection,0.0,0.0,,1.0,available,https://en.wikipedia.org/wiki/2026_FIFA_World_Cup_squads,2026-08-17T01:54:00.293610+00:00
Ghana,Thomas Partey,MF,5,32,13 June 1993,57,15,Villarreal,Defensive Midfield,2000000.0,,1,3-4-3,market-value/caps positional projection,0.0,0.0,,1.0,available,https://en.wikipedia.org/wiki/2026_FIFA_World_Cup_squads,2026-08-17T01:54:00.293610+00:00
Ghana,Abdul Mumin,DF,6,28,6 June 1998,5,0,Rayo Vallecano,Centre-Back,3000000.0,,0,3-4-3,market-value/caps positional projection,0.0,0.0,,1.0,available,https://en.wikipedia.org/wiki/2026_FIFA_World_Cup_squads,2026-08-17T01:54:00.293610+00:00
Ghana,Abdul Fatawu,FW,7,22,8 March 2004,28,3,Leicester City,Right Winger,20000000.0,,1,3-4-3,market-value/caps positional projection,0.0,0.0,,1.0,available,https://en.wikipedia.org/wiki/2026_FIFA_World_Cup_squads,2026-08-17T01:54:00.293610+00:00
Ghana,Kwasi Sibo,MF,8,27,24 June 1998,8,0,Oviedo,Central Midfield,1400000.0,,0,3-4-3,market-value/caps positional projection,0.0,0.0,,1.0,available,https://en.wikipedia.org/wiki/2026_FIFA_World_Cup_squads,2026-08-17T01:54:00.293610+00:00
Ghana,Jordan Ayew,FW,9,34,11 September 1991,120,34,Leicester City,Centre-Forward,1000000.0,,1,3-4-3,market-value/caps positional projection,0.0,0.0,,1.0,available,https://en.wikipedia.org/wiki/2026_FIFA_World_Cup_squads,2026-08-17T01:54:00.293610+00:00
Ghana,Brandon Thomas-Asante,FW,10,27,29 December 1998,8,1,Coventry City,Centre-Forward,16000000.0,,0,3-4-3,market-value/caps positional projection,0.0,0.0,,1.0,available,https://en.wikipedia.org/wiki/2026_FIFA_World_Cup_squads,2026-08-17T01:54:00.293610+00:00
Ghana,Antoine Semenyo,MF,11,26,7 January 2000,34,3,Manchester City,Right Winger,80000000.0,03/06/2026,1,3-4-3,market-value/caps positional projection,0.0,0.0,,1.0,available,https://en.wikipedia.org/wiki/2026_FIFA_World_Cup_squads,2026-08-17T01:54:00.293610+00:00
Ghana,Joseph Anang,GK,12,26,8 June 2000,1,0,St Patrick's Athletic,Goalkeeper,350000.0,,0,3-4-3,market-value/caps positional projection,0.0,0.0,,1.0,available,https://en.wikipedia.org/wiki/2026_FIFA_World_Cup_squads,2026-08-17T01:54:00.293610+00:00
Ghana,Christopher Bonsu Baah,FW,13,21,14 December 2004,9,0,Al-Qadsiah,Left Winger,14000000.0,,0,3-4-3,market-value/caps positional projection,0.0,0.0,,1.0,available,https://en.wikipedia.org/wiki/2026_FIFA_World_Cup_squads,2026-08-17T01:54:00.293610+00:00
Ghana,Gideon Mensah,DF,14,27,18 July 1998,40,0,Auxerre,Left-Back,4000000.0,,1,3-4-3,market-value/caps positional projection,0.0,0.0,,1.0,available,https://en.wikipedia.org/wiki/2026_FIFA_World_Cup_squads,2026-08-17T01:54:00.293610+00:00
Ghana,Elisha Owusu,MF,15,28,7 November 1997,20,0,Auxerre,Defensive Midfield,4000000.0,,1,3-4-3,market-value/caps positional projection,0.0,0.0,,1.0,available,https://en.wikipedia.org/wiki/2026_FIFA_World_Cup_squads,2026-08-17T01:54:00.293610+00:00
Ghana,Benjamin Asare,GK,16,33,13 July 1992,11,0,Hearts of Oak,Goalkeeper,100000.0,,0,3-4-3,market-value/caps positional projection,0.0,0.0,,1.0,available,https://en.wikipedia.org/wiki/2026_FIFA_World_Cup_squads,2026-08-17T01:54:00.293610+00:00
Ghana,Abdul Rahman Baba,DF,17,31,2 July 1994,51,1,PAOK,Left-Back,2000000.0,,1,3-4-3,market-value/caps positional projection,0.0,0.0,,1.0,available,https://en.wikipedia.org/wiki/2026_FIFA_World_Cup_squads,2026-08-17T01:54:00.293610+00:00
Ghana,Jerome Opoku,DF,18,27,14 October 1998,11,1,İstanbul Başakşehir,Centre-Back,5000000.0,,0,3-4-3,market-value/caps positional projection,0.0,0.0,,1.0,available,https://en.wikipedia.org/wiki/2026_FIFA_World_Cup_squads,2026-08-17T01:54:00.293610+00:00
Ghana,Iñaki Williams,FW,19,31,15 June 1994,26,2,Athletic Bilbao,Right Winger,8000000.0,,0,3-4-3,market-value/caps positional projection,0.0,0.0,,1.0,available,https://en.wikipedia.org/wiki/2026_FIFA_World_Cup_squads,2026-08-17T01:54:00.293610+00:00
Ghana,Augustine Boakye,MF,20,25,3 November 2000,0,0,Saint-Étienne,Attacking Midfield,6000000.0,,0,3-4-3,market-value/caps positional projection,0.0,0.0,,1.0,available,https://en.wikipedia.org/wiki/2026_FIFA_World_Cup_squads,2026-08-17T01:54:00.293610+00:00
Ghana,Kojo Peprah Oppong,DF,21,22,4 June 2004,4,0,Nice,Centre-Back,10000000.0,,0,3-4-3,market-value/caps positional projection,0.0,0.0,,1.0,available,https://en.wikipedia.org/wiki/2026_FIFA_World_Cup_squads,2026-08-17T01:54:00.293610+00:00
Ghana,Kamaldeen Sulemana,FW,22,24,15 February 2002,28,1,Atalanta,Left Winger,17000000.0,,1,3-4-3,market-value/caps positional projection,0.0,0.0,,1.0,available,https://en.wikipedia.org/wiki/2026_FIFA_World_Cup_squads,2026-08-17T01:54:00.293610+00:00
Ghana,Derrick Luckassen,DF,23,30,3 July 1995,1,0,Pafos,Centre-Back,1000000.0,,0,3-4-3,market-value/caps positional projection,0.0,0.0,,1.0,available,https://en.wikipedia.org/wiki/2026_FIFA_World_Cup_squads,2026-08-17T01:54:00.293610+00:00
Ghana,Ernest Nuamah,FW,24,22,1 November 2003,18,4,Lyon,Right Winger,10000000.0,,0,3-4-3,market-value/caps positional projection,0.0,0.0,,1.0,available,https://en.wikipedia.org/wiki/2026_FIFA_World_Cup_squads,2026-08-17T01:54:00.293610+00:00
Ghana,Prince Kwabena Adu,FW,25,22,23 September 2003,5,0,Viktoria Plzeň,,0.0,,0,3-4-3,market-value/caps positional projection,0.0,0.0,,1.0,available,https://en.wikipedia.org/wiki/2026_FIFA_World_Cup_squads,2026-08-17T01:54:00.293610+00:00
Ghana,Marvin Senaya,DF,26,25,28 January 2001,2,0,Auxerre,Right-Back,3000000.0,,0,3-4-3,market-value/caps positional projection,0.0,0.0,,1.0,available,https://en.wikipedia.org/wiki/2026_FIFA_World_Cup_squads,2026-08-17T01:54:00.293610+00:00
Panama,Luis Mejía,GK,1,35,16 March 1991,56,0,Nacional,Goalkeeper,150000.0,,0,4-2-3-1,market-value/caps positional projection,0.0,0.0,,1.0,available,https://en.wikipedia.org/wiki/2026_FIFA_World_Cup_squads,2026-08-17T01:54:00.293610+00:00
Panama,César Blackman,DF,2,28,2 April 1998,40,3,Slovan Bratislava,Right-Back,2500000.0,,1,4-2-3-1,market-value/caps positional projection,0.0,0.0,,1.0,available,https://en.wikipedia.org/wiki/2026_FIFA_World_Cup_squads,2026-08-17T01:54:00.293610+00:00
Panama,José Córdoba,DF,3,25,3 June 2001,32,1,Norwich City,Centre-Back,5000000.0,,0,4-2-3-1,market-value/caps positional projection,0.0,0.0,,1.0,available,https://en.wikipedia.org/wiki/2026_FIFA_World_Cup_squads,2026-08-17T01:54:00.293610+00:00
Panama,Fidel Escobar,DF,4,31,9 January 1995,99,4,Saprissa,Centre-Back,350000.0,,1,4-2-3-1,market-value/caps positional projection,0.0,0.0,,1.0,available,https://en.wikipedia.org/wiki/2026_FIFA_World_Cup_squads,2026-08-17T01:54:00.293610+00:00
Panama,Edgardo Fariña,DF,5,24,19 October 2001,18,0,Pari Nizhny Novgorod,Centre-Back,900000.0,,0,4-2-3-1,market-value/caps positional projection,0.0,0.0,,1.0,available,https://en.wikipedia.org/wiki/2026_FIFA_World_Cup_squads,2026-08-17T01:54:00.293610+00:00
Panama,Cristian Martínez,MF,6,29,6 February 1997,66,2,Ironi Kiryat Shmona,Defensive Midfield,800000.0,,1,4-2-3-1,market-value/caps positional projection,0.0,0.0,,1.0,available,https://en.wikipedia.org/wiki/2026_FIFA_World_Cup_squads,2026-08-17T01:54:00.293610+00:00
Panama,José Luis Rodríguez,MF,7,27,19 June 1998,70,8,Juárez,Left Winger,2500000.0,,1,4-2-3-1,market-value/caps positional projection,0.0,0.0,,1.0,available,https://en.wikipedia.org/wiki/2026_FIFA_World_Cup_squads,2026-08-17T01:54:00.293610+00:00
Panama,Adalberto Carrasquilla,MF,8,27,28 November 1998,73,3,Pumas UNAM,Central Midfield,4000000.0,,1,4-2-3-1,market-value/caps positional projection,0.0,0.0,,1.0,available,https://en.wikipedia.org/wiki/2026_FIFA_World_Cup_squads,2026-08-17T01:54:00.293610+00:00
Panama,Tomás Rodríguez,FW,9,27,9 March 1999,13,4,Saprissa,Centre-Forward,1000000.0,,0,4-2-3-1,market-value/caps positional projection,0.0,0.0,,1.0,available,https://en.wikipedia.org/wiki/2026_FIFA_World_Cup_squads,2026-08-17T01:54:00.293610+00:00
Panama,Ismael Díaz,MF,10,29,12 May 1997,57,17,León,Left Winger,1800000.0,,1,4-2-3-1,market-value/caps positional projection,0.0,0.0,,1.0,available,https://en.wikipedia.org/wiki/2026_FIFA_World_Cup_squads,2026-08-17T01:54:00.293610+00:00
Panama,Yoel Bárcenas,MF,11,32,23 October 1993,104,10,Mazatlán,Right Winger,650000.0,,1,4-2-3-1,market-value/caps positional projection,0.0,0.0,,1.0,available,https://en.wikipedia.org/wiki/2026_FIFA_World_Cup_squads,2026-08-17T01:54:00.293610+00:00
Panama,César Samudio,GK,12,32,23 February 1994,5,0,Marathón,Goalkeeper,250000.0,,0,4-2-3-1,market-value/caps positional projection,0.0,0.0,,1.0,available,https://en.wikipedia.org/wiki/2026_FIFA_World_Cup_squads,2026-08-17T01:54:00.293610+00:00
Panama,Jiovany Ramos,DF,13,29,26 January 1997,23,2,Puerto Cabello,Centre-Back,450000.0,,0,4-2-3-1,market-value/caps positional projection,0.0,0.0,,1.0,available,https://en.wikipedia.org/wiki/2026_FIFA_World_Cup_squads,2026-08-17T01:54:00.293610+00:00
Panama,Carlos Harvey,DF,14,26,3 February 2000,28,3,Minnesota United FC,Defensive Midfield,600000.0,,0,4-2-3-1,market-value/caps positional projection,0.0,0.0,,1.0,available,https://en.wikipedia.org/wiki/2026_FIFA_World_Cup_squads,2026-08-17T01:54:00.293610+00:00
Panama,Eric Davis,DF,15,35,31 March 1991,107,9,Plaza Amador,Left-Back,50000.0,,1,4-2-3-1,market-value/caps positional projection,0.0,0.0,,1.0,available,https://en.wikipedia.org/wiki/2026_FIFA_World_Cup_squads,2026-08-17T01:54:00.293610+00:00
Panama,Andrés Andrade,DF,16,27,16 October 1998,50,1,LASK,Centre-Back,2500000.0,,1,4-2-3-1,market-value/caps positional projection,0.0,0.0,,1.0,available,https://en.wikipedia.org/wiki/2026_FIFA_World_Cup_squads,2026-08-17T01:54:00.293610+00:00
Panama,José Fajardo,FW,17,32,18 August 1993,68,17,Universidad Católica,Centre-Forward,550000.0,,1,4-2-3-1,market-value/caps positional projection,0.0,0.0,,1.0,available,https://en.wikipedia.org/wiki/2026_FIFA_World_Cup_squads,2026-08-17T01:54:00.293610+00:00
Panama,Cecilio Waterman,FW,18,35,13 April 1991,55,15,Universidad de Concepción,Centre-Forward,250000.0,,0,4-2-3-1,market-value/caps positional projection,0.0,0.0,,1.0,available,https://en.wikipedia.org/wiki/2026_FIFA_World_Cup_squads,2026-08-17T01:54:00.293610+00:00
Panama,Alberto Quintero,MF,19,38,18 December 1987,141,7,Plaza Amador,Right Winger,75000.0,,0,4-2-3-1,market-value/caps positional projection,0.0,0.0,,1.0,available,https://en.wikipedia.org/wiki/2026_FIFA_World_Cup_squads,2026-08-17T01:54:00.293610+00:00
Panama,Aníbal Godoy,MF,20,36,10 February 1990,159,4,San Diego FC,Defensive Midfield,100000.0,,0,4-2-3-1,market-value/caps positional projection,0.0,0.0,,1.0,available,https://en.wikipedia.org/wiki/2026_FIFA_World_Cup_squads,2026-08-17T01:54:00.293610+00:00
Panama,César Yanis,MF,21,30,28 January 1996,56,5,Cobresal,Right Winger,400000.0,,0,4-2-3-1,market-value/caps positional projection,0.0,0.0,,1.0,available,https://en.wikipedia.org/wiki/2026_FIFA_World_Cup_squads,2026-08-17T01:54:00.293610+00:00
Panama,Orlando Mosquera,GK,22,31,25 December 1994,48,0,Al-Fayha,Goalkeeper,700000.0,,1,4-2-3-1,market-value/caps positional projection,0.0,0.0,,1.0,available,https://en.wikipedia.org/wiki/2026_FIFA_World_Cup_squads,2026-08-17T01:54:00.293610+00:00
Panama,Michael Amir Murillo,DF,23,30,11 February 1996,94,9,Beşiktaş,,0.0,,0,4-2-3-1,market-value/caps positional projection,0.0,0.0,,1.0,available,https://en.wikipedia.org/wiki/2026_FIFA_World_Cup_squads,2026-08-17T01:54:00.293610+00:00
Panama,Azarias Londoño,FW,24,24,21 June 2001,11,0,Universidad Católica,Centre-Forward,1000000.0,,0,4-2-3-1,market-value/caps positional projection,0.0,0.0,,1.0,available,https://en.wikipedia.org/wiki/2026_FIFA_World_Cup_squads,2026-08-17T01:54:00.293610+00:00
Panama,Roderick Miller,DF,25,34,3 April 1992,50,2,Turan Tovuz,Centre-Back,175000.0,,0,4-2-3-1,market-value/caps positional projection,0.0,0.0,,1.0,available,https://en.wikipedia.org/wiki/2026_FIFA_World_Cup_squads,2026-08-17T01:54:00.293610+00:00
Panama,Jorge Gutiérrez,DF,26,27,1 September 1998,18,0,Deportivo La Guaira,Left-Back,800000.0,,0,4-2-3-1,market-value/caps positional projection,0.0,0.0,,1.0,available,https://en.wikipedia.org/wiki/2026_FIFA_World_Cup_squads,2026-08-17T01:54:00.293610+00:00
